[0.000000] (-) TimerEvent: {}
[0.000305] (dynamixel_sdk) JobQueued: {'identifier': 'dynamixel_sdk', 'dependencies': OrderedDict()}
[0.001205] (dynamixel_sdk_custom_interfaces) JobQueued: {'identifier': 'dynamixel_sdk_custom_interfaces', 'dependencies': OrderedDict()}
[0.001275] (turtlebot3_cartographer) JobQueued: {'identifier': 'turtlebot3_cartographer', 'dependencies': OrderedDict()}
[0.001319] (turtlebot3_description) JobQueued: {'identifier': 'turtlebot3_description', 'dependencies': OrderedDict()}
[0.001350] (turtlebot3_gazebo) JobQueued: {'identifier': 'turtlebot3_gazebo', 'dependencies': OrderedDict()}
[0.001375] (turtlebot3_manipulation_gazebo) JobQueued: {'identifier': 'turtlebot3_manipulation_gazebo', 'dependencies': OrderedDict()}
[0.001414] (turtlebot3_msgs) JobQueued: {'identifier': 'turtlebot3_msgs', 'dependencies': OrderedDict()}
[0.001443] (turtlebot3_navigation2) JobQueued: {'identifier': 'turtlebot3_navigation2', 'dependencies': OrderedDict()}
[0.001478] (turtlebot3_teleop) JobQueued: {'identifier': 'turtlebot3_teleop', 'dependencies': OrderedDict()}
[0.001501] (dynamixel_sdk_examples) JobQueued: {'identifier': 'dynamixel_sdk_examples', 'dependencies': OrderedDict([('dynamixel_sdk', '/workspaces/UON-CS-robotlab-simulation-container/install/dynamixel_sdk'), ('dynamixel_sdk_custom_interfaces', '/workspaces/UON-CS-robotlab-simulation-container/install/dynamixel_sdk_custom_interfaces')])}
[0.001533] (turtlebot3_example) JobQueued: {'identifier': 'turtlebot3_example', 'dependencies': OrderedDict([('turtlebot3_msgs', '/workspaces/UON-CS-robotlab-simulation-container/install/turtlebot3_msgs')])}
[0.001574] (turtlebot3_fake_node) JobQueued: {'identifier': 'turtlebot3_fake_node', 'dependencies': OrderedDict([('turtlebot3_msgs', '/workspaces/UON-CS-robotlab-simulation-container/install/turtlebot3_msgs')])}
[0.001602] (turtlebot3_node) JobQueued: {'identifier': 'turtlebot3_node', 'dependencies': OrderedDict([('dynamixel_sdk', '/workspaces/UON-CS-robotlab-simulation-container/install/dynamixel_sdk'), ('turtlebot3_msgs', '/workspaces/UON-CS-robotlab-simulation-container/install/turtlebot3_msgs')])}
[0.001751] (turtlebot3_bringup) JobQueued: {'identifier': 'turtlebot3_bringup', 'dependencies': OrderedDict([('dynamixel_sdk', '/workspaces/UON-CS-robotlab-simulation-container/install/dynamixel_sdk'), ('turtlebot3_description', '/workspaces/UON-CS-robotlab-simulation-container/install/turtlebot3_description'), ('turtlebot3_msgs', '/workspaces/UON-CS-robotlab-simulation-container/install/turtlebot3_msgs'), ('turtlebot3_node', '/workspaces/UON-CS-robotlab-simulation-container/install/turtlebot3_node')])}
[0.001797] (turtlebot3_simulations) JobQueued: {'identifier': 'turtlebot3_simulations', 'dependencies': OrderedDict([('turtlebot3_gazebo', '/workspaces/UON-CS-robotlab-simulation-container/install/turtlebot3_gazebo'), ('turtlebot3_manipulation_gazebo', '/workspaces/UON-CS-robotlab-simulation-container/install/turtlebot3_manipulation_gazebo'), ('turtlebot3_msgs', '/workspaces/UON-CS-robotlab-simulation-container/install/turtlebot3_msgs'), ('turtlebot3_fake_node', '/workspaces/UON-CS-robotlab-simulation-container/install/turtlebot3_fake_node')])}
[0.001843] (turtlebot3) JobQueued: {'identifier': 'turtlebot3', 'dependencies': OrderedDict([('dynamixel_sdk', '/workspaces/UON-CS-robotlab-simulation-container/install/dynamixel_sdk'), ('turtlebot3_cartographer', '/workspaces/UON-CS-robotlab-simulation-container/install/turtlebot3_cartographer'), ('turtlebot3_description', '/workspaces/UON-CS-robotlab-simulation-container/install/turtlebot3_description'), ('turtlebot3_msgs', '/workspaces/UON-CS-robotlab-simulation-container/install/turtlebot3_msgs'), ('turtlebot3_navigation2', '/workspaces/UON-CS-robotlab-simulation-container/install/turtlebot3_navigation2'), ('turtlebot3_teleop', '/workspaces/UON-CS-robotlab-simulation-container/install/turtlebot3_teleop'), ('turtlebot3_example', '/workspaces/UON-CS-robotlab-simulation-container/install/turtlebot3_example'), ('turtlebot3_node', '/workspaces/UON-CS-robotlab-simulation-container/install/turtlebot3_node'), ('turtlebot3_bringup', '/workspaces/UON-CS-robotlab-simulation-container/install/turtlebot3_bringup')])}
[0.001890] (turtlebot3_msgs) JobStarted: {'identifier': 'turtlebot3_msgs'}
[0.025879] (dynamixel_sdk) JobStarted: {'identifier': 'dynamixel_sdk'}
[0.038019] (turtlebot3_msgs) JobProgress: {'identifier': 'turtlebot3_msgs', 'progress': 'cmake'}
[0.039399] (turtlebot3_msgs) Command: {'cmd': ['/usr/bin/cmake', '/workspaces/UON-CS-robotlab-simulation-container/src/turtlebot3_msgs', '-DAMENT_CMAKE_SYMLINK_INSTALL=1', '-DCMAKE_INSTALL_PREFIX=/workspaces/UON-CS-robotlab-simulation-container/install/turtlebot3_msgs'], 'cwd': '/workspaces/UON-CS-robotlab-simulation-container/build/turtlebot3_msgs', 'env': OrderedDict([('GITHUB_TOKEN', 'ghu_qzXzf473tpbDuGEeRKMePfjjEUUgEL3qLs6h'), ('GITHUB_CODESPACE_TOKEN', 'AOKRK4QICIVTYBHCYV5Y7K3KNF2YXANCNFSM4AXFRYHA'), ('FEATURE_SPARK_POST_COMMIT_CREATE_ITERATION', 'true'), ('HOSTNAME', 'codespaces-9eb142'), ('GITHUB_CODESPACES_PORT_FORWARDING_DOMAIN', 'app.github.dev'), ('SHLVL', '2'), ('LD_LIBRARY_PATH', '/usr/lib/x86_64-linux-gnu/gazebo-11/plugins:/opt/ros/humble/opt/rviz_ogre_vendor/lib:/opt/ros/humble/lib/x86_64-linux-gnu:/opt/ros/humble/lib'), ('HOME', '/home/vscode'), ('OLDPWD', '/workspaces/UON-CS-robotlab-simulation-container'), ('CODESPACES', 'true'), ('ROS_PYTHON_VERSION', '3'), ('GITHUB_USER', 'mohammad-areeb'), ('GITHUB_GRAPHQL_URL', 'https://api.github.com/graphql'), ('ROS_DISTRO', 'humble'), ('ContainerVersion', '13'), ('GITHUB_API_URL', 'https://api.github.com'), ('RepositoryName', 'UON-CS-robotlab-simulation-container'), ('_', '/usr/bin/colcon'), ('ROS_VERSION', '2'), ('CLOUDENV_ENVIRONMENT_ID', '344bab99-1d47-4655-88f7-fee790854045'), ('TERM', 'xterm'), ('ROS_LOCALHOST_ONLY', '0'), ('PATH', '/opt/ros/humble/bin:/usr/local/sbin:/usr/local/bin:/usr/sbin:/usr/bin:/sbin:/bin'), ('SHELL_LOGGED_IN', 'true'), ('LANG', 'C.UTF-8'), ('LS_COLORS', ''), ('GITHUB_REPOSITORY', 'mohammad-areeb/UON-CS-robotlab-simulation-container'), ('ROS_DOMAIN_ID', '30'), ('AMENT_PREFIX_PATH', '/opt/ros/humble'), ('DEBIAN_FRONTEND', 'noninteractive'), ('SHELL', '/bin/bash'), ('PWD', '/workspaces/UON-CS-robotlab-simulation-container/build/turtlebot3_msgs'), ('INTERNAL_VSCS_TARGET_URL', 'https://uksouth.online.visualstudio.com'), ('TURTLEBOT3_MODEL', 'waffle'), ('LC_ALL', 'C.UTF-8'), ('GITHUB_SERVER_URL', 'https://github.com'), ('PYTHONPATH', '/opt/ros/humble/lib/python3.10/site-packages:/opt/ros/humble/local/lib/python3.10/dist-packages'), ('CODESPACE_NAME', 'urban-space-garbanzo-j7wwvprrjjp25j95'), ('COLCON', '1'), ('CMAKE_PREFIX_PATH', '/opt/ros/humble')]), 'shell': False}
[0.053191] (dynamixel_sdk) JobProgress: {'identifier': 'dynamixel_sdk', 'progress': 'cmake'}
[0.058639] (dynamixel_sdk) Command: {'cmd': ['/usr/bin/cmake', '/workspaces/UON-CS-robotlab-simulation-container/src/DynamixelSDK/ros/dynamixel_sdk', '-DAMENT_CMAKE_SYMLINK_INSTALL=1', '-DCMAKE_INSTALL_PREFIX=/workspaces/UON-CS-robotlab-simulation-container/install/dynamixel_sdk'], 'cwd': '/workspaces/UON-CS-robotlab-simulation-container/build/dynamixel_sdk', 'env': OrderedDict([('GITHUB_TOKEN', 'ghu_qzXzf473tpbDuGEeRKMePfjjEUUgEL3qLs6h'), ('GITHUB_CODESPACE_TOKEN', 'AOKRK4QICIVTYBHCYV5Y7K3KNF2YXANCNFSM4AXFRYHA'), ('FEATURE_SPARK_POST_COMMIT_CREATE_ITERATION', 'true'), ('HOSTNAME', 'codespaces-9eb142'), ('GITHUB_CODESPACES_PORT_FORWARDING_DOMAIN', 'app.github.dev'), ('SHLVL', '2'), ('LD_LIBRARY_PATH', '/usr/lib/x86_64-linux-gnu/gazebo-11/plugins:/opt/ros/humble/opt/rviz_ogre_vendor/lib:/opt/ros/humble/lib/x86_64-linux-gnu:/opt/ros/humble/lib'), ('HOME', '/home/vscode'), ('OLDPWD', '/workspaces/UON-CS-robotlab-simulation-container'), ('CODESPACES', 'true'), ('ROS_PYTHON_VERSION', '3'), ('GITHUB_USER', 'mohammad-areeb'), ('GITHUB_GRAPHQL_URL', 'https://api.github.com/graphql'), ('ROS_DISTRO', 'humble'), ('ContainerVersion', '13'), ('GITHUB_API_URL', 'https://api.github.com'), ('RepositoryName', 'UON-CS-robotlab-simulation-container'), ('_', '/usr/bin/colcon'), ('ROS_VERSION', '2'), ('CLOUDENV_ENVIRONMENT_ID', '344bab99-1d47-4655-88f7-fee790854045'), ('TERM', 'xterm'), ('ROS_LOCALHOST_ONLY', '0'), ('PATH', '/opt/ros/humble/bin:/usr/local/sbin:/usr/local/bin:/usr/sbin:/usr/bin:/sbin:/bin'), ('SHELL_LOGGED_IN', 'true'), ('LANG', 'C.UTF-8'), ('LS_COLORS', ''), ('GITHUB_REPOSITORY', 'mohammad-areeb/UON-CS-robotlab-simulation-container'), ('ROS_DOMAIN_ID', '30'), ('AMENT_PREFIX_PATH', '/opt/ros/humble'), ('DEBIAN_FRONTEND', 'noninteractive'), ('SHELL', '/bin/bash'), ('PWD', '/workspaces/UON-CS-robotlab-simulation-container/build/dynamixel_sdk'), ('INTERNAL_VSCS_TARGET_URL', 'https://uksouth.online.visualstudio.com'), ('TURTLEBOT3_MODEL', 'waffle'), ('LC_ALL', 'C.UTF-8'), ('GITHUB_SERVER_URL', 'https://github.com'), ('PYTHONPATH', '/opt/ros/humble/lib/python3.10/site-packages:/opt/ros/humble/local/lib/python3.10/dist-packages'), ('CODESPACE_NAME', 'urban-space-garbanzo-j7wwvprrjjp25j95'), ('COLCON', '1'), ('CMAKE_PREFIX_PATH', '/opt/ros/humble')]), 'shell': False}
[0.126720] (-) TimerEvent: {}
[0.237654] (-) TimerEvent: {}
[0.338614] (-) TimerEvent: {}
[0.439008] (-) TimerEvent: {}
[0.540529] (-) TimerEvent: {}
[0.643160] (-) TimerEvent: {}
[0.744746] (-) TimerEvent: {}
[0.850831] (-) TimerEvent: {}
[0.951360] (-) TimerEvent: {}
[1.053079] (-) TimerEvent: {}
[1.181447] (-) TimerEvent: {}
[1.315138] (-) TimerEvent: {}
[1.415791] (-) TimerEvent: {}
[1.430676] (dynamixel_sdk) StdoutLine: {'line': b'-- The C compiler identification is GNU 11.4.0\n'}
[1.435378] (turtlebot3_msgs) StdoutLine: {'line': b'-- The C compiler identification is GNU 11.4.0\n'}
[1.519052] (-) TimerEvent: {}
[1.622513] (-) TimerEvent: {}
[1.723476] (-) TimerEvent: {}
[1.828108] (-) TimerEvent: {}
[1.872459] (dynamixel_sdk) StdoutLine: {'line': b'-- The CXX compiler identification is GNU 11.4.0\n'}
[1.879180] (turtlebot3_msgs) StdoutLine: {'line': b'-- The CXX compiler identification is GNU 11.4.0\n'}
[1.928452] (-) TimerEvent: {}
[2.006147] (dynamixel_sdk) StdoutLine: {'line': b'-- Detecting C compiler ABI info\n'}
[2.009999] (turtlebot3_msgs) StdoutLine: {'line': b'-- Detecting C compiler ABI info\n'}
[2.028550] (-) TimerEvent: {}
[2.131347] (-) TimerEvent: {}
[2.231879] (-) TimerEvent: {}
[2.353128] (-) TimerEvent: {}
[2.461459] (-) TimerEvent: {}
[2.566353] (-) TimerEvent: {}
[2.583186] (turtlebot3_msgs) StdoutLine: {'line': b'-- Detecting C compiler ABI info - done\n'}
[2.617021] (dynamixel_sdk) StdoutLine: {'line': b'-- Detecting C compiler ABI info - done\n'}
[2.624539] (turtlebot3_msgs) StdoutLine: {'line': b'-- Check for working C compiler: /usr/bin/cc - skipped\n'}
[2.625488] (turtlebot3_msgs) StdoutLine: {'line': b'-- Detecting C compile features\n'}
[2.648103] (turtlebot3_msgs) StdoutLine: {'line': b'-- Detecting C compile features - done\n'}
[2.652991] (dynamixel_sdk) StdoutLine: {'line': b'-- Check for working C compiler: /usr/bin/cc - skipped\n'}
[2.653191] (dynamixel_sdk) StdoutLine: {'line': b'-- Detecting C compile features\n'}
[2.657050] (dynamixel_sdk) StdoutLine: {'line': b'-- Detecting C compile features - done\n'}
[2.668511] (-) TimerEvent: {}
[2.670773] (turtlebot3_msgs) StdoutLine: {'line': b'-- Detecting CXX compiler ABI info\n'}
[2.674441] (dynamixel_sdk) StdoutLine: {'line': b'-- Detecting CXX compiler ABI info\n'}
[2.770857] (-) TimerEvent: {}
[2.872479] (-) TimerEvent: {}
[2.977125] (-) TimerEvent: {}
[3.113067] (-) TimerEvent: {}
[3.215693] (-) TimerEvent: {}
[3.311005] (turtlebot3_msgs) StdoutLine: {'line': b'-- Detecting CXX compiler ABI info - done\n'}
[3.316991] (-) TimerEvent: {}
[3.331125] (dynamixel_sdk) StdoutLine: {'line': b'-- Detecting CXX compiler ABI info - done\n'}
[3.346641] (turtlebot3_msgs) StdoutLine: {'line': b'-- Check for working CXX compiler: /usr/bin/c++ - skipped\n'}
[3.350065] (turtlebot3_msgs) StdoutLine: {'line': b'-- Detecting CXX compile features\n'}
[3.352965] (turtlebot3_msgs) StdoutLine: {'line': b'-- Detecting CXX compile features - done\n'}
[3.369172] (dynamixel_sdk) StdoutLine: {'line': b'-- Check for working CXX compiler: /usr/bin/c++ - skipped\n'}
[3.371032] (dynamixel_sdk) StdoutLine: {'line': b'-- Detecting CXX compile features\n'}
[3.371485] (dynamixel_sdk) StdoutLine: {'line': b'-- Detecting CXX compile features - done\n'}
[3.395544] (turtlebot3_msgs) StdoutLine: {'line': b'-- Found action_msgs: 1.2.2 (/opt/ros/humble/share/action_msgs/cmake)\n'}
[3.417106] (-) TimerEvent: {}
[3.518478] (-) TimerEvent: {}
[3.624022] (-) TimerEvent: {}
[3.729019] (dynamixel_sdk) StdoutLine: {'line': b'-- Found ament_cmake: 1.3.14 (/opt/ros/humble/share/ament_cmake/cmake)\n'}
[3.729322] (-) TimerEvent: {}
[3.833180] (-) TimerEvent: {}
[3.937011] (-) TimerEvent: {}
[4.045924] (-) TimerEvent: {}
[4.149691] (-) TimerEvent: {}
[4.257001] (-) TimerEvent: {}
[4.360124] (-) TimerEvent: {}
[4.464004] (-) TimerEvent: {}
[4.564959] (-) TimerEvent: {}
[4.669086] (-) TimerEvent: {}
[4.749507] (dynamixel_sdk) StdoutLine: {'line': b'-- Found Python3: /usr/bin/python3 (found version "3.10.12") found components: Interpreter \n'}
[4.769210] (-) TimerEvent: {}
[4.881078] (turtlebot3_msgs) StdoutLine: {'line': b'-- Found Python3: /usr/bin/python3 (found version "3.10.12") found components: Interpreter \n'}
[4.881334] (-) TimerEvent: {}
[4.982183] (-) TimerEvent: {}
[5.086639] (-) TimerEvent: {}
[5.137627] (dynamixel_sdk) StdoutLine: {'line': b'-- Override CMake install command with custom implementation using symlinks instead of copying resources\n'}
[5.165276] (turtlebot3_msgs) StdoutLine: {'line': b'-- Override CMake install command with custom implementation using symlinks instead of copying resources\n'}
[5.186721] (-) TimerEvent: {}
[5.291014] (-) TimerEvent: {}
[5.391390] (-) TimerEvent: {}
[5.493010] (-) TimerEvent: {}
[5.626744] (-) TimerEvent: {}
[5.718269] (turtlebot3_msgs) StdoutLine: {'line': b'-- Found rosidl_generator_c: 3.1.8 (/opt/ros/humble/share/rosidl_generator_c/cmake)\n'}
[5.728131] (-) TimerEvent: {}
[5.767063] (turtlebot3_msgs) StdoutLine: {'line': b'-- Found rosidl_adapter: 3.1.8 (/opt/ros/humble/share/rosidl_adapter/cmake)\n'}
[5.832051] (-) TimerEvent: {}
[5.854107] (turtlebot3_msgs) StdoutLine: {'line': b'-- Found rosidl_generator_cpp: 3.1.8 (/opt/ros/humble/share/rosidl_generator_cpp/cmake)\n'}
[5.933083] (-) TimerEvent: {}
[5.947498] (turtlebot3_msgs) StdoutLine: {'line': b'-- Using all available rosidl_typesupport_c: rosidl_typesupport_fastrtps_c;rosidl_typesupport_introspection_c\n'}
[6.033193] (-) TimerEvent: {}
[6.204187] (-) TimerEvent: {}
[6.210984] (turtlebot3_msgs) StdoutLine: {'line': b'-- Using all available rosidl_typesupport_cpp: rosidl_typesupport_fastrtps_cpp;rosidl_typesupport_introspection_cpp\n'}
[6.313328] (-) TimerEvent: {}
[6.417034] (-) TimerEvent: {}
[6.492395] (dynamixel_sdk) StdoutLine: {'line': b'-- Configuring done\n'}
[6.529138] (-) TimerEvent: {}
[6.677172] (-) TimerEvent: {}
[6.785052] (-) TimerEvent: {}
[6.894207] (-) TimerEvent: {}
[6.925914] (dynamixel_sdk) StdoutLine: {'line': b'-- Generating done\n'}
[6.959071] (dynamixel_sdk) StdoutLine: {'line': b'-- Build files have been written to: /workspaces/UON-CS-robotlab-simulation-container/build/dynamixel_sdk\n'}
[6.997080] (-) TimerEvent: {}
[7.013899] (dynamixel_sdk) CommandEnded: {'returncode': 0}
[7.017516] (dynamixel_sdk) JobProgress: {'identifier': 'dynamixel_sdk', 'progress': 'build'}
[7.017605] (dynamixel_sdk) Command: {'cmd': ['/usr/bin/cmake', '--build', '/workspaces/UON-CS-robotlab-simulation-container/build/dynamixel_sdk', '--', '-j2', '-l2'], 'cwd': '/workspaces/UON-CS-robotlab-simulation-container/build/dynamixel_sdk', 'env': OrderedDict([('GITHUB_TOKEN', 'ghu_qzXzf473tpbDuGEeRKMePfjjEUUgEL3qLs6h'), ('GITHUB_CODESPACE_TOKEN', 'AOKRK4QICIVTYBHCYV5Y7K3KNF2YXANCNFSM4AXFRYHA'), ('FEATURE_SPARK_POST_COMMIT_CREATE_ITERATION', 'true'), ('HOSTNAME', 'codespaces-9eb142'), ('GITHUB_CODESPACES_PORT_FORWARDING_DOMAIN', 'app.github.dev'), ('SHLVL', '2'), ('LD_LIBRARY_PATH', '/usr/lib/x86_64-linux-gnu/gazebo-11/plugins:/opt/ros/humble/opt/rviz_ogre_vendor/lib:/opt/ros/humble/lib/x86_64-linux-gnu:/opt/ros/humble/lib'), ('HOME', '/home/vscode'), ('OLDPWD', '/workspaces/UON-CS-robotlab-simulation-container'), ('CODESPACES', 'true'), ('ROS_PYTHON_VERSION', '3'), ('GITHUB_USER', 'mohammad-areeb'), ('GITHUB_GRAPHQL_URL', 'https://api.github.com/graphql'), ('ROS_DISTRO', 'humble'), ('ContainerVersion', '13'), ('GITHUB_API_URL', 'https://api.github.com'), ('RepositoryName', 'UON-CS-robotlab-simulation-container'), ('_', '/usr/bin/colcon'), ('ROS_VERSION', '2'), ('CLOUDENV_ENVIRONMENT_ID', '344bab99-1d47-4655-88f7-fee790854045'), ('TERM', 'xterm'), ('ROS_LOCALHOST_ONLY', '0'), ('PATH', '/opt/ros/humble/bin:/usr/local/sbin:/usr/local/bin:/usr/sbin:/usr/bin:/sbin:/bin'), ('SHELL_LOGGED_IN', 'true'), ('LANG', 'C.UTF-8'), ('LS_COLORS', ''), ('GITHUB_REPOSITORY', 'mohammad-areeb/UON-CS-robotlab-simulation-container'), ('ROS_DOMAIN_ID', '30'), ('AMENT_PREFIX_PATH', '/opt/ros/humble'), ('DEBIAN_FRONTEND', 'noninteractive'), ('SHELL', '/bin/bash'), ('PWD', '/workspaces/UON-CS-robotlab-simulation-container/build/dynamixel_sdk'), ('INTERNAL_VSCS_TARGET_URL', 'https://uksouth.online.visualstudio.com'), ('TURTLEBOT3_MODEL', 'waffle'), ('LC_ALL', 'C.UTF-8'), ('GITHUB_SERVER_URL', 'https://github.com'), ('PYTHONPATH', '/opt/ros/humble/lib/python3.10/site-packages:/opt/ros/humble/local/lib/python3.10/dist-packages'), ('CODESPACE_NAME', 'urban-space-garbanzo-j7wwvprrjjp25j95'), ('COLCON', '1'), ('CMAKE_PREFIX_PATH', '/opt/ros/humble')]), 'shell': False}
[7.099656] (-) TimerEvent: {}
[7.102815] (turtlebot3_msgs) StdoutLine: {'line': b'-- Found rosidl_default_generators: 1.2.1 (/opt/ros/humble/share/rosidl_default_generators/cmake)\n'}
[7.202014] (-) TimerEvent: {}
[7.250203] (turtlebot3_msgs) StdoutLine: {'line': b'-- Found std_msgs: 4.9.1 (/opt/ros/humble/share/std_msgs/cmake)\n'}
[7.261227] (dynamixel_sdk) StdoutLine: {'line': b'[  7%] \x1b[32mBuilding CXX object CMakeFiles/dynamixel_sdk.dir/src/dynamixel_sdk/packet_handler.cpp.o\x1b[0m\n'}
[7.305982] (-) TimerEvent: {}
[7.349790] (turtlebot3_msgs) StdoutLine: {'line': b'-- Found geometry_msgs: 4.9.1 (/opt/ros/humble/share/geometry_msgs/cmake)\n'}
[7.411355] (-) TimerEvent: {}
[7.513419] (-) TimerEvent: {}
[7.626133] (-) TimerEvent: {}
[7.732007] (-) TimerEvent: {}
[7.834524] (-) TimerEvent: {}
[7.936013] (-) TimerEvent: {}
[8.040097] (-) TimerEvent: {}
[8.146124] (-) TimerEvent: {}
[8.264886] (-) TimerEvent: {}
[8.368016] (-) TimerEvent: {}
[8.474215] (-) TimerEvent: {}
[8.508448] (dynamixel_sdk) StdoutLine: {'line': b'[ 15%] \x1b[32mBuilding CXX object CMakeFiles/dynamixel_sdk.dir/src/dynamixel_sdk/protocol1_packet_handler.cpp.o\x1b[0m\n'}
[8.574380] (-) TimerEvent: {}
[8.674722] (-) TimerEvent: {}
[8.776462] (-) TimerEvent: {}
[8.877463] (-) TimerEvent: {}
[8.986008] (-) TimerEvent: {}
[9.111298] (-) TimerEvent: {}
[9.221085] (-) TimerEvent: {}
[9.321529] (-) TimerEvent: {}
[9.431040] (-) TimerEvent: {}
[9.531408] (-) TimerEvent: {}
[9.633169] (-) TimerEvent: {}
[9.735297] (-) TimerEvent: {}
[9.841029] (-) TimerEvent: {}
[9.943338] (-) TimerEvent: {}
[10.043825] (-) TimerEvent: {}
[10.144301] (-) TimerEvent: {}
[10.268143] (-) TimerEvent: {}
[10.395305] (-) TimerEvent: {}
[10.501030] (-) TimerEvent: {}
[10.601369] (-) TimerEvent: {}
[10.703051] (-) TimerEvent: {}
[10.805336] (-) TimerEvent: {}
[10.909013] (-) TimerEvent: {}
[11.014031] (-) TimerEvent: {}
[11.122000] (-) TimerEvent: {}
[11.238020] (-) TimerEvent: {}
[11.343036] (-) TimerEvent: {}
[11.457297] (-) TimerEvent: {}
[11.562620] (-) TimerEvent: {}
[11.720984] (-) TimerEvent: {}
[11.835078] (-) TimerEvent: {}
[11.938030] (-) TimerEvent: {}
[12.051882] (-) TimerEvent: {}
[12.152581] (-) TimerEvent: {}
[12.257582] (-) TimerEvent: {}
[12.371762] (-) TimerEvent: {}
[12.474028] (-) TimerEvent: {}
[12.594281] (-) TimerEvent: {}
[12.694671] (-) TimerEvent: {}
[12.801144] (-) TimerEvent: {}
[12.906016] (-) TimerEvent: {}
[13.021913] (-) TimerEvent: {}
[13.143441] (-) TimerEvent: {}
[13.259774] (-) TimerEvent: {}
[13.360186] (-) TimerEvent: {}
[13.507114] (-) TimerEvent: {}
[13.565015] (dynamixel_sdk) StdoutLine: {'line': b'[ 23%] \x1b[32mBuilding CXX object CMakeFiles/dynamixel_sdk.dir/src/dynamixel_sdk/protocol2_packet_handler.cpp.o\x1b[0m\n'}
[13.611313] (-) TimerEvent: {}
[13.712529] (-) TimerEvent: {}
[13.825164] (-) TimerEvent: {}
[13.925524] (-) TimerEvent: {}
[14.040473] (-) TimerEvent: {}
[14.149096] (-) TimerEvent: {}
[14.253912] (-) TimerEvent: {}
[14.357026] (-) TimerEvent: {}
[14.497281] (-) TimerEvent: {}
[14.542827] (turtlebot3_msgs) StdoutLine: {'line': b'-- Found ament_cmake_cppcheck: 0.12.15 (/opt/ros/humble/share/ament_cmake_cppcheck/cmake)\n'}
[14.613537] (-) TimerEvent: {}
[14.715526] (-) TimerEvent: {}
[14.746680] (turtlebot3_msgs) StdoutLine: {'line': b'-- Found ament_cmake_cpplint: 0.12.15 (/opt/ros/humble/share/ament_cmake_cpplint/cmake)\n'}
[14.816517] (-) TimerEvent: {}
[14.852930] (turtlebot3_msgs) StdoutLine: {'line': b'-- Found ament_cmake_uncrustify: 0.12.15 (/opt/ros/humble/share/ament_cmake_uncrustify/cmake)\n'}
[14.919418] (-) TimerEvent: {}
[14.922261] (turtlebot3_msgs) StdoutLine: {'line': b'-- Found ament_cmake_ros: 0.10.0 (/opt/ros/humble/share/ament_cmake_ros/cmake)\n'}
[15.033144] (-) TimerEvent: {}
[15.190289] (-) TimerEvent: {}
[15.308085] (-) TimerEvent: {}
[15.420418] (-) TimerEvent: {}
[15.532131] (-) TimerEvent: {}
[15.667057] (-) TimerEvent: {}
[15.787321] (-) TimerEvent: {}
[15.892680] (-) TimerEvent: {}
[15.995125] (-) TimerEvent: {}
[16.097511] (-) TimerEvent: {}
[16.229875] (-) TimerEvent: {}
[16.353173] (-) TimerEvent: {}
[16.470021] (-) TimerEvent: {}
[16.597192] (-) TimerEvent: {}
[16.710284] (-) TimerEvent: {}
[16.811339] (-) TimerEvent: {}
[16.918312] (-) TimerEvent: {}
[17.027160] (-) TimerEvent: {}
[17.146753] (-) TimerEvent: {}
[17.283173] (-) TimerEvent: {}
[17.388667] (-) TimerEvent: {}
[17.489298] (-) TimerEvent: {}
[17.597477] (-) TimerEvent: {}
[17.750557] (-) TimerEvent: {}
[17.880974] (-) TimerEvent: {}
[17.988011] (-) TimerEvent: {}
[18.092015] (-) TimerEvent: {}
[18.233189] (-) TimerEvent: {}
[18.347022] (-) TimerEvent: {}
[18.447866] (-) TimerEvent: {}
[18.548431] (-) TimerEvent: {}
[18.656147] (-) TimerEvent: {}
[18.756662] (-) TimerEvent: {}
[18.889249] (-) TimerEvent: {}
[18.992614] (-) TimerEvent: {}
[19.100501] (-) TimerEvent: {}
[19.207687] (-) TimerEvent: {}
[19.326421] (-) TimerEvent: {}
[19.409250] (dynamixel_sdk) StdoutLine: {'line': b'[ 30%] \x1b[32mBuilding CXX object CMakeFiles/dynamixel_sdk.dir/src/dynamixel_sdk/group_sync_read.cpp.o\x1b[0m\n'}
[19.429421] (-) TimerEvent: {}
[19.535430] (-) TimerEvent: {}
[19.645834] (-) TimerEvent: {}
[19.782622] (-) TimerEvent: {}
[19.898375] (-) TimerEvent: {}
[20.016338] (-) TimerEvent: {}
[20.118564] (-) TimerEvent: {}
[20.248380] (-) TimerEvent: {}
[20.373256] (-) TimerEvent: {}
[20.479021] (-) TimerEvent: {}
[20.580260] (-) TimerEvent: {}
[20.682434] (-) TimerEvent: {}
[20.889157] (-) TimerEvent: {}
[21.000028] (-) TimerEvent: {}
[21.107148] (-) TimerEvent: {}
[21.213974] (-) TimerEvent: {}
[21.331564] (-) TimerEvent: {}
[21.472956] (-) TimerEvent: {}
[21.582147] (-) TimerEvent: {}
[21.701064] (-) TimerEvent: {}
[21.801969] (-) TimerEvent: {}
[21.921911] (-) TimerEvent: {}
[22.058077] (-) TimerEvent: {}
[22.159006] (-) TimerEvent: {}
[22.259718] (-) TimerEvent: {}
[22.365554] (-) TimerEvent: {}
[22.469219] (-) TimerEvent: {}
[22.616142] (-) TimerEvent: {}
[22.721140] (-) TimerEvent: {}
[22.822270] (-) TimerEvent: {}
[22.936011] (-) TimerEvent: {}
[23.043215] (-) TimerEvent: {}
[23.152056] (-) TimerEvent: {}
[23.253617] (-) TimerEvent: {}
[23.359177] (-) TimerEvent: {}
[23.491791] (-) TimerEvent: {}
[23.601292] (-) TimerEvent: {}
[23.712097] (-) TimerEvent: {}
[23.824432] (-) TimerEvent: {}
[23.926755] (-) TimerEvent: {}
[24.040033] (-) TimerEvent: {}
[24.143796] (-) TimerEvent: {}
[24.280018] (-) TimerEvent: {}
[24.382018] (-) TimerEvent: {}
[24.482473] (-) TimerEvent: {}
[24.591025] (-) TimerEvent: {}
[24.702003] (-) TimerEvent: {}
[24.803330] (-) TimerEvent: {}
[24.908843] (-) TimerEvent: {}
[25.021358] (-) TimerEvent: {}
[25.169422] (-) TimerEvent: {}
[25.278147] (-) TimerEvent: {}
[25.388838] (-) TimerEvent: {}
[25.499097] (-) TimerEvent: {}
[25.671035] (-) TimerEvent: {}
[25.795488] (-) TimerEvent: {}
[25.908715] (-) TimerEvent: {}
[26.009379] (-) TimerEvent: {}
[26.109808] (-) TimerEvent: {}
[26.311402] (-) TimerEvent: {}
[26.411760] (-) TimerEvent: {}
[26.517819] (-) TimerEvent: {}
[26.619283] (-) TimerEvent: {}
[26.726467] (-) TimerEvent: {}
[26.884802] (-) TimerEvent: {}
[26.986388] (-) TimerEvent: {}
[27.101012] (-) TimerEvent: {}
[27.215014] (-) TimerEvent: {}
[27.366498] (-) TimerEvent: {}
[27.497699] (-) TimerEvent: {}
[27.602149] (-) TimerEvent: {}
[27.706986] (-) TimerEvent: {}
[27.874050] (-) TimerEvent: {}
[27.977667] (-) TimerEvent: {}
[28.095321] (-) TimerEvent: {}
[28.200108] (-) TimerEvent: {}
[28.302781] (-) TimerEvent: {}
[28.438060] (-) TimerEvent: {}
[28.551018] (-) TimerEvent: {}
[28.655051] (-) TimerEvent: {}
[28.757041] (-) TimerEvent: {}
[28.895987] (-) TimerEvent: {}
[29.032425] (-) TimerEvent: {}
[29.142727] (-) TimerEvent: {}
[29.245997] (-) TimerEvent: {}
[29.350359] (-) TimerEvent: {}
[29.354179] (turtlebot3_msgs) StdoutLine: {'line': b'-- Using all available rosidl_typesupport_c: rosidl_typesupport_fastrtps_c;rosidl_typesupport_introspection_c\n'}
[29.536390] (-) TimerEvent: {}
[29.645012] (-) TimerEvent: {}
[29.748481] (-) TimerEvent: {}
[29.849535] (-) TimerEvent: {}
[30.107625] (-) TimerEvent: {}
[30.210869] (-) TimerEvent: {}
[30.313011] (-) TimerEvent: {}
[30.413683] (-) TimerEvent: {}
[30.525517] (-) TimerEvent: {}
[30.644709] (-) TimerEvent: {}
[30.748123] (-) TimerEvent: {}
[30.850558] (-) TimerEvent: {}
[30.955187] (-) TimerEvent: {}
[31.066079] (-) TimerEvent: {}
[31.172484] (-) TimerEvent: {}
[31.213435] (dynamixel_sdk) StdoutLine: {'line': b'[ 38%] \x1b[32mBuilding CXX object CMakeFiles/dynamixel_sdk.dir/src/dynamixel_sdk/group_sync_write.cpp.o\x1b[0m\n'}
[31.283657] (-) TimerEvent: {}
[31.386556] (-) TimerEvent: {}
[31.498033] (-) TimerEvent: {}
[31.600558] (-) TimerEvent: {}
[31.701910] (-) TimerEvent: {}
[31.804151] (-) TimerEvent: {}
[31.918050] (-) TimerEvent: {}
[32.020484] (-) TimerEvent: {}
[32.124070] (-) TimerEvent: {}
[32.234789] (-) TimerEvent: {}
[32.335676] (-) TimerEvent: {}
[32.438003] (-) TimerEvent: {}
[32.446696] (turtlebot3_msgs) StdoutLine: {'line': b'-- Using all available rosidl_typesupport_cpp: rosidl_typesupport_fastrtps_cpp;rosidl_typesupport_introspection_cpp\n'}
[32.610984] (-) TimerEvent: {}
[32.716317] (-) TimerEvent: {}
[32.817196] (-) TimerEvent: {}
[32.898859] (turtlebot3_msgs) StdoutLine: {'line': b'-- Found PythonInterp: /usr/bin/python3 (found suitable version "3.10.12", minimum required is "3.6") \n'}
[32.924869] (-) TimerEvent: {}
[32.960404] (turtlebot3_msgs) StdoutLine: {'line': b'-- Found python_cmake_module: 0.10.0 (/opt/ros/humble/share/python_cmake_module/cmake)\n'}
[33.025149] (-) TimerEvent: {}
[33.129822] (-) TimerEvent: {}
[33.255361] (-) TimerEvent: {}
[33.263529] (turtlebot3_msgs) StdoutLine: {'line': b'-- Found PythonLibs: /usr/lib/x86_64-linux-gnu/libpython3.10.so (found suitable version "3.10.12", minimum required is "3.5") \n'}
[33.266432] (turtlebot3_msgs) StdoutLine: {'line': b'-- Using PYTHON_EXECUTABLE: /usr/bin/python3\n'}
[33.266729] (turtlebot3_msgs) StdoutLine: {'line': b'-- Using PYTHON_INCLUDE_DIRS: /usr/include/python3.10\n'}
[33.268826] (turtlebot3_msgs) StdoutLine: {'line': b'-- Using PYTHON_LIBRARIES: /usr/lib/x86_64-linux-gnu/libpython3.10.so\n'}
[33.351279] (turtlebot3_msgs) StdoutLine: {'line': b'-- Found PythonExtra: .so  \n'}
[33.355457] (-) TimerEvent: {}
[33.458899] (-) TimerEvent: {}
[33.566006] (-) TimerEvent: {}
[33.674310] (-) TimerEvent: {}
[33.767438] (dynamixel_sdk) StdoutLine: {'line': b'[ 46%] \x1b[32mBuilding CXX object CMakeFiles/dynamixel_sdk.dir/src/dynamixel_sdk/group_bulk_read.cpp.o\x1b[0m\n'}
[33.780135] (-) TimerEvent: {}
[33.888901] (-) TimerEvent: {}
[33.993104] (-) TimerEvent: {}
[34.093491] (-) TimerEvent: {}
[34.231109] (-) TimerEvent: {}
[34.331881] (-) TimerEvent: {}
[34.435662] (-) TimerEvent: {}
[34.473205] (turtlebot3_msgs) StdoutLine: {'line': b'-- Found ament_cmake_flake8: 0.12.15 (/opt/ros/humble/share/ament_cmake_flake8/cmake)\n'}
[34.532589] (turtlebot3_msgs) StdoutLine: {'line': b'-- Found ament_cmake_pep257: 0.12.15 (/opt/ros/humble/share/ament_cmake_pep257/cmake)\n'}
[34.536769] (-) TimerEvent: {}
[34.642125] (-) TimerEvent: {}
[34.748144] (-) TimerEvent: {}
[34.860663] (-) TimerEvent: {}
[34.961518] (-) TimerEvent: {}
[35.062301] (-) TimerEvent: {}
[35.165277] (-) TimerEvent: {}
[35.269044] (-) TimerEvent: {}
[35.369475] (-) TimerEvent: {}
[35.480015] (-) TimerEvent: {}
[35.581298] (-) TimerEvent: {}
[35.681918] (-) TimerEvent: {}
[35.817106] (-) TimerEvent: {}
[35.923950] (-) TimerEvent: {}
[36.039183] (-) TimerEvent: {}
[36.141289] (-) TimerEvent: {}
[36.246195] (-) TimerEvent: {}
[36.349576] (-) TimerEvent: {}
[36.450927] (-) TimerEvent: {}
[36.551713] (-) TimerEvent: {}
[36.653555] (-) TimerEvent: {}
[36.758390] (-) TimerEvent: {}
[36.864759] (-) TimerEvent: {}
[36.968729] (-) TimerEvent: {}
[37.069621] (-) TimerEvent: {}
[37.174015] (-) TimerEvent: {}
[37.274726] (-) TimerEvent: {}
[37.398010] (-) TimerEvent: {}
[37.502142] (-) TimerEvent: {}
[37.602589] (-) TimerEvent: {}
[37.704310] (-) TimerEvent: {}
[37.807240] (-) TimerEvent: {}
[37.941243] (-) TimerEvent: {}
[38.062628] (-) TimerEvent: {}
[38.116363] (dynamixel_sdk) StdoutLine: {'line': b'[ 53%] \x1b[32mBuilding CXX object CMakeFiles/dynamixel_sdk.dir/src/dynamixel_sdk/group_bulk_write.cpp.o\x1b[0m\n'}
[38.164028] (-) TimerEvent: {}
[38.265293] (-) TimerEvent: {}
[38.366861] (-) TimerEvent: {}
[38.468130] (-) TimerEvent: {}
[38.568651] (-) TimerEvent: {}
[38.669266] (-) TimerEvent: {}
[38.773409] (-) TimerEvent: {}
[38.877022] (-) TimerEvent: {}
[38.977497] (-) TimerEvent: {}
[39.077893] (-) TimerEvent: {}
[39.178452] (-) TimerEvent: {}
[39.279433] (-) TimerEvent: {}
[39.322702] (dynamixel_sdk) StdoutLine: {'line': b'[ 61%] \x1b[32mBuilding CXX object CMakeFiles/dynamixel_sdk.dir/src/dynamixel_sdk/group_fast_bulk_read.cpp.o\x1b[0m\n'}
[39.380133] (-) TimerEvent: {}
[39.481097] (-) TimerEvent: {}
[39.584023] (-) TimerEvent: {}
[39.684427] (-) TimerEvent: {}
[39.784897] (-) TimerEvent: {}
[39.886093] (-) TimerEvent: {}
[39.987054] (-) TimerEvent: {}
[39.998193] (dynamixel_sdk) StdoutLine: {'line': b'[ 69%] \x1b[32mBuilding CXX object CMakeFiles/dynamixel_sdk.dir/src/dynamixel_sdk/group_fast_sync_read.cpp.o\x1b[0m\n'}
[40.088019] (-) TimerEvent: {}
[40.188386] (-) TimerEvent: {}
[40.290296] (-) TimerEvent: {}
[40.390836] (-) TimerEvent: {}
[40.493020] (-) TimerEvent: {}
[40.580561] (dynamixel_sdk) StdoutLine: {'line': b'[ 76%] \x1b[32mBuilding CXX object CMakeFiles/dynamixel_sdk.dir/src/dynamixel_sdk/group_handler.cpp.o\x1b[0m\n'}
[40.593140] (-) TimerEvent: {}
[40.694592] (-) TimerEvent: {}
[40.797106] (-) TimerEvent: {}
[40.898018] (-) TimerEvent: {}
[41.000587] (-) TimerEvent: {}
[41.082127] (dynamixel_sdk) StdoutLine: {'line': b'[ 84%] \x1b[32mBuilding CXX object CMakeFiles/dynamixel_sdk.dir/src/dynamixel_sdk/port_handler.cpp.o\x1b[0m\n'}
[41.100769] (-) TimerEvent: {}
[41.173481] (dynamixel_sdk) StdoutLine: {'line': b'[ 92%] \x1b[32mBuilding CXX object CMakeFiles/dynamixel_sdk.dir/src/dynamixel_sdk/port_handler_linux.cpp.o\x1b[0m\n'}
[41.200886] (-) TimerEvent: {}
[41.301385] (-) TimerEvent: {}
[41.402162] (-) TimerEvent: {}
[41.507075] (-) TimerEvent: {}
[41.607770] (-) TimerEvent: {}
[41.708318] (-) TimerEvent: {}
[41.808738] (-) TimerEvent: {}
[41.912131] (-) TimerEvent: {}
[42.018730] (-) TimerEvent: {}
[42.119342] (-) TimerEvent: {}
[42.124905] (turtlebot3_msgs) StdoutLine: {'line': b'-- Configuring done\n'}
[42.219499] (-) TimerEvent: {}
[42.321093] (-) TimerEvent: {}
[42.421665] (-) TimerEvent: {}
[42.523680] (-) TimerEvent: {}
[42.624605] (-) TimerEvent: {}
[42.725141] (-) TimerEvent: {}
[42.826700] (-) TimerEvent: {}
[42.850325] (turtlebot3_msgs) StdoutLine: {'line': b'-- Generating done\n'}
[42.927611] (-) TimerEvent: {}
[43.008103] (turtlebot3_msgs) StdoutLine: {'line': b'-- Build files have been written to: /workspaces/UON-CS-robotlab-simulation-container/build/turtlebot3_msgs\n'}
[43.027801] (-) TimerEvent: {}
[43.131500] (turtlebot3_msgs) CommandEnded: {'returncode': 0}
[43.154115] (-) TimerEvent: {}
[43.154749] (turtlebot3_msgs) JobProgress: {'identifier': 'turtlebot3_msgs', 'progress': 'build'}
[43.155360] (turtlebot3_msgs) Command: {'cmd': ['/usr/bin/cmake', '--build', '/workspaces/UON-CS-robotlab-simulation-container/build/turtlebot3_msgs', '--', '-j2', '-l2'], 'cwd': '/workspaces/UON-CS-robotlab-simulation-container/build/turtlebot3_msgs', 'env': OrderedDict([('GITHUB_TOKEN', 'ghu_qzXzf473tpbDuGEeRKMePfjjEUUgEL3qLs6h'), ('GITHUB_CODESPACE_TOKEN', 'AOKRK4QICIVTYBHCYV5Y7K3KNF2YXANCNFSM4AXFRYHA'), ('FEATURE_SPARK_POST_COMMIT_CREATE_ITERATION', 'true'), ('HOSTNAME', 'codespaces-9eb142'), ('GITHUB_CODESPACES_PORT_FORWARDING_DOMAIN', 'app.github.dev'), ('SHLVL', '2'), ('LD_LIBRARY_PATH', '/usr/lib/x86_64-linux-gnu/gazebo-11/plugins:/opt/ros/humble/opt/rviz_ogre_vendor/lib:/opt/ros/humble/lib/x86_64-linux-gnu:/opt/ros/humble/lib'), ('HOME', '/home/vscode'), ('OLDPWD', '/workspaces/UON-CS-robotlab-simulation-container'), ('CODESPACES', 'true'), ('ROS_PYTHON_VERSION', '3'), ('GITHUB_USER', 'mohammad-areeb'), ('GITHUB_GRAPHQL_URL', 'https://api.github.com/graphql'), ('ROS_DISTRO', 'humble'), ('ContainerVersion', '13'), ('GITHUB_API_URL', 'https://api.github.com'), ('RepositoryName', 'UON-CS-robotlab-simulation-container'), ('_', '/usr/bin/colcon'), ('ROS_VERSION', '2'), ('CLOUDENV_ENVIRONMENT_ID', '344bab99-1d47-4655-88f7-fee790854045'), ('TERM', 'xterm'), ('ROS_LOCALHOST_ONLY', '0'), ('PATH', '/opt/ros/humble/bin:/usr/local/sbin:/usr/local/bin:/usr/sbin:/usr/bin:/sbin:/bin'), ('SHELL_LOGGED_IN', 'true'), ('LANG', 'C.UTF-8'), ('LS_COLORS', ''), ('GITHUB_REPOSITORY', 'mohammad-areeb/UON-CS-robotlab-simulation-container'), ('ROS_DOMAIN_ID', '30'), ('AMENT_PREFIX_PATH', '/opt/ros/humble'), ('DEBIAN_FRONTEND', 'noninteractive'), ('SHELL', '/bin/bash'), ('PWD', '/workspaces/UON-CS-robotlab-simulation-container/build/turtlebot3_msgs'), ('INTERNAL_VSCS_TARGET_URL', 'https://uksouth.online.visualstudio.com'), ('TURTLEBOT3_MODEL', 'waffle'), ('LC_ALL', 'C.UTF-8'), ('GITHUB_SERVER_URL', 'https://github.com'), ('PYTHONPATH', '/opt/ros/humble/lib/python3.10/site-packages:/opt/ros/humble/local/lib/python3.10/dist-packages'), ('CODESPACE_NAME', 'urban-space-garbanzo-j7wwvprrjjp25j95'), ('COLCON', '1'), ('CMAKE_PREFIX_PATH', '/opt/ros/humble')]), 'shell': False}
[43.213217] (dynamixel_sdk) StdoutLine: {'line': b'[100%] \x1b[32m\x1b[1mLinking CXX shared library libdynamixel_sdk.so\x1b[0m\n'}
[43.260150] (-) TimerEvent: {}
[43.364216] (-) TimerEvent: {}
[43.464963] (-) TimerEvent: {}
[43.566025] (-) TimerEvent: {}
[43.569912] (turtlebot3_msgs) StdoutLine: {'line': b'[  1%] \x1b[34m\x1b[1mGenerating Rust code for ROS interfaces\x1b[0m\n'}
[43.668445] (-) TimerEvent: {}
[43.771018] (-) TimerEvent: {}
[43.871527] (-) TimerEvent: {}
[43.895790] (dynamixel_sdk) StdoutLine: {'line': b'[100%] Built target dynamixel_sdk\n'}
[43.973501] (-) TimerEvent: {}
[44.076789] (-) TimerEvent: {}
[44.105788] (dynamixel_sdk) StdoutLine: {'line': b'[100%] Built target ament_cmake_python_symlink_dynamixel_sdk\n'}
[44.178561] (-) TimerEvent: {}
[44.283951] (-) TimerEvent: {}
[44.388457] (-) TimerEvent: {}
[44.500295] (-) TimerEvent: {}
[44.609271] (-) TimerEvent: {}
[44.710438] (-) TimerEvent: {}
[44.811021] (-) TimerEvent: {}
[44.926407] (-) TimerEvent: {}
[45.028299] (-) TimerEvent: {}
[45.137460] (-) TimerEvent: {}
[45.239410] (-) TimerEvent: {}
[45.343210] (-) TimerEvent: {}
[45.450262] (-) TimerEvent: {}
[45.557448] (-) TimerEvent: {}
[45.659613] (-) TimerEvent: {}
[45.765666] (-) TimerEvent: {}
[45.866167] (-) TimerEvent: {}
[45.969012] (-) TimerEvent: {}
[46.069610] (-) TimerEvent: {}
[46.172418] (-) TimerEvent: {}
[46.276961] (-) TimerEvent: {}
[46.379017] (-) TimerEvent: {}
[46.481011] (-) TimerEvent: {}
[46.595031] (-) TimerEvent: {}
[46.696878] (-) TimerEvent: {}
[46.798418] (-) TimerEvent: {}
[46.905012] (-) TimerEvent: {}
[47.005388] (-) TimerEvent: {}
[47.114007] (-) TimerEvent: {}
[47.214806] (-) TimerEvent: {}
[47.315526] (-) TimerEvent: {}
[47.416626] (-) TimerEvent: {}
[47.517008] (-) TimerEvent: {}
[47.620644] (-) TimerEvent: {}
[47.723009] (-) TimerEvent: {}
[47.824909] (-) TimerEvent: {}
[47.927151] (-) TimerEvent: {}
[48.040169] (-) TimerEvent: {}
[48.148020] (-) TimerEvent: {}
[48.250039] (-) TimerEvent: {}
[48.353029] (-) TimerEvent: {}
[48.454775] (-) TimerEvent: {}
[48.555366] (-) TimerEvent: {}
[48.659094] (-) TimerEvent: {}
[48.761494] (-) TimerEvent: {}
[48.863593] (-) TimerEvent: {}
[48.964149] (-) TimerEvent: {}
[49.070026] (-) TimerEvent: {}
[49.175578] (-) TimerEvent: {}
[49.276018] (-) TimerEvent: {}
[49.376546] (-) TimerEvent: {}
[49.477161] (-) TimerEvent: {}
[49.577504] (-) TimerEvent: {}
[49.677871] (-) TimerEvent: {}
[49.780340] (-) TimerEvent: {}
[49.880814] (-) TimerEvent: {}
[49.981258] (-) TimerEvent: {}
[50.081688] (-) TimerEvent: {}
[50.182136] (-) TimerEvent: {}
[50.284011] (-) TimerEvent: {}
[50.384368] (-) TimerEvent: {}
[50.485119] (-) TimerEvent: {}
[50.589002] (-) TimerEvent: {}
[50.689400] (-) TimerEvent: {}
[50.793956] (-) TimerEvent: {}
[50.896258] (-) TimerEvent: {}
[50.997206] (-) TimerEvent: {}
[51.098364] (-) TimerEvent: {}
[51.199545] (-) TimerEvent: {}
[51.369975] (-) TimerEvent: {}
[51.471683] (-) TimerEvent: {}
[51.576682] (-) TimerEvent: {}
[51.678003] (-) TimerEvent: {}
[51.779914] (-) TimerEvent: {}
[51.789461] (turtlebot3_msgs) StdoutLine: {'line': b'[  1%] Built target turtlebot3_msgs__rs\n'}
[51.837577] (turtlebot3_msgs) StdoutLine: {'line': b'[  2%] \x1b[34m\x1b[1mGenerating C code for ROS interfaces\x1b[0m\n'}
[51.880999] (-) TimerEvent: {}
[51.981357] (-) TimerEvent: {}
[52.138760] (-) TimerEvent: {}
[52.239394] (-) TimerEvent: {}
[52.348017] (-) TimerEvent: {}
[52.450350] (-) TimerEvent: {}
[52.553401] (-) TimerEvent: {}
[52.655009] (-) TimerEvent: {}
[52.755520] (-) TimerEvent: {}
[52.858277] (-) TimerEvent: {}
[52.966024] (-) TimerEvent: {}
[53.077278] (-) TimerEvent: {}
[53.185696] (-) TimerEvent: {}
[53.287670] (-) TimerEvent: {}
[53.398679] (-) TimerEvent: {}
[53.505570] (-) TimerEvent: {}
[53.609521] (-) TimerEvent: {}
[53.716625] (-) TimerEvent: {}
[53.848447] (-) TimerEvent: {}
[53.955558] (-) TimerEvent: {}
[54.064038] (-) TimerEvent: {}
[54.164845] (-) TimerEvent: {}
[54.267187] (-) TimerEvent: {}
[54.468871] (-) TimerEvent: {}
[54.579571] (-) TimerEvent: {}
[54.679921] (-) TimerEvent: {}
[54.781980] (-) TimerEvent: {}
[54.891263] (-) TimerEvent: {}
[55.003649] (-) TimerEvent: {}
[55.104164] (-) TimerEvent: {}
[55.207533] (-) TimerEvent: {}
[55.287570] (dynamixel_sdk) StdoutLine: {'line': b'running egg_info\n'}
[55.300564] (dynamixel_sdk) StdoutLine: {'line': b'creating dynamixel_sdk.egg-info\n'}
[55.304101] (dynamixel_sdk) StdoutLine: {'line': b'writing dynamixel_sdk.egg-info/PKG-INFO\n'}
[55.305221] (dynamixel_sdk) StdoutLine: {'line': b'writing dependency_links to dynamixel_sdk.egg-info/dependency_links.txt\n'}
[55.305690] (dynamixel_sdk) StdoutLine: {'line': b'writing top-level names to dynamixel_sdk.egg-info/top_level.txt\n'}
[55.313042] (-) TimerEvent: {}
[55.342781] (dynamixel_sdk) StdoutLine: {'line': b"writing manifest file 'dynamixel_sdk.egg-info/SOURCES.txt'\n"}
[55.383509] (dynamixel_sdk) StdoutLine: {'line': b"reading manifest file 'dynamixel_sdk.egg-info/SOURCES.txt'\n"}
[55.447338] (-) TimerEvent: {}
[55.527306] (dynamixel_sdk) StdoutLine: {'line': b"writing manifest file 'dynamixel_sdk.egg-info/SOURCES.txt'\n"}
[55.554594] (-) TimerEvent: {}
[55.664260] (-) TimerEvent: {}
[55.775352] (-) TimerEvent: {}
[55.785966] (dynamixel_sdk) StdoutLine: {'line': b'[100%] Built target ament_cmake_python_build_dynamixel_sdk_egg\n'}
[55.863333] (dynamixel_sdk) CommandEnded: {'returncode': 0}
[55.870220] (dynamixel_sdk) JobProgress: {'identifier': 'dynamixel_sdk', 'progress': 'install'}
[55.885065] (-) TimerEvent: {}
[56.003422] (-) TimerEvent: {}
[56.087927] (dynamixel_sdk) Command: {'cmd': ['/usr/bin/cmake', '--install', '/workspaces/UON-CS-robotlab-simulation-container/build/dynamixel_sdk'], 'cwd': '/workspaces/UON-CS-robotlab-simulation-container/build/dynamixel_sdk', 'env': OrderedDict([('GITHUB_TOKEN', 'ghu_qzXzf473tpbDuGEeRKMePfjjEUUgEL3qLs6h'), ('GITHUB_CODESPACE_TOKEN', 'AOKRK4QICIVTYBHCYV5Y7K3KNF2YXANCNFSM4AXFRYHA'), ('FEATURE_SPARK_POST_COMMIT_CREATE_ITERATION', 'true'), ('HOSTNAME', 'codespaces-9eb142'), ('GITHUB_CODESPACES_PORT_FORWARDING_DOMAIN', 'app.github.dev'), ('SHLVL', '2'), ('LD_LIBRARY_PATH', '/usr/lib/x86_64-linux-gnu/gazebo-11/plugins:/opt/ros/humble/opt/rviz_ogre_vendor/lib:/opt/ros/humble/lib/x86_64-linux-gnu:/opt/ros/humble/lib'), ('HOME', '/home/vscode'), ('OLDPWD', '/workspaces/UON-CS-robotlab-simulation-container'), ('CODESPACES', 'true'), ('ROS_PYTHON_VERSION', '3'), ('GITHUB_USER', 'mohammad-areeb'), ('GITHUB_GRAPHQL_URL', 'https://api.github.com/graphql'), ('ROS_DISTRO', 'humble'), ('ContainerVersion', '13'), ('GITHUB_API_URL', 'https://api.github.com'), ('RepositoryName', 'UON-CS-robotlab-simulation-container'), ('_', '/usr/bin/colcon'), ('ROS_VERSION', '2'), ('CLOUDENV_ENVIRONMENT_ID', '344bab99-1d47-4655-88f7-fee790854045'), ('TERM', 'xterm'), ('ROS_LOCALHOST_ONLY', '0'), ('PATH', '/opt/ros/humble/bin:/usr/local/sbin:/usr/local/bin:/usr/sbin:/usr/bin:/sbin:/bin'), ('SHELL_LOGGED_IN', 'true'), ('LANG', 'C.UTF-8'), ('LS_COLORS', ''), ('GITHUB_REPOSITORY', 'mohammad-areeb/UON-CS-robotlab-simulation-container'), ('ROS_DOMAIN_ID', '30'), ('AMENT_PREFIX_PATH', '/opt/ros/humble'), ('DEBIAN_FRONTEND', 'noninteractive'), ('SHELL', '/bin/bash'), ('PWD', '/workspaces/UON-CS-robotlab-simulation-container/build/dynamixel_sdk'), ('INTERNAL_VSCS_TARGET_URL', 'https://uksouth.online.visualstudio.com'), ('TURTLEBOT3_MODEL', 'waffle'), ('LC_ALL', 'C.UTF-8'), ('GITHUB_SERVER_URL', 'https://github.com'), ('PYTHONPATH', '/opt/ros/humble/lib/python3.10/site-packages:/opt/ros/humble/local/lib/python3.10/dist-packages'), ('CODESPACE_NAME', 'urban-space-garbanzo-j7wwvprrjjp25j95'), ('COLCON', '1'), ('CMAKE_PREFIX_PATH', '/opt/ros/humble')]), 'shell': False}
[56.115161] (-) TimerEvent: {}
[56.206611] (dynamixel_sdk) StdoutLine: {'line': b'-- Install configuration: ""\n'}
[56.226080] (dynamixel_sdk) StdoutLine: {'line': b'-- Execute custom install script\n'}
[56.226732] (-) TimerEvent: {}
[56.259222] (dynamixel_sdk) StdoutLine: {'line': b'-- Symlinking: /workspaces/UON-CS-robotlab-simulation-container/install/dynamixel_sdk/include//dynamixel_sdk/dynamixel_sdk.h\n'}
[56.303195] (dynamixel_sdk) StdoutLine: {'line': b'-- Symlinking: /workspaces/UON-CS-robotlab-simulation-container/install/dynamixel_sdk/include//dynamixel_sdk/group_bulk_read.h\n'}
[56.330011] (-) TimerEvent: {}
[56.420430] (dynamixel_sdk) StdoutLine: {'line': b'-- Symlinking: /workspaces/UON-CS-robotlab-simulation-container/install/dynamixel_sdk/include//dynamixel_sdk/group_bulk_write.h\n'}
[56.434085] (-) TimerEvent: {}
[56.535200] (-) TimerEvent: {}
[56.642076] (-) TimerEvent: {}
[56.651567] (dynamixel_sdk) StdoutLine: {'line': b'-- Symlinking: /workspaces/UON-CS-robotlab-simulation-container/install/dynamixel_sdk/include//dynamixel_sdk/group_fast_bulk_read.h\n'}
[56.706003] (dynamixel_sdk) StdoutLine: {'line': b'-- Symlinking: /workspaces/UON-CS-robotlab-simulation-container/install/dynamixel_sdk/include//dynamixel_sdk/group_fast_sync_read.h\n'}
[56.743552] (-) TimerEvent: {}
[56.760391] (dynamixel_sdk) StdoutLine: {'line': b'-- Symlinking: /workspaces/UON-CS-robotlab-simulation-container/install/dynamixel_sdk/include//dynamixel_sdk/group_handler.h\n'}
[56.800225] (dynamixel_sdk) StdoutLine: {'line': b'-- Symlinking: /workspaces/UON-CS-robotlab-simulation-container/install/dynamixel_sdk/include//dynamixel_sdk/group_sync_read.h\n'}
[56.843660] (-) TimerEvent: {}
[56.847835] (dynamixel_sdk) StdoutLine: {'line': b'-- Symlinking: /workspaces/UON-CS-robotlab-simulation-container/install/dynamixel_sdk/include//dynamixel_sdk/group_sync_write.h\n'}
[56.906434] (dynamixel_sdk) StdoutLine: {'line': b'-- Symlinking: /workspaces/UON-CS-robotlab-simulation-container/install/dynamixel_sdk/include//dynamixel_sdk/packet_handler.h\n'}
[56.944055] (-) TimerEvent: {}
[57.066469] (dynamixel_sdk) StdoutLine: {'line': b'-- Symlinking: /workspaces/UON-CS-robotlab-simulation-container/install/dynamixel_sdk/include//dynamixel_sdk/port_handler.h\n'}
[57.104394] (-) TimerEvent: {}
[57.151426] (dynamixel_sdk) StdoutLine: {'line': b'-- Symlinking: /workspaces/UON-CS-robotlab-simulation-container/install/dynamixel_sdk/include//dynamixel_sdk/port_handler_arduino.h\n'}
[57.206099] (-) TimerEvent: {}
[57.254312] (dynamixel_sdk) StdoutLine: {'line': b'-- Symlinking: /workspaces/UON-CS-robotlab-simulation-container/install/dynamixel_sdk/include//dynamixel_sdk/port_handler_linux.h\n'}
[57.309016] (-) TimerEvent: {}
[57.331994] (dynamixel_sdk) StdoutLine: {'line': b'-- Symlinking: /workspaces/UON-CS-robotlab-simulation-container/install/dynamixel_sdk/include//dynamixel_sdk/port_handler_mac.h\n'}
[57.409132] (-) TimerEvent: {}
[57.433570] (dynamixel_sdk) StdoutLine: {'line': b'-- Symlinking: /workspaces/UON-CS-robotlab-simulation-container/install/dynamixel_sdk/include//dynamixel_sdk/port_handler_windows.h\n'}
[57.578211] (-) TimerEvent: {}
[57.647717] (dynamixel_sdk) StdoutLine: {'line': b'-- Symlinking: /workspaces/UON-CS-robotlab-simulation-container/install/dynamixel_sdk/include//dynamixel_sdk/protocol1_packet_handler.h\n'}
[57.682797] (-) TimerEvent: {}
[57.775095] (dynamixel_sdk) StdoutLine: {'line': b'-- Symlinking: /workspaces/UON-CS-robotlab-simulation-container/install/dynamixel_sdk/include//dynamixel_sdk/protocol2_packet_handler.h\n'}
[57.783105] (-) TimerEvent: {}
[57.878057] (dynamixel_sdk) StdoutLine: {'line': b'-- Symlinking: /workspaces/UON-CS-robotlab-simulation-container/install/dynamixel_sdk/share/dynamixel_sdk/environment/pythonpath.sh\n'}
[57.883246] (-) TimerEvent: {}
[57.955065] (dynamixel_sdk) StdoutLine: {'line': b'-- Symlinking: /workspaces/UON-CS-robotlab-simulation-container/install/dynamixel_sdk/share/dynamixel_sdk/environment/pythonpath.dsv\n'}
[57.984016] (-) TimerEvent: {}
[58.015841] (dynamixel_sdk) StdoutLine: {'line': b'-- Symlinking: /workspaces/UON-CS-robotlab-simulation-container/install/dynamixel_sdk/local/lib/python3.10/dist-packages/dynamixel_sdk-3.8.4-py3.10.egg-info/PKG-INFO\n'}
[58.104311] (-) TimerEvent: {}
[58.172674] (dynamixel_sdk) StdoutLine: {'line': b'-- Symlinking: /workspaces/UON-CS-robotlab-simulation-container/install/dynamixel_sdk/local/lib/python3.10/dist-packages/dynamixel_sdk-3.8.4-py3.10.egg-info/SOURCES.txt\n'}
[58.220282] (-) TimerEvent: {}
[58.274758] (dynamixel_sdk) StdoutLine: {'line': b'-- Symlinking: /workspaces/UON-CS-robotlab-simulation-container/install/dynamixel_sdk/local/lib/python3.10/dist-packages/dynamixel_sdk-3.8.4-py3.10.egg-info/dependency_links.txt\n'}
[58.331776] (-) TimerEvent: {}
[58.393382] (dynamixel_sdk) StdoutLine: {'line': b'-- Symlinking: /workspaces/UON-CS-robotlab-simulation-container/install/dynamixel_sdk/local/lib/python3.10/dist-packages/dynamixel_sdk-3.8.4-py3.10.egg-info/top_level.txt\n'}
[58.434017] (-) TimerEvent: {}
[58.473264] (dynamixel_sdk) StdoutLine: {'line': b'-- Symlinking: /workspaces/UON-CS-robotlab-simulation-container/install/dynamixel_sdk/local/lib/python3.10/dist-packages/dynamixel_sdk/__init__.py\n'}
[58.515902] (dynamixel_sdk) StdoutLine: {'line': b'-- Symlinking: /workspaces/UON-CS-robotlab-simulation-container/install/dynamixel_sdk/local/lib/python3.10/dist-packages/dynamixel_sdk/group_bulk_read.cpp\n'}
[58.534302] (-) TimerEvent: {}
[58.541907] (dynamixel_sdk) StdoutLine: {'line': b'-- Symlinking: /workspaces/UON-CS-robotlab-simulation-container/install/dynamixel_sdk/local/lib/python3.10/dist-packages/dynamixel_sdk/group_bulk_read.py\n'}
[58.584396] (dynamixel_sdk) StdoutLine: {'line': b'-- Symlinking: /workspaces/UON-CS-robotlab-simulation-container/install/dynamixel_sdk/local/lib/python3.10/dist-packages/dynamixel_sdk/group_bulk_write.cpp\n'}
[58.635901] (-) TimerEvent: {}
[58.648894] (dynamixel_sdk) StdoutLine: {'line': b'-- Symlinking: /workspaces/UON-CS-robotlab-simulation-container/install/dynamixel_sdk/local/lib/python3.10/dist-packages/dynamixel_sdk/group_bulk_write.py\n'}
[58.739993] (-) TimerEvent: {}
[58.749907] (dynamixel_sdk) StdoutLine: {'line': b'-- Symlinking: /workspaces/UON-CS-robotlab-simulation-container/install/dynamixel_sdk/local/lib/python3.10/dist-packages/dynamixel_sdk/group_fast_bulk_read.cpp\n'}
[58.813011] (dynamixel_sdk) StdoutLine: {'line': b'-- Symlinking: /workspaces/UON-CS-robotlab-simulation-container/install/dynamixel_sdk/local/lib/python3.10/dist-packages/dynamixel_sdk/group_fast_sync_read.cpp\n'}
[58.841574] (-) TimerEvent: {}
[58.881188] (dynamixel_sdk) StdoutLine: {'line': b'-- Symlinking: /workspaces/UON-CS-robotlab-simulation-container/install/dynamixel_sdk/local/lib/python3.10/dist-packages/dynamixel_sdk/group_handler.cpp\n'}
[58.944214] (-) TimerEvent: {}
[58.977715] (dynamixel_sdk) StdoutLine: {'line': b'-- Symlinking: /workspaces/UON-CS-robotlab-simulation-container/install/dynamixel_sdk/local/lib/python3.10/dist-packages/dynamixel_sdk/group_sync_read.cpp\n'}
[59.152193] (dynamixel_sdk) StdoutLine: {'line': b'-- Symlinking: /workspaces/UON-CS-robotlab-simulation-container/install/dynamixel_sdk/local/lib/python3.10/dist-packages/dynamixel_sdk/group_sync_read.py\n'}
[59.156479] (-) TimerEvent: {}
[59.275020] (-) TimerEvent: {}
[59.315098] (dynamixel_sdk) StdoutLine: {'line': b'-- Symlinking: /workspaces/UON-CS-robotlab-simulation-container/install/dynamixel_sdk/local/lib/python3.10/dist-packages/dynamixel_sdk/group_sync_write.cpp\n'}
[59.378810] (-) TimerEvent: {}
[59.476848] (dynamixel_sdk) StdoutLine: {'line': b'-- Symlinking: /workspaces/UON-CS-robotlab-simulation-container/install/dynamixel_sdk/local/lib/python3.10/dist-packages/dynamixel_sdk/group_sync_write.py\n'}
[59.483156] (-) TimerEvent: {}
[59.551683] (dynamixel_sdk) StdoutLine: {'line': b'-- Symlinking: /workspaces/UON-CS-robotlab-simulation-container/install/dynamixel_sdk/local/lib/python3.10/dist-packages/dynamixel_sdk/packet_handler.cpp\n'}
[59.583952] (-) TimerEvent: {}
[59.616473] (dynamixel_sdk) StdoutLine: {'line': b'-- Symlinking: /workspaces/UON-CS-robotlab-simulation-container/install/dynamixel_sdk/local/lib/python3.10/dist-packages/dynamixel_sdk/packet_handler.py\n'}
[59.691055] (-) TimerEvent: {}
[59.709909] (dynamixel_sdk) StdoutLine: {'line': b'-- Symlinking: /workspaces/UON-CS-robotlab-simulation-container/install/dynamixel_sdk/local/lib/python3.10/dist-packages/dynamixel_sdk/port_handler.cpp\n'}
[59.799984] (-) TimerEvent: {}
[59.902305] (dynamixel_sdk) StdoutLine: {'line': b'-- Symlinking: /workspaces/UON-CS-robotlab-simulation-container/install/dynamixel_sdk/local/lib/python3.10/dist-packages/dynamixel_sdk/port_handler.py\n'}
[59.902592] (-) TimerEvent: {}
[59.992273] (dynamixel_sdk) StdoutLine: {'line': b'-- Symlinking: /workspaces/UON-CS-robotlab-simulation-container/install/dynamixel_sdk/local/lib/python3.10/dist-packages/dynamixel_sdk/port_handler_arduino.cpp\n'}
[60.003824] (-) TimerEvent: {}
[60.059715] (dynamixel_sdk) StdoutLine: {'line': b'-- Symlinking: /workspaces/UON-CS-robotlab-simulation-container/install/dynamixel_sdk/local/lib/python3.10/dist-packages/dynamixel_sdk/port_handler_linux.cpp\n'}
[60.098494] (dynamixel_sdk) StdoutLine: {'line': b'-- Symlinking: /workspaces/UON-CS-robotlab-simulation-container/install/dynamixel_sdk/local/lib/python3.10/dist-packages/dynamixel_sdk/port_handler_mac.cpp\n'}
[60.104398] (-) TimerEvent: {}
[60.152896] (dynamixel_sdk) StdoutLine: {'line': b'-- Symlinking: /workspaces/UON-CS-robotlab-simulation-container/install/dynamixel_sdk/local/lib/python3.10/dist-packages/dynamixel_sdk/port_handler_windows.cpp\n'}
[60.207208] (-) TimerEvent: {}
[60.219606] (dynamixel_sdk) StdoutLine: {'line': b'-- Symlinking: /workspaces/UON-CS-robotlab-simulation-container/install/dynamixel_sdk/local/lib/python3.10/dist-packages/dynamixel_sdk/protocol1_packet_handler.cpp\n'}
[60.262074] (dynamixel_sdk) StdoutLine: {'line': b'-- Symlinking: /workspaces/UON-CS-robotlab-simulation-container/install/dynamixel_sdk/local/lib/python3.10/dist-packages/dynamixel_sdk/protocol1_packet_handler.py\n'}
[60.314268] (-) TimerEvent: {}
[60.324977] (dynamixel_sdk) StdoutLine: {'line': b'-- Symlinking: /workspaces/UON-CS-robotlab-simulation-container/install/dynamixel_sdk/local/lib/python3.10/dist-packages/dynamixel_sdk/protocol2_packet_handler.cpp\n'}
[60.399185] (dynamixel_sdk) StdoutLine: {'line': b'-- Symlinking: /workspaces/UON-CS-robotlab-simulation-container/install/dynamixel_sdk/local/lib/python3.10/dist-packages/dynamixel_sdk/protocol2_packet_handler.py\n'}
[60.416914] (-) TimerEvent: {}
[60.465076] (dynamixel_sdk) StdoutLine: {'line': b'-- Symlinking: /workspaces/UON-CS-robotlab-simulation-container/install/dynamixel_sdk/local/lib/python3.10/dist-packages/dynamixel_sdk/robotis_def.py\n'}
[60.525094] (-) TimerEvent: {}
[60.532980] (dynamixel_sdk) StdoutLine: {'line': b'-- Symlinking: /workspaces/UON-CS-robotlab-simulation-container/install/dynamixel_sdk/share/dynamixel_sdk/environment/library_path.sh\n'}
[60.640835] (-) TimerEvent: {}
[60.661963] (dynamixel_sdk) StdoutLine: {'line': b'-- Symlinking: /workspaces/UON-CS-robotlab-simulation-container/install/dynamixel_sdk/share/dynamixel_sdk/environment/library_path.dsv\n'}
[60.740985] (-) TimerEvent: {}
[60.748164] (dynamixel_sdk) StdoutLine: {'line': b'-- Symlinking: /workspaces/UON-CS-robotlab-simulation-container/install/dynamixel_sdk/share/ament_index/resource_index/package_run_dependencies/dynamixel_sdk\n'}
[60.797785] (dynamixel_sdk) StdoutLine: {'line': b'-- Symlinking: /workspaces/UON-CS-robotlab-simulation-container/install/dynamixel_sdk/share/ament_index/resource_index/parent_prefix_path/dynamixel_sdk\n'}
[60.844245] (-) TimerEvent: {}
[60.884093] (dynamixel_sdk) StdoutLine: {'line': b'-- Symlinking: /workspaces/UON-CS-robotlab-simulation-container/install/dynamixel_sdk/share/dynamixel_sdk/environment/ament_prefix_path.sh\n'}
[60.903365] (dynamixel_sdk) StdoutLine: {'line': b'-- Symlinking: /workspaces/UON-CS-robotlab-simulation-container/install/dynamixel_sdk/share/dynamixel_sdk/environment/ament_prefix_path.dsv\n'}
[60.945012] (-) TimerEvent: {}
[60.954207] (dynamixel_sdk) StdoutLine: {'line': b'-- Symlinking: /workspaces/UON-CS-robotlab-simulation-container/install/dynamixel_sdk/share/dynamixel_sdk/environment/path.sh\n'}
[61.023403] (dynamixel_sdk) StdoutLine: {'line': b'-- Symlinking: /workspaces/UON-CS-robotlab-simulation-container/install/dynamixel_sdk/share/dynamixel_sdk/environment/path.dsv\n'}
[61.048485] (-) TimerEvent: {}
[61.097028] (dynamixel_sdk) StdoutLine: {'line': b'-- Symlinking: /workspaces/UON-CS-robotlab-simulation-container/install/dynamixel_sdk/share/dynamixel_sdk/local_setup.bash\n'}
[61.150041] (-) TimerEvent: {}
[61.168185] (dynamixel_sdk) StdoutLine: {'line': b'-- Symlinking: /workspaces/UON-CS-robotlab-simulation-container/install/dynamixel_sdk/share/dynamixel_sdk/local_setup.sh\n'}
[61.243122] (dynamixel_sdk) StdoutLine: {'line': b'-- Symlinking: /workspaces/UON-CS-robotlab-simulation-container/install/dynamixel_sdk/share/dynamixel_sdk/local_setup.zsh\n'}
[61.253214] (-) TimerEvent: {}
[61.321314] (dynamixel_sdk) StdoutLine: {'line': b'-- Symlinking: /workspaces/UON-CS-robotlab-simulation-container/install/dynamixel_sdk/share/dynamixel_sdk/local_setup.dsv\n'}
[61.354858] (-) TimerEvent: {}
[61.466086] (dynamixel_sdk) StdoutLine: {'line': b'-- Symlinking: /workspaces/UON-CS-robotlab-simulation-container/install/dynamixel_sdk/share/dynamixel_sdk/package.dsv\n'}
[61.466314] (-) TimerEvent: {}
[61.502220] (dynamixel_sdk) StdoutLine: {'line': b'-- Symlinking: /workspaces/UON-CS-robotlab-simulation-container/install/dynamixel_sdk/share/ament_index/resource_index/packages/dynamixel_sdk\n'}
[61.535557] (dynamixel_sdk) StdoutLine: {'line': b'-- Symlinking: /workspaces/UON-CS-robotlab-simulation-container/install/dynamixel_sdk/share/dynamixel_sdk/cmake/ament_cmake_export_targets-extras.cmake\n'}
[61.566478] (-) TimerEvent: {}
[61.586072] (dynamixel_sdk) StdoutLine: {'line': b'-- Symlinking: /workspaces/UON-CS-robotlab-simulation-container/install/dynamixel_sdk/share/dynamixel_sdk/cmake/ament_cmake_export_include_directories-extras.cmake\n'}
[61.646651] (dynamixel_sdk) StdoutLine: {'line': b'-- Symlinking: /workspaces/UON-CS-robotlab-simulation-container/install/dynamixel_sdk/share/dynamixel_sdk/cmake/ament_cmake_export_libraries-extras.cmake\n'}
[61.667435] (-) TimerEvent: {}
[61.777736] (dynamixel_sdk) StdoutLine: {'line': b'-- Symlinking: /workspaces/UON-CS-robotlab-simulation-container/install/dynamixel_sdk/share/dynamixel_sdk/cmake/dynamixel_sdkConfig.cmake\n'}
[61.778023] (-) TimerEvent: {}
[61.882186] (-) TimerEvent: {}
[61.930241] (dynamixel_sdk) StdoutLine: {'line': b'-- Symlinking: /workspaces/UON-CS-robotlab-simulation-container/install/dynamixel_sdk/share/dynamixel_sdk/cmake/dynamixel_sdkConfig-version.cmake\n'}
[62.119038] (-) TimerEvent: {}
[62.182144] (dynamixel_sdk) StdoutLine: {'line': b'-- Symlinking: /workspaces/UON-CS-robotlab-simulation-container/install/dynamixel_sdk/share/dynamixel_sdk/package.xml\n'}
[62.223529] (-) TimerEvent: {}
[62.313729] (dynamixel_sdk) StdoutLine: {'line': b'-- Installing: /workspaces/UON-CS-robotlab-simulation-container/install/dynamixel_sdk/lib/libdynamixel_sdk.so\n'}
[62.323094] (-) TimerEvent: {}
[62.424099] (-) TimerEvent: {}
[62.531040] (-) TimerEvent: {}
[62.633021] (-) TimerEvent: {}
[62.734077] (-) TimerEvent: {}
[62.836538] (-) TimerEvent: {}
[62.947252] (-) TimerEvent: {}
[63.048836] (-) TimerEvent: {}
[63.152609] (-) TimerEvent: {}
[63.306673] (-) TimerEvent: {}
[63.410406] (-) TimerEvent: {}
[63.428329] (dynamixel_sdk) StdoutLine: {'line': b"Listing '/workspaces/UON-CS-robotlab-simulation-container/install/dynamixel_sdk/local/lib/python3.10/dist-packages/dynamixel_sdk'...\n"}
[63.428563] (dynamixel_sdk) StdoutLine: {'line': b"Compiling '/workspaces/UON-CS-robotlab-simulation-container/install/dynamixel_sdk/local/lib/python3.10/dist-packages/dynamixel_sdk/__init__.py'...\n"}
[63.428686] (dynamixel_sdk) StdoutLine: {'line': b"Compiling '/workspaces/UON-CS-robotlab-simulation-container/install/dynamixel_sdk/local/lib/python3.10/dist-packages/dynamixel_sdk/group_bulk_read.py'...\n"}
[63.428767] (dynamixel_sdk) StdoutLine: {'line': b"Compiling '/workspaces/UON-CS-robotlab-simulation-container/install/dynamixel_sdk/local/lib/python3.10/dist-packages/dynamixel_sdk/group_bulk_write.py'...\n"}
[63.428837] (dynamixel_sdk) StdoutLine: {'line': b"Compiling '/workspaces/UON-CS-robotlab-simulation-container/install/dynamixel_sdk/local/lib/python3.10/dist-packages/dynamixel_sdk/group_sync_read.py'...\n"}
[63.428906] (dynamixel_sdk) StdoutLine: {'line': b"Compiling '/workspaces/UON-CS-robotlab-simulation-container/install/dynamixel_sdk/local/lib/python3.10/dist-packages/dynamixel_sdk/group_sync_write.py'...\n"}
[63.432132] (dynamixel_sdk) StdoutLine: {'line': b"Compiling '/workspaces/UON-CS-robotlab-simulation-container/install/dynamixel_sdk/local/lib/python3.10/dist-packages/dynamixel_sdk/packet_handler.py'...\n"}
[63.432276] (dynamixel_sdk) StdoutLine: {'line': b"Compiling '/workspaces/UON-CS-robotlab-simulation-container/install/dynamixel_sdk/local/lib/python3.10/dist-packages/dynamixel_sdk/port_handler.py'...\n"}
[63.432400] (dynamixel_sdk) StdoutLine: {'line': b"Compiling '/workspaces/UON-CS-robotlab-simulation-container/install/dynamixel_sdk/local/lib/python3.10/dist-packages/dynamixel_sdk/protocol1_packet_handler.py'...\n"}
[63.432654] (dynamixel_sdk) StdoutLine: {'line': b"Compiling '/workspaces/UON-CS-robotlab-simulation-container/install/dynamixel_sdk/local/lib/python3.10/dist-packages/dynamixel_sdk/protocol2_packet_handler.py'...\n"}
[63.433340] (dynamixel_sdk) StdoutLine: {'line': b"Compiling '/workspaces/UON-CS-robotlab-simulation-container/install/dynamixel_sdk/local/lib/python3.10/dist-packages/dynamixel_sdk/robotis_def.py'...\n"}
[63.448977] (dynamixel_sdk) StdoutLine: {'line': b'-- Installing: /workspaces/UON-CS-robotlab-simulation-container/install/dynamixel_sdk/share/dynamixel_sdk/cmake/dynamixel_sdkExport.cmake\n'}
[63.513666] (-) TimerEvent: {}
[63.556479] (dynamixel_sdk) StdoutLine: {'line': b'-- Installing: /workspaces/UON-CS-robotlab-simulation-container/install/dynamixel_sdk/share/dynamixel_sdk/cmake/dynamixel_sdkExport-noconfig.cmake\n'}
[63.615234] (-) TimerEvent: {}
[63.719014] (-) TimerEvent: {}
[63.821549] (-) TimerEvent: {}
[63.985290] (-) TimerEvent: {}
[64.098849] (-) TimerEvent: {}
[64.200150] (-) TimerEvent: {}
[64.301579] (-) TimerEvent: {}
[64.404078] (-) TimerEvent: {}
[64.505059] (-) TimerEvent: {}
[64.607302] (-) TimerEvent: {}
[64.707892] (-) TimerEvent: {}
[64.812100] (-) TimerEvent: {}
[64.912887] (-) TimerEvent: {}
[65.015029] (-) TimerEvent: {}
[65.117688] (-) TimerEvent: {}
[65.218267] (dynamixel_sdk) CommandEnded: {'returncode': 0}
[65.562031] (-) TimerEvent: {}
[65.664313] (-) TimerEvent: {}
[65.765147] (-) TimerEvent: {}
[65.868522] (-) TimerEvent: {}
[65.977063] (-) TimerEvent: {}
[66.083114] (-) TimerEvent: {}
[66.190417] (-) TimerEvent: {}
[66.291548] (dynamixel_sdk) JobEnded: {'identifier': 'dynamixel_sdk', 'rc': 0}
[66.292000] (-) TimerEvent: {}
[66.292132] (turtlebot3_description) JobStarted: {'identifier': 'turtlebot3_description'}
[66.363910] (turtlebot3_description) JobProgress: {'identifier': 'turtlebot3_description', 'progress': 'cmake'}
[66.364823] (turtlebot3_description) Command: {'cmd': ['/usr/bin/cmake', '/workspaces/UON-CS-robotlab-simulation-container/src/turtlebot3/turtlebot3_description', '-DAMENT_CMAKE_SYMLINK_INSTALL=1', '-DCMAKE_INSTALL_PREFIX=/workspaces/UON-CS-robotlab-simulation-container/install/turtlebot3_description'], 'cwd': '/workspaces/UON-CS-robotlab-simulation-container/build/turtlebot3_description', 'env': OrderedDict([('GITHUB_TOKEN', 'ghu_qzXzf473tpbDuGEeRKMePfjjEUUgEL3qLs6h'), ('GITHUB_CODESPACE_TOKEN', 'AOKRK4QICIVTYBHCYV5Y7K3KNF2YXANCNFSM4AXFRYHA'), ('FEATURE_SPARK_POST_COMMIT_CREATE_ITERATION', 'true'), ('HOSTNAME', 'codespaces-9eb142'), ('GITHUB_CODESPACES_PORT_FORWARDING_DOMAIN', 'app.github.dev'), ('SHLVL', '2'), ('LD_LIBRARY_PATH', '/usr/lib/x86_64-linux-gnu/gazebo-11/plugins:/opt/ros/humble/opt/rviz_ogre_vendor/lib:/opt/ros/humble/lib/x86_64-linux-gnu:/opt/ros/humble/lib'), ('HOME', '/home/vscode'), ('OLDPWD', '/workspaces/UON-CS-robotlab-simulation-container'), ('CODESPACES', 'true'), ('ROS_PYTHON_VERSION', '3'), ('GITHUB_USER', 'mohammad-areeb'), ('GITHUB_GRAPHQL_URL', 'https://api.github.com/graphql'), ('ROS_DISTRO', 'humble'), ('ContainerVersion', '13'), ('GITHUB_API_URL', 'https://api.github.com'), ('RepositoryName', 'UON-CS-robotlab-simulation-container'), ('_', '/usr/bin/colcon'), ('ROS_VERSION', '2'), ('CLOUDENV_ENVIRONMENT_ID', '344bab99-1d47-4655-88f7-fee790854045'), ('TERM', 'xterm'), ('ROS_LOCALHOST_ONLY', '0'), ('PATH', '/opt/ros/humble/bin:/usr/local/sbin:/usr/local/bin:/usr/sbin:/usr/bin:/sbin:/bin'), ('SHELL_LOGGED_IN', 'true'), ('LANG', 'C.UTF-8'), ('LS_COLORS', ''), ('GITHUB_REPOSITORY', 'mohammad-areeb/UON-CS-robotlab-simulation-container'), ('ROS_DOMAIN_ID', '30'), ('AMENT_PREFIX_PATH', '/opt/ros/humble'), ('DEBIAN_FRONTEND', 'noninteractive'), ('SHELL', '/bin/bash'), ('PWD', '/workspaces/UON-CS-robotlab-simulation-container/build/turtlebot3_description'), ('INTERNAL_VSCS_TARGET_URL', 'https://uksouth.online.visualstudio.com'), ('TURTLEBOT3_MODEL', 'waffle'), ('LC_ALL', 'C.UTF-8'), ('GITHUB_SERVER_URL', 'https://github.com'), ('PYTHONPATH', '/opt/ros/humble/lib/python3.10/site-packages:/opt/ros/humble/local/lib/python3.10/dist-packages'), ('CODESPACE_NAME', 'urban-space-garbanzo-j7wwvprrjjp25j95'), ('COLCON', '1'), ('CMAKE_PREFIX_PATH', '/opt/ros/humble')]), 'shell': False}
[66.395710] (-) TimerEvent: {}
[66.497277] (-) TimerEvent: {}
[66.598422] (-) TimerEvent: {}
[66.701026] (-) TimerEvent: {}
[66.801699] (-) TimerEvent: {}
[66.906682] (-) TimerEvent: {}
[66.925201] (turtlebot3_description) StdoutLine: {'line': b'-- The C compiler identification is GNU 11.4.0\n'}
[67.030388] (-) TimerEvent: {}
[67.142914] (-) TimerEvent: {}
[67.249290] (-) TimerEvent: {}
[67.352149] (-) TimerEvent: {}
[67.471726] (-) TimerEvent: {}
[67.578008] (-) TimerEvent: {}
[67.709069] (-) TimerEvent: {}
[67.815189] (-) TimerEvent: {}
[67.828910] (turtlebot3_description) StdoutLine: {'line': b'-- The CXX compiler identification is GNU 11.4.0\n'}
[67.909157] (turtlebot3_description) StdoutLine: {'line': b'-- Detecting C compiler ABI info\n'}
[67.916996] (-) TimerEvent: {}
[68.017375] (-) TimerEvent: {}
[68.080607] (turtlebot3_msgs) StdoutLine: {'line': b'[  3%] \x1b[32mBuilding C object CMakeFiles/turtlebot3_msgs__rosidl_generator_c.dir/rosidl_generator_c/turtlebot3_msgs/msg/detail/sensor_state__functions.c.o\x1b[0m\n'}
[68.118244] (-) TimerEvent: {}
[68.228542] (-) TimerEvent: {}
[68.329419] (-) TimerEvent: {}
[68.430304] (-) TimerEvent: {}
[68.543562] (-) TimerEvent: {}
[68.645487] (-) TimerEvent: {}
[68.754029] (-) TimerEvent: {}
[68.854517] (-) TimerEvent: {}
[68.956780] (-) TimerEvent: {}
[69.058147] (-) TimerEvent: {}
[69.161708] (-) TimerEvent: {}
[69.274644] (-) TimerEvent: {}
[69.324714] (turtlebot3_description) StdoutLine: {'line': b'-- Detecting C compiler ABI info - done\n'}
[69.376119] (-) TimerEvent: {}
[69.487639] (-) TimerEvent: {}
[69.493222] (turtlebot3_description) StdoutLine: {'line': b'-- Check for working C compiler: /usr/bin/cc - skipped\n'}
[69.505981] (turtlebot3_description) StdoutLine: {'line': b'-- Detecting C compile features\n'}
[69.524666] (turtlebot3_description) StdoutLine: {'line': b'-- Detecting C compile features - done\n'}
[69.565506] (turtlebot3_description) StdoutLine: {'line': b'-- Detecting CXX compiler ABI info\n'}
[69.592816] (-) TimerEvent: {}
[69.694156] (-) TimerEvent: {}
[69.796383] (-) TimerEvent: {}
[69.901114] (-) TimerEvent: {}
[70.004439] (-) TimerEvent: {}
[70.128048] (-) TimerEvent: {}
[70.239153] (-) TimerEvent: {}
[70.297514] (turtlebot3_description) StdoutLine: {'line': b'-- Detecting CXX compiler ABI info - done\n'}
[70.337535] (turtlebot3_description) StdoutLine: {'line': b'-- Check for working CXX compiler: /usr/bin/c++ - skipped\n'}
[70.339729] (-) TimerEvent: {}
[70.345348] (turtlebot3_description) StdoutLine: {'line': b'-- Detecting CXX compile features\n'}
[70.345511] (turtlebot3_description) StdoutLine: {'line': b'-- Detecting CXX compile features - done\n'}
[70.349987] (turtlebot3_description) StdoutLine: {'line': b'-- Found ament_cmake: 1.3.14 (/opt/ros/humble/share/ament_cmake/cmake)\n'}
[70.499526] (-) TimerEvent: {}
[70.621014] (-) TimerEvent: {}
[70.633374] (turtlebot3_msgs) StdoutLine: {'line': b'[  5%] \x1b[32mBuilding C object CMakeFiles/turtlebot3_msgs__rosidl_generator_c.dir/rosidl_generator_c/turtlebot3_msgs/msg/detail/sound__functions.c.o\x1b[0m\n'}
[70.729263] (-) TimerEvent: {}
[70.833246] (-) TimerEvent: {}
[70.936765] (-) TimerEvent: {}
[71.041006] (-) TimerEvent: {}
[71.127291] (turtlebot3_msgs) StdoutLine: {'line': b'[  6%] \x1b[32mBuilding C object CMakeFiles/turtlebot3_msgs__rosidl_generator_c.dir/rosidl_generator_c/turtlebot3_msgs/msg/detail/version_info__functions.c.o\x1b[0m\n'}
[71.143296] (-) TimerEvent: {}
[71.262911] (-) TimerEvent: {}
[71.363818] (-) TimerEvent: {}
[71.422077] (turtlebot3_msgs) StdoutLine: {'line': b'[  7%] \x1b[32mBuilding C object CMakeFiles/turtlebot3_msgs__rosidl_generator_c.dir/rosidl_generator_c/turtlebot3_msgs/srv/detail/sound__functions.c.o\x1b[0m\n'}
[71.500423] (-) TimerEvent: {}
[71.603049] (-) TimerEvent: {}
[71.676879] (turtlebot3_description) StdoutLine: {'line': b'-- Found Python3: /usr/bin/python3 (found version "3.10.12") found components: Interpreter \n'}
[71.703435] (-) TimerEvent: {}
[71.803821] (-) TimerEvent: {}
[71.847975] (turtlebot3_msgs) StdoutLine: {'line': b'[  8%] \x1b[32mBuilding C object CMakeFiles/turtlebot3_msgs__rosidl_generator_c.dir/rosidl_generator_c/turtlebot3_msgs/srv/detail/dqn__functions.c.o\x1b[0m\n'}
[71.904658] (-) TimerEvent: {}
[72.008501] (-) TimerEvent: {}
[72.039751] (turtlebot3_description) StdoutLine: {'line': b'-- Override CMake install command with custom implementation using symlinks instead of copying resources\n'}
[72.071661] (turtlebot3_msgs) StdoutLine: {'line': b'[ 10%] \x1b[32mBuilding C object CMakeFiles/turtlebot3_msgs__rosidl_generator_c.dir/rosidl_generator_c/turtlebot3_msgs/srv/detail/goal__functions.c.o\x1b[0m\n'}
[72.111020] (-) TimerEvent: {}
[72.235805] (-) TimerEvent: {}
[72.348641] (-) TimerEvent: {}
[72.426452] (turtlebot3_msgs) StdoutLine: {'line': b'[ 11%] \x1b[32mBuilding C object CMakeFiles/turtlebot3_msgs__rosidl_generator_c.dir/rosidl_generator_c/turtlebot3_msgs/action/detail/patrol__functions.c.o\x1b[0m\n'}
[72.454155] (-) TimerEvent: {}
[72.554919] (-) TimerEvent: {}
[72.658264] (-) TimerEvent: {}
[72.728689] (turtlebot3_description) StdoutLine: {'line': b'-- Found urdf: 2.6.1 (/opt/ros/humble/share/urdf/cmake)\n'}
[72.758631] (-) TimerEvent: {}
[72.870899] (-) TimerEvent: {}
[73.001667] (-) TimerEvent: {}
[73.102485] (-) TimerEvent: {}
[73.204060] (-) TimerEvent: {}
[73.291678] (turtlebot3_msgs) StdoutLine: {'line': b'[ 12%] \x1b[32m\x1b[1mLinking C shared library libturtlebot3_msgs__rosidl_generator_c.so\x1b[0m\n'}
[73.305192] (-) TimerEvent: {}
[73.406750] (-) TimerEvent: {}
[73.579263] (-) TimerEvent: {}
[73.687504] (-) TimerEvent: {}
[73.715526] (turtlebot3_description) StdoutLine: {'line': b'-- Configuring done\n'}
[73.775107] (turtlebot3_msgs) StdoutLine: {'line': b'[ 12%] Built target turtlebot3_msgs__rosidl_generator_c\n'}
[73.777022] (turtlebot3_description) StdoutLine: {'line': b'-- Generating done\n'}
[73.790347] (-) TimerEvent: {}
[73.798400] (turtlebot3_description) StdoutLine: {'line': b'-- Build files have been written to: /workspaces/UON-CS-robotlab-simulation-container/build/turtlebot3_description\n'}
[73.815304] (turtlebot3_description) CommandEnded: {'returncode': 0}
[73.816328] (turtlebot3_description) JobProgress: {'identifier': 'turtlebot3_description', 'progress': 'build'}
[73.822368] (turtlebot3_description) Command: {'cmd': ['/usr/bin/cmake', '--build', '/workspaces/UON-CS-robotlab-simulation-container/build/turtlebot3_description', '--', '-j2', '-l2'], 'cwd': '/workspaces/UON-CS-robotlab-simulation-container/build/turtlebot3_description', 'env': OrderedDict([('GITHUB_TOKEN', 'ghu_qzXzf473tpbDuGEeRKMePfjjEUUgEL3qLs6h'), ('GITHUB_CODESPACE_TOKEN', 'AOKRK4QICIVTYBHCYV5Y7K3KNF2YXANCNFSM4AXFRYHA'), ('FEATURE_SPARK_POST_COMMIT_CREATE_ITERATION', 'true'), ('HOSTNAME', 'codespaces-9eb142'), ('GITHUB_CODESPACES_PORT_FORWARDING_DOMAIN', 'app.github.dev'), ('SHLVL', '2'), ('LD_LIBRARY_PATH', '/usr/lib/x86_64-linux-gnu/gazebo-11/plugins:/opt/ros/humble/opt/rviz_ogre_vendor/lib:/opt/ros/humble/lib/x86_64-linux-gnu:/opt/ros/humble/lib'), ('HOME', '/home/vscode'), ('OLDPWD', '/workspaces/UON-CS-robotlab-simulation-container'), ('CODESPACES', 'true'), ('ROS_PYTHON_VERSION', '3'), ('GITHUB_USER', 'mohammad-areeb'), ('GITHUB_GRAPHQL_URL', 'https://api.github.com/graphql'), ('ROS_DISTRO', 'humble'), ('ContainerVersion', '13'), ('GITHUB_API_URL', 'https://api.github.com'), ('RepositoryName', 'UON-CS-robotlab-simulation-container'), ('_', '/usr/bin/colcon'), ('ROS_VERSION', '2'), ('CLOUDENV_ENVIRONMENT_ID', '344bab99-1d47-4655-88f7-fee790854045'), ('TERM', 'xterm'), ('ROS_LOCALHOST_ONLY', '0'), ('PATH', '/opt/ros/humble/bin:/usr/local/sbin:/usr/local/bin:/usr/sbin:/usr/bin:/sbin:/bin'), ('SHELL_LOGGED_IN', 'true'), ('LANG', 'C.UTF-8'), ('LS_COLORS', ''), ('GITHUB_REPOSITORY', 'mohammad-areeb/UON-CS-robotlab-simulation-container'), ('ROS_DOMAIN_ID', '30'), ('AMENT_PREFIX_PATH', '/opt/ros/humble'), ('DEBIAN_FRONTEND', 'noninteractive'), ('SHELL', '/bin/bash'), ('PWD', '/workspaces/UON-CS-robotlab-simulation-container/build/turtlebot3_description'), ('INTERNAL_VSCS_TARGET_URL', 'https://uksouth.online.visualstudio.com'), ('TURTLEBOT3_MODEL', 'waffle'), ('LC_ALL', 'C.UTF-8'), ('GITHUB_SERVER_URL', 'https://github.com'), ('PYTHONPATH', '/opt/ros/humble/lib/python3.10/site-packages:/opt/ros/humble/local/lib/python3.10/dist-packages'), ('CODESPACE_NAME', 'urban-space-garbanzo-j7wwvprrjjp25j95'), ('COLCON', '1'), ('CMAKE_PREFIX_PATH', '/opt/ros/humble')]), 'shell': False}
[73.890920] (-) TimerEvent: {}
[73.903119] (turtlebot3_msgs) StdoutLine: {'line': b'[ 13%] \x1b[34m\x1b[1mGenerating C++ code for ROS interfaces\x1b[0m\n'}
[73.993029] (-) TimerEvent: {}
[74.050901] (turtlebot3_description) CommandEnded: {'returncode': 0}
[74.171518] (turtlebot3_description) JobProgress: {'identifier': 'turtlebot3_description', 'progress': 'install'}
[74.171612] (-) TimerEvent: {}
[74.172187] (turtlebot3_description) Command: {'cmd': ['/usr/bin/cmake', '--install', '/workspaces/UON-CS-robotlab-simulation-container/build/turtlebot3_description'], 'cwd': '/workspaces/UON-CS-robotlab-simulation-container/build/turtlebot3_description', 'env': OrderedDict([('GITHUB_TOKEN', 'ghu_qzXzf473tpbDuGEeRKMePfjjEUUgEL3qLs6h'), ('GITHUB_CODESPACE_TOKEN', 'AOKRK4QICIVTYBHCYV5Y7K3KNF2YXANCNFSM4AXFRYHA'), ('FEATURE_SPARK_POST_COMMIT_CREATE_ITERATION', 'true'), ('HOSTNAME', 'codespaces-9eb142'), ('GITHUB_CODESPACES_PORT_FORWARDING_DOMAIN', 'app.github.dev'), ('SHLVL', '2'), ('LD_LIBRARY_PATH', '/usr/lib/x86_64-linux-gnu/gazebo-11/plugins:/opt/ros/humble/opt/rviz_ogre_vendor/lib:/opt/ros/humble/lib/x86_64-linux-gnu:/opt/ros/humble/lib'), ('HOME', '/home/vscode'), ('OLDPWD', '/workspaces/UON-CS-robotlab-simulation-container'), ('CODESPACES', 'true'), ('ROS_PYTHON_VERSION', '3'), ('GITHUB_USER', 'mohammad-areeb'), ('GITHUB_GRAPHQL_URL', 'https://api.github.com/graphql'), ('ROS_DISTRO', 'humble'), ('ContainerVersion', '13'), ('GITHUB_API_URL', 'https://api.github.com'), ('RepositoryName', 'UON-CS-robotlab-simulation-container'), ('_', '/usr/bin/colcon'), ('ROS_VERSION', '2'), ('CLOUDENV_ENVIRONMENT_ID', '344bab99-1d47-4655-88f7-fee790854045'), ('TERM', 'xterm'), ('ROS_LOCALHOST_ONLY', '0'), ('PATH', '/opt/ros/humble/bin:/usr/local/sbin:/usr/local/bin:/usr/sbin:/usr/bin:/sbin:/bin'), ('SHELL_LOGGED_IN', 'true'), ('LANG', 'C.UTF-8'), ('LS_COLORS', ''), ('GITHUB_REPOSITORY', 'mohammad-areeb/UON-CS-robotlab-simulation-container'), ('ROS_DOMAIN_ID', '30'), ('AMENT_PREFIX_PATH', '/opt/ros/humble'), ('DEBIAN_FRONTEND', 'noninteractive'), ('SHELL', '/bin/bash'), ('PWD', '/workspaces/UON-CS-robotlab-simulation-container/build/turtlebot3_description'), ('INTERNAL_VSCS_TARGET_URL', 'https://uksouth.online.visualstudio.com'), ('TURTLEBOT3_MODEL', 'waffle'), ('LC_ALL', 'C.UTF-8'), ('GITHUB_SERVER_URL', 'https://github.com'), ('PYTHONPATH', '/opt/ros/humble/lib/python3.10/site-packages:/opt/ros/humble/local/lib/python3.10/dist-packages'), ('CODESPACE_NAME', 'urban-space-garbanzo-j7wwvprrjjp25j95'), ('COLCON', '1'), ('CMAKE_PREFIX_PATH', '/opt/ros/humble')]), 'shell': False}
[74.214250] (turtlebot3_description) StdoutLine: {'line': b'-- Install configuration: ""\n'}
[74.214487] (turtlebot3_description) StdoutLine: {'line': b'-- Execute custom install script\n'}
[74.214593] (turtlebot3_description) StdoutLine: {'line': b'-- Symlinking: /workspaces/UON-CS-robotlab-simulation-container/install/turtlebot3_description/share/turtlebot3_description/meshes/bases/burger_base.stl\n'}
[74.228006] (turtlebot3_description) StdoutLine: {'line': b'-- Symlinking: /workspaces/UON-CS-robotlab-simulation-container/install/turtlebot3_description/share/turtlebot3_description/meshes/bases/waffle_base.stl\n'}
[74.240376] (turtlebot3_description) StdoutLine: {'line': b'-- Symlinking: /workspaces/UON-CS-robotlab-simulation-container/install/turtlebot3_description/share/turtlebot3_description/meshes/bases/waffle_pi_base.stl\n'}
[74.252284] (turtlebot3_description) StdoutLine: {'line': b'-- Symlinking: /workspaces/UON-CS-robotlab-simulation-container/install/turtlebot3_description/share/turtlebot3_description/meshes/sensors/astra.dae\n'}
[74.266023] (turtlebot3_description) StdoutLine: {'line': b'-- Symlinking: /workspaces/UON-CS-robotlab-simulation-container/install/turtlebot3_description/share/turtlebot3_description/meshes/sensors/astra.jpg\n'}
[74.273056] (-) TimerEvent: {}
[74.277094] (turtlebot3_description) StdoutLine: {'line': b'-- Symlinking: /workspaces/UON-CS-robotlab-simulation-container/install/turtlebot3_description/share/turtlebot3_description/meshes/sensors/lds.stl\n'}
[74.297558] (turtlebot3_description) StdoutLine: {'line': b'-- Symlinking: /workspaces/UON-CS-robotlab-simulation-container/install/turtlebot3_description/share/turtlebot3_description/meshes/sensors/r200.dae\n'}
[74.323313] (turtlebot3_description) StdoutLine: {'line': b'-- Symlinking: /workspaces/UON-CS-robotlab-simulation-container/install/turtlebot3_description/share/turtlebot3_description/meshes/sensors/r200.jpg\n'}
[74.355005] (turtlebot3_description) StdoutLine: {'line': b'-- Symlinking: /workspaces/UON-CS-robotlab-simulation-container/install/turtlebot3_description/share/turtlebot3_description/meshes/wheels/left_tire.stl\n'}
[74.374378] (-) TimerEvent: {}
[74.389379] (turtlebot3_description) StdoutLine: {'line': b'-- Symlinking: /workspaces/UON-CS-robotlab-simulation-container/install/turtlebot3_description/share/turtlebot3_description/meshes/wheels/right_tire.stl\n'}
[74.415874] (turtlebot3_description) StdoutLine: {'line': b'-- Symlinking: /workspaces/UON-CS-robotlab-simulation-container/install/turtlebot3_description/share/turtlebot3_description/rviz/model.rviz\n'}
[74.433965] (turtlebot3_description) StdoutLine: {'line': b'-- Symlinking: /workspaces/UON-CS-robotlab-simulation-container/install/turtlebot3_description/share/turtlebot3_description/urdf/common_properties.urdf\n'}
[74.477647] (turtlebot3_description) StdoutLine: {'line': b'-- Symlinking: /workspaces/UON-CS-robotlab-simulation-container/install/turtlebot3_description/share/turtlebot3_description/urdf/turtlebot3_burger.urdf\n'}
[74.477896] (-) TimerEvent: {}
[74.524338] (turtlebot3_description) StdoutLine: {'line': b'-- Symlinking: /workspaces/UON-CS-robotlab-simulation-container/install/turtlebot3_description/share/turtlebot3_description/urdf/turtlebot3_waffle.urdf\n'}
[74.559089] (turtlebot3_description) StdoutLine: {'line': b'-- Symlinking: /workspaces/UON-CS-robotlab-simulation-container/install/turtlebot3_description/share/turtlebot3_description/urdf/turtlebot3_waffle_pi.urdf\n'}
[74.580566] (-) TimerEvent: {}
[74.618960] (turtlebot3_description) StdoutLine: {'line': b'-- Symlinking: /workspaces/UON-CS-robotlab-simulation-container/install/turtlebot3_description/share/ament_index/resource_index/package_run_dependencies/turtlebot3_description\n'}
[74.675410] (turtlebot3_description) StdoutLine: {'line': b'-- Symlinking: /workspaces/UON-CS-robotlab-simulation-container/install/turtlebot3_description/share/ament_index/resource_index/parent_prefix_path/turtlebot3_description\n'}
[74.689690] (-) TimerEvent: {}
[74.832653] (-) TimerEvent: {}
[74.851530] (turtlebot3_description) StdoutLine: {'line': b'-- Symlinking: /workspaces/UON-CS-robotlab-simulation-container/install/turtlebot3_description/share/turtlebot3_description/environment/ament_prefix_path.sh\n'}
[74.884312] (turtlebot3_description) StdoutLine: {'line': b'-- Symlinking: /workspaces/UON-CS-robotlab-simulation-container/install/turtlebot3_description/share/turtlebot3_description/environment/ament_prefix_path.dsv\n'}
[74.911696] (turtlebot3_description) StdoutLine: {'line': b'-- Symlinking: /workspaces/UON-CS-robotlab-simulation-container/install/turtlebot3_description/share/turtlebot3_description/environment/path.sh\n'}
[74.934035] (-) TimerEvent: {}
[74.953987] (turtlebot3_description) StdoutLine: {'line': b'-- Symlinking: /workspaces/UON-CS-robotlab-simulation-container/install/turtlebot3_description/share/turtlebot3_description/environment/path.dsv\n'}
[74.996761] (turtlebot3_description) StdoutLine: {'line': b'-- Symlinking: /workspaces/UON-CS-robotlab-simulation-container/install/turtlebot3_description/share/turtlebot3_description/local_setup.bash\n'}
[75.036371] (turtlebot3_description) StdoutLine: {'line': b'-- Symlinking: /workspaces/UON-CS-robotlab-simulation-container/install/turtlebot3_description/share/turtlebot3_description/local_setup.sh\n'}
[75.040922] (-) TimerEvent: {}
[75.143624] (-) TimerEvent: {}
[75.180196] (turtlebot3_description) StdoutLine: {'line': b'-- Symlinking: /workspaces/UON-CS-robotlab-simulation-container/install/turtlebot3_description/share/turtlebot3_description/local_setup.zsh\n'}
[75.248192] (-) TimerEvent: {}
[75.256269] (turtlebot3_description) StdoutLine: {'line': b'-- Symlinking: /workspaces/UON-CS-robotlab-simulation-container/install/turtlebot3_description/share/turtlebot3_description/local_setup.dsv\n'}
[75.357125] (-) TimerEvent: {}
[75.463062] (-) TimerEvent: {}
[75.485999] (turtlebot3_description) StdoutLine: {'line': b'-- Symlinking: /workspaces/UON-CS-robotlab-simulation-container/install/turtlebot3_description/share/turtlebot3_description/package.dsv\n'}
[75.531868] (turtlebot3_description) StdoutLine: {'line': b'-- Symlinking: /workspaces/UON-CS-robotlab-simulation-container/install/turtlebot3_description/share/ament_index/resource_index/packages/turtlebot3_description\n'}
[75.563259] (-) TimerEvent: {}
[75.598316] (turtlebot3_description) StdoutLine: {'line': b'-- Symlinking: /workspaces/UON-CS-robotlab-simulation-container/install/turtlebot3_description/share/turtlebot3_description/cmake/turtlebot3_descriptionConfig.cmake\n'}
[75.675421] (turtlebot3_description) StdoutLine: {'line': b'-- Symlinking: /workspaces/UON-CS-robotlab-simulation-container/install/turtlebot3_description/share/turtlebot3_description/cmake/turtlebot3_descriptionConfig-version.cmake\n'}
[75.678114] (-) TimerEvent: {}
[75.772567] (turtlebot3_description) StdoutLine: {'line': b'-- Symlinking: /workspaces/UON-CS-robotlab-simulation-container/install/turtlebot3_description/share/turtlebot3_description/package.xml\n'}
[75.784728] (-) TimerEvent: {}
[75.866649] (turtlebot3_description) CommandEnded: {'returncode': 0}
[75.885255] (-) TimerEvent: {}
[75.992790] (-) TimerEvent: {}
[76.100004] (-) TimerEvent: {}
[76.200999] (turtlebot3_description) JobEnded: {'identifier': 'turtlebot3_description', 'rc': 0}
[76.208043] (-) TimerEvent: {}
[76.208201] (dynamixel_sdk_custom_interfaces) JobStarted: {'identifier': 'dynamixel_sdk_custom_interfaces'}
[76.245168] (dynamixel_sdk_custom_interfaces) JobProgress: {'identifier': 'dynamixel_sdk_custom_interfaces', 'progress': 'cmake'}
[76.248514] (dynamixel_sdk_custom_interfaces) Command: {'cmd': ['/usr/bin/cmake', '/workspaces/UON-CS-robotlab-simulation-container/src/DynamixelSDK/ros/dynamixel_sdk_custom_interfaces', '-DAMENT_CMAKE_SYMLINK_INSTALL=1', '-DCMAKE_INSTALL_PREFIX=/workspaces/UON-CS-robotlab-simulation-container/install/dynamixel_sdk_custom_interfaces'], 'cwd': '/workspaces/UON-CS-robotlab-simulation-container/build/dynamixel_sdk_custom_interfaces', 'env': OrderedDict([('GITHUB_TOKEN', 'ghu_qzXzf473tpbDuGEeRKMePfjjEUUgEL3qLs6h'), ('GITHUB_CODESPACE_TOKEN', 'AOKRK4QICIVTYBHCYV5Y7K3KNF2YXANCNFSM4AXFRYHA'), ('FEATURE_SPARK_POST_COMMIT_CREATE_ITERATION', 'true'), ('HOSTNAME', 'codespaces-9eb142'), ('GITHUB_CODESPACES_PORT_FORWARDING_DOMAIN', 'app.github.dev'), ('SHLVL', '2'), ('LD_LIBRARY_PATH', '/usr/lib/x86_64-linux-gnu/gazebo-11/plugins:/opt/ros/humble/opt/rviz_ogre_vendor/lib:/opt/ros/humble/lib/x86_64-linux-gnu:/opt/ros/humble/lib'), ('HOME', '/home/vscode'), ('OLDPWD', '/workspaces/UON-CS-robotlab-simulation-container'), ('CODESPACES', 'true'), ('ROS_PYTHON_VERSION', '3'), ('GITHUB_USER', 'mohammad-areeb'), ('GITHUB_GRAPHQL_URL', 'https://api.github.com/graphql'), ('ROS_DISTRO', 'humble'), ('ContainerVersion', '13'), ('GITHUB_API_URL', 'https://api.github.com'), ('RepositoryName', 'UON-CS-robotlab-simulation-container'), ('_', '/usr/bin/colcon'), ('ROS_VERSION', '2'), ('CLOUDENV_ENVIRONMENT_ID', '344bab99-1d47-4655-88f7-fee790854045'), ('TERM', 'xterm'), ('ROS_LOCALHOST_ONLY', '0'), ('PATH', '/opt/ros/humble/bin:/usr/local/sbin:/usr/local/bin:/usr/sbin:/usr/bin:/sbin:/bin'), ('SHELL_LOGGED_IN', 'true'), ('LANG', 'C.UTF-8'), ('LS_COLORS', ''), ('GITHUB_REPOSITORY', 'mohammad-areeb/UON-CS-robotlab-simulation-container'), ('ROS_DOMAIN_ID', '30'), ('AMENT_PREFIX_PATH', '/opt/ros/humble'), ('DEBIAN_FRONTEND', 'noninteractive'), ('SHELL', '/bin/bash'), ('PWD', '/workspaces/UON-CS-robotlab-simulation-container/build/dynamixel_sdk_custom_interfaces'), ('INTERNAL_VSCS_TARGET_URL', 'https://uksouth.online.visualstudio.com'), ('TURTLEBOT3_MODEL', 'waffle'), ('LC_ALL', 'C.UTF-8'), ('GITHUB_SERVER_URL', 'https://github.com'), ('PYTHONPATH', '/opt/ros/humble/lib/python3.10/site-packages:/opt/ros/humble/local/lib/python3.10/dist-packages'), ('CODESPACE_NAME', 'urban-space-garbanzo-j7wwvprrjjp25j95'), ('COLCON', '1'), ('CMAKE_PREFIX_PATH', '/opt/ros/humble')]), 'shell': False}
[76.311018] (-) TimerEvent: {}
[76.422204] (-) TimerEvent: {}
[76.554128] (-) TimerEvent: {}
[76.658954] (-) TimerEvent: {}
[76.705148] (dynamixel_sdk_custom_interfaces) StdoutLine: {'line': b'-- The C compiler identification is GNU 11.4.0\n'}
[76.764027] (-) TimerEvent: {}
[76.864531] (-) TimerEvent: {}
[76.967037] (-) TimerEvent: {}
[77.080603] (dynamixel_sdk_custom_interfaces) StdoutLine: {'line': b'-- The CXX compiler identification is GNU 11.4.0\n'}
[77.080825] (-) TimerEvent: {}
[77.115099] (dynamixel_sdk_custom_interfaces) StdoutLine: {'line': b'-- Detecting C compiler ABI info\n'}
[77.180973] (-) TimerEvent: {}
[77.288089] (-) TimerEvent: {}
[77.388457] (-) TimerEvent: {}
[77.489211] (-) TimerEvent: {}
[77.594273] (-) TimerEvent: {}
[77.697113] (-) TimerEvent: {}
[77.798349] (-) TimerEvent: {}
[77.900996] (-) TimerEvent: {}
[78.004379] (-) TimerEvent: {}
[78.107412] (-) TimerEvent: {}
[78.209427] (-) TimerEvent: {}
[78.312483] (-) TimerEvent: {}
[78.415688] (-) TimerEvent: {}
[78.519077] (-) TimerEvent: {}
[78.567367] (dynamixel_sdk_custom_interfaces) StdoutLine: {'line': b'-- Detecting C compiler ABI info - done\n'}
[78.590242] (dynamixel_sdk_custom_interfaces) StdoutLine: {'line': b'-- Check for working C compiler: /usr/bin/cc - skipped\n'}
[78.594101] (dynamixel_sdk_custom_interfaces) StdoutLine: {'line': b'-- Detecting C compile features\n'}
[78.594998] (dynamixel_sdk_custom_interfaces) StdoutLine: {'line': b'-- Detecting C compile features - done\n'}
[78.607572] (dynamixel_sdk_custom_interfaces) StdoutLine: {'line': b'-- Detecting CXX compiler ABI info\n'}
[78.619259] (-) TimerEvent: {}
[78.725204] (-) TimerEvent: {}
[78.833518] (-) TimerEvent: {}
[78.991239] (-) TimerEvent: {}
[79.106062] (-) TimerEvent: {}
[79.213781] (-) TimerEvent: {}
[79.316016] (-) TimerEvent: {}
[79.377765] (dynamixel_sdk_custom_interfaces) StdoutLine: {'line': b'-- Detecting CXX compiler ABI info - done\n'}
[79.416399] (dynamixel_sdk_custom_interfaces) StdoutLine: {'line': b'-- Check for working CXX compiler: /usr/bin/c++ - skipped\n'}
[79.421453] (-) TimerEvent: {}
[79.422342] (dynamixel_sdk_custom_interfaces) StdoutLine: {'line': b'-- Detecting CXX compile features\n'}
[79.422688] (dynamixel_sdk_custom_interfaces) StdoutLine: {'line': b'-- Detecting CXX compile features - done\n'}
[79.443224] (dynamixel_sdk_custom_interfaces) StdoutLine: {'line': b'-- Found ament_cmake: 1.3.14 (/opt/ros/humble/share/ament_cmake/cmake)\n'}
[79.524178] (-) TimerEvent: {}
[79.626726] (-) TimerEvent: {}
[79.727100] (-) TimerEvent: {}
[79.830122] (-) TimerEvent: {}
[79.932666] (-) TimerEvent: {}
[80.037436] (-) TimerEvent: {}
[80.138473] (-) TimerEvent: {}
[80.251770] (-) TimerEvent: {}
[80.361323] (-) TimerEvent: {}
[80.471035] (-) TimerEvent: {}
[80.519622] (dynamixel_sdk_custom_interfaces) StdoutLine: {'line': b'-- Found Python3: /usr/bin/python3 (found version "3.10.12") found components: Interpreter \n'}
[80.571487] (-) TimerEvent: {}
[80.672539] (-) TimerEvent: {}
[80.778096] (-) TimerEvent: {}
[80.850092] (dynamixel_sdk_custom_interfaces) StdoutLine: {'line': b'-- Override CMake install command with custom implementation using symlinks instead of copying resources\n'}
[80.880105] (-) TimerEvent: {}
[80.981269] (-) TimerEvent: {}
[81.083895] (-) TimerEvent: {}
[81.187858] (-) TimerEvent: {}
[81.288578] (-) TimerEvent: {}
[81.390009] (-) TimerEvent: {}
[81.491788] (-) TimerEvent: {}
[81.596873] (-) TimerEvent: {}
[81.699363] (-) TimerEvent: {}
[81.800104] (-) TimerEvent: {}
[81.901143] (-) TimerEvent: {}
[81.954131] (dynamixel_sdk_custom_interfaces) StdoutLine: {'line': b'-- Found builtin_interfaces: 1.2.2 (/opt/ros/humble/share/builtin_interfaces/cmake)\n'}
[82.001371] (-) TimerEvent: {}
[82.114786] (-) TimerEvent: {}
[82.216775] (-) TimerEvent: {}
[82.329770] (-) TimerEvent: {}
[82.432331] (-) TimerEvent: {}
[82.539490] (-) TimerEvent: {}
[82.543667] (dynamixel_sdk_custom_interfaces) StdoutLine: {'line': b'-- Found rosidl_generator_c: 3.1.8 (/opt/ros/humble/share/rosidl_generator_c/cmake)\n'}
[82.570983] (dynamixel_sdk_custom_interfaces) StdoutLine: {'line': b'-- Found rosidl_adapter: 3.1.8 (/opt/ros/humble/share/rosidl_adapter/cmake)\n'}
[82.725070] (-) TimerEvent: {}
[82.784031] (dynamixel_sdk_custom_interfaces) StdoutLine: {'line': b'-- Found rosidl_generator_cpp: 3.1.8 (/opt/ros/humble/share/rosidl_generator_cpp/cmake)\n'}
[82.825133] (-) TimerEvent: {}
[82.912625] (dynamixel_sdk_custom_interfaces) StdoutLine: {'line': b'-- Using all available rosidl_typesupport_c: rosidl_typesupport_fastrtps_c;rosidl_typesupport_introspection_c\n'}
[82.928483] (-) TimerEvent: {}
[83.029156] (-) TimerEvent: {}
[83.116004] (dynamixel_sdk_custom_interfaces) StdoutLine: {'line': b'-- Using all available rosidl_typesupport_cpp: rosidl_typesupport_fastrtps_cpp;rosidl_typesupport_introspection_cpp\n'}
[83.129547] (-) TimerEvent: {}
[83.283346] (-) TimerEvent: {}
[83.389054] (-) TimerEvent: {}
[83.436305] (dynamixel_sdk_custom_interfaces) StdoutLine: {'line': b'-- Found rosidl_default_generators: 1.2.1 (/opt/ros/humble/share/rosidl_default_generators/cmake)\n'}
[83.489213] (-) TimerEvent: {}
[83.592138] (-) TimerEvent: {}
[83.693786] (-) TimerEvent: {}
[83.813109] (-) TimerEvent: {}
[83.914103] (-) TimerEvent: {}
[84.019655] (-) TimerEvent: {}
[84.122344] (-) TimerEvent: {}
[84.227121] (-) TimerEvent: {}
[84.331065] (-) TimerEvent: {}
[84.436020] (-) TimerEvent: {}
[84.539330] (-) TimerEvent: {}
[84.643596] (-) TimerEvent: {}
[84.756134] (-) TimerEvent: {}
[84.857100] (-) TimerEvent: {}
[84.902875] (dynamixel_sdk_custom_interfaces) StdoutLine: {'line': b'-- Found ament_cmake_ros: 0.10.0 (/opt/ros/humble/share/ament_cmake_ros/cmake)\n'}
[84.957473] (-) TimerEvent: {}
[85.059171] (-) TimerEvent: {}
[85.161049] (-) TimerEvent: {}
[85.276897] (-) TimerEvent: {}
[85.384629] (-) TimerEvent: {}
[85.487402] (-) TimerEvent: {}
[85.588803] (-) TimerEvent: {}
[85.689709] (-) TimerEvent: {}
[85.790463] (-) TimerEvent: {}
[85.894113] (-) TimerEvent: {}
[86.003537] (-) TimerEvent: {}
[86.125008] (-) TimerEvent: {}
[86.228041] (-) TimerEvent: {}
[86.329374] (-) TimerEvent: {}
[86.462202] (turtlebot3_msgs) StdoutLine: {'line': b'[ 13%] Built target turtlebot3_msgs__cpp\n'}
[86.494328] (-) TimerEvent: {}
[86.620795] (-) TimerEvent: {}
[86.686244] (turtlebot3_msgs) StdoutLine: {'line': b'[ 13%] Built target ament_cmake_python_symlink_turtlebot3_msgs\n'}
[86.722233] (-) TimerEvent: {}
[86.737663] (turtlebot3_msgs) StdoutLine: {'line': b'[ 15%] \x1b[34m\x1b[1mGenerating C type support for eProsima Fast-RTPS\x1b[0m\n'}
[86.822376] (-) TimerEvent: {}
[86.894698] (dynamixel_sdk_custom_interfaces) StdoutLine: {'line': b'-- Using all available rosidl_typesupport_c: rosidl_typesupport_fastrtps_c;rosidl_typesupport_introspection_c\n'}
[86.924101] (-) TimerEvent: {}
[87.075801] (-) TimerEvent: {}
[87.176796] (-) TimerEvent: {}
[87.282909] (-) TimerEvent: {}
[87.370523] (dynamixel_sdk_custom_interfaces) StdoutLine: {'line': b'-- Using all available rosidl_typesupport_cpp: rosidl_typesupport_fastrtps_cpp;rosidl_typesupport_introspection_cpp\n'}
[87.382996] (-) TimerEvent: {}
[87.489560] (-) TimerEvent: {}
[87.593553] (-) TimerEvent: {}
[87.611076] (dynamixel_sdk_custom_interfaces) StdoutLine: {'line': b'-- Found PythonInterp: /usr/bin/python3 (found suitable version "3.10.12", minimum required is "3.6") \n'}
[87.624891] (dynamixel_sdk_custom_interfaces) StdoutLine: {'line': b'-- Found python_cmake_module: 0.10.0 (/opt/ros/humble/share/python_cmake_module/cmake)\n'}
[87.694007] (-) TimerEvent: {}
[87.737917] (dynamixel_sdk_custom_interfaces) StdoutLine: {'line': b'-- Found PythonLibs: /usr/lib/x86_64-linux-gnu/libpython3.10.so (found suitable version "3.10.12", minimum required is "3.5") \n'}
[87.738330] (dynamixel_sdk_custom_interfaces) StdoutLine: {'line': b'-- Using PYTHON_EXECUTABLE: /usr/bin/python3\n'}
[87.738586] (dynamixel_sdk_custom_interfaces) StdoutLine: {'line': b'-- Using PYTHON_INCLUDE_DIRS: /usr/include/python3.10\n'}
[87.738822] (dynamixel_sdk_custom_interfaces) StdoutLine: {'line': b'-- Using PYTHON_LIBRARIES: /usr/lib/x86_64-linux-gnu/libpython3.10.so\n'}
[87.794089] (-) TimerEvent: {}
[87.825436] (dynamixel_sdk_custom_interfaces) StdoutLine: {'line': b'-- Found PythonExtra: .so  \n'}
[87.898004] (-) TimerEvent: {}
[88.023093] (-) TimerEvent: {}
[88.131223] (-) TimerEvent: {}
[88.231549] (-) TimerEvent: {}
[88.335030] (-) TimerEvent: {}
[88.450092] (-) TimerEvent: {}
[88.470832] (dynamixel_sdk_custom_interfaces) StdoutLine: {'line': b'-- Configuring done\n'}
[88.583136] (-) TimerEvent: {}
[88.697239] (-) TimerEvent: {}
[88.799400] (-) TimerEvent: {}
[88.871808] (dynamixel_sdk_custom_interfaces) StdoutLine: {'line': b'-- Generating done\n'}
[88.899633] (-) TimerEvent: {}
[88.952591] (dynamixel_sdk_custom_interfaces) StdoutLine: {'line': b'-- Build files have been written to: /workspaces/UON-CS-robotlab-simulation-container/build/dynamixel_sdk_custom_interfaces\n'}
[88.990342] (dynamixel_sdk_custom_interfaces) CommandEnded: {'returncode': 0}
[88.996664] (dynamixel_sdk_custom_interfaces) JobProgress: {'identifier': 'dynamixel_sdk_custom_interfaces', 'progress': 'build'}
[88.997839] (dynamixel_sdk_custom_interfaces) Command: {'cmd': ['/usr/bin/cmake', '--build', '/workspaces/UON-CS-robotlab-simulation-container/build/dynamixel_sdk_custom_interfaces', '--', '-j2', '-l2'], 'cwd': '/workspaces/UON-CS-robotlab-simulation-container/build/dynamixel_sdk_custom_interfaces', 'env': OrderedDict([('GITHUB_TOKEN', 'ghu_qzXzf473tpbDuGEeRKMePfjjEUUgEL3qLs6h'), ('GITHUB_CODESPACE_TOKEN', 'AOKRK4QICIVTYBHCYV5Y7K3KNF2YXANCNFSM4AXFRYHA'), ('FEATURE_SPARK_POST_COMMIT_CREATE_ITERATION', 'true'), ('HOSTNAME', 'codespaces-9eb142'), ('GITHUB_CODESPACES_PORT_FORWARDING_DOMAIN', 'app.github.dev'), ('SHLVL', '2'), ('LD_LIBRARY_PATH', '/usr/lib/x86_64-linux-gnu/gazebo-11/plugins:/opt/ros/humble/opt/rviz_ogre_vendor/lib:/opt/ros/humble/lib/x86_64-linux-gnu:/opt/ros/humble/lib'), ('HOME', '/home/vscode'), ('OLDPWD', '/workspaces/UON-CS-robotlab-simulation-container'), ('CODESPACES', 'true'), ('ROS_PYTHON_VERSION', '3'), ('GITHUB_USER', 'mohammad-areeb'), ('GITHUB_GRAPHQL_URL', 'https://api.github.com/graphql'), ('ROS_DISTRO', 'humble'), ('ContainerVersion', '13'), ('GITHUB_API_URL', 'https://api.github.com'), ('RepositoryName', 'UON-CS-robotlab-simulation-container'), ('_', '/usr/bin/colcon'), ('ROS_VERSION', '2'), ('CLOUDENV_ENVIRONMENT_ID', '344bab99-1d47-4655-88f7-fee790854045'), ('TERM', 'xterm'), ('ROS_LOCALHOST_ONLY', '0'), ('PATH', '/opt/ros/humble/bin:/usr/local/sbin:/usr/local/bin:/usr/sbin:/usr/bin:/sbin:/bin'), ('SHELL_LOGGED_IN', 'true'), ('LANG', 'C.UTF-8'), ('LS_COLORS', ''), ('GITHUB_REPOSITORY', 'mohammad-areeb/UON-CS-robotlab-simulation-container'), ('ROS_DOMAIN_ID', '30'), ('AMENT_PREFIX_PATH', '/opt/ros/humble'), ('DEBIAN_FRONTEND', 'noninteractive'), ('SHELL', '/bin/bash'), ('PWD', '/workspaces/UON-CS-robotlab-simulation-container/build/dynamixel_sdk_custom_interfaces'), ('INTERNAL_VSCS_TARGET_URL', 'https://uksouth.online.visualstudio.com'), ('TURTLEBOT3_MODEL', 'waffle'), ('LC_ALL', 'C.UTF-8'), ('GITHUB_SERVER_URL', 'https://github.com'), ('PYTHONPATH', '/opt/ros/humble/lib/python3.10/site-packages:/opt/ros/humble/local/lib/python3.10/dist-packages'), ('CODESPACE_NAME', 'urban-space-garbanzo-j7wwvprrjjp25j95'), ('COLCON', '1'), ('CMAKE_PREFIX_PATH', '/opt/ros/humble')]), 'shell': False}
[89.001983] (-) TimerEvent: {}
[89.122009] (-) TimerEvent: {}
[89.225015] (-) TimerEvent: {}
[89.329244] (-) TimerEvent: {}
[89.431045] (-) TimerEvent: {}
[89.507098] (dynamixel_sdk_custom_interfaces) StdoutLine: {'line': b'[  2%] \x1b[34m\x1b[1mGenerating Rust code for ROS interfaces\x1b[0m\n'}
[89.539096] (-) TimerEvent: {}
[89.650928] (-) TimerEvent: {}
[89.755472] (-) TimerEvent: {}
[89.855881] (-) TimerEvent: {}
[89.958419] (-) TimerEvent: {}
[90.059297] (-) TimerEvent: {}
[90.161031] (-) TimerEvent: {}
[90.268166] (-) TimerEvent: {}
[90.369491] (-) TimerEvent: {}
[90.478927] (-) TimerEvent: {}
[90.584634] (-) TimerEvent: {}
[90.687142] (-) TimerEvent: {}
[90.789584] (-) TimerEvent: {}
[90.890908] (-) TimerEvent: {}
[90.992734] (-) TimerEvent: {}
[91.096627] (-) TimerEvent: {}
[91.197570] (-) TimerEvent: {}
[91.299623] (-) TimerEvent: {}
[91.400688] (-) TimerEvent: {}
[91.469087] (dynamixel_sdk_custom_interfaces) StdoutLine: {'line': b'[  2%] Built target dynamixel_sdk_custom_interfaces__rs\n'}
[91.501247] (-) TimerEvent: {}
[91.557443] (dynamixel_sdk_custom_interfaces) StdoutLine: {'line': b'[  5%] \x1b[34m\x1b[1mGenerating C++ code for ROS interfaces\x1b[0m\n'}
[91.601412] (-) TimerEvent: {}
[91.702655] (-) TimerEvent: {}
[91.806425] (-) TimerEvent: {}
[91.911502] (-) TimerEvent: {}
[92.016826] (-) TimerEvent: {}
[92.124495] (-) TimerEvent: {}
[92.226633] (-) TimerEvent: {}
[92.332671] (-) TimerEvent: {}
[92.433062] (-) TimerEvent: {}
[92.536424] (-) TimerEvent: {}
[92.582081] (turtlebot3_msgs) StdoutLine: {'line': b'[ 16%] \x1b[32mBuilding CXX object CMakeFiles/turtlebot3_msgs__rosidl_typesupport_fastrtps_c.dir/rosidl_typesupport_fastrtps_c/turtlebot3_msgs/msg/detail/sensor_state__type_support_c.cpp.o\x1b[0m\n'}
[92.638112] (-) TimerEvent: {}
[92.745722] (-) TimerEvent: {}
[92.851026] (-) TimerEvent: {}
[92.952258] (-) TimerEvent: {}
[93.055103] (-) TimerEvent: {}
[93.139813] (dynamixel_sdk_custom_interfaces) StdoutLine: {'line': b'[  5%] Built target dynamixel_sdk_custom_interfaces__cpp\n'}
[93.155250] (-) TimerEvent: {}
[93.174075] (dynamixel_sdk_custom_interfaces) StdoutLine: {'line': b'[  7%] \x1b[34m\x1b[1mGenerating C code for ROS interfaces\x1b[0m\n'}
[93.256112] (-) TimerEvent: {}
[93.362283] (-) TimerEvent: {}
[93.465793] (-) TimerEvent: {}
[93.572760] (-) TimerEvent: {}
[93.674098] (-) TimerEvent: {}
[93.810504] (-) TimerEvent: {}
[93.922061] (-) TimerEvent: {}
[94.023493] (-) TimerEvent: {}
[94.124464] (-) TimerEvent: {}
[94.225539] (-) TimerEvent: {}
[94.342482] (-) TimerEvent: {}
[94.423729] (turtlebot3_msgs) StdoutLine: {'line': b'[ 17%] \x1b[32mBuilding CXX object CMakeFiles/turtlebot3_msgs__rosidl_typesupport_fastrtps_c.dir/rosidl_typesupport_fastrtps_c/turtlebot3_msgs/msg/detail/sound__type_support_c.cpp.o\x1b[0m\n'}
[94.442877] (-) TimerEvent: {}
[94.546476] (-) TimerEvent: {}
[94.647222] (-) TimerEvent: {}
[94.677908] (dynamixel_sdk_custom_interfaces) StdoutLine: {'line': b'[ 10%] \x1b[32mBuilding C object CMakeFiles/dynamixel_sdk_custom_interfaces__rosidl_generator_c.dir/rosidl_generator_c/dynamixel_sdk_custom_interfaces/msg/detail/set_position__functions.c.o\x1b[0m\n'}
[94.747396] (-) TimerEvent: {}
[94.850755] (-) TimerEvent: {}
[94.855498] (dynamixel_sdk_custom_interfaces) StdoutLine: {'line': b'[ 12%] \x1b[32mBuilding C object CMakeFiles/dynamixel_sdk_custom_interfaces__rosidl_generator_c.dir/rosidl_generator_c/dynamixel_sdk_custom_interfaces/srv/detail/get_position__functions.c.o\x1b[0m\n'}
[94.955043] (-) TimerEvent: {}
[95.059155] (-) TimerEvent: {}
[95.139637] (dynamixel_sdk_custom_interfaces) StdoutLine: {'line': b'[ 15%] \x1b[32m\x1b[1mLinking C shared library libdynamixel_sdk_custom_interfaces__rosidl_generator_c.so\x1b[0m\n'}
[95.160027] (-) TimerEvent: {}
[95.227154] (dynamixel_sdk_custom_interfaces) StdoutLine: {'line': b'[ 15%] Built target dynamixel_sdk_custom_interfaces__rosidl_generator_c\n'}
[95.260286] (-) TimerEvent: {}
[95.302190] (dynamixel_sdk_custom_interfaces) StdoutLine: {'line': b'[ 15%] Built target ament_cmake_python_symlink_dynamixel_sdk_custom_interfaces\n'}
[95.355232] (dynamixel_sdk_custom_interfaces) StdoutLine: {'line': b'[ 17%] \x1b[34m\x1b[1mGenerating C++ type support for eProsima Fast-RTPS\x1b[0m\n'}
[95.365215] (-) TimerEvent: {}
[95.476073] (-) TimerEvent: {}
[95.576411] (-) TimerEvent: {}
[95.676798] (-) TimerEvent: {}
[95.683008] (turtlebot3_msgs) StdoutLine: {'line': b'[ 18%] \x1b[32mBuilding CXX object CMakeFiles/turtlebot3_msgs__rosidl_typesupport_fastrtps_c.dir/rosidl_typesupport_fastrtps_c/turtlebot3_msgs/msg/detail/version_info__type_support_c.cpp.o\x1b[0m\n'}
[95.777230] (-) TimerEvent: {}
[95.880006] (-) TimerEvent: {}
[95.983805] (-) TimerEvent: {}
[96.085080] (-) TimerEvent: {}
[96.186833] (-) TimerEvent: {}
[96.289864] (-) TimerEvent: {}
[96.391797] (-) TimerEvent: {}
[96.500858] (-) TimerEvent: {}
[96.605020] (-) TimerEvent: {}
[96.706459] (-) TimerEvent: {}
[96.807517] (-) TimerEvent: {}
[96.909536] (-) TimerEvent: {}
[97.011576] (-) TimerEvent: {}
[97.044072] (dynamixel_sdk_custom_interfaces) StdoutLine: {'line': b'[ 20%] \x1b[32mBuilding CXX object CMakeFiles/dynamixel_sdk_custom_interfaces__rosidl_typesupport_fastrtps_cpp.dir/rosidl_typesupport_fastrtps_cpp/dynamixel_sdk_custom_interfaces/msg/detail/dds_fastrtps/set_position__type_support.cpp.o\x1b[0m\n'}
[97.111705] (-) TimerEvent: {}
[97.150843] (turtlebot3_msgs) StdoutLine: {'line': b'[ 20%] \x1b[32mBuilding CXX object CMakeFiles/turtlebot3_msgs__rosidl_typesupport_fastrtps_c.dir/rosidl_typesupport_fastrtps_c/turtlebot3_msgs/srv/detail/sound__type_support_c.cpp.o\x1b[0m\n'}
[97.212327] (-) TimerEvent: {}
[97.315433] (-) TimerEvent: {}
[97.416628] (-) TimerEvent: {}
[97.518239] (-) TimerEvent: {}
[97.625081] (-) TimerEvent: {}
[97.728806] (-) TimerEvent: {}
[97.832809] (-) TimerEvent: {}
[97.933314] (-) TimerEvent: {}
[98.139516] (-) TimerEvent: {}
[98.243438] (-) TimerEvent: {}
[98.345253] (-) TimerEvent: {}
[98.446843] (-) TimerEvent: {}
[98.548571] (-) TimerEvent: {}
[98.562631] (dynamixel_sdk_custom_interfaces) StdoutLine: {'line': b'[ 22%] \x1b[32mBuilding CXX object CMakeFiles/dynamixel_sdk_custom_interfaces__rosidl_typesupport_fastrtps_cpp.dir/rosidl_typesupport_fastrtps_cpp/dynamixel_sdk_custom_interfaces/srv/detail/dds_fastrtps/get_position__type_support.cpp.o\x1b[0m\n'}
[98.648695] (-) TimerEvent: {}
[98.749606] (-) TimerEvent: {}
[98.765317] (turtlebot3_msgs) StdoutLine: {'line': b'[ 21%] \x1b[32mBuilding CXX object CMakeFiles/turtlebot3_msgs__rosidl_typesupport_fastrtps_c.dir/rosidl_typesupport_fastrtps_c/turtlebot3_msgs/srv/detail/dqn__type_support_c.cpp.o\x1b[0m\n'}
[98.857123] (-) TimerEvent: {}
[98.962453] (-) TimerEvent: {}
[99.071270] (-) TimerEvent: {}
[99.171639] (-) TimerEvent: {}
[99.272897] (-) TimerEvent: {}
[99.473962] (-) TimerEvent: {}
[99.592049] (-) TimerEvent: {}
[99.692446] (-) TimerEvent: {}
[99.794222] (-) TimerEvent: {}
[99.902762] (-) TimerEvent: {}
[100.004498] (-) TimerEvent: {}
[100.110086] (-) TimerEvent: {}
[100.213498] (-) TimerEvent: {}
[100.343810] (-) TimerEvent: {}
[100.444442] (-) TimerEvent: {}
[100.463288] (turtlebot3_msgs) StdoutLine: {'line': b'[ 22%] \x1b[32mBuilding CXX object CMakeFiles/turtlebot3_msgs__rosidl_typesupport_fastrtps_c.dir/rosidl_typesupport_fastrtps_c/turtlebot3_msgs/srv/detail/goal__type_support_c.cpp.o\x1b[0m\n'}
[100.544717] (-) TimerEvent: {}
[100.649023] (-) TimerEvent: {}
[100.653926] (dynamixel_sdk_custom_interfaces) StdoutLine: {'line': b'[ 25%] \x1b[32m\x1b[1mLinking CXX shared library libdynamixel_sdk_custom_interfaces__rosidl_typesupport_fastrtps_cpp.so\x1b[0m\n'}
[100.749138] (-) TimerEvent: {}
[100.851014] (-) TimerEvent: {}
[100.951422] (-) TimerEvent: {}
[100.959998] (dynamixel_sdk_custom_interfaces) StdoutLine: {'line': b'[ 25%] Built target dynamixel_sdk_custom_interfaces__rosidl_typesupport_fastrtps_cpp\n'}
[101.051655] (-) TimerEvent: {}
[101.153410] (-) TimerEvent: {}
[101.157260] (dynamixel_sdk_custom_interfaces) StdoutLine: {'line': b'[ 27%] \x1b[34m\x1b[1mGenerating C introspection for ROS interfaces\x1b[0m\n'}
[101.255024] (-) TimerEvent: {}
[101.361017] (-) TimerEvent: {}
[101.463012] (-) TimerEvent: {}
[101.563502] (-) TimerEvent: {}
[101.666010] (-) TimerEvent: {}
[101.771173] (-) TimerEvent: {}
[101.874001] (-) TimerEvent: {}
[101.986040] (-) TimerEvent: {}
[102.090035] (-) TimerEvent: {}
[102.190729] (-) TimerEvent: {}
[102.301011] (-) TimerEvent: {}
[102.403020] (-) TimerEvent: {}
[102.503630] (-) TimerEvent: {}
[102.613008] (-) TimerEvent: {}
[102.716008] (-) TimerEvent: {}
[102.816540] (-) TimerEvent: {}
[102.918325] (-) TimerEvent: {}
[103.021309] (-) TimerEvent: {}
[103.110575] (turtlebot3_msgs) StdoutLine: {'line': b'[ 23%] \x1b[32mBuilding CXX object CMakeFiles/turtlebot3_msgs__rosidl_typesupport_fastrtps_c.dir/rosidl_typesupport_fastrtps_c/turtlebot3_msgs/action/detail/patrol__type_support_c.cpp.o\x1b[0m\n'}
[103.131368] (-) TimerEvent: {}
[103.231732] (-) TimerEvent: {}
[103.332711] (-) TimerEvent: {}
[103.503389] (-) TimerEvent: {}
[103.610460] (-) TimerEvent: {}
[103.713162] (-) TimerEvent: {}
[103.816029] (-) TimerEvent: {}
[103.920290] (-) TimerEvent: {}
[104.020836] (-) TimerEvent: {}
[104.121670] (-) TimerEvent: {}
[104.224366] (-) TimerEvent: {}
[104.326081] (-) TimerEvent: {}
[104.428325] (-) TimerEvent: {}
[104.530010] (-) TimerEvent: {}
[104.630491] (-) TimerEvent: {}
[104.738637] (-) TimerEvent: {}
[104.861583] (-) TimerEvent: {}
[104.967243] (-) TimerEvent: {}
[105.001080] (dynamixel_sdk_custom_interfaces) StdoutLine: {'line': b'[ 30%] \x1b[32mBuilding C object CMakeFiles/dynamixel_sdk_custom_interfaces__rosidl_typesupport_introspection_c.dir/rosidl_typesupport_introspection_c/dynamixel_sdk_custom_interfaces/msg/detail/set_position__type_support.c.o\x1b[0m\n'}
[105.070080] (-) TimerEvent: {}
[105.171012] (-) TimerEvent: {}
[105.271378] (-) TimerEvent: {}
[105.371764] (-) TimerEvent: {}
[105.474020] (-) TimerEvent: {}
[105.542345] (turtlebot3_msgs) StdoutLine: {'line': b'[ 25%] \x1b[32m\x1b[1mLinking CXX shared library libturtlebot3_msgs__rosidl_typesupport_fastrtps_c.so\x1b[0m\n'}
[105.574136] (-) TimerEvent: {}
[105.674578] (-) TimerEvent: {}
[105.779030] (-) TimerEvent: {}
[105.879730] (-) TimerEvent: {}
[105.980462] (-) TimerEvent: {}
[106.083859] (-) TimerEvent: {}
[106.139564] (dynamixel_sdk_custom_interfaces) StdoutLine: {'line': b'[ 32%] \x1b[32mBuilding C object CMakeFiles/dynamixel_sdk_custom_interfaces__rosidl_typesupport_introspection_c.dir/rosidl_typesupport_introspection_c/dynamixel_sdk_custom_interfaces/srv/detail/get_position__type_support.c.o\x1b[0m\n'}
[106.184639] (-) TimerEvent: {}
[106.264404] (dynamixel_sdk_custom_interfaces) StdoutLine: {'line': b'[ 35%] \x1b[32m\x1b[1mLinking C shared library libdynamixel_sdk_custom_interfaces__rosidl_typesupport_introspection_c.so\x1b[0m\n'}
[106.289605] (-) TimerEvent: {}
[106.405258] (-) TimerEvent: {}
[106.474361] (turtlebot3_msgs) StdoutLine: {'line': b'[ 25%] Built target turtlebot3_msgs__rosidl_typesupport_fastrtps_c\n'}
[106.506221] (-) TimerEvent: {}
[106.518656] (turtlebot3_msgs) StdoutLine: {'line': b'[ 26%] \x1b[34m\x1b[1mGenerating C++ type support for eProsima Fast-RTPS\x1b[0m\n'}
[106.523533] (dynamixel_sdk_custom_interfaces) StdoutLine: {'line': b'[ 35%] Built target dynamixel_sdk_custom_interfaces__rosidl_typesupport_introspection_c\n'}
[106.541976] (dynamixel_sdk_custom_interfaces) StdoutLine: {'line': b'[ 37%] \x1b[34m\x1b[1mGenerating C type support dispatch for ROS interfaces\x1b[0m\n'}
[106.606320] (-) TimerEvent: {}
[106.709201] (-) TimerEvent: {}
[106.812702] (-) TimerEvent: {}
[106.922745] (-) TimerEvent: {}
[107.031770] (-) TimerEvent: {}
[107.135005] (-) TimerEvent: {}
[107.236194] (-) TimerEvent: {}
[107.395846] (-) TimerEvent: {}
[107.521728] (-) TimerEvent: {}
[107.524707] (dynamixel_sdk_custom_interfaces) StdoutLine: {'line': b'[ 40%] \x1b[32mBuilding CXX object CMakeFiles/dynamixel_sdk_custom_interfaces__rosidl_typesupport_c.dir/rosidl_typesupport_c/dynamixel_sdk_custom_interfaces/msg/set_position__type_support.cpp.o\x1b[0m\n'}
[107.622400] (dynamixel_sdk_custom_interfaces) StdoutLine: {'line': b'[ 42%] \x1b[32mBuilding CXX object CMakeFiles/dynamixel_sdk_custom_interfaces__rosidl_typesupport_c.dir/rosidl_typesupport_c/dynamixel_sdk_custom_interfaces/srv/get_position__type_support.cpp.o\x1b[0m\n'}
[107.622652] (-) TimerEvent: {}
[107.724611] (-) TimerEvent: {}
[107.756242] (dynamixel_sdk_custom_interfaces) StdoutLine: {'line': b'[ 45%] \x1b[32m\x1b[1mLinking CXX shared library libdynamixel_sdk_custom_interfaces__rosidl_typesupport_c.so\x1b[0m\n'}
[107.826602] (-) TimerEvent: {}
[107.932115] (-) TimerEvent: {}
[108.043018] (-) TimerEvent: {}
[108.057101] (dynamixel_sdk_custom_interfaces) StdoutLine: {'line': b'[ 45%] Built target dynamixel_sdk_custom_interfaces__rosidl_typesupport_c\n'}
[108.101613] (dynamixel_sdk_custom_interfaces) StdoutLine: {'line': b'[ 47%] \x1b[34m\x1b[1mGenerating C++ introspection for ROS interfaces\x1b[0m\n'}
[108.145007] (-) TimerEvent: {}
[108.245388] (-) TimerEvent: {}
[108.345890] (-) TimerEvent: {}
[108.446595] (-) TimerEvent: {}
[108.597251] (-) TimerEvent: {}
[108.708153] (-) TimerEvent: {}
[108.808493] (-) TimerEvent: {}
[108.911006] (-) TimerEvent: {}
[109.013012] (-) TimerEvent: {}
[109.139097] (-) TimerEvent: {}
[109.241548] (-) TimerEvent: {}
[109.343894] (-) TimerEvent: {}
[109.446112] (-) TimerEvent: {}
[109.549015] (-) TimerEvent: {}
[109.646797] (dynamixel_sdk_custom_interfaces) StdoutLine: {'line': b'[ 50%] \x1b[32mBuilding CXX object CMakeFiles/dynamixel_sdk_custom_interfaces__rosidl_typesupport_introspection_cpp.dir/rosidl_typesupport_introspection_cpp/dynamixel_sdk_custom_interfaces/msg/detail/set_position__type_support.cpp.o\x1b[0m\n'}
[109.649716] (-) TimerEvent: {}
[109.809826] (-) TimerEvent: {}
[109.911005] (-) TimerEvent: {}
[110.013009] (-) TimerEvent: {}
[110.113424] (-) TimerEvent: {}
[110.213851] (-) TimerEvent: {}
[110.332660] (-) TimerEvent: {}
[110.434320] (-) TimerEvent: {}
[110.538017] (-) TimerEvent: {}
[110.640028] (-) TimerEvent: {}
[110.740479] (-) TimerEvent: {}
[110.913824] (-) TimerEvent: {}
[111.016024] (-) TimerEvent: {}
[111.027086] (dynamixel_sdk_custom_interfaces) StdoutLine: {'line': b'[ 52%] \x1b[32mBuilding CXX object CMakeFiles/dynamixel_sdk_custom_interfaces__rosidl_typesupport_introspection_cpp.dir/rosidl_typesupport_introspection_cpp/dynamixel_sdk_custom_interfaces/srv/detail/get_position__type_support.cpp.o\x1b[0m\n'}
[111.065010] (turtlebot3_msgs) StdoutLine: {'line': b'[ 27%] \x1b[32mBuilding CXX object CMakeFiles/turtlebot3_msgs__rosidl_typesupport_fastrtps_cpp.dir/rosidl_typesupport_fastrtps_cpp/turtlebot3_msgs/msg/detail/dds_fastrtps/sensor_state__type_support.cpp.o\x1b[0m\n'}
[111.118121] (-) TimerEvent: {}
[111.218574] (-) TimerEvent: {}
[111.321034] (-) TimerEvent: {}
[111.465967] (-) TimerEvent: {}
[111.578853] (-) TimerEvent: {}
[111.680330] (-) TimerEvent: {}
[111.783032] (-) TimerEvent: {}
[111.886098] (-) TimerEvent: {}
[112.012703] (-) TimerEvent: {}
[112.124389] (-) TimerEvent: {}
[112.226812] (-) TimerEvent: {}
[112.336717] (-) TimerEvent: {}
[112.438445] (-) TimerEvent: {}
[112.540406] (-) TimerEvent: {}
[112.644035] (-) TimerEvent: {}
[112.744899] (-) TimerEvent: {}
[112.848619] (-) TimerEvent: {}
[112.905494] (dynamixel_sdk_custom_interfaces) StdoutLine: {'line': b'[ 55%] \x1b[32m\x1b[1mLinking CXX shared library libdynamixel_sdk_custom_interfaces__rosidl_typesupport_introspection_cpp.so\x1b[0m\n'}
[112.949027] (-) TimerEvent: {}
[113.024672] (turtlebot3_msgs) StdoutLine: {'line': b'[ 28%] \x1b[32mBuilding CXX object CMakeFiles/turtlebot3_msgs__rosidl_typesupport_fastrtps_cpp.dir/rosidl_typesupport_fastrtps_cpp/turtlebot3_msgs/msg/detail/dds_fastrtps/sound__type_support.cpp.o\x1b[0m\n'}
[113.051254] (-) TimerEvent: {}
[113.136957] (dynamixel_sdk_custom_interfaces) StdoutLine: {'line': b'[ 55%] Built target dynamixel_sdk_custom_interfaces__rosidl_typesupport_introspection_cpp\n'}
[113.156526] (-) TimerEvent: {}
[113.220175] (dynamixel_sdk_custom_interfaces) StdoutLine: {'line': b'[ 57%] \x1b[34m\x1b[1mGenerating C type support for eProsima Fast-RTPS\x1b[0m\n'}
[113.258013] (-) TimerEvent: {}
[113.359006] (-) TimerEvent: {}
[113.460018] (-) TimerEvent: {}
[113.613443] (-) TimerEvent: {}
[113.721669] (-) TimerEvent: {}
[113.827371] (-) TimerEvent: {}
[113.928416] (-) TimerEvent: {}
[114.029470] (-) TimerEvent: {}
[114.133004] (-) TimerEvent: {}
[114.223307] (turtlebot3_msgs) StdoutLine: {'line': b'[ 30%] \x1b[32mBuilding CXX object CMakeFiles/turtlebot3_msgs__rosidl_typesupport_fastrtps_cpp.dir/rosidl_typesupport_fastrtps_cpp/turtlebot3_msgs/msg/detail/dds_fastrtps/version_info__type_support.cpp.o\x1b[0m\n'}
[114.233169] (-) TimerEvent: {}
[114.298085] (dynamixel_sdk_custom_interfaces) StdoutLine: {'line': b'[ 60%] \x1b[32mBuilding CXX object CMakeFiles/dynamixel_sdk_custom_interfaces__rosidl_typesupport_fastrtps_c.dir/rosidl_typesupport_fastrtps_c/dynamixel_sdk_custom_interfaces/msg/detail/set_position__type_support_c.cpp.o\x1b[0m\n'}
[114.396117] (-) TimerEvent: {}
[114.499016] (-) TimerEvent: {}
[114.599468] (-) TimerEvent: {}
[114.702486] (-) TimerEvent: {}
[114.807692] (-) TimerEvent: {}
[115.006341] (-) TimerEvent: {}
[115.108368] (-) TimerEvent: {}
[115.214004] (-) TimerEvent: {}
[115.316014] (-) TimerEvent: {}
[115.416404] (-) TimerEvent: {}
[115.549992] (-) TimerEvent: {}
[115.663512] (-) TimerEvent: {}
[115.768316] (-) TimerEvent: {}
[115.868739] (-) TimerEvent: {}
[115.982134] (-) TimerEvent: {}
[116.113500] (-) TimerEvent: {}
[116.162093] (dynamixel_sdk_custom_interfaces) StdoutLine: {'line': b'[ 62%] \x1b[32mBuilding CXX object CMakeFiles/dynamixel_sdk_custom_interfaces__rosidl_typesupport_fastrtps_c.dir/rosidl_typesupport_fastrtps_c/dynamixel_sdk_custom_interfaces/srv/detail/get_position__type_support_c.cpp.o\x1b[0m\n'}
[116.215213] (-) TimerEvent: {}
[116.317380] (-) TimerEvent: {}
[116.422601] (-) TimerEvent: {}
[116.529899] (-) TimerEvent: {}
[116.639664] (-) TimerEvent: {}
[116.741730] (-) TimerEvent: {}
[116.834093] (turtlebot3_msgs) StdoutLine: {'line': b'[ 31%] \x1b[32mBuilding CXX object CMakeFiles/turtlebot3_msgs__rosidl_typesupport_fastrtps_cpp.dir/rosidl_typesupport_fastrtps_cpp/turtlebot3_msgs/srv/detail/dds_fastrtps/sound__type_support.cpp.o\x1b[0m\n'}
[116.843193] (-) TimerEvent: {}
[116.943510] (-) TimerEvent: {}
[117.046014] (-) TimerEvent: {}
[117.148012] (-) TimerEvent: {}
[117.254431] (-) TimerEvent: {}
[117.355251] (-) TimerEvent: {}
[117.458492] (-) TimerEvent: {}
[117.564189] (-) TimerEvent: {}
[117.669008] (-) TimerEvent: {}
[117.781081] (-) TimerEvent: {}
[117.889544] (-) TimerEvent: {}
[118.008140] (-) TimerEvent: {}
[118.114257] (-) TimerEvent: {}
[118.217806] (-) TimerEvent: {}
[118.327691] (-) TimerEvent: {}
[118.432323] (-) TimerEvent: {}
[118.546126] (-) TimerEvent: {}
[118.651023] (-) TimerEvent: {}
[118.755047] (-) TimerEvent: {}
[118.855921] (-) TimerEvent: {}
[118.962042] (-) TimerEvent: {}
[119.072795] (-) TimerEvent: {}
[119.173798] (-) TimerEvent: {}
[119.276628] (-) TimerEvent: {}
[119.380028] (-) TimerEvent: {}
[119.408504] (dynamixel_sdk_custom_interfaces) StdoutLine: {'line': b'[ 65%] \x1b[32m\x1b[1mLinking CXX shared library libdynamixel_sdk_custom_interfaces__rosidl_typesupport_fastrtps_c.so\x1b[0m\n'}
[119.482093] (-) TimerEvent: {}
[119.588036] (-) TimerEvent: {}
[119.691025] (-) TimerEvent: {}
[119.720016] (turtlebot3_msgs) StdoutLine: {'line': b'[ 32%] \x1b[32mBuilding CXX object CMakeFiles/turtlebot3_msgs__rosidl_typesupport_fastrtps_cpp.dir/rosidl_typesupport_fastrtps_cpp/turtlebot3_msgs/srv/detail/dds_fastrtps/dqn__type_support.cpp.o\x1b[0m\n'}
[119.803023] (-) TimerEvent: {}
[119.907019] (-) TimerEvent: {}
[120.012052] (-) TimerEvent: {}
[120.110120] (dynamixel_sdk_custom_interfaces) StdoutLine: {'line': b'[ 65%] Built target dynamixel_sdk_custom_interfaces__rosidl_typesupport_fastrtps_c\n'}
[120.112484] (-) TimerEvent: {}
[120.195961] (dynamixel_sdk_custom_interfaces) StdoutLine: {'line': b'[ 67%] \x1b[34m\x1b[1mGenerating C++ type support dispatch for ROS interfaces\x1b[0m\n'}
[120.218016] (-) TimerEvent: {}
[120.322167] (-) TimerEvent: {}
[120.424000] (-) TimerEvent: {}
[120.524923] (-) TimerEvent: {}
[120.638031] (-) TimerEvent: {}
[120.740614] (-) TimerEvent: {}
[120.843041] (-) TimerEvent: {}
[120.946008] (-) TimerEvent: {}
[121.048096] (-) TimerEvent: {}
[121.154879] (-) TimerEvent: {}
[121.256581] (-) TimerEvent: {}
[121.360011] (-) TimerEvent: {}
[121.460425] (-) TimerEvent: {}
[121.619178] (-) TimerEvent: {}
[121.726507] (-) TimerEvent: {}
[121.758202] (dynamixel_sdk_custom_interfaces) StdoutLine: {'line': b'[ 70%] \x1b[32mBuilding CXX object CMakeFiles/dynamixel_sdk_custom_interfaces__rosidl_typesupport_cpp.dir/rosidl_typesupport_cpp/dynamixel_sdk_custom_interfaces/msg/set_position__type_support.cpp.o\x1b[0m\n'}
[121.835022] (-) TimerEvent: {}
[121.937015] (-) TimerEvent: {}
[122.041014] (-) TimerEvent: {}
[122.189350] (-) TimerEvent: {}
[122.296018] (-) TimerEvent: {}
[122.398021] (-) TimerEvent: {}
[122.500006] (-) TimerEvent: {}
[122.600399] (-) TimerEvent: {}
[122.655011] (turtlebot3_msgs) StdoutLine: {'line': b'[ 33%] \x1b[32mBuilding CXX object CMakeFiles/turtlebot3_msgs__rosidl_typesupport_fastrtps_cpp.dir/rosidl_typesupport_fastrtps_cpp/turtlebot3_msgs/srv/detail/dds_fastrtps/goal__type_support.cpp.o\x1b[0m\n'}
[122.727139] (-) TimerEvent: {}
[122.828214] (-) TimerEvent: {}
[122.932710] (-) TimerEvent: {}
[123.034560] (-) TimerEvent: {}
[123.136008] (-) TimerEvent: {}
[123.237311] (-) TimerEvent: {}
[123.413522] (dynamixel_sdk_custom_interfaces) StdoutLine: {'line': b'[ 72%] \x1b[32mBuilding CXX object CMakeFiles/dynamixel_sdk_custom_interfaces__rosidl_typesupport_cpp.dir/rosidl_typesupport_cpp/dynamixel_sdk_custom_interfaces/srv/get_position__type_support.cpp.o\x1b[0m\n'}
[123.413784] (-) TimerEvent: {}
[123.517479] (-) TimerEvent: {}
[123.619996] (-) TimerEvent: {}
[123.723146] (-) TimerEvent: {}
[123.825903] (-) TimerEvent: {}
[123.978102] (-) TimerEvent: {}
[124.082989] (-) TimerEvent: {}
[124.186014] (-) TimerEvent: {}
[124.287403] (-) TimerEvent: {}
[124.413987] (-) TimerEvent: {}
[124.523127] (-) TimerEvent: {}
[124.632010] (-) TimerEvent: {}
[124.732667] (-) TimerEvent: {}
[124.835600] (-) TimerEvent: {}
[124.938156] (-) TimerEvent: {}
[125.048010] (-) TimerEvent: {}
[125.150025] (-) TimerEvent: {}
[125.251501] (-) TimerEvent: {}
[125.284086] (dynamixel_sdk_custom_interfaces) StdoutLine: {'line': b'[ 75%] \x1b[32m\x1b[1mLinking CXX shared library libdynamixel_sdk_custom_interfaces__rosidl_typesupport_cpp.so\x1b[0m\n'}
[125.353019] (-) TimerEvent: {}
[125.443636] (dynamixel_sdk_custom_interfaces) StdoutLine: {'line': b'[ 75%] Built target dynamixel_sdk_custom_interfaces__rosidl_typesupport_cpp\n'}
[125.453227] (-) TimerEvent: {}
[125.554602] (-) TimerEvent: {}
[125.605325] (turtlebot3_msgs) StdoutLine: {'line': b'[ 35%] \x1b[32mBuilding CXX object CMakeFiles/turtlebot3_msgs__rosidl_typesupport_fastrtps_cpp.dir/rosidl_typesupport_fastrtps_cpp/turtlebot3_msgs/action/detail/dds_fastrtps/patrol__type_support.cpp.o\x1b[0m\n'}
[125.682019] (-) TimerEvent: {}
[125.783351] (-) TimerEvent: {}
[125.885507] (-) TimerEvent: {}
[125.989007] (-) TimerEvent: {}
[126.094266] (-) TimerEvent: {}
[126.214094] (-) TimerEvent: {}
[126.325010] (-) TimerEvent: {}
[126.427000] (-) TimerEvent: {}
[126.528172] (-) TimerEvent: {}
[126.657351] (-) TimerEvent: {}
[126.761392] (-) TimerEvent: {}
[126.864250] (-) TimerEvent: {}
[126.967162] (-) TimerEvent: {}
[127.073342] (-) TimerEvent: {}
[127.181122] (-) TimerEvent: {}
[127.292086] (-) TimerEvent: {}
[127.359054] (dynamixel_sdk_custom_interfaces) StdoutLine: {'line': b'running egg_info\n'}
[127.365359] (dynamixel_sdk_custom_interfaces) StdoutLine: {'line': b'creating dynamixel_sdk_custom_interfaces.egg-info\n'}
[127.365569] (dynamixel_sdk_custom_interfaces) StdoutLine: {'line': b'writing dynamixel_sdk_custom_interfaces.egg-info/PKG-INFO\n'}
[127.365886] (dynamixel_sdk_custom_interfaces) StdoutLine: {'line': b'writing dependency_links to dynamixel_sdk_custom_interfaces.egg-info/dependency_links.txt\n'}
[127.367467] (dynamixel_sdk_custom_interfaces) StdoutLine: {'line': b'writing top-level names to dynamixel_sdk_custom_interfaces.egg-info/top_level.txt\n'}
[127.381763] (dynamixel_sdk_custom_interfaces) StdoutLine: {'line': b"writing manifest file 'dynamixel_sdk_custom_interfaces.egg-info/SOURCES.txt'\n"}
[127.393972] (-) TimerEvent: {}
[127.405900] (dynamixel_sdk_custom_interfaces) StdoutLine: {'line': b"reading manifest file 'dynamixel_sdk_custom_interfaces.egg-info/SOURCES.txt'\n"}
[127.406131] (dynamixel_sdk_custom_interfaces) StdoutLine: {'line': b"writing manifest file 'dynamixel_sdk_custom_interfaces.egg-info/SOURCES.txt'\n"}
[127.504017] (-) TimerEvent: {}
[127.599454] (dynamixel_sdk_custom_interfaces) StdoutLine: {'line': b'[ 75%] Built target ament_cmake_python_build_dynamixel_sdk_custom_interfaces_egg\n'}
[127.608594] (-) TimerEvent: {}
[127.709701] (-) TimerEvent: {}
[127.716664] (dynamixel_sdk_custom_interfaces) StdoutLine: {'line': b'[ 75%] Built target dynamixel_sdk_custom_interfaces\n'}
[127.823900] (-) TimerEvent: {}
[127.933815] (-) TimerEvent: {}
[128.039040] (-) TimerEvent: {}
[128.057651] (dynamixel_sdk_custom_interfaces) StdoutLine: {'line': b'[ 77%] \x1b[34m\x1b[1mGenerating Python code for ROS interfaces\x1b[0m\n'}
[128.145707] (-) TimerEvent: {}
[128.248010] (-) TimerEvent: {}
[128.437946] (-) TimerEvent: {}
[128.540017] (-) TimerEvent: {}
[128.643960] (-) TimerEvent: {}
[128.746084] (-) TimerEvent: {}
[128.950617] (-) TimerEvent: {}
[129.053315] (-) TimerEvent: {}
[129.158060] (-) TimerEvent: {}
[129.260442] (-) TimerEvent: {}
[129.371064] (-) TimerEvent: {}
[129.472025] (-) TimerEvent: {}
[129.583017] (-) TimerEvent: {}
[129.684832] (-) TimerEvent: {}
[129.787519] (-) TimerEvent: {}
[129.892018] (-) TimerEvent: {}
[129.892418] (turtlebot3_msgs) StdoutLine: {'line': b'[ 36%] \x1b[32m\x1b[1mLinking CXX shared library libturtlebot3_msgs__rosidl_typesupport_fastrtps_cpp.so\x1b[0m\n'}
[130.041831] (-) TimerEvent: {}
[130.145353] (-) TimerEvent: {}
[130.253006] (-) TimerEvent: {}
[130.365007] (-) TimerEvent: {}
[130.465623] (-) TimerEvent: {}
[130.566338] (-) TimerEvent: {}
[130.667386] (-) TimerEvent: {}
[130.775767] (-) TimerEvent: {}
[130.883011] (-) TimerEvent: {}
[130.989084] (-) TimerEvent: {}
[131.098286] (-) TimerEvent: {}
[131.207283] (turtlebot3_msgs) StdoutLine: {'line': b'[ 36%] Built target turtlebot3_msgs__rosidl_typesupport_fastrtps_cpp\n'}
[131.209411] (-) TimerEvent: {}
[131.315370] (-) TimerEvent: {}
[131.345330] (turtlebot3_msgs) StdoutLine: {'line': b'[ 37%] \x1b[34m\x1b[1mGenerating C introspection for ROS interfaces\x1b[0m\n'}
[131.417080] (-) TimerEvent: {}
[131.521986] (-) TimerEvent: {}
[131.662684] (-) TimerEvent: {}
[131.792849] (-) TimerEvent: {}
[131.898764] (-) TimerEvent: {}
[132.002159] (-) TimerEvent: {}
[132.109116] (-) TimerEvent: {}
[132.217016] (-) TimerEvent: {}
[132.330098] (-) TimerEvent: {}
[132.459289] (-) TimerEvent: {}
[132.559787] (-) TimerEvent: {}
[132.666035] (-) TimerEvent: {}
[132.775795] (-) TimerEvent: {}
[132.886021] (-) TimerEvent: {}
[132.990878] (-) TimerEvent: {}
[133.097616] (-) TimerEvent: {}
[133.207046] (-) TimerEvent: {}
[133.315029] (-) TimerEvent: {}
[133.417590] (-) TimerEvent: {}
[133.567173] (-) TimerEvent: {}
[133.681014] (-) TimerEvent: {}
[133.782672] (-) TimerEvent: {}
[133.895022] (-) TimerEvent: {}
[134.010009] (-) TimerEvent: {}
[134.112248] (-) TimerEvent: {}
[134.219956] (-) TimerEvent: {}
[134.321030] (-) TimerEvent: {}
[134.429041] (-) TimerEvent: {}
[134.531377] (-) TimerEvent: {}
[134.660544] (-) TimerEvent: {}
[134.760877] (-) TimerEvent: {}
[134.865274] (-) TimerEvent: {}
[134.891060] (dynamixel_sdk_custom_interfaces) StdoutLine: {'line': b'[ 77%] Built target dynamixel_sdk_custom_interfaces__py\n'}
[134.970076] (-) TimerEvent: {}
[135.073278] (-) TimerEvent: {}
[135.183835] (-) TimerEvent: {}
[135.200051] (dynamixel_sdk_custom_interfaces) StdoutLine: {'line': b'[ 80%] \x1b[32mBuilding C object CMakeFiles/dynamixel_sdk_custom_interfaces__rosidl_generator_py.dir/rosidl_generator_py/dynamixel_sdk_custom_interfaces/msg/_set_position_s.c.o\x1b[0m\n'}
[135.285016] (-) TimerEvent: {}
[135.404743] (-) TimerEvent: {}
[135.517092] (-) TimerEvent: {}
[135.654095] (-) TimerEvent: {}
[135.760511] (-) TimerEvent: {}
[135.881199] (-) TimerEvent: {}
[135.985031] (-) TimerEvent: {}
[136.096190] (-) TimerEvent: {}
[136.209634] (-) TimerEvent: {}
[136.323374] (-) TimerEvent: {}
[136.424003] (-) TimerEvent: {}
[136.526051] (-) TimerEvent: {}
[136.716467] (-) TimerEvent: {}
[136.822292] (-) TimerEvent: {}
[136.927063] (-) TimerEvent: {}
[137.034317] (-) TimerEvent: {}
[137.135111] (-) TimerEvent: {}
[137.275214] (-) TimerEvent: {}
[137.389597] (-) TimerEvent: {}
[137.491361] (-) TimerEvent: {}
[137.592293] (-) TimerEvent: {}
[137.694508] (-) TimerEvent: {}
[137.819428] (-) TimerEvent: {}
[137.950039] (-) TimerEvent: {}
[138.050368] (-) TimerEvent: {}
[138.150686] (-) TimerEvent: {}
[138.255081] (-) TimerEvent: {}
[138.356050] (-) TimerEvent: {}
[138.491795] (-) TimerEvent: {}
[138.592327] (-) TimerEvent: {}
[138.648826] (dynamixel_sdk_custom_interfaces) StdoutLine: {'line': b'[ 82%] \x1b[32mBuilding C object CMakeFiles/dynamixel_sdk_custom_interfaces__rosidl_generator_py.dir/rosidl_generator_py/dynamixel_sdk_custom_interfaces/srv/_get_position_s.c.o\x1b[0m\n'}
[138.692437] (-) TimerEvent: {}
[138.796781] (-) TimerEvent: {}
[138.898095] (-) TimerEvent: {}
[139.028082] (-) TimerEvent: {}
[139.128463] (-) TimerEvent: {}
[139.232847] (-) TimerEvent: {}
[139.335148] (-) TimerEvent: {}
[139.454379] (-) TimerEvent: {}
[139.566651] (-) TimerEvent: {}
[139.668704] (-) TimerEvent: {}
[139.775098] (-) TimerEvent: {}
[139.876828] (-) TimerEvent: {}
[139.982189] (-) TimerEvent: {}
[140.130122] (-) TimerEvent: {}
[140.233208] (-) TimerEvent: {}
[140.338020] (-) TimerEvent: {}
[140.440090] (-) TimerEvent: {}
[140.543054] (-) TimerEvent: {}
[140.663022] (-) TimerEvent: {}
[140.767016] (-) TimerEvent: {}
[140.786994] (dynamixel_sdk_custom_interfaces) StdoutLine: {'line': b'[ 85%] \x1b[32m\x1b[1mLinking C shared library rosidl_generator_py/dynamixel_sdk_custom_interfaces/libdynamixel_sdk_custom_interfaces__rosidl_generator_py.so\x1b[0m\n'}
[140.867324] (-) TimerEvent: {}
[140.973049] (-) TimerEvent: {}
[141.129871] (-) TimerEvent: {}
[141.231118] (-) TimerEvent: {}
[141.332752] (-) TimerEvent: {}
[141.439692] (-) TimerEvent: {}
[141.540386] (-) TimerEvent: {}
[141.660421] (-) TimerEvent: {}
[141.780186] (-) TimerEvent: {}
[141.891048] (-) TimerEvent: {}
[141.923082] (dynamixel_sdk_custom_interfaces) StdoutLine: {'line': b'[ 85%] Built target dynamixel_sdk_custom_interfaces__rosidl_generator_py\n'}
[142.001498] (-) TimerEvent: {}
[142.113228] (-) TimerEvent: {}
[142.216970] (-) TimerEvent: {}
[142.323806] (dynamixel_sdk_custom_interfaces) StdoutLine: {'line': b'[ 87%] \x1b[32mBuilding C object CMakeFiles/dynamixel_sdk_custom_interfaces__rosidl_typesupport_fastrtps_c__pyext.dir/rosidl_generator_py/dynamixel_sdk_custom_interfaces/_dynamixel_sdk_custom_interfaces_s.ep.rosidl_typesupport_fastrtps_c.c.o\x1b[0m\n'}
[142.324106] (-) TimerEvent: {}
[142.426016] (-) TimerEvent: {}
[142.529710] (-) TimerEvent: {}
[142.638437] (-) TimerEvent: {}
[142.811053] (-) TimerEvent: {}
[142.913725] (-) TimerEvent: {}
[143.021642] (-) TimerEvent: {}
[143.127603] (-) TimerEvent: {}
[143.247100] (-) TimerEvent: {}
[143.359664] (-) TimerEvent: {}
[143.470423] (-) TimerEvent: {}
[143.572051] (-) TimerEvent: {}
[143.678469] (-) TimerEvent: {}
[143.782063] (-) TimerEvent: {}
[143.919540] (-) TimerEvent: {}
[144.037030] (-) TimerEvent: {}
[144.050705] (dynamixel_sdk_custom_interfaces) StdoutLine: {'line': b'[ 90%] \x1b[32m\x1b[1mLinking C shared library rosidl_generator_py/dynamixel_sdk_custom_interfaces/dynamixel_sdk_custom_interfaces_s__rosidl_typesupport_fastrtps_c.cpython-310-x86_64-linux-gnu.so\x1b[0m\n'}
[144.140106] (-) TimerEvent: {}
[144.242002] (-) TimerEvent: {}
[144.354059] (-) TimerEvent: {}
[144.475126] (-) TimerEvent: {}
[144.597067] (-) TimerEvent: {}
[144.704020] (-) TimerEvent: {}
[144.805860] (-) TimerEvent: {}
[144.911725] (-) TimerEvent: {}
[145.013816] (-) TimerEvent: {}
[145.114820] (-) TimerEvent: {}
[145.217039] (-) TimerEvent: {}
[145.317718] (-) TimerEvent: {}
[145.418600] (-) TimerEvent: {}
[145.519454] (-) TimerEvent: {}
[145.564440] (dynamixel_sdk_custom_interfaces) StdoutLine: {'line': b'[ 90%] Built target dynamixel_sdk_custom_interfaces__rosidl_typesupport_fastrtps_c__pyext\n'}
[145.643110] (-) TimerEvent: {}
[145.753461] (-) TimerEvent: {}
[145.784559] (turtlebot3_msgs) StdoutLine: {'line': b'[ 38%] \x1b[32mBuilding C object CMakeFiles/turtlebot3_msgs__rosidl_typesupport_introspection_c.dir/rosidl_typesupport_introspection_c/turtlebot3_msgs/msg/detail/sensor_state__type_support.c.o\x1b[0m\n'}
[145.857013] (-) TimerEvent: {}
[145.957475] (-) TimerEvent: {}
[146.028323] (dynamixel_sdk_custom_interfaces) StdoutLine: {'line': b'[ 92%] \x1b[32mBuilding C object CMakeFiles/dynamixel_sdk_custom_interfaces__rosidl_typesupport_introspection_c__pyext.dir/rosidl_generator_py/dynamixel_sdk_custom_interfaces/_dynamixel_sdk_custom_interfaces_s.ep.rosidl_typesupport_introspection_c.c.o\x1b[0m\n'}
[146.062182] (-) TimerEvent: {}
[146.165320] (-) TimerEvent: {}
[146.266596] (-) TimerEvent: {}
[146.368158] (-) TimerEvent: {}
[146.531083] (-) TimerEvent: {}
[146.635262] (-) TimerEvent: {}
[146.744115] (-) TimerEvent: {}
[146.848204] (-) TimerEvent: {}
[146.953323] (dynamixel_sdk_custom_interfaces) StdoutLine: {'line': b'[ 95%] \x1b[32m\x1b[1mLinking C shared library rosidl_generator_py/dynamixel_sdk_custom_interfaces/dynamixel_sdk_custom_interfaces_s__rosidl_typesupport_introspection_c.cpython-310-x86_64-linux-gnu.so\x1b[0m\n'}
[146.953579] (-) TimerEvent: {}
[147.061084] (-) TimerEvent: {}
[147.168341] (-) TimerEvent: {}
[147.287182] (-) TimerEvent: {}
[147.312298] (turtlebot3_msgs) StdoutLine: {'line': b'[ 40%] \x1b[32mBuilding C object CMakeFiles/turtlebot3_msgs__rosidl_typesupport_introspection_c.dir/rosidl_typesupport_introspection_c/turtlebot3_msgs/msg/detail/sound__type_support.c.o\x1b[0m\n'}
[147.412109] (-) TimerEvent: {}
[147.527094] (-) TimerEvent: {}
[147.618285] (dynamixel_sdk_custom_interfaces) StdoutLine: {'line': b'[ 95%] Built target dynamixel_sdk_custom_interfaces__rosidl_typesupport_introspection_c__pyext\n'}
[147.628142] (-) TimerEvent: {}
[147.735036] (-) TimerEvent: {}
[147.763015] (turtlebot3_msgs) StdoutLine: {'line': b'[ 41%] \x1b[32mBuilding C object CMakeFiles/turtlebot3_msgs__rosidl_typesupport_introspection_c.dir/rosidl_typesupport_introspection_c/turtlebot3_msgs/msg/detail/version_info__type_support.c.o\x1b[0m\n'}
[147.835699] (-) TimerEvent: {}
[147.943112] (-) TimerEvent: {}
[148.062085] (-) TimerEvent: {}
[148.163195] (dynamixel_sdk_custom_interfaces) StdoutLine: {'line': b'[ 97%] \x1b[32mBuilding C object CMakeFiles/dynamixel_sdk_custom_interfaces__rosidl_typesupport_c__pyext.dir/rosidl_generator_py/dynamixel_sdk_custom_interfaces/_dynamixel_sdk_custom_interfaces_s.ep.rosidl_typesupport_c.c.o\x1b[0m\n'}
[148.163451] (-) TimerEvent: {}
[148.241092] (turtlebot3_msgs) StdoutLine: {'line': b'[ 42%] \x1b[32mBuilding C object CMakeFiles/turtlebot3_msgs__rosidl_typesupport_introspection_c.dir/rosidl_typesupport_introspection_c/turtlebot3_msgs/srv/detail/sound__type_support.c.o\x1b[0m\n'}
[148.265200] (-) TimerEvent: {}
[148.374101] (-) TimerEvent: {}
[148.529593] (-) TimerEvent: {}
[148.675433] (-) TimerEvent: {}
[148.791115] (-) TimerEvent: {}
[148.896459] (-) TimerEvent: {}
[149.000025] (-) TimerEvent: {}
[149.169741] (-) TimerEvent: {}
[149.188317] (turtlebot3_msgs) StdoutLine: {'line': b'[ 43%] \x1b[32mBuilding C object CMakeFiles/turtlebot3_msgs__rosidl_typesupport_introspection_c.dir/rosidl_typesupport_introspection_c/turtlebot3_msgs/srv/detail/dqn__type_support.c.o\x1b[0m\n'}
[149.270621] (-) TimerEvent: {}
[149.376543] (-) TimerEvent: {}
[149.432027] (dynamixel_sdk_custom_interfaces) StdoutLine: {'line': b'[100%] \x1b[32m\x1b[1mLinking C shared library rosidl_generator_py/dynamixel_sdk_custom_interfaces/dynamixel_sdk_custom_interfaces_s__rosidl_typesupport_c.cpython-310-x86_64-linux-gnu.so\x1b[0m\n'}
[149.483541] (-) TimerEvent: {}
[149.614489] (-) TimerEvent: {}
[149.789485] (-) TimerEvent: {}
[149.896018] (-) TimerEvent: {}
[149.930163] (turtlebot3_msgs) StdoutLine: {'line': b'[ 45%] \x1b[32mBuilding C object CMakeFiles/turtlebot3_msgs__rosidl_typesupport_introspection_c.dir/rosidl_typesupport_introspection_c/turtlebot3_msgs/srv/detail/goal__type_support.c.o\x1b[0m\n'}
[149.998141] (-) TimerEvent: {}
[150.099023] (-) TimerEvent: {}
[150.212062] (-) TimerEvent: {}
[150.234015] (dynamixel_sdk_custom_interfaces) StdoutLine: {'line': b'[100%] Built target dynamixel_sdk_custom_interfaces__rosidl_typesupport_c__pyext\n'}
[150.318109] (-) TimerEvent: {}
[150.427176] (-) TimerEvent: {}
[150.523667] (dynamixel_sdk_custom_interfaces) CommandEnded: {'returncode': 0}
[150.528837] (-) TimerEvent: {}
[150.556116] (dynamixel_sdk_custom_interfaces) JobProgress: {'identifier': 'dynamixel_sdk_custom_interfaces', 'progress': 'install'}
[150.599024] (dynamixel_sdk_custom_interfaces) Command: {'cmd': ['/usr/bin/cmake', '--install', '/workspaces/UON-CS-robotlab-simulation-container/build/dynamixel_sdk_custom_interfaces'], 'cwd': '/workspaces/UON-CS-robotlab-simulation-container/build/dynamixel_sdk_custom_interfaces', 'env': OrderedDict([('GITHUB_TOKEN', 'ghu_qzXzf473tpbDuGEeRKMePfjjEUUgEL3qLs6h'), ('GITHUB_CODESPACE_TOKEN', 'AOKRK4QICIVTYBHCYV5Y7K3KNF2YXANCNFSM4AXFRYHA'), ('FEATURE_SPARK_POST_COMMIT_CREATE_ITERATION', 'true'), ('HOSTNAME', 'codespaces-9eb142'), ('GITHUB_CODESPACES_PORT_FORWARDING_DOMAIN', 'app.github.dev'), ('SHLVL', '2'), ('LD_LIBRARY_PATH', '/usr/lib/x86_64-linux-gnu/gazebo-11/plugins:/opt/ros/humble/opt/rviz_ogre_vendor/lib:/opt/ros/humble/lib/x86_64-linux-gnu:/opt/ros/humble/lib'), ('HOME', '/home/vscode'), ('OLDPWD', '/workspaces/UON-CS-robotlab-simulation-container'), ('CODESPACES', 'true'), ('ROS_PYTHON_VERSION', '3'), ('GITHUB_USER', 'mohammad-areeb'), ('GITHUB_GRAPHQL_URL', 'https://api.github.com/graphql'), ('ROS_DISTRO', 'humble'), ('ContainerVersion', '13'), ('GITHUB_API_URL', 'https://api.github.com'), ('RepositoryName', 'UON-CS-robotlab-simulation-container'), ('_', '/usr/bin/colcon'), ('ROS_VERSION', '2'), ('CLOUDENV_ENVIRONMENT_ID', '344bab99-1d47-4655-88f7-fee790854045'), ('TERM', 'xterm'), ('ROS_LOCALHOST_ONLY', '0'), ('PATH', '/opt/ros/humble/bin:/usr/local/sbin:/usr/local/bin:/usr/sbin:/usr/bin:/sbin:/bin'), ('SHELL_LOGGED_IN', 'true'), ('LANG', 'C.UTF-8'), ('LS_COLORS', ''), ('GITHUB_REPOSITORY', 'mohammad-areeb/UON-CS-robotlab-simulation-container'), ('ROS_DOMAIN_ID', '30'), ('AMENT_PREFIX_PATH', '/opt/ros/humble'), ('DEBIAN_FRONTEND', 'noninteractive'), ('SHELL', '/bin/bash'), ('PWD', '/workspaces/UON-CS-robotlab-simulation-container/build/dynamixel_sdk_custom_interfaces'), ('INTERNAL_VSCS_TARGET_URL', 'https://uksouth.online.visualstudio.com'), ('TURTLEBOT3_MODEL', 'waffle'), ('LC_ALL', 'C.UTF-8'), ('GITHUB_SERVER_URL', 'https://github.com'), ('PYTHONPATH', '/opt/ros/humble/lib/python3.10/site-packages:/opt/ros/humble/local/lib/python3.10/dist-packages'), ('CODESPACE_NAME', 'urban-space-garbanzo-j7wwvprrjjp25j95'), ('COLCON', '1'), ('CMAKE_PREFIX_PATH', '/opt/ros/humble')]), 'shell': False}
[150.620003] (turtlebot3_msgs) StdoutLine: {'line': b'[ 46%] \x1b[32mBuilding C object CMakeFiles/turtlebot3_msgs__rosidl_typesupport_introspection_c.dir/rosidl_typesupport_introspection_c/turtlebot3_msgs/action/detail/patrol__type_support.c.o\x1b[0m\n'}
[150.629154] (-) TimerEvent: {}
[150.699203] (dynamixel_sdk_custom_interfaces) StdoutLine: {'line': b'-- Install configuration: ""\n'}
[150.700018] (dynamixel_sdk_custom_interfaces) StdoutLine: {'line': b'-- Execute custom install script\n'}
[150.716921] (dynamixel_sdk_custom_interfaces) StdoutLine: {'line': b'-- Symlinking: /workspaces/UON-CS-robotlab-simulation-container/install/dynamixel_sdk_custom_interfaces/share/ament_index/resource_index/rosidl_interfaces/dynamixel_sdk_custom_interfaces\n'}
[150.729251] (-) TimerEvent: {}
[150.946080] (-) TimerEvent: {}
[150.981029] (dynamixel_sdk_custom_interfaces) StdoutLine: {'line': b'-- Symlinking: /workspaces/UON-CS-robotlab-simulation-container/install/dynamixel_sdk_custom_interfaces/include/dynamixel_sdk_custom_interfaces/dynamixel_sdk_custom_interfaces/msg/detail/set_position__functions.h\n'}
[151.047981] (-) TimerEvent: {}
[151.099022] (dynamixel_sdk_custom_interfaces) StdoutLine: {'line': b'-- Symlinking: /workspaces/UON-CS-robotlab-simulation-container/install/dynamixel_sdk_custom_interfaces/include/dynamixel_sdk_custom_interfaces/dynamixel_sdk_custom_interfaces/msg/detail/set_position__struct.h\n'}
[151.148091] (-) TimerEvent: {}
[151.212008] (dynamixel_sdk_custom_interfaces) StdoutLine: {'line': b'-- Symlinking: /workspaces/UON-CS-robotlab-simulation-container/install/dynamixel_sdk_custom_interfaces/include/dynamixel_sdk_custom_interfaces/dynamixel_sdk_custom_interfaces/msg/detail/set_position__type_support.h\n'}
[151.251022] (-) TimerEvent: {}
[151.394832] (-) TimerEvent: {}
[151.453604] (dynamixel_sdk_custom_interfaces) StdoutLine: {'line': b'-- Symlinking: /workspaces/UON-CS-robotlab-simulation-container/install/dynamixel_sdk_custom_interfaces/include/dynamixel_sdk_custom_interfaces/dynamixel_sdk_custom_interfaces/msg/rosidl_generator_c__visibility_control.h\n'}
[151.510577] (-) TimerEvent: {}
[151.586060] (turtlebot3_msgs) StdoutLine: {'line': b'[ 47%] \x1b[32m\x1b[1mLinking C shared library libturtlebot3_msgs__rosidl_typesupport_introspection_c.so\x1b[0m\n'}
[151.597600] (dynamixel_sdk_custom_interfaces) StdoutLine: {'line': b'-- Symlinking: /workspaces/UON-CS-robotlab-simulation-container/install/dynamixel_sdk_custom_interfaces/include/dynamixel_sdk_custom_interfaces/dynamixel_sdk_custom_interfaces/msg/set_position.h\n'}
[151.617072] (-) TimerEvent: {}
[151.720104] (-) TimerEvent: {}
[151.722574] (dynamixel_sdk_custom_interfaces) StdoutLine: {'line': b'-- Symlinking: /workspaces/UON-CS-robotlab-simulation-container/install/dynamixel_sdk_custom_interfaces/include/dynamixel_sdk_custom_interfaces/dynamixel_sdk_custom_interfaces/srv/detail/get_position__functions.h\n'}
[151.821832] (-) TimerEvent: {}
[151.926722] (-) TimerEvent: {}
[151.953271] (dynamixel_sdk_custom_interfaces) StdoutLine: {'line': b'-- Symlinking: /workspaces/UON-CS-robotlab-simulation-container/install/dynamixel_sdk_custom_interfaces/include/dynamixel_sdk_custom_interfaces/dynamixel_sdk_custom_interfaces/srv/detail/get_position__struct.h\n'}
[152.029443] (-) TimerEvent: {}
[152.060251] (dynamixel_sdk_custom_interfaces) StdoutLine: {'line': b'-- Symlinking: /workspaces/UON-CS-robotlab-simulation-container/install/dynamixel_sdk_custom_interfaces/include/dynamixel_sdk_custom_interfaces/dynamixel_sdk_custom_interfaces/srv/detail/get_position__type_support.h\n'}
[152.129080] (dynamixel_sdk_custom_interfaces) StdoutLine: {'line': b'-- Symlinking: /workspaces/UON-CS-robotlab-simulation-container/install/dynamixel_sdk_custom_interfaces/include/dynamixel_sdk_custom_interfaces/dynamixel_sdk_custom_interfaces/srv/get_position.h\n'}
[152.131150] (-) TimerEvent: {}
[152.209238] (turtlebot3_msgs) StdoutLine: {'line': b'[ 47%] Built target turtlebot3_msgs__rosidl_typesupport_introspection_c\n'}
[152.232502] (-) TimerEvent: {}
[152.241528] (dynamixel_sdk_custom_interfaces) StdoutLine: {'line': b'-- Symlinking: /workspaces/UON-CS-robotlab-simulation-container/install/dynamixel_sdk_custom_interfaces/share/dynamixel_sdk_custom_interfaces/environment/library_path.sh\n'}
[152.347563] (-) TimerEvent: {}
[152.558266] (-) TimerEvent: {}
[152.599898] (turtlebot3_msgs) StdoutLine: {'line': b'[ 48%] \x1b[34m\x1b[1mGenerating C type support dispatch for ROS interfaces\x1b[0m\n'}
[152.611019] (dynamixel_sdk_custom_interfaces) StdoutLine: {'line': b'-- Symlinking: /workspaces/UON-CS-robotlab-simulation-container/install/dynamixel_sdk_custom_interfaces/share/dynamixel_sdk_custom_interfaces/environment/library_path.dsv\n'}
[152.660591] (-) TimerEvent: {}
[152.755447] (dynamixel_sdk_custom_interfaces) StdoutLine: {'line': b'-- Symlinking: /workspaces/UON-CS-robotlab-simulation-container/install/dynamixel_sdk_custom_interfaces/include/dynamixel_sdk_custom_interfaces/dynamixel_sdk_custom_interfaces/msg/detail/set_position__rosidl_typesupport_fastrtps_c.h\n'}
[152.761926] (-) TimerEvent: {}
[152.877023] (-) TimerEvent: {}
[153.066694] (dynamixel_sdk_custom_interfaces) StdoutLine: {'line': b'-- Symlinking: /workspaces/UON-CS-robotlab-simulation-container/install/dynamixel_sdk_custom_interfaces/include/dynamixel_sdk_custom_interfaces/dynamixel_sdk_custom_interfaces/msg/rosidl_typesupport_fastrtps_c__visibility_control.h\n'}
[153.067876] (-) TimerEvent: {}
[153.095187] (dynamixel_sdk_custom_interfaces) StdoutLine: {'line': b'-- Symlinking: /workspaces/UON-CS-robotlab-simulation-container/install/dynamixel_sdk_custom_interfaces/include/dynamixel_sdk_custom_interfaces/dynamixel_sdk_custom_interfaces/srv/detail/get_position__rosidl_typesupport_fastrtps_c.h\n'}
[153.129863] (dynamixel_sdk_custom_interfaces) StdoutLine: {'line': b'-- Symlinking: /workspaces/UON-CS-robotlab-simulation-container/install/dynamixel_sdk_custom_interfaces/include/dynamixel_sdk_custom_interfaces/dynamixel_sdk_custom_interfaces/msg/detail/set_position__builder.hpp\n'}
[153.173071] (-) TimerEvent: {}
[153.236338] (dynamixel_sdk_custom_interfaces) StdoutLine: {'line': b'-- Symlinking: /workspaces/UON-CS-robotlab-simulation-container/install/dynamixel_sdk_custom_interfaces/include/dynamixel_sdk_custom_interfaces/dynamixel_sdk_custom_interfaces/msg/detail/set_position__struct.hpp\n'}
[153.275004] (-) TimerEvent: {}
[153.372105] (dynamixel_sdk_custom_interfaces) StdoutLine: {'line': b'-- Symlinking: /workspaces/UON-CS-robotlab-simulation-container/install/dynamixel_sdk_custom_interfaces/include/dynamixel_sdk_custom_interfaces/dynamixel_sdk_custom_interfaces/msg/detail/set_position__traits.hpp\n'}
[153.378566] (-) TimerEvent: {}
[153.533717] (-) TimerEvent: {}
[153.603611] (dynamixel_sdk_custom_interfaces) StdoutLine: {'line': b'-- Symlinking: /workspaces/UON-CS-robotlab-simulation-container/install/dynamixel_sdk_custom_interfaces/include/dynamixel_sdk_custom_interfaces/dynamixel_sdk_custom_interfaces/msg/detail/set_position__type_support.hpp\n'}
[153.604906] (dynamixel_sdk_custom_interfaces) StdoutLine: {'line': b'-- Symlinking: /workspaces/UON-CS-robotlab-simulation-container/install/dynamixel_sdk_custom_interfaces/include/dynamixel_sdk_custom_interfaces/dynamixel_sdk_custom_interfaces/msg/rosidl_generator_cpp__visibility_control.hpp\n'}
[153.611358] (dynamixel_sdk_custom_interfaces) StdoutLine: {'line': b'-- Symlinking: /workspaces/UON-CS-robotlab-simulation-container/install/dynamixel_sdk_custom_interfaces/include/dynamixel_sdk_custom_interfaces/dynamixel_sdk_custom_interfaces/msg/set_position.hpp\n'}
[153.627224] (dynamixel_sdk_custom_interfaces) StdoutLine: {'line': b'-- Symlinking: /workspaces/UON-CS-robotlab-simulation-container/install/dynamixel_sdk_custom_interfaces/include/dynamixel_sdk_custom_interfaces/dynamixel_sdk_custom_interfaces/srv/detail/get_position__builder.hpp\n'}
[153.648015] (-) TimerEvent: {}
[153.655001] (dynamixel_sdk_custom_interfaces) StdoutLine: {'line': b'-- Symlinking: /workspaces/UON-CS-robotlab-simulation-container/install/dynamixel_sdk_custom_interfaces/include/dynamixel_sdk_custom_interfaces/dynamixel_sdk_custom_interfaces/srv/detail/get_position__struct.hpp\n'}
[153.751003] (-) TimerEvent: {}
[153.777599] (dynamixel_sdk_custom_interfaces) StdoutLine: {'line': b'-- Symlinking: /workspaces/UON-CS-robotlab-simulation-container/install/dynamixel_sdk_custom_interfaces/include/dynamixel_sdk_custom_interfaces/dynamixel_sdk_custom_interfaces/srv/detail/get_position__traits.hpp\n'}
[153.851123] (-) TimerEvent: {}
[153.902999] (dynamixel_sdk_custom_interfaces) StdoutLine: {'line': b'-- Symlinking: /workspaces/UON-CS-robotlab-simulation-container/install/dynamixel_sdk_custom_interfaces/include/dynamixel_sdk_custom_interfaces/dynamixel_sdk_custom_interfaces/srv/detail/get_position__type_support.hpp\n'}
[153.962089] (-) TimerEvent: {}
[154.074106] (-) TimerEvent: {}
[154.132013] (dynamixel_sdk_custom_interfaces) StdoutLine: {'line': b'-- Symlinking: /workspaces/UON-CS-robotlab-simulation-container/install/dynamixel_sdk_custom_interfaces/include/dynamixel_sdk_custom_interfaces/dynamixel_sdk_custom_interfaces/srv/get_position.hpp\n'}
[154.183272] (-) TimerEvent: {}
[154.241007] (dynamixel_sdk_custom_interfaces) StdoutLine: {'line': b'-- Symlinking: /workspaces/UON-CS-robotlab-simulation-container/install/dynamixel_sdk_custom_interfaces/include/dynamixel_sdk_custom_interfaces/dynamixel_sdk_custom_interfaces/msg/detail/set_position__rosidl_typesupport_fastrtps_cpp.hpp\n'}
[154.288948] (-) TimerEvent: {}
[154.343170] (dynamixel_sdk_custom_interfaces) StdoutLine: {'line': b'-- Symlinking: /workspaces/UON-CS-robotlab-simulation-container/install/dynamixel_sdk_custom_interfaces/include/dynamixel_sdk_custom_interfaces/dynamixel_sdk_custom_interfaces/msg/rosidl_typesupport_fastrtps_cpp__visibility_control.h\n'}
[154.390016] (-) TimerEvent: {}
[154.410496] (dynamixel_sdk_custom_interfaces) StdoutLine: {'line': b'-- Symlinking: /workspaces/UON-CS-robotlab-simulation-container/install/dynamixel_sdk_custom_interfaces/include/dynamixel_sdk_custom_interfaces/dynamixel_sdk_custom_interfaces/srv/detail/get_position__rosidl_typesupport_fastrtps_cpp.hpp\n'}
[154.562726] (-) TimerEvent: {}
[154.607017] (dynamixel_sdk_custom_interfaces) StdoutLine: {'line': b'-- Symlinking: /workspaces/UON-CS-robotlab-simulation-container/install/dynamixel_sdk_custom_interfaces/include/dynamixel_sdk_custom_interfaces/dynamixel_sdk_custom_interfaces/msg/detail/set_position__rosidl_typesupport_introspection_c.h\n'}
[154.665859] (-) TimerEvent: {}
[154.692072] (dynamixel_sdk_custom_interfaces) StdoutLine: {'line': b'-- Symlinking: /workspaces/UON-CS-robotlab-simulation-container/install/dynamixel_sdk_custom_interfaces/include/dynamixel_sdk_custom_interfaces/dynamixel_sdk_custom_interfaces/msg/rosidl_typesupport_introspection_c__visibility_control.h\n'}
[154.747066] (dynamixel_sdk_custom_interfaces) StdoutLine: {'line': b'-- Symlinking: /workspaces/UON-CS-robotlab-simulation-container/install/dynamixel_sdk_custom_interfaces/include/dynamixel_sdk_custom_interfaces/dynamixel_sdk_custom_interfaces/srv/detail/get_position__rosidl_typesupport_introspection_c.h\n'}
[154.769335] (-) TimerEvent: {}
[154.840002] (dynamixel_sdk_custom_interfaces) StdoutLine: {'line': b'-- Symlinking: /workspaces/UON-CS-robotlab-simulation-container/install/dynamixel_sdk_custom_interfaces/include/dynamixel_sdk_custom_interfaces/dynamixel_sdk_custom_interfaces/msg/detail/set_position__rosidl_typesupport_introspection_cpp.hpp\n'}
[154.880009] (-) TimerEvent: {}
[154.984097] (-) TimerEvent: {}
[155.086555] (dynamixel_sdk_custom_interfaces) StdoutLine: {'line': b'-- Symlinking: /workspaces/UON-CS-robotlab-simulation-container/install/dynamixel_sdk_custom_interfaces/include/dynamixel_sdk_custom_interfaces/dynamixel_sdk_custom_interfaces/srv/detail/get_position__rosidl_typesupport_introspection_cpp.hpp\n'}
[155.089672] (-) TimerEvent: {}
[155.185482] (dynamixel_sdk_custom_interfaces) StdoutLine: {'line': b'-- Symlinking: /workspaces/UON-CS-robotlab-simulation-container/install/dynamixel_sdk_custom_interfaces/share/dynamixel_sdk_custom_interfaces/environment/pythonpath.sh\n'}
[155.193137] (-) TimerEvent: {}
[155.304298] (-) TimerEvent: {}
[155.370013] (dynamixel_sdk_custom_interfaces) StdoutLine: {'line': b'-- Symlinking: /workspaces/UON-CS-robotlab-simulation-container/install/dynamixel_sdk_custom_interfaces/share/dynamixel_sdk_custom_interfaces/environment/pythonpath.dsv\n'}
[155.406031] (-) TimerEvent: {}
[155.457043] (dynamixel_sdk_custom_interfaces) StdoutLine: {'line': b'-- Symlinking: /workspaces/UON-CS-robotlab-simulation-container/install/dynamixel_sdk_custom_interfaces/local/lib/python3.10/dist-packages/dynamixel_sdk_custom_interfaces-3.8.4-py3.10.egg-info/PKG-INFO\n'}
[155.508245] (-) TimerEvent: {}
[155.621698] (-) TimerEvent: {}
[155.716227] (dynamixel_sdk_custom_interfaces) StdoutLine: {'line': b'-- Symlinking: /workspaces/UON-CS-robotlab-simulation-container/install/dynamixel_sdk_custom_interfaces/local/lib/python3.10/dist-packages/dynamixel_sdk_custom_interfaces-3.8.4-py3.10.egg-info/SOURCES.txt\n'}
[155.721744] (-) TimerEvent: {}
[155.803687] (dynamixel_sdk_custom_interfaces) StdoutLine: {'line': b'-- Symlinking: /workspaces/UON-CS-robotlab-simulation-container/install/dynamixel_sdk_custom_interfaces/local/lib/python3.10/dist-packages/dynamixel_sdk_custom_interfaces-3.8.4-py3.10.egg-info/dependency_links.txt\n'}
[155.821864] (-) TimerEvent: {}
[155.854576] (dynamixel_sdk_custom_interfaces) StdoutLine: {'line': b'-- Symlinking: /workspaces/UON-CS-robotlab-simulation-container/install/dynamixel_sdk_custom_interfaces/local/lib/python3.10/dist-packages/dynamixel_sdk_custom_interfaces-3.8.4-py3.10.egg-info/top_level.txt\n'}
[155.898009] (dynamixel_sdk_custom_interfaces) StdoutLine: {'line': b'-- Symlinking: /workspaces/UON-CS-robotlab-simulation-container/install/dynamixel_sdk_custom_interfaces/local/lib/python3.10/dist-packages/dynamixel_sdk_custom_interfaces/__init__.py\n'}
[155.922031] (-) TimerEvent: {}
[155.964609] (dynamixel_sdk_custom_interfaces) StdoutLine: {'line': b'-- Symlinking: /workspaces/UON-CS-robotlab-simulation-container/install/dynamixel_sdk_custom_interfaces/local/lib/python3.10/dist-packages/dynamixel_sdk_custom_interfaces/_dynamixel_sdk_custom_interfaces_s.ep.rosidl_typesupport_c.c\n'}
[156.023029] (-) TimerEvent: {}
[156.061233] (dynamixel_sdk_custom_interfaces) StdoutLine: {'line': b'-- Symlinking: /workspaces/UON-CS-robotlab-simulation-container/install/dynamixel_sdk_custom_interfaces/local/lib/python3.10/dist-packages/dynamixel_sdk_custom_interfaces/_dynamixel_sdk_custom_interfaces_s.ep.rosidl_typesupport_fastrtps_c.c\n'}
[156.106604] (dynamixel_sdk_custom_interfaces) StdoutLine: {'line': b'-- Symlinking: /workspaces/UON-CS-robotlab-simulation-container/install/dynamixel_sdk_custom_interfaces/local/lib/python3.10/dist-packages/dynamixel_sdk_custom_interfaces/_dynamixel_sdk_custom_interfaces_s.ep.rosidl_typesupport_introspection_c.c\n'}
[156.125003] (-) TimerEvent: {}
[156.282557] (-) TimerEvent: {}
[156.308087] (dynamixel_sdk_custom_interfaces) StdoutLine: {'line': b'-- Symlinking: /workspaces/UON-CS-robotlab-simulation-container/install/dynamixel_sdk_custom_interfaces/local/lib/python3.10/dist-packages/dynamixel_sdk_custom_interfaces/dynamixel_sdk_custom_interfaces_s__rosidl_typesupport_c.cpython-310-x86_64-linux-gnu.so\n'}
[156.356607] (dynamixel_sdk_custom_interfaces) StdoutLine: {'line': b'-- Symlinking: /workspaces/UON-CS-robotlab-simulation-container/install/dynamixel_sdk_custom_interfaces/local/lib/python3.10/dist-packages/dynamixel_sdk_custom_interfaces/dynamixel_sdk_custom_interfaces_s__rosidl_typesupport_fastrtps_c.cpython-310-x86_64-linux-gnu.so\n'}
[156.385063] (-) TimerEvent: {}
[156.417052] (dynamixel_sdk_custom_interfaces) StdoutLine: {'line': b'-- Symlinking: /workspaces/UON-CS-robotlab-simulation-container/install/dynamixel_sdk_custom_interfaces/local/lib/python3.10/dist-packages/dynamixel_sdk_custom_interfaces/dynamixel_sdk_custom_interfaces_s__rosidl_typesupport_introspection_c.cpython-310-x86_64-linux-gnu.so\n'}
[156.485263] (dynamixel_sdk_custom_interfaces) StdoutLine: {'line': b'-- Symlinking: /workspaces/UON-CS-robotlab-simulation-container/install/dynamixel_sdk_custom_interfaces/local/lib/python3.10/dist-packages/dynamixel_sdk_custom_interfaces/libdynamixel_sdk_custom_interfaces__rosidl_generator_py.so\n'}
[156.485514] (-) TimerEvent: {}
[156.530291] (dynamixel_sdk_custom_interfaces) StdoutLine: {'line': b'-- Symlinking: /workspaces/UON-CS-robotlab-simulation-container/install/dynamixel_sdk_custom_interfaces/local/lib/python3.10/dist-packages/dynamixel_sdk_custom_interfaces/msg/__init__.py\n'}
[156.555022] (dynamixel_sdk_custom_interfaces) StdoutLine: {'line': b'-- Symlinking: /workspaces/UON-CS-robotlab-simulation-container/install/dynamixel_sdk_custom_interfaces/local/lib/python3.10/dist-packages/dynamixel_sdk_custom_interfaces/msg/_set_position.py\n'}
[156.580000] (dynamixel_sdk_custom_interfaces) StdoutLine: {'line': b'-- Symlinking: /workspaces/UON-CS-robotlab-simulation-container/install/dynamixel_sdk_custom_interfaces/local/lib/python3.10/dist-packages/dynamixel_sdk_custom_interfaces/msg/_set_position_s.c\n'}
[156.585633] (-) TimerEvent: {}
[156.620076] (dynamixel_sdk_custom_interfaces) StdoutLine: {'line': b'-- Symlinking: /workspaces/UON-CS-robotlab-simulation-container/install/dynamixel_sdk_custom_interfaces/local/lib/python3.10/dist-packages/dynamixel_sdk_custom_interfaces/srv/__init__.py\n'}
[156.669218] (dynamixel_sdk_custom_interfaces) StdoutLine: {'line': b'-- Symlinking: /workspaces/UON-CS-robotlab-simulation-container/install/dynamixel_sdk_custom_interfaces/local/lib/python3.10/dist-packages/dynamixel_sdk_custom_interfaces/srv/_get_position.py\n'}
[156.687771] (-) TimerEvent: {}
[156.725511] (dynamixel_sdk_custom_interfaces) StdoutLine: {'line': b'-- Symlinking: /workspaces/UON-CS-robotlab-simulation-container/install/dynamixel_sdk_custom_interfaces/local/lib/python3.10/dist-packages/dynamixel_sdk_custom_interfaces/srv/_get_position_s.c\n'}
[156.773047] (dynamixel_sdk_custom_interfaces) StdoutLine: {'line': b'-- Up-to-date symlink: /workspaces/UON-CS-robotlab-simulation-container/install/dynamixel_sdk_custom_interfaces/local/lib/python3.10/dist-packages/dynamixel_sdk_custom_interfaces/dynamixel_sdk_custom_interfaces_s__rosidl_typesupport_fastrtps_c.cpython-310-x86_64-linux-gnu.so\n'}
[156.773257] (dynamixel_sdk_custom_interfaces) StdoutLine: {'line': b'-- Up-to-date symlink: /workspaces/UON-CS-robotlab-simulation-container/install/dynamixel_sdk_custom_interfaces/local/lib/python3.10/dist-packages/dynamixel_sdk_custom_interfaces/dynamixel_sdk_custom_interfaces_s__rosidl_typesupport_introspection_c.cpython-310-x86_64-linux-gnu.so\n'}
[156.773352] (dynamixel_sdk_custom_interfaces) StdoutLine: {'line': b'-- Up-to-date symlink: /workspaces/UON-CS-robotlab-simulation-container/install/dynamixel_sdk_custom_interfaces/local/lib/python3.10/dist-packages/dynamixel_sdk_custom_interfaces/dynamixel_sdk_custom_interfaces_s__rosidl_typesupport_c.cpython-310-x86_64-linux-gnu.so\n'}
[156.781002] (dynamixel_sdk_custom_interfaces) StdoutLine: {'line': b'-- Symlinking: /workspaces/UON-CS-robotlab-simulation-container/install/dynamixel_sdk_custom_interfaces/share/ament_index/resource_index/rust_packages/dynamixel_sdk_custom_interfaces\n'}
[156.789094] (-) TimerEvent: {}
[156.933322] (dynamixel_sdk_custom_interfaces) StdoutLine: {'line': b'-- Symlinking: /workspaces/UON-CS-robotlab-simulation-container/install/dynamixel_sdk_custom_interfaces/share/dynamixel_sdk_custom_interfaces/rust/Cargo.toml\n'}
[156.942334] (-) TimerEvent: {}
[156.986021] (dynamixel_sdk_custom_interfaces) StdoutLine: {'line': b'-- Symlinking: /workspaces/UON-CS-robotlab-simulation-container/install/dynamixel_sdk_custom_interfaces/share/dynamixel_sdk_custom_interfaces/rust/build.rs\n'}
[157.043211] (-) TimerEvent: {}
[157.049373] (dynamixel_sdk_custom_interfaces) StdoutLine: {'line': b'-- Symlinking: /workspaces/UON-CS-robotlab-simulation-container/install/dynamixel_sdk_custom_interfaces/share/dynamixel_sdk_custom_interfaces/rust/src/lib.rs\n'}
[157.101885] (dynamixel_sdk_custom_interfaces) StdoutLine: {'line': b'-- Symlinking: /workspaces/UON-CS-robotlab-simulation-container/install/dynamixel_sdk_custom_interfaces/share/dynamixel_sdk_custom_interfaces/rust/src/msg.rs\n'}
[157.147482] (-) TimerEvent: {}
[157.161974] (dynamixel_sdk_custom_interfaces) StdoutLine: {'line': b'-- Symlinking: /workspaces/UON-CS-robotlab-simulation-container/install/dynamixel_sdk_custom_interfaces/share/dynamixel_sdk_custom_interfaces/rust/src/msg/rmw.rs\n'}
[157.214105] (dynamixel_sdk_custom_interfaces) StdoutLine: {'line': b'-- Symlinking: /workspaces/UON-CS-robotlab-simulation-container/install/dynamixel_sdk_custom_interfaces/share/dynamixel_sdk_custom_interfaces/rust/src/srv.rs\n'}
[157.233616] (dynamixel_sdk_custom_interfaces) StdoutLine: {'line': b'-- Symlinking: /workspaces/UON-CS-robotlab-simulation-container/install/dynamixel_sdk_custom_interfaces/share/dynamixel_sdk_custom_interfaces/rust/src/srv/rmw.rs\n'}
[157.247792] (-) TimerEvent: {}
[157.286202] (dynamixel_sdk_custom_interfaces) StdoutLine: {'line': b'-- Symlinking: /workspaces/UON-CS-robotlab-simulation-container/install/dynamixel_sdk_custom_interfaces/share/dynamixel_sdk_custom_interfaces/msg/SetPosition.idl\n'}
[157.345724] (dynamixel_sdk_custom_interfaces) StdoutLine: {'line': b'-- Symlinking: /workspaces/UON-CS-robotlab-simulation-container/install/dynamixel_sdk_custom_interfaces/share/dynamixel_sdk_custom_interfaces/srv/GetPosition.idl\n'}
[157.353997] (-) TimerEvent: {}
[157.506980] (-) TimerEvent: {}
[157.566877] (dynamixel_sdk_custom_interfaces) StdoutLine: {'line': b'-- Symlinking: /workspaces/UON-CS-robotlab-simulation-container/install/dynamixel_sdk_custom_interfaces/share/dynamixel_sdk_custom_interfaces/msg/SetPosition.msg\n'}
[157.605097] (dynamixel_sdk_custom_interfaces) StdoutLine: {'line': b'-- Symlinking: /workspaces/UON-CS-robotlab-simulation-container/install/dynamixel_sdk_custom_interfaces/share/dynamixel_sdk_custom_interfaces/srv/GetPosition.srv\n'}
[157.612542] (-) TimerEvent: {}
[157.700290] (dynamixel_sdk_custom_interfaces) StdoutLine: {'line': b'-- Symlinking: /workspaces/UON-CS-robotlab-simulation-container/install/dynamixel_sdk_custom_interfaces/share/dynamixel_sdk_custom_interfaces/srv/GetPosition_Request.msg\n'}
[157.720042] (-) TimerEvent: {}
[157.786709] (dynamixel_sdk_custom_interfaces) StdoutLine: {'line': b'-- Symlinking: /workspaces/UON-CS-robotlab-simulation-container/install/dynamixel_sdk_custom_interfaces/share/dynamixel_sdk_custom_interfaces/srv/GetPosition_Response.msg\n'}
[157.821346] (-) TimerEvent: {}
[157.879693] (dynamixel_sdk_custom_interfaces) StdoutLine: {'line': b'-- Symlinking: /workspaces/UON-CS-robotlab-simulation-container/install/dynamixel_sdk_custom_interfaces/share/ament_index/resource_index/package_run_dependencies/dynamixel_sdk_custom_interfaces\n'}
[157.921460] (-) TimerEvent: {}
[157.964259] (dynamixel_sdk_custom_interfaces) StdoutLine: {'line': b'-- Symlinking: /workspaces/UON-CS-robotlab-simulation-container/install/dynamixel_sdk_custom_interfaces/share/ament_index/resource_index/parent_prefix_path/dynamixel_sdk_custom_interfaces\n'}
[158.023712] (dynamixel_sdk_custom_interfaces) StdoutLine: {'line': b'-- Symlinking: /workspaces/UON-CS-robotlab-simulation-container/install/dynamixel_sdk_custom_interfaces/share/dynamixel_sdk_custom_interfaces/environment/ament_prefix_path.sh\n'}
[158.023995] (-) TimerEvent: {}
[158.115997] (dynamixel_sdk_custom_interfaces) StdoutLine: {'line': b'-- Symlinking: /workspaces/UON-CS-robotlab-simulation-container/install/dynamixel_sdk_custom_interfaces/share/dynamixel_sdk_custom_interfaces/environment/ament_prefix_path.dsv\n'}
[158.136986] (-) TimerEvent: {}
[158.212019] (dynamixel_sdk_custom_interfaces) StdoutLine: {'line': b'-- Symlinking: /workspaces/UON-CS-robotlab-simulation-container/install/dynamixel_sdk_custom_interfaces/share/dynamixel_sdk_custom_interfaces/environment/path.sh\n'}
[158.240160] (-) TimerEvent: {}
[158.328105] (dynamixel_sdk_custom_interfaces) StdoutLine: {'line': b'-- Symlinking: /workspaces/UON-CS-robotlab-simulation-container/install/dynamixel_sdk_custom_interfaces/share/dynamixel_sdk_custom_interfaces/environment/path.dsv\n'}
[158.340515] (-) TimerEvent: {}
[158.404128] (dynamixel_sdk_custom_interfaces) StdoutLine: {'line': b'-- Symlinking: /workspaces/UON-CS-robotlab-simulation-container/install/dynamixel_sdk_custom_interfaces/share/dynamixel_sdk_custom_interfaces/local_setup.bash\n'}
[158.440612] (-) TimerEvent: {}
[158.483645] (dynamixel_sdk_custom_interfaces) StdoutLine: {'line': b'-- Symlinking: /workspaces/UON-CS-robotlab-simulation-container/install/dynamixel_sdk_custom_interfaces/share/dynamixel_sdk_custom_interfaces/local_setup.sh\n'}
[158.524178] (dynamixel_sdk_custom_interfaces) StdoutLine: {'line': b'-- Symlinking: /workspaces/UON-CS-robotlab-simulation-container/install/dynamixel_sdk_custom_interfaces/share/dynamixel_sdk_custom_interfaces/local_setup.zsh\n'}
[158.540736] (-) TimerEvent: {}
[158.563186] (dynamixel_sdk_custom_interfaces) StdoutLine: {'line': b'-- Symlinking: /workspaces/UON-CS-robotlab-simulation-container/install/dynamixel_sdk_custom_interfaces/share/dynamixel_sdk_custom_interfaces/local_setup.dsv\n'}
[158.664196] (dynamixel_sdk_custom_interfaces) StdoutLine: {'line': b'-- Symlinking: /workspaces/UON-CS-robotlab-simulation-container/install/dynamixel_sdk_custom_interfaces/share/dynamixel_sdk_custom_interfaces/package.dsv\n'}
[158.683420] (-) TimerEvent: {}
[158.822310] (-) TimerEvent: {}
[158.881442] (dynamixel_sdk_custom_interfaces) StdoutLine: {'line': b'-- Symlinking: /workspaces/UON-CS-robotlab-simulation-container/install/dynamixel_sdk_custom_interfaces/share/ament_index/resource_index/packages/dynamixel_sdk_custom_interfaces\n'}
[158.919380] (dynamixel_sdk_custom_interfaces) StdoutLine: {'line': b'-- Symlinking: /workspaces/UON-CS-robotlab-simulation-container/install/dynamixel_sdk_custom_interfaces/share/dynamixel_sdk_custom_interfaces/cmake/rosidl_cmake-extras.cmake\n'}
[158.926373] (-) TimerEvent: {}
[158.971077] (dynamixel_sdk_custom_interfaces) StdoutLine: {'line': b'-- Symlinking: /workspaces/UON-CS-robotlab-simulation-container/install/dynamixel_sdk_custom_interfaces/share/dynamixel_sdk_custom_interfaces/cmake/ament_cmake_export_dependencies-extras.cmake\n'}
[159.004185] (dynamixel_sdk_custom_interfaces) StdoutLine: {'line': b'-- Symlinking: /workspaces/UON-CS-robotlab-simulation-container/install/dynamixel_sdk_custom_interfaces/share/dynamixel_sdk_custom_interfaces/cmake/ament_cmake_export_include_directories-extras.cmake\n'}
[159.026357] (-) TimerEvent: {}
[159.027701] (dynamixel_sdk_custom_interfaces) StdoutLine: {'line': b'-- Symlinking: /workspaces/UON-CS-robotlab-simulation-container/install/dynamixel_sdk_custom_interfaces/share/dynamixel_sdk_custom_interfaces/cmake/ament_cmake_export_libraries-extras.cmake\n'}
[159.057207] (dynamixel_sdk_custom_interfaces) StdoutLine: {'line': b'-- Symlinking: /workspaces/UON-CS-robotlab-simulation-container/install/dynamixel_sdk_custom_interfaces/share/dynamixel_sdk_custom_interfaces/cmake/ament_cmake_export_targets-extras.cmake\n'}
[159.097174] (dynamixel_sdk_custom_interfaces) StdoutLine: {'line': b'-- Symlinking: /workspaces/UON-CS-robotlab-simulation-container/install/dynamixel_sdk_custom_interfaces/share/dynamixel_sdk_custom_interfaces/cmake/rosidl_cmake_export_typesupport_targets-extras.cmake\n'}
[159.141489] (dynamixel_sdk_custom_interfaces) StdoutLine: {'line': b'-- Symlinking: /workspaces/UON-CS-robotlab-simulation-container/install/dynamixel_sdk_custom_interfaces/share/dynamixel_sdk_custom_interfaces/cmake/rosidl_cmake_export_typesupport_libraries-extras.cmake\n'}
[159.143292] (-) TimerEvent: {}
[159.170243] (dynamixel_sdk_custom_interfaces) StdoutLine: {'line': b'-- Symlinking: /workspaces/UON-CS-robotlab-simulation-container/install/dynamixel_sdk_custom_interfaces/share/dynamixel_sdk_custom_interfaces/cmake/dynamixel_sdk_custom_interfacesConfig.cmake\n'}
[159.201004] (dynamixel_sdk_custom_interfaces) StdoutLine: {'line': b'-- Symlinking: /workspaces/UON-CS-robotlab-simulation-container/install/dynamixel_sdk_custom_interfaces/share/dynamixel_sdk_custom_interfaces/cmake/dynamixel_sdk_custom_interfacesConfig-version.cmake\n'}
[159.221577] (dynamixel_sdk_custom_interfaces) StdoutLine: {'line': b'-- Symlinking: /workspaces/UON-CS-robotlab-simulation-container/install/dynamixel_sdk_custom_interfaces/share/dynamixel_sdk_custom_interfaces/package.xml\n'}
[159.243405] (-) TimerEvent: {}
[159.247593] (dynamixel_sdk_custom_interfaces) StdoutLine: {'line': b'-- Installing: /workspaces/UON-CS-robotlab-simulation-container/install/dynamixel_sdk_custom_interfaces/lib/libdynamixel_sdk_custom_interfaces__rosidl_generator_c.so\n'}
[159.345016] (-) TimerEvent: {}
[159.448478] (-) TimerEvent: {}
[159.480721] (dynamixel_sdk_custom_interfaces) StdoutLine: {'line': b'-- Set runtime path of "/workspaces/UON-CS-robotlab-simulation-container/install/dynamixel_sdk_custom_interfaces/lib/libdynamixel_sdk_custom_interfaces__rosidl_generator_c.so" to ""\n'}
[159.484362] (dynamixel_sdk_custom_interfaces) StdoutLine: {'line': b'-- Installing: /workspaces/UON-CS-robotlab-simulation-container/install/dynamixel_sdk_custom_interfaces/lib/libdynamixel_sdk_custom_interfaces__rosidl_typesupport_fastrtps_c.so\n'}
[159.484545] (dynamixel_sdk_custom_interfaces) StdoutLine: {'line': b'-- Set runtime path of "/workspaces/UON-CS-robotlab-simulation-container/install/dynamixel_sdk_custom_interfaces/lib/libdynamixel_sdk_custom_interfaces__rosidl_typesupport_fastrtps_c.so" to ""\n'}
[159.487273] (dynamixel_sdk_custom_interfaces) StdoutLine: {'line': b'-- Installing: /workspaces/UON-CS-robotlab-simulation-container/install/dynamixel_sdk_custom_interfaces/lib/libdynamixel_sdk_custom_interfaces__rosidl_typesupport_fastrtps_cpp.so\n'}
[159.499002] (dynamixel_sdk_custom_interfaces) StdoutLine: {'line': b'-- Set runtime path of "/workspaces/UON-CS-robotlab-simulation-container/install/dynamixel_sdk_custom_interfaces/lib/libdynamixel_sdk_custom_interfaces__rosidl_typesupport_fastrtps_cpp.so" to ""\n'}
[159.499168] (dynamixel_sdk_custom_interfaces) StdoutLine: {'line': b'-- Installing: /workspaces/UON-CS-robotlab-simulation-container/install/dynamixel_sdk_custom_interfaces/lib/libdynamixel_sdk_custom_interfaces__rosidl_typesupport_introspection_c.so\n'}
[159.499252] (dynamixel_sdk_custom_interfaces) StdoutLine: {'line': b'-- Set runtime path of "/workspaces/UON-CS-robotlab-simulation-container/install/dynamixel_sdk_custom_interfaces/lib/libdynamixel_sdk_custom_interfaces__rosidl_typesupport_introspection_c.so" to ""\n'}
[159.499323] (dynamixel_sdk_custom_interfaces) StdoutLine: {'line': b'-- Installing: /workspaces/UON-CS-robotlab-simulation-container/install/dynamixel_sdk_custom_interfaces/lib/libdynamixel_sdk_custom_interfaces__rosidl_typesupport_c.so\n'}
[159.499402] (dynamixel_sdk_custom_interfaces) StdoutLine: {'line': b'-- Set runtime path of "/workspaces/UON-CS-robotlab-simulation-container/install/dynamixel_sdk_custom_interfaces/lib/libdynamixel_sdk_custom_interfaces__rosidl_typesupport_c.so" to ""\n'}
[159.499475] (dynamixel_sdk_custom_interfaces) StdoutLine: {'line': b'-- Installing: /workspaces/UON-CS-robotlab-simulation-container/install/dynamixel_sdk_custom_interfaces/lib/libdynamixel_sdk_custom_interfaces__rosidl_typesupport_introspection_cpp.so\n'}
[159.508691] (dynamixel_sdk_custom_interfaces) StdoutLine: {'line': b'-- Set runtime path of "/workspaces/UON-CS-robotlab-simulation-container/install/dynamixel_sdk_custom_interfaces/lib/libdynamixel_sdk_custom_interfaces__rosidl_typesupport_introspection_cpp.so" to ""\n'}
[159.508834] (dynamixel_sdk_custom_interfaces) StdoutLine: {'line': b'-- Installing: /workspaces/UON-CS-robotlab-simulation-container/install/dynamixel_sdk_custom_interfaces/lib/libdynamixel_sdk_custom_interfaces__rosidl_typesupport_cpp.so\n'}
[159.508913] (dynamixel_sdk_custom_interfaces) StdoutLine: {'line': b'-- Set runtime path of "/workspaces/UON-CS-robotlab-simulation-container/install/dynamixel_sdk_custom_interfaces/lib/libdynamixel_sdk_custom_interfaces__rosidl_typesupport_cpp.so" to ""\n'}
[159.549006] (-) TimerEvent: {}
[159.650662] (-) TimerEvent: {}
[159.753012] (-) TimerEvent: {}
[159.766534] (dynamixel_sdk_custom_interfaces) StdoutLine: {'line': b"Listing '/workspaces/UON-CS-robotlab-simulation-container/install/dynamixel_sdk_custom_interfaces/local/lib/python3.10/dist-packages/dynamixel_sdk_custom_interfaces'...\n"}
[159.766733] (dynamixel_sdk_custom_interfaces) StdoutLine: {'line': b"Compiling '/workspaces/UON-CS-robotlab-simulation-container/install/dynamixel_sdk_custom_interfaces/local/lib/python3.10/dist-packages/dynamixel_sdk_custom_interfaces/__init__.py'...\n"}
[159.766825] (dynamixel_sdk_custom_interfaces) StdoutLine: {'line': b"Listing '/workspaces/UON-CS-robotlab-simulation-container/install/dynamixel_sdk_custom_interfaces/local/lib/python3.10/dist-packages/dynamixel_sdk_custom_interfaces/msg'...\n"}
[159.766903] (dynamixel_sdk_custom_interfaces) StdoutLine: {'line': b"Compiling '/workspaces/UON-CS-robotlab-simulation-container/install/dynamixel_sdk_custom_interfaces/local/lib/python3.10/dist-packages/dynamixel_sdk_custom_interfaces/msg/__init__.py'...\n"}
[159.766998] (dynamixel_sdk_custom_interfaces) StdoutLine: {'line': b"Compiling '/workspaces/UON-CS-robotlab-simulation-container/install/dynamixel_sdk_custom_interfaces/local/lib/python3.10/dist-packages/dynamixel_sdk_custom_interfaces/msg/_set_position.py'...\n"}
[159.767074] (dynamixel_sdk_custom_interfaces) StdoutLine: {'line': b"Listing '/workspaces/UON-CS-robotlab-simulation-container/install/dynamixel_sdk_custom_interfaces/local/lib/python3.10/dist-packages/dynamixel_sdk_custom_interfaces/srv'...\n"}
[159.767165] (dynamixel_sdk_custom_interfaces) StdoutLine: {'line': b"Compiling '/workspaces/UON-CS-robotlab-simulation-container/install/dynamixel_sdk_custom_interfaces/local/lib/python3.10/dist-packages/dynamixel_sdk_custom_interfaces/srv/__init__.py'...\n"}
[159.767245] (dynamixel_sdk_custom_interfaces) StdoutLine: {'line': b"Compiling '/workspaces/UON-CS-robotlab-simulation-container/install/dynamixel_sdk_custom_interfaces/local/lib/python3.10/dist-packages/dynamixel_sdk_custom_interfaces/srv/_get_position.py'...\n"}
[159.802606] (dynamixel_sdk_custom_interfaces) StdoutLine: {'line': b'-- Installing: /workspaces/UON-CS-robotlab-simulation-container/install/dynamixel_sdk_custom_interfaces/lib/libdynamixel_sdk_custom_interfaces__rosidl_generator_py.so\n'}
[159.802845] (dynamixel_sdk_custom_interfaces) StdoutLine: {'line': b'-- Set runtime path of "/workspaces/UON-CS-robotlab-simulation-container/install/dynamixel_sdk_custom_interfaces/lib/libdynamixel_sdk_custom_interfaces__rosidl_generator_py.so" to ""\n'}
[159.803472] (dynamixel_sdk_custom_interfaces) StdoutLine: {'line': b'-- Installing: /workspaces/UON-CS-robotlab-simulation-container/install/dynamixel_sdk_custom_interfaces/share/dynamixel_sdk_custom_interfaces/cmake/export_dynamixel_sdk_custom_interfaces__rosidl_generator_cExport.cmake\n'}
[159.807806] (dynamixel_sdk_custom_interfaces) StdoutLine: {'line': b'-- Installing: /workspaces/UON-CS-robotlab-simulation-container/install/dynamixel_sdk_custom_interfaces/share/dynamixel_sdk_custom_interfaces/cmake/export_dynamixel_sdk_custom_interfaces__rosidl_generator_cExport-noconfig.cmake\n'}
[159.808137] (dynamixel_sdk_custom_interfaces) StdoutLine: {'line': b'-- Installing: /workspaces/UON-CS-robotlab-simulation-container/install/dynamixel_sdk_custom_interfaces/share/dynamixel_sdk_custom_interfaces/cmake/export_dynamixel_sdk_custom_interfaces__rosidl_typesupport_fastrtps_cExport.cmake\n'}
[159.808325] (dynamixel_sdk_custom_interfaces) StdoutLine: {'line': b'-- Installing: /workspaces/UON-CS-robotlab-simulation-container/install/dynamixel_sdk_custom_interfaces/share/dynamixel_sdk_custom_interfaces/cmake/export_dynamixel_sdk_custom_interfaces__rosidl_typesupport_fastrtps_cExport-noconfig.cmake\n'}
[159.809245] (dynamixel_sdk_custom_interfaces) StdoutLine: {'line': b'-- Installing: /workspaces/UON-CS-robotlab-simulation-container/install/dynamixel_sdk_custom_interfaces/share/dynamixel_sdk_custom_interfaces/cmake/export_dynamixel_sdk_custom_interfaces__rosidl_generator_cppExport.cmake\n'}
[159.814567] (dynamixel_sdk_custom_interfaces) StdoutLine: {'line': b'-- Installing: /workspaces/UON-CS-robotlab-simulation-container/install/dynamixel_sdk_custom_interfaces/share/dynamixel_sdk_custom_interfaces/cmake/export_dynamixel_sdk_custom_interfaces__rosidl_typesupport_fastrtps_cppExport.cmake\n'}
[159.814725] (dynamixel_sdk_custom_interfaces) StdoutLine: {'line': b'-- Installing: /workspaces/UON-CS-robotlab-simulation-container/install/dynamixel_sdk_custom_interfaces/share/dynamixel_sdk_custom_interfaces/cmake/export_dynamixel_sdk_custom_interfaces__rosidl_typesupport_fastrtps_cppExport-noconfig.cmake\n'}
[159.814833] (dynamixel_sdk_custom_interfaces) StdoutLine: {'line': b'-- Installing: /workspaces/UON-CS-robotlab-simulation-container/install/dynamixel_sdk_custom_interfaces/share/dynamixel_sdk_custom_interfaces/cmake/dynamixel_sdk_custom_interfaces__rosidl_typesupport_introspection_cExport.cmake\n'}
[159.815070] (dynamixel_sdk_custom_interfaces) StdoutLine: {'line': b'-- Installing: /workspaces/UON-CS-robotlab-simulation-container/install/dynamixel_sdk_custom_interfaces/share/dynamixel_sdk_custom_interfaces/cmake/dynamixel_sdk_custom_interfaces__rosidl_typesupport_introspection_cExport-noconfig.cmake\n'}
[159.818006] (dynamixel_sdk_custom_interfaces) StdoutLine: {'line': b'-- Installing: /workspaces/UON-CS-robotlab-simulation-container/install/dynamixel_sdk_custom_interfaces/share/dynamixel_sdk_custom_interfaces/cmake/dynamixel_sdk_custom_interfaces__rosidl_typesupport_cExport.cmake\n'}
[159.819449] (dynamixel_sdk_custom_interfaces) StdoutLine: {'line': b'-- Installing: /workspaces/UON-CS-robotlab-simulation-container/install/dynamixel_sdk_custom_interfaces/share/dynamixel_sdk_custom_interfaces/cmake/dynamixel_sdk_custom_interfaces__rosidl_typesupport_cExport-noconfig.cmake\n'}
[159.820918] (dynamixel_sdk_custom_interfaces) StdoutLine: {'line': b'-- Installing: /workspaces/UON-CS-robotlab-simulation-container/install/dynamixel_sdk_custom_interfaces/share/dynamixel_sdk_custom_interfaces/cmake/dynamixel_sdk_custom_interfaces__rosidl_typesupport_introspection_cppExport.cmake\n'}
[159.822278] (dynamixel_sdk_custom_interfaces) StdoutLine: {'line': b'-- Installing: /workspaces/UON-CS-robotlab-simulation-container/install/dynamixel_sdk_custom_interfaces/share/dynamixel_sdk_custom_interfaces/cmake/dynamixel_sdk_custom_interfaces__rosidl_typesupport_introspection_cppExport-noconfig.cmake\n'}
[159.825523] (dynamixel_sdk_custom_interfaces) StdoutLine: {'line': b'-- Installing: /workspaces/UON-CS-robotlab-simulation-container/install/dynamixel_sdk_custom_interfaces/share/dynamixel_sdk_custom_interfaces/cmake/dynamixel_sdk_custom_interfaces__rosidl_typesupport_cppExport.cmake\n'}
[159.825677] (dynamixel_sdk_custom_interfaces) StdoutLine: {'line': b'-- Installing: /workspaces/UON-CS-robotlab-simulation-container/install/dynamixel_sdk_custom_interfaces/share/dynamixel_sdk_custom_interfaces/cmake/dynamixel_sdk_custom_interfaces__rosidl_typesupport_cppExport-noconfig.cmake\n'}
[159.826050] (dynamixel_sdk_custom_interfaces) StdoutLine: {'line': b'-- Installing: /workspaces/UON-CS-robotlab-simulation-container/install/dynamixel_sdk_custom_interfaces/share/dynamixel_sdk_custom_interfaces/cmake/export_dynamixel_sdk_custom_interfaces__rosidl_generator_pyExport.cmake\n'}
[159.829981] (dynamixel_sdk_custom_interfaces) StdoutLine: {'line': b'-- Installing: /workspaces/UON-CS-robotlab-simulation-container/install/dynamixel_sdk_custom_interfaces/share/dynamixel_sdk_custom_interfaces/cmake/export_dynamixel_sdk_custom_interfaces__rosidl_generator_pyExport-noconfig.cmake\n'}
[159.836802] (dynamixel_sdk_custom_interfaces) CommandEnded: {'returncode': 0}
[159.906339] (-) TimerEvent: {}
[160.008183] (-) TimerEvent: {}
[160.110821] (-) TimerEvent: {}
[160.211173] (-) TimerEvent: {}
[160.325287] (-) TimerEvent: {}
[160.455171] (-) TimerEvent: {}
[160.623473] (-) TimerEvent: {}
[160.666013] (turtlebot3_msgs) StdoutLine: {'line': b'[ 50%] \x1b[32mBuilding CXX object CMakeFiles/turtlebot3_msgs__rosidl_typesupport_c.dir/rosidl_typesupport_c/turtlebot3_msgs/msg/sensor_state__type_support.cpp.o\x1b[0m\n'}
[160.746697] (dynamixel_sdk_custom_interfaces) JobEnded: {'identifier': 'dynamixel_sdk_custom_interfaces', 'rc': 0}
[160.770328] (-) TimerEvent: {}
[160.770490] (turtlebot3_cartographer) JobStarted: {'identifier': 'turtlebot3_cartographer'}
[160.872034] (turtlebot3_cartographer) JobProgress: {'identifier': 'turtlebot3_cartographer', 'progress': 'cmake'}
[160.872101] (-) TimerEvent: {}
[160.872234] (turtlebot3_cartographer) Command: {'cmd': ['/usr/bin/cmake', '/workspaces/UON-CS-robotlab-simulation-container/src/turtlebot3/turtlebot3_cartographer', '-DAMENT_CMAKE_SYMLINK_INSTALL=1', '-DCMAKE_INSTALL_PREFIX=/workspaces/UON-CS-robotlab-simulation-container/install/turtlebot3_cartographer'], 'cwd': '/workspaces/UON-CS-robotlab-simulation-container/build/turtlebot3_cartographer', 'env': OrderedDict([('GITHUB_TOKEN', 'ghu_qzXzf473tpbDuGEeRKMePfjjEUUgEL3qLs6h'), ('GITHUB_CODESPACE_TOKEN', 'AOKRK4QICIVTYBHCYV5Y7K3KNF2YXANCNFSM4AXFRYHA'), ('FEATURE_SPARK_POST_COMMIT_CREATE_ITERATION', 'true'), ('HOSTNAME', 'codespaces-9eb142'), ('GITHUB_CODESPACES_PORT_FORWARDING_DOMAIN', 'app.github.dev'), ('SHLVL', '2'), ('LD_LIBRARY_PATH', '/usr/lib/x86_64-linux-gnu/gazebo-11/plugins:/opt/ros/humble/opt/rviz_ogre_vendor/lib:/opt/ros/humble/lib/x86_64-linux-gnu:/opt/ros/humble/lib'), ('HOME', '/home/vscode'), ('OLDPWD', '/workspaces/UON-CS-robotlab-simulation-container'), ('CODESPACES', 'true'), ('ROS_PYTHON_VERSION', '3'), ('GITHUB_USER', 'mohammad-areeb'), ('GITHUB_GRAPHQL_URL', 'https://api.github.com/graphql'), ('ROS_DISTRO', 'humble'), ('ContainerVersion', '13'), ('GITHUB_API_URL', 'https://api.github.com'), ('RepositoryName', 'UON-CS-robotlab-simulation-container'), ('_', '/usr/bin/colcon'), ('ROS_VERSION', '2'), ('CLOUDENV_ENVIRONMENT_ID', '344bab99-1d47-4655-88f7-fee790854045'), ('TERM', 'xterm'), ('ROS_LOCALHOST_ONLY', '0'), ('PATH', '/opt/ros/humble/bin:/usr/local/sbin:/usr/local/bin:/usr/sbin:/usr/bin:/sbin:/bin'), ('SHELL_LOGGED_IN', 'true'), ('LANG', 'C.UTF-8'), ('LS_COLORS', ''), ('GITHUB_REPOSITORY', 'mohammad-areeb/UON-CS-robotlab-simulation-container'), ('ROS_DOMAIN_ID', '30'), ('AMENT_PREFIX_PATH', '/opt/ros/humble'), ('DEBIAN_FRONTEND', 'noninteractive'), ('SHELL', '/bin/bash'), ('PWD', '/workspaces/UON-CS-robotlab-simulation-container/build/turtlebot3_cartographer'), ('INTERNAL_VSCS_TARGET_URL', 'https://uksouth.online.visualstudio.com'), ('TURTLEBOT3_MODEL', 'waffle'), ('LC_ALL', 'C.UTF-8'), ('GITHUB_SERVER_URL', 'https://github.com'), ('PYTHONPATH', '/opt/ros/humble/lib/python3.10/site-packages:/opt/ros/humble/local/lib/python3.10/dist-packages'), ('CODESPACE_NAME', 'urban-space-garbanzo-j7wwvprrjjp25j95'), ('COLCON', '1'), ('CMAKE_PREFIX_PATH', '/opt/ros/humble')]), 'shell': False}
[160.973327] (-) TimerEvent: {}
[161.008259] (turtlebot3_msgs) StdoutLine: {'line': b'[ 51%] \x1b[32mBuilding CXX object CMakeFiles/turtlebot3_msgs__rosidl_typesupport_c.dir/rosidl_typesupport_c/turtlebot3_msgs/msg/sound__type_support.cpp.o\x1b[0m\n'}
[161.077908] (-) TimerEvent: {}
[161.276082] (-) TimerEvent: {}
[161.386474] (turtlebot3_msgs) StdoutLine: {'line': b'[ 52%] \x1b[32mBuilding CXX object CMakeFiles/turtlebot3_msgs__rosidl_typesupport_c.dir/rosidl_typesupport_c/turtlebot3_msgs/msg/version_info__type_support.cpp.o\x1b[0m\n'}
[161.386736] (-) TimerEvent: {}
[161.488147] (-) TimerEvent: {}
[161.500237] (turtlebot3_cartographer) StdoutLine: {'line': b'-- The C compiler identification is GNU 11.4.0\n'}
[161.591043] (-) TimerEvent: {}
[161.686459] (turtlebot3_msgs) StdoutLine: {'line': b'[ 53%] \x1b[32mBuilding CXX object CMakeFiles/turtlebot3_msgs__rosidl_typesupport_c.dir/rosidl_typesupport_c/turtlebot3_msgs/srv/sound__type_support.cpp.o\x1b[0m\n'}
[161.693323] (-) TimerEvent: {}
[161.802690] (-) TimerEvent: {}
[161.940436] (-) TimerEvent: {}
[162.040982] (-) TimerEvent: {}
[162.041266] (turtlebot3_msgs) StdoutLine: {'line': b'[ 55%] \x1b[32mBuilding CXX object CMakeFiles/turtlebot3_msgs__rosidl_typesupport_c.dir/rosidl_typesupport_c/turtlebot3_msgs/srv/dqn__type_support.cpp.o\x1b[0m\n'}
[162.122901] (turtlebot3_cartographer) StdoutLine: {'line': b'-- The CXX compiler identification is GNU 11.4.0\n'}
[162.147025] (-) TimerEvent: {}
[162.174159] (turtlebot3_cartographer) StdoutLine: {'line': b'-- Detecting C compiler ABI info\n'}
[162.250058] (-) TimerEvent: {}
[162.275017] (turtlebot3_msgs) StdoutLine: {'line': b'[ 56%] \x1b[32mBuilding CXX object CMakeFiles/turtlebot3_msgs__rosidl_typesupport_c.dir/rosidl_typesupport_c/turtlebot3_msgs/srv/goal__type_support.cpp.o\x1b[0m\n'}
[162.368266] (-) TimerEvent: {}
[162.488815] (-) TimerEvent: {}
[162.599060] (-) TimerEvent: {}
[162.644562] (turtlebot3_msgs) StdoutLine: {'line': b'[ 57%] \x1b[32mBuilding CXX object CMakeFiles/turtlebot3_msgs__rosidl_typesupport_c.dir/rosidl_typesupport_c/turtlebot3_msgs/action/patrol__type_support.cpp.o\x1b[0m\n'}
[162.700116] (-) TimerEvent: {}
[162.805510] (-) TimerEvent: {}
[162.839276] (turtlebot3_cartographer) StdoutLine: {'line': b'-- Detecting C compiler ABI info - done\n'}
[162.909155] (-) TimerEvent: {}
[163.032252] (-) TimerEvent: {}
[163.036754] (turtlebot3_cartographer) StdoutLine: {'line': b'-- Check for working C compiler: /usr/bin/cc - skipped\n'}
[163.037270] (turtlebot3_cartographer) StdoutLine: {'line': b'-- Detecting C compile features\n'}
[163.041662] (turtlebot3_cartographer) StdoutLine: {'line': b'-- Detecting C compile features - done\n'}
[163.061118] (turtlebot3_cartographer) StdoutLine: {'line': b'-- Detecting CXX compiler ABI info\n'}
[163.133575] (-) TimerEvent: {}
[163.169117] (turtlebot3_msgs) StdoutLine: {'line': b'[ 58%] \x1b[32m\x1b[1mLinking CXX shared library libturtlebot3_msgs__rosidl_typesupport_c.so\x1b[0m\n'}
[163.234949] (-) TimerEvent: {}
[163.340423] (-) TimerEvent: {}
[163.442063] (-) TimerEvent: {}
[163.543707] (-) TimerEvent: {}
[163.603474] (turtlebot3_msgs) StdoutLine: {'line': b'[ 58%] Built target turtlebot3_msgs__rosidl_typesupport_c\n'}
[163.646005] (-) TimerEvent: {}
[163.692672] (turtlebot3_msgs) StdoutLine: {'line': b'[ 60%] \x1b[34m\x1b[1mGenerating C++ introspection for ROS interfaces\x1b[0m\n'}
[163.755298] (-) TimerEvent: {}
[163.862379] (-) TimerEvent: {}
[163.942053] (turtlebot3_cartographer) StdoutLine: {'line': b'-- Detecting CXX compiler ABI info - done\n'}
[163.962493] (-) TimerEvent: {}
[164.108031] (turtlebot3_cartographer) StdoutLine: {'line': b'-- Check for working CXX compiler: /usr/bin/c++ - skipped\n'}
[164.120869] (-) TimerEvent: {}
[164.135532] (turtlebot3_cartographer) StdoutLine: {'line': b'-- Detecting CXX compile features\n'}
[164.135769] (turtlebot3_cartographer) StdoutLine: {'line': b'-- Detecting CXX compile features - done\n'}
[164.222085] (-) TimerEvent: {}
[164.324518] (-) TimerEvent: {}
[164.392626] (turtlebot3_cartographer) StdoutLine: {'line': b'-- Found ament_cmake: 1.3.14 (/opt/ros/humble/share/ament_cmake/cmake)\n'}
[164.425057] (-) TimerEvent: {}
[164.534865] (-) TimerEvent: {}
[164.641650] (-) TimerEvent: {}
[164.742483] (-) TimerEvent: {}
[164.842974] (-) TimerEvent: {}
[164.951156] (-) TimerEvent: {}
[165.152260] (-) TimerEvent: {}
[165.267970] (-) TimerEvent: {}
[165.370431] (-) TimerEvent: {}
[165.470855] (-) TimerEvent: {}
[165.508625] (turtlebot3_cartographer) StdoutLine: {'line': b'-- Found Python3: /usr/bin/python3 (found version "3.10.12") found components: Interpreter \n'}
[165.585871] (-) TimerEvent: {}
[165.702254] (-) TimerEvent: {}
[165.808123] (-) TimerEvent: {}
[165.912485] (-) TimerEvent: {}
[166.018116] (-) TimerEvent: {}
[166.121336] (-) TimerEvent: {}
[166.236403] (-) TimerEvent: {}
[166.353638] (-) TimerEvent: {}
[166.457112] (-) TimerEvent: {}
[166.559004] (-) TimerEvent: {}
[166.659393] (-) TimerEvent: {}
[166.763016] (-) TimerEvent: {}
[166.961344] (-) TimerEvent: {}
[166.974289] (turtlebot3_cartographer) StdoutLine: {'line': b'-- Override CMake install command with custom implementation using symlinks instead of copying resources\n'}
[167.064571] (-) TimerEvent: {}
[167.167196] (-) TimerEvent: {}
[167.310638] (-) TimerEvent: {}
[167.423044] (-) TimerEvent: {}
[167.529015] (-) TimerEvent: {}
[167.631723] (-) TimerEvent: {}
[167.734875] (-) TimerEvent: {}
[167.836945] (-) TimerEvent: {}
[167.954181] (-) TimerEvent: {}
[168.058816] (-) TimerEvent: {}
[168.159801] (-) TimerEvent: {}
[168.186874] (turtlebot3_cartographer) StdoutLine: {'line': b'-- Configuring done\n'}
[168.209452] (turtlebot3_cartographer) StdoutLine: {'line': b'-- Generating done\n'}
[168.223563] (turtlebot3_cartographer) StdoutLine: {'line': b'-- Build files have been written to: /workspaces/UON-CS-robotlab-simulation-container/build/turtlebot3_cartographer\n'}
[168.257055] (turtlebot3_cartographer) CommandEnded: {'returncode': 0}
[168.257621] (turtlebot3_cartographer) JobProgress: {'identifier': 'turtlebot3_cartographer', 'progress': 'build'}
[168.257674] (turtlebot3_cartographer) Command: {'cmd': ['/usr/bin/cmake', '--build', '/workspaces/UON-CS-robotlab-simulation-container/build/turtlebot3_cartographer', '--', '-j2', '-l2'], 'cwd': '/workspaces/UON-CS-robotlab-simulation-container/build/turtlebot3_cartographer', 'env': OrderedDict([('GITHUB_TOKEN', 'ghu_qzXzf473tpbDuGEeRKMePfjjEUUgEL3qLs6h'), ('GITHUB_CODESPACE_TOKEN', 'AOKRK4QICIVTYBHCYV5Y7K3KNF2YXANCNFSM4AXFRYHA'), ('FEATURE_SPARK_POST_COMMIT_CREATE_ITERATION', 'true'), ('HOSTNAME', 'codespaces-9eb142'), ('GITHUB_CODESPACES_PORT_FORWARDING_DOMAIN', 'app.github.dev'), ('SHLVL', '2'), ('LD_LIBRARY_PATH', '/usr/lib/x86_64-linux-gnu/gazebo-11/plugins:/opt/ros/humble/opt/rviz_ogre_vendor/lib:/opt/ros/humble/lib/x86_64-linux-gnu:/opt/ros/humble/lib'), ('HOME', '/home/vscode'), ('OLDPWD', '/workspaces/UON-CS-robotlab-simulation-container'), ('CODESPACES', 'true'), ('ROS_PYTHON_VERSION', '3'), ('GITHUB_USER', 'mohammad-areeb'), ('GITHUB_GRAPHQL_URL', 'https://api.github.com/graphql'), ('ROS_DISTRO', 'humble'), ('ContainerVersion', '13'), ('GITHUB_API_URL', 'https://api.github.com'), ('RepositoryName', 'UON-CS-robotlab-simulation-container'), ('_', '/usr/bin/colcon'), ('ROS_VERSION', '2'), ('CLOUDENV_ENVIRONMENT_ID', '344bab99-1d47-4655-88f7-fee790854045'), ('TERM', 'xterm'), ('ROS_LOCALHOST_ONLY', '0'), ('PATH', '/opt/ros/humble/bin:/usr/local/sbin:/usr/local/bin:/usr/sbin:/usr/bin:/sbin:/bin'), ('SHELL_LOGGED_IN', 'true'), ('LANG', 'C.UTF-8'), ('LS_COLORS', ''), ('GITHUB_REPOSITORY', 'mohammad-areeb/UON-CS-robotlab-simulation-container'), ('ROS_DOMAIN_ID', '30'), ('AMENT_PREFIX_PATH', '/opt/ros/humble'), ('DEBIAN_FRONTEND', 'noninteractive'), ('SHELL', '/bin/bash'), ('PWD', '/workspaces/UON-CS-robotlab-simulation-container/build/turtlebot3_cartographer'), ('INTERNAL_VSCS_TARGET_URL', 'https://uksouth.online.visualstudio.com'), ('TURTLEBOT3_MODEL', 'waffle'), ('LC_ALL', 'C.UTF-8'), ('GITHUB_SERVER_URL', 'https://github.com'), ('PYTHONPATH', '/opt/ros/humble/lib/python3.10/site-packages:/opt/ros/humble/local/lib/python3.10/dist-packages'), ('CODESPACE_NAME', 'urban-space-garbanzo-j7wwvprrjjp25j95'), ('COLCON', '1'), ('CMAKE_PREFIX_PATH', '/opt/ros/humble')]), 'shell': False}
[168.263980] (-) TimerEvent: {}
[168.364357] (-) TimerEvent: {}
[168.465173] (-) TimerEvent: {}
[168.635157] (-) TimerEvent: {}
[168.671365] (turtlebot3_cartographer) CommandEnded: {'returncode': 0}
[168.671869] (turtlebot3_cartographer) JobProgress: {'identifier': 'turtlebot3_cartographer', 'progress': 'install'}
[168.677425] (turtlebot3_cartographer) Command: {'cmd': ['/usr/bin/cmake', '--install', '/workspaces/UON-CS-robotlab-simulation-container/build/turtlebot3_cartographer'], 'cwd': '/workspaces/UON-CS-robotlab-simulation-container/build/turtlebot3_cartographer', 'env': OrderedDict([('GITHUB_TOKEN', 'ghu_qzXzf473tpbDuGEeRKMePfjjEUUgEL3qLs6h'), ('GITHUB_CODESPACE_TOKEN', 'AOKRK4QICIVTYBHCYV5Y7K3KNF2YXANCNFSM4AXFRYHA'), ('FEATURE_SPARK_POST_COMMIT_CREATE_ITERATION', 'true'), ('HOSTNAME', 'codespaces-9eb142'), ('GITHUB_CODESPACES_PORT_FORWARDING_DOMAIN', 'app.github.dev'), ('SHLVL', '2'), ('LD_LIBRARY_PATH', '/usr/lib/x86_64-linux-gnu/gazebo-11/plugins:/opt/ros/humble/opt/rviz_ogre_vendor/lib:/opt/ros/humble/lib/x86_64-linux-gnu:/opt/ros/humble/lib'), ('HOME', '/home/vscode'), ('OLDPWD', '/workspaces/UON-CS-robotlab-simulation-container'), ('CODESPACES', 'true'), ('ROS_PYTHON_VERSION', '3'), ('GITHUB_USER', 'mohammad-areeb'), ('GITHUB_GRAPHQL_URL', 'https://api.github.com/graphql'), ('ROS_DISTRO', 'humble'), ('ContainerVersion', '13'), ('GITHUB_API_URL', 'https://api.github.com'), ('RepositoryName', 'UON-CS-robotlab-simulation-container'), ('_', '/usr/bin/colcon'), ('ROS_VERSION', '2'), ('CLOUDENV_ENVIRONMENT_ID', '344bab99-1d47-4655-88f7-fee790854045'), ('TERM', 'xterm'), ('ROS_LOCALHOST_ONLY', '0'), ('PATH', '/opt/ros/humble/bin:/usr/local/sbin:/usr/local/bin:/usr/sbin:/usr/bin:/sbin:/bin'), ('SHELL_LOGGED_IN', 'true'), ('LANG', 'C.UTF-8'), ('LS_COLORS', ''), ('GITHUB_REPOSITORY', 'mohammad-areeb/UON-CS-robotlab-simulation-container'), ('ROS_DOMAIN_ID', '30'), ('AMENT_PREFIX_PATH', '/opt/ros/humble'), ('DEBIAN_FRONTEND', 'noninteractive'), ('SHELL', '/bin/bash'), ('PWD', '/workspaces/UON-CS-robotlab-simulation-container/build/turtlebot3_cartographer'), ('INTERNAL_VSCS_TARGET_URL', 'https://uksouth.online.visualstudio.com'), ('TURTLEBOT3_MODEL', 'waffle'), ('LC_ALL', 'C.UTF-8'), ('GITHUB_SERVER_URL', 'https://github.com'), ('PYTHONPATH', '/opt/ros/humble/lib/python3.10/site-packages:/opt/ros/humble/local/lib/python3.10/dist-packages'), ('CODESPACE_NAME', 'urban-space-garbanzo-j7wwvprrjjp25j95'), ('COLCON', '1'), ('CMAKE_PREFIX_PATH', '/opt/ros/humble')]), 'shell': False}
[168.700005] (turtlebot3_cartographer) StdoutLine: {'line': b'-- Install configuration: ""\n'}
[168.710140] (turtlebot3_cartographer) StdoutLine: {'line': b'-- Execute custom install script\n'}
[168.710546] (turtlebot3_cartographer) StdoutLine: {'line': b'-- Symlinking: /workspaces/UON-CS-robotlab-simulation-container/install/turtlebot3_cartographer/share/turtlebot3_cartographer/config/turtlebot3_lds_2d.lua\n'}
[168.736043] (-) TimerEvent: {}
[168.751537] (turtlebot3_cartographer) StdoutLine: {'line': b'-- Symlinking: /workspaces/UON-CS-robotlab-simulation-container/install/turtlebot3_cartographer/share/turtlebot3_cartographer/launch/cartographer.launch.py\n'}
[168.791145] (turtlebot3_cartographer) StdoutLine: {'line': b'-- Symlinking: /workspaces/UON-CS-robotlab-simulation-container/install/turtlebot3_cartographer/share/turtlebot3_cartographer/launch/occupancy_grid.launch.py\n'}
[168.836734] (-) TimerEvent: {}
[168.877563] (turtlebot3_cartographer) StdoutLine: {'line': b'-- Symlinking: /workspaces/UON-CS-robotlab-simulation-container/install/turtlebot3_cartographer/share/turtlebot3_cartographer/rviz/tb3_cartographer.rviz\n'}
[168.937340] (-) TimerEvent: {}
[168.943432] (turtlebot3_cartographer) StdoutLine: {'line': b'-- Symlinking: /workspaces/UON-CS-robotlab-simulation-container/install/turtlebot3_cartographer/share/ament_index/resource_index/package_run_dependencies/turtlebot3_cartographer\n'}
[168.998670] (turtlebot3_cartographer) StdoutLine: {'line': b'-- Symlinking: /workspaces/UON-CS-robotlab-simulation-container/install/turtlebot3_cartographer/share/ament_index/resource_index/parent_prefix_path/turtlebot3_cartographer\n'}
[169.075278] (-) TimerEvent: {}
[169.196013] (turtlebot3_cartographer) StdoutLine: {'line': b'-- Symlinking: /workspaces/UON-CS-robotlab-simulation-container/install/turtlebot3_cartographer/share/turtlebot3_cartographer/environment/ament_prefix_path.sh\n'}
[169.196244] (-) TimerEvent: {}
[169.264352] (turtlebot3_cartographer) StdoutLine: {'line': b'-- Symlinking: /workspaces/UON-CS-robotlab-simulation-container/install/turtlebot3_cartographer/share/turtlebot3_cartographer/environment/ament_prefix_path.dsv\n'}
[169.293095] (turtlebot3_cartographer) StdoutLine: {'line': b'-- Symlinking: /workspaces/UON-CS-robotlab-simulation-container/install/turtlebot3_cartographer/share/turtlebot3_cartographer/environment/path.sh\n'}
[169.298073] (-) TimerEvent: {}
[169.321887] (turtlebot3_cartographer) StdoutLine: {'line': b'-- Symlinking: /workspaces/UON-CS-robotlab-simulation-container/install/turtlebot3_cartographer/share/turtlebot3_cartographer/environment/path.dsv\n'}
[169.358422] (turtlebot3_cartographer) StdoutLine: {'line': b'-- Symlinking: /workspaces/UON-CS-robotlab-simulation-container/install/turtlebot3_cartographer/share/turtlebot3_cartographer/local_setup.bash\n'}
[169.393414] (turtlebot3_cartographer) StdoutLine: {'line': b'-- Symlinking: /workspaces/UON-CS-robotlab-simulation-container/install/turtlebot3_cartographer/share/turtlebot3_cartographer/local_setup.sh\n'}
[169.398650] (-) TimerEvent: {}
[169.433126] (turtlebot3_cartographer) StdoutLine: {'line': b'-- Symlinking: /workspaces/UON-CS-robotlab-simulation-container/install/turtlebot3_cartographer/share/turtlebot3_cartographer/local_setup.zsh\n'}
[169.484058] (turtlebot3_cartographer) StdoutLine: {'line': b'-- Symlinking: /workspaces/UON-CS-robotlab-simulation-container/install/turtlebot3_cartographer/share/turtlebot3_cartographer/local_setup.dsv\n'}
[169.501018] (-) TimerEvent: {}
[169.528417] (turtlebot3_cartographer) StdoutLine: {'line': b'-- Symlinking: /workspaces/UON-CS-robotlab-simulation-container/install/turtlebot3_cartographer/share/turtlebot3_cartographer/package.dsv\n'}
[169.619146] (-) TimerEvent: {}
[169.726770] (turtlebot3_cartographer) StdoutLine: {'line': b'-- Symlinking: /workspaces/UON-CS-robotlab-simulation-container/install/turtlebot3_cartographer/share/ament_index/resource_index/packages/turtlebot3_cartographer\n'}
[169.727061] (-) TimerEvent: {}
[169.834018] (turtlebot3_cartographer) StdoutLine: {'line': b'-- Symlinking: /workspaces/UON-CS-robotlab-simulation-container/install/turtlebot3_cartographer/share/turtlebot3_cartographer/cmake/turtlebot3_cartographerConfig.cmake\n'}
[169.834307] (-) TimerEvent: {}
[169.937018] (-) TimerEvent: {}
[169.940029] (turtlebot3_cartographer) StdoutLine: {'line': b'-- Symlinking: /workspaces/UON-CS-robotlab-simulation-container/install/turtlebot3_cartographer/share/turtlebot3_cartographer/cmake/turtlebot3_cartographerConfig-version.cmake\n'}
[169.982742] (turtlebot3_cartographer) StdoutLine: {'line': b'-- Symlinking: /workspaces/UON-CS-robotlab-simulation-container/install/turtlebot3_cartographer/share/turtlebot3_cartographer/package.xml\n'}
[170.042372] (-) TimerEvent: {}
[170.053614] (turtlebot3_cartographer) CommandEnded: {'returncode': 0}
[170.236658] (-) TimerEvent: {}
[170.296621] (turtlebot3_cartographer) JobEnded: {'identifier': 'turtlebot3_cartographer', 'rc': 0}
[170.298802] (turtlebot3_gazebo) JobStarted: {'identifier': 'turtlebot3_gazebo'}
[170.326851] (turtlebot3_gazebo) JobProgress: {'identifier': 'turtlebot3_gazebo', 'progress': 'cmake'}
[170.335119] (turtlebot3_gazebo) Command: {'cmd': ['/usr/bin/cmake', '/workspaces/UON-CS-robotlab-simulation-container/src/turtlebot3_simulations/turtlebot3_gazebo', '-DAMENT_CMAKE_SYMLINK_INSTALL=1', '-DCMAKE_INSTALL_PREFIX=/workspaces/UON-CS-robotlab-simulation-container/install/turtlebot3_gazebo'], 'cwd': '/workspaces/UON-CS-robotlab-simulation-container/build/turtlebot3_gazebo', 'env': OrderedDict([('GITHUB_TOKEN', 'ghu_qzXzf473tpbDuGEeRKMePfjjEUUgEL3qLs6h'), ('GITHUB_CODESPACE_TOKEN', 'AOKRK4QICIVTYBHCYV5Y7K3KNF2YXANCNFSM4AXFRYHA'), ('FEATURE_SPARK_POST_COMMIT_CREATE_ITERATION', 'true'), ('HOSTNAME', 'codespaces-9eb142'), ('GITHUB_CODESPACES_PORT_FORWARDING_DOMAIN', 'app.github.dev'), ('SHLVL', '2'), ('LD_LIBRARY_PATH', '/usr/lib/x86_64-linux-gnu/gazebo-11/plugins:/opt/ros/humble/opt/rviz_ogre_vendor/lib:/opt/ros/humble/lib/x86_64-linux-gnu:/opt/ros/humble/lib'), ('HOME', '/home/vscode'), ('OLDPWD', '/workspaces/UON-CS-robotlab-simulation-container'), ('CODESPACES', 'true'), ('ROS_PYTHON_VERSION', '3'), ('GITHUB_USER', 'mohammad-areeb'), ('GITHUB_GRAPHQL_URL', 'https://api.github.com/graphql'), ('ROS_DISTRO', 'humble'), ('ContainerVersion', '13'), ('GITHUB_API_URL', 'https://api.github.com'), ('RepositoryName', 'UON-CS-robotlab-simulation-container'), ('_', '/usr/bin/colcon'), ('ROS_VERSION', '2'), ('CLOUDENV_ENVIRONMENT_ID', '344bab99-1d47-4655-88f7-fee790854045'), ('TERM', 'xterm'), ('ROS_LOCALHOST_ONLY', '0'), ('PATH', '/opt/ros/humble/bin:/usr/local/sbin:/usr/local/bin:/usr/sbin:/usr/bin:/sbin:/bin'), ('SHELL_LOGGED_IN', 'true'), ('LANG', 'C.UTF-8'), ('LS_COLORS', ''), ('GITHUB_REPOSITORY', 'mohammad-areeb/UON-CS-robotlab-simulation-container'), ('ROS_DOMAIN_ID', '30'), ('AMENT_PREFIX_PATH', '/opt/ros/humble'), ('DEBIAN_FRONTEND', 'noninteractive'), ('SHELL', '/bin/bash'), ('PWD', '/workspaces/UON-CS-robotlab-simulation-container/build/turtlebot3_gazebo'), ('INTERNAL_VSCS_TARGET_URL', 'https://uksouth.online.visualstudio.com'), ('TURTLEBOT3_MODEL', 'waffle'), ('LC_ALL', 'C.UTF-8'), ('GITHUB_SERVER_URL', 'https://github.com'), ('PYTHONPATH', '/opt/ros/humble/lib/python3.10/site-packages:/opt/ros/humble/local/lib/python3.10/dist-packages'), ('CODESPACE_NAME', 'urban-space-garbanzo-j7wwvprrjjp25j95'), ('COLCON', '1'), ('CMAKE_PREFIX_PATH', '/opt/ros/humble')]), 'shell': False}
[170.338268] (-) TimerEvent: {}
[170.441011] (-) TimerEvent: {}
[170.541733] (-) TimerEvent: {}
[170.608068] (turtlebot3_gazebo) StdoutLine: {'line': b'-- The C compiler identification is GNU 11.4.0\n'}
[170.702381] (-) TimerEvent: {}
[170.814306] (-) TimerEvent: {}
[170.917522] (-) TimerEvent: {}
[171.020258] (-) TimerEvent: {}
[171.129101] (-) TimerEvent: {}
[171.232056] (-) TimerEvent: {}
[171.332452] (-) TimerEvent: {}
[171.445102] (-) TimerEvent: {}
[171.554093] (turtlebot3_gazebo) StdoutLine: {'line': b'-- The CXX compiler identification is GNU 11.4.0\n'}
[171.554405] (-) TimerEvent: {}
[171.656042] (-) TimerEvent: {}
[171.680036] (turtlebot3_gazebo) StdoutLine: {'line': b'-- Detecting C compiler ABI info\n'}
[171.765492] (-) TimerEvent: {}
[171.877446] (-) TimerEvent: {}
[171.980095] (-) TimerEvent: {}
[172.099538] (-) TimerEvent: {}
[172.220771] (-) TimerEvent: {}
[172.327025] (-) TimerEvent: {}
[172.431761] (-) TimerEvent: {}
[172.544478] (-) TimerEvent: {}
[172.645149] (-) TimerEvent: {}
[172.705054] (turtlebot3_gazebo) StdoutLine: {'line': b'-- Detecting C compiler ABI info - done\n'}
[172.746048] (-) TimerEvent: {}
[172.793616] (turtlebot3_gazebo) StdoutLine: {'line': b'-- Check for working C compiler: /usr/bin/cc - skipped\n'}
[172.808001] (turtlebot3_gazebo) StdoutLine: {'line': b'-- Detecting C compile features\n'}
[172.808221] (turtlebot3_gazebo) StdoutLine: {'line': b'-- Detecting C compile features - done\n'}
[172.850027] (-) TimerEvent: {}
[172.874767] (turtlebot3_gazebo) StdoutLine: {'line': b'-- Detecting CXX compiler ABI info\n'}
[172.973748] (-) TimerEvent: {}
[173.088235] (-) TimerEvent: {}
[173.191028] (-) TimerEvent: {}
[173.302175] (-) TimerEvent: {}
[173.402552] (-) TimerEvent: {}
[173.506222] (-) TimerEvent: {}
[173.613058] (-) TimerEvent: {}
[173.717668] (-) TimerEvent: {}
[173.823323] (-) TimerEvent: {}
[173.924102] (-) TimerEvent: {}
[174.056881] (-) TimerEvent: {}
[174.119215] (turtlebot3_gazebo) StdoutLine: {'line': b'-- Detecting CXX compiler ABI info - done\n'}
[174.158173] (-) TimerEvent: {}
[174.216067] (turtlebot3_gazebo) StdoutLine: {'line': b'-- Check for working CXX compiler: /usr/bin/c++ - skipped\n'}
[174.216335] (turtlebot3_gazebo) StdoutLine: {'line': b'-- Detecting CXX compile features\n'}
[174.225340] (turtlebot3_gazebo) StdoutLine: {'line': b'-- Detecting CXX compile features - done\n'}
[174.248513] (turtlebot3_msgs) StdoutLine: {'line': b'[ 61%] \x1b[32mBuilding CXX object CMakeFiles/turtlebot3_msgs__rosidl_typesupport_introspection_cpp.dir/rosidl_typesupport_introspection_cpp/turtlebot3_msgs/msg/detail/sensor_state__type_support.cpp.o\x1b[0m\n'}
[174.251610] (turtlebot3_gazebo) StdoutLine: {'line': b'-- Found ament_cmake: 1.3.14 (/opt/ros/humble/share/ament_cmake/cmake)\n'}
[174.260168] (-) TimerEvent: {}
[174.362046] (-) TimerEvent: {}
[174.462385] (-) TimerEvent: {}
[174.567093] (-) TimerEvent: {}
[174.679060] (-) TimerEvent: {}
[174.781332] (-) TimerEvent: {}
[174.891006] (-) TimerEvent: {}
[174.991386] (-) TimerEvent: {}
[175.099322] (-) TimerEvent: {}
[175.203865] (-) TimerEvent: {}
[175.309884] (-) TimerEvent: {}
[175.418007] (-) TimerEvent: {}
[175.477078] (turtlebot3_gazebo) StdoutLine: {'line': b'-- Found Python3: /usr/bin/python3 (found version "3.10.12") found components: Interpreter \n'}
[175.539255] (-) TimerEvent: {}
[175.642756] (-) TimerEvent: {}
[175.750137] (-) TimerEvent: {}
[175.853033] (-) TimerEvent: {}
[175.955217] (-) TimerEvent: {}
[176.084104] (-) TimerEvent: {}
[176.205214] (-) TimerEvent: {}
[176.306080] (-) TimerEvent: {}
[176.377007] (turtlebot3_gazebo) StdoutLine: {'line': b'-- Override CMake install command with custom implementation using symlinks instead of copying resources\n'}
[176.406193] (-) TimerEvent: {}
[176.509048] (-) TimerEvent: {}
[176.612027] (-) TimerEvent: {}
[176.785260] (-) TimerEvent: {}
[176.812625] (turtlebot3_gazebo) StdoutLine: {'line': b'-- Found PkgConfig: /usr/bin/pkg-config (found version "0.29.2") \n'}
[176.817222] (turtlebot3_gazebo) StderrLine: {'line': b'\x1b[33mCMake Warning (dev) at /usr/share/cmake-3.22/Modules/FindPackageHandleStandardArgs.cmake:438 (message):\n'}
[176.817417] (turtlebot3_gazebo) StderrLine: {'line': b'  The package name passed to `find_package_handle_standard_args` (PkgConfig)\n'}
[176.817537] (turtlebot3_gazebo) StderrLine: {'line': b'  does not match the name of the calling package (gazebo).  This can lead to\n'}
[176.818001] (turtlebot3_gazebo) StderrLine: {'line': b'  problems in calling code that expects `find_package` result variables\n'}
[176.818171] (turtlebot3_gazebo) StderrLine: {'line': b'  (e.g., `_FOUND`) to follow a certain pattern.\n'}
[176.819160] (turtlebot3_gazebo) StderrLine: {'line': b'Call Stack (most recent call first):\n'}
[176.829209] (turtlebot3_gazebo) StderrLine: {'line': b'  /usr/share/cmake-3.22/Modules/FindPkgConfig.cmake:99 (find_package_handle_standard_args)\n'}
[176.829365] (turtlebot3_gazebo) StderrLine: {'line': b'  /usr/lib/x86_64-linux-gnu/cmake/gazebo/gazebo-config.cmake:72 (include)\n'}
[176.830285] (turtlebot3_gazebo) StderrLine: {'line': b'  CMakeLists.txt:23 (find_package)\n'}
[176.843405] (turtlebot3_gazebo) StderrLine: {'line': b'This warning is for project developers.  Use -Wno-dev to suppress it.\n'}
[176.843579] (turtlebot3_gazebo) StderrLine: {'line': b'\x1b[0m\n'}
[176.865163] (turtlebot3_gazebo) StdoutLine: {'line': b"-- Checking for module 'bullet>=2.82'\n"}
[176.887131] (-) TimerEvent: {}
[176.989051] (-) TimerEvent: {}
[177.050090] (turtlebot3_gazebo) StdoutLine: {'line': b'--   Found bullet, version 3.05\n'}
[177.092846] (-) TimerEvent: {}
[177.199451] (-) TimerEvent: {}
[177.318381] (-) TimerEvent: {}
[177.422103] (-) TimerEvent: {}
[177.524035] (-) TimerEvent: {}
[177.661840] (-) TimerEvent: {}
[177.776025] (-) TimerEvent: {}
[177.877856] (-) TimerEvent: {}
[177.978644] (-) TimerEvent: {}
[178.080874] (-) TimerEvent: {}
[178.225095] (-) TimerEvent: {}
[178.329028] (-) TimerEvent: {}
[178.421019] (turtlebot3_gazebo) StdoutLine: {'line': b'-- Found fcl: /usr/include (found suitable version "0.7.0", minimum required is "0.5.0") \n'}
[178.429841] (-) TimerEvent: {}
[178.510479] (turtlebot3_msgs) StdoutLine: {'line': b'[ 62%] \x1b[32mBuilding CXX object CMakeFiles/turtlebot3_msgs__rosidl_typesupport_introspection_cpp.dir/rosidl_typesupport_introspection_cpp/turtlebot3_msgs/msg/detail/sound__type_support.cpp.o\x1b[0m\n'}
[178.529992] (-) TimerEvent: {}
[178.653440] (-) TimerEvent: {}
[178.839069] (-) TimerEvent: {}
[178.939395] (-) TimerEvent: {}
[179.041025] (-) TimerEvent: {}
[179.046003] (turtlebot3_gazebo) StdoutLine: {'line': b'-- Found assimp: /usr/include (found version "5.2.0") \n'}
[179.142019] (-) TimerEvent: {}
[179.233021] (turtlebot3_gazebo) StdoutLine: {'line': b'-- Found DART: /usr/include (Required is at least version "6.6") found components: dart \n'}
[179.243030] (-) TimerEvent: {}
[179.380613] (-) TimerEvent: {}
[179.488857] (-) TimerEvent: {}
[179.591853] (-) TimerEvent: {}
[179.698240] (-) TimerEvent: {}
[179.803021] (-) TimerEvent: {}
[179.904020] (-) TimerEvent: {}
[180.011338] (-) TimerEvent: {}
[180.116412] (-) TimerEvent: {}
[180.221079] (-) TimerEvent: {}
[180.322388] (-) TimerEvent: {}
[180.432638] (-) TimerEvent: {}
[180.578987] (-) TimerEvent: {}
[180.696036] (-) TimerEvent: {}
[180.783668] (turtlebot3_gazebo) StdoutLine: {'line': b'-- Found Boost: /usr/lib/x86_64-linux-gnu/cmake/Boost-1.74.0/BoostConfig.cmake (found suitable version "1.74.0", minimum required is "1.40.0") found components: thread system filesystem program_options regex iostreams date_time \n'}
[180.799013] (-) TimerEvent: {}
[180.900670] (-) TimerEvent: {}
[181.005092] (-) TimerEvent: {}
[181.135818] (-) TimerEvent: {}
[181.242360] (-) TimerEvent: {}
[181.347996] (-) TimerEvent: {}
[181.416111] (turtlebot3_gazebo) StdoutLine: {'line': b'-- Found Protobuf: /usr/lib/x86_64-linux-gnu/libprotobuf.so (found version "3.12.4") \n'}
[181.452108] (-) TimerEvent: {}
[181.506023] (turtlebot3_gazebo) StdoutLine: {'line': b'-- Looking for ignition-math6 -- found version 6.16.0\n'}
[181.554463] (-) TimerEvent: {}
[181.621210] (turtlebot3_gazebo) StdoutLine: {'line': b'-- Searching for dependencies of ignition-math6\n'}
[181.650022] (turtlebot3_gazebo) StdoutLine: {'line': b'-- Looking for OGRE...\n'}
[181.656645] (turtlebot3_gazebo) StdoutLine: {'line': b'-- OGRE_PREFIX_WATCH changed.\n'}
[181.656842] (-) TimerEvent: {}
[181.693006] (turtlebot3_gazebo) StdoutLine: {'line': b"-- Checking for module 'OGRE'\n"}
[181.709648] (turtlebot3_msgs) StdoutLine: {'line': b'[ 63%] \x1b[32mBuilding CXX object CMakeFiles/turtlebot3_msgs__rosidl_typesupport_introspection_cpp.dir/rosidl_typesupport_introspection_cpp/turtlebot3_msgs/msg/detail/version_info__type_support.cpp.o\x1b[0m\n'}
[181.753862] (turtlebot3_gazebo) StdoutLine: {'line': b'--   Found OGRE, version 1.9.0\n'}
[181.763003] (-) TimerEvent: {}
[181.877129] (-) TimerEvent: {}
[181.983154] (-) TimerEvent: {}
[182.026011] (turtlebot3_gazebo) StdoutLine: {'line': b'-- Found Ogre Ghadamon (1.9.0)\n'}
[182.063086] (turtlebot3_gazebo) StdoutLine: {'line': b'-- Found OGRE: optimized;/usr/lib/x86_64-linux-gnu/libOgreMain.so;debug;/usr/lib/x86_64-linux-gnu/libOgreMain.so\n'}
[182.088016] (-) TimerEvent: {}
[182.119197] (turtlebot3_gazebo) StdoutLine: {'line': b'-- Looking for OGRE_Paging...\n'}
[182.145076] (turtlebot3_gazebo) StdoutLine: {'line': b'-- Found OGRE_Paging: optimized;/usr/lib/x86_64-linux-gnu/libOgrePaging.so;debug;/usr/lib/x86_64-linux-gnu/libOgrePaging.so\n'}
[182.145345] (turtlebot3_gazebo) StdoutLine: {'line': b'-- Looking for OGRE_Terrain...\n'}
[182.157999] (turtlebot3_gazebo) StdoutLine: {'line': b'-- Found OGRE_Terrain: optimized;/usr/lib/x86_64-linux-gnu/libOgreTerrain.so;debug;/usr/lib/x86_64-linux-gnu/libOgreTerrain.so\n'}
[182.158235] (turtlebot3_gazebo) StdoutLine: {'line': b'-- Looking for OGRE_Property...\n'}
[182.171140] (turtlebot3_gazebo) StdoutLine: {'line': b'-- Found OGRE_Property: optimized;/usr/lib/x86_64-linux-gnu/libOgreProperty.so;debug;/usr/lib/x86_64-linux-gnu/libOgreProperty.so\n'}
[182.172024] (turtlebot3_gazebo) StdoutLine: {'line': b'-- Looking for OGRE_RTShaderSystem...\n'}
[182.184764] (turtlebot3_gazebo) StdoutLine: {'line': b'-- Found OGRE_RTShaderSystem: optimized;/usr/lib/x86_64-linux-gnu/libOgreRTShaderSystem.so;debug;/usr/lib/x86_64-linux-gnu/libOgreRTShaderSystem.so\n'}
[182.185209] (turtlebot3_gazebo) StdoutLine: {'line': b'-- Looking for OGRE_Volume...\n'}
[182.189988] (-) TimerEvent: {}
[182.204030] (turtlebot3_gazebo) StdoutLine: {'line': b'-- Found OGRE_Volume: optimized;/usr/lib/x86_64-linux-gnu/libOgreVolume.so;debug;/usr/lib/x86_64-linux-gnu/libOgreVolume.so\n'}
[182.204217] (turtlebot3_gazebo) StdoutLine: {'line': b'-- Looking for OGRE_Overlay...\n'}
[182.217015] (turtlebot3_gazebo) StdoutLine: {'line': b'-- Found OGRE_Overlay: optimized;/usr/lib/x86_64-linux-gnu/libOgreOverlay.so;debug;/usr/lib/x86_64-linux-gnu/libOgreOverlay.so\n'}
[182.290119] (-) TimerEvent: {}
[182.392170] (-) TimerEvent: {}
[182.495453] (-) TimerEvent: {}
[182.601725] (-) TimerEvent: {}
[182.708057] (-) TimerEvent: {}
[182.806580] (turtlebot3_gazebo) StdoutLine: {'line': b'-- Looking for ignition-math6 -- found version 6.16.0\n'}
[182.809252] (-) TimerEvent: {}
[182.829472] (turtlebot3_gazebo) StdoutLine: {'line': b'-- Looking for ignition-transport8 -- found version 8.2.1\n'}
[182.832676] (turtlebot3_gazebo) StdoutLine: {'line': b'-- Searching for dependencies of ignition-transport8\n'}
[182.933489] (-) TimerEvent: {}
[183.043853] (-) TimerEvent: {}
[183.063083] (turtlebot3_gazebo) StdoutLine: {'line': b'-- Found Protobuf: /usr/lib/x86_64-linux-gnu/libprotobuf.so (found suitable version "3.12.4", minimum required is "3") \n'}
[183.135080] (turtlebot3_gazebo) StdoutLine: {'line': b'-- Config-file not installed for ZeroMQ -- checking for pkg-config\n'}
[183.147019] (-) TimerEvent: {}
[183.179014] (turtlebot3_gazebo) StdoutLine: {'line': b"-- Checking for module 'libzmq >= 4'\n"}
[183.251018] (-) TimerEvent: {}
[183.279530] (turtlebot3_gazebo) StdoutLine: {'line': b'--   Found libzmq , version 4.3.4\n'}
[183.352350] (-) TimerEvent: {}
[183.553226] (-) TimerEvent: {}
[183.582010] (turtlebot3_gazebo) StdoutLine: {'line': b'-- Found ZeroMQ: TRUE (Required is at least version "4") \n'}
[183.612603] (turtlebot3_gazebo) StdoutLine: {'line': b"-- Checking for module 'uuid'\n"}
[183.653255] (-) TimerEvent: {}
[183.688806] (turtlebot3_gazebo) StdoutLine: {'line': b'--   Found uuid, version 2.37.2\n'}
[183.757032] (-) TimerEvent: {}
[183.857840] (-) TimerEvent: {}
[183.975509] (-) TimerEvent: {}
[184.082107] (turtlebot3_msgs) StdoutLine: {'line': b'[ 65%] \x1b[32mBuilding CXX object CMakeFiles/turtlebot3_msgs__rosidl_typesupport_introspection_cpp.dir/rosidl_typesupport_introspection_cpp/turtlebot3_msgs/srv/detail/sound__type_support.cpp.o\x1b[0m\n'}
[184.082365] (-) TimerEvent: {}
[184.189391] (turtlebot3_gazebo) StdoutLine: {'line': b'-- Found UUID: TRUE  \n'}
[184.189621] (-) TimerEvent: {}
[184.204300] (turtlebot3_gazebo) StdoutLine: {'line': b'-- Looking for ignition-msgs5 -- found version 5.8.1\n'}
[184.204549] (turtlebot3_gazebo) StdoutLine: {'line': b'-- Searching for dependencies of ignition-msgs5\n'}
[184.297254] (-) TimerEvent: {}
[184.308589] (turtlebot3_gazebo) StdoutLine: {'line': b'-- Looking for ignition-math6 -- found version 6.16.0\n'}
[184.333104] (turtlebot3_gazebo) StdoutLine: {'line': b"-- Checking for module 'tinyxml2'\n"}
[184.400026] (turtlebot3_gazebo) StdoutLine: {'line': b'--   Found tinyxml2, version 9.0.0\n'}
[184.400258] (-) TimerEvent: {}
[184.586102] (-) TimerEvent: {}
[184.693338] (-) TimerEvent: {}
[184.733094] (turtlebot3_gazebo) StdoutLine: {'line': b'-- Looking for ignition-msgs5 -- found version 5.8.1\n'}
[184.769348] (turtlebot3_gazebo) StdoutLine: {'line': b'-- Looking for ignition-common3 -- found version 3.14.0\n'}
[184.771205] (turtlebot3_gazebo) StdoutLine: {'line': b'-- Searching for dependencies of ignition-common3\n'}
[184.796008] (-) TimerEvent: {}
[184.804306] (turtlebot3_gazebo) StdoutLine: {'line': b'-- Looking for dlfcn.h - found\n'}
[184.816993] (turtlebot3_gazebo) StdoutLine: {'line': b'-- Looking for libdl - found\n'}
[184.831226] (turtlebot3_gazebo) StdoutLine: {'line': b'-- Found DL: TRUE  \n'}
[184.904182] (-) TimerEvent: {}
[184.945085] (turtlebot3_gazebo) StdoutLine: {'line': b'-- Found tinyobjloader: /usr/lib/x86_64-linux-gnu/cmake/tinyobjloader/tinyobjloader-config.cmake (found version "2.0.0") \n'}
[184.953026] (turtlebot3_gazebo) StdoutLine: {'line': b'-- Searching for <ignition-common3> component [graphics]\n'}
[184.998028] (turtlebot3_gazebo) StdoutLine: {'line': b'-- Looking for ignition-common3-graphics -- found version 3.14.0\n'}
[185.000138] (turtlebot3_gazebo) StdoutLine: {'line': b'-- Searching for dependencies of ignition-common3-graphics\n'}
[185.003392] (turtlebot3_gazebo) StdoutLine: {'line': b'-- Looking for ignition-math6 -- found version 6.16.0\n'}
[185.004261] (-) TimerEvent: {}
[185.043996] (turtlebot3_gazebo) StdoutLine: {'line': b'-- Looking for ignition-fuel_tools4 -- found version 4.4.0\n'}
[185.049066] (turtlebot3_gazebo) StdoutLine: {'line': b'-- Searching for dependencies of ignition-fuel_tools4\n'}
[185.111022] (-) TimerEvent: {}
[185.212028] (-) TimerEvent: {}
[185.320028] (-) TimerEvent: {}
[185.501352] (-) TimerEvent: {}
[185.608140] (-) TimerEvent: {}
[185.711178] (-) TimerEvent: {}
[185.742547] (turtlebot3_gazebo) StdoutLine: {'line': b'-- Found CURL: /usr/lib/x86_64-linux-gnu/libcurl.so (found version "7.81.0")  \n'}
[185.812155] (-) TimerEvent: {}
[185.876670] (turtlebot3_gazebo) StdoutLine: {'line': b"-- Checking for module 'jsoncpp'\n"}
[185.917771] (-) TimerEvent: {}
[186.020644] (-) TimerEvent: {}
[186.121419] (-) TimerEvent: {}
[186.225018] (-) TimerEvent: {}
[186.294708] (turtlebot3_gazebo) StdoutLine: {'line': b'--   Found jsoncpp, version 1.9.5\n'}
[186.331217] (-) TimerEvent: {}
[186.431611] (-) TimerEvent: {}
[186.486491] (turtlebot3_gazebo) StdoutLine: {'line': b'-- Found JSONCPP: TRUE  \n'}
[186.518056] (turtlebot3_msgs) StdoutLine: {'line': b'[ 66%] \x1b[32mBuilding CXX object CMakeFiles/turtlebot3_msgs__rosidl_typesupport_introspection_cpp.dir/rosidl_typesupport_introspection_cpp/turtlebot3_msgs/srv/detail/dqn__type_support.cpp.o\x1b[0m\n'}
[186.531889] (-) TimerEvent: {}
[186.632392] (-) TimerEvent: {}
[186.734098] (-) TimerEvent: {}
[186.848089] (-) TimerEvent: {}
[186.948809] (-) TimerEvent: {}
[187.050855] (-) TimerEvent: {}
[187.152370] (-) TimerEvent: {}
[187.253412] (-) TimerEvent: {}
[187.260409] (turtlebot3_gazebo) StdoutLine: {'line': b"-- Checking for module 'libzip'\n"}
[187.353528] (-) TimerEvent: {}
[187.391585] (turtlebot3_msgs) StdoutLine: {'line': b'[ 67%] \x1b[32mBuilding CXX object CMakeFiles/turtlebot3_msgs__rosidl_typesupport_introspection_cpp.dir/rosidl_typesupport_introspection_cpp/turtlebot3_msgs/srv/detail/goal__type_support.cpp.o\x1b[0m\n'}
[187.452087] (turtlebot3_gazebo) StdoutLine: {'line': b'--   Found libzip, version 1.7.3\n'}
[187.455627] (-) TimerEvent: {}
[187.492581] (turtlebot3_gazebo) StdoutLine: {'line': b'-- Found ZIP: TRUE  \n'}
[187.493573] (turtlebot3_gazebo) StdoutLine: {'line': b'-- Looking for ignition-common3 -- found version 3.14.0\n'}
[187.494488] (turtlebot3_gazebo) StdoutLine: {'line': b'-- Looking for ignition-math6 -- found version 6.16.0\n'}
[187.495295] (turtlebot3_gazebo) StdoutLine: {'line': b'-- Looking for ignition-msgs5 -- found version 5.8.1\n'}
[187.558010] (-) TimerEvent: {}
[187.615326] (turtlebot3_gazebo) StdoutLine: {'line': b'-- Found gazebo_ros_pkgs: 3.9.0 (/opt/ros/humble/share/gazebo_ros_pkgs/cmake)\n'}
[187.650792] (turtlebot3_gazebo) StdoutLine: {'line': b'-- Found geometry_msgs: 4.9.1 (/opt/ros/humble/share/geometry_msgs/cmake)\n'}
[187.658110] (-) TimerEvent: {}
[187.777044] (-) TimerEvent: {}
[187.885026] (-) TimerEvent: {}
[187.986775] (-) TimerEvent: {}
[188.088002] (-) TimerEvent: {}
[188.188398] (-) TimerEvent: {}
[188.294253] (-) TimerEvent: {}
[188.366161] (turtlebot3_msgs) StdoutLine: {'line': b'[ 68%] \x1b[32mBuilding CXX object CMakeFiles/turtlebot3_msgs__rosidl_typesupport_introspection_cpp.dir/rosidl_typesupport_introspection_cpp/turtlebot3_msgs/action/detail/patrol__type_support.cpp.o\x1b[0m\n'}
[188.394324] (-) TimerEvent: {}
[188.494861] (-) TimerEvent: {}
[188.595346] (-) TimerEvent: {}
[188.651230] (turtlebot3_gazebo) StdoutLine: {'line': b'-- Found rosidl_generator_c: 3.1.8 (/opt/ros/humble/share/rosidl_generator_c/cmake)\n'}
[188.695456] (-) TimerEvent: {}
[188.756201] (turtlebot3_gazebo) StdoutLine: {'line': b'-- Found rosidl_adapter: 3.1.8 (/opt/ros/humble/share/rosidl_adapter/cmake)\n'}
[188.827267] (-) TimerEvent: {}
[188.940701] (-) TimerEvent: {}
[189.041089] (-) TimerEvent: {}
[189.091085] (turtlebot3_gazebo) StdoutLine: {'line': b'-- Found rosidl_generator_cpp: 3.1.8 (/opt/ros/humble/share/rosidl_generator_cpp/cmake)\n'}
[189.144007] (-) TimerEvent: {}
[189.237963] (turtlebot3_gazebo) StdoutLine: {'line': b'-- Using all available rosidl_typesupport_c: rosidl_typesupport_fastrtps_c;rosidl_typesupport_introspection_c\n'}
[189.250513] (-) TimerEvent: {}
[189.351692] (-) TimerEvent: {}
[189.455077] (-) TimerEvent: {}
[189.520455] (turtlebot3_gazebo) StdoutLine: {'line': b'-- Using all available rosidl_typesupport_cpp: rosidl_typesupport_fastrtps_cpp;rosidl_typesupport_introspection_cpp\n'}
[189.555154] (-) TimerEvent: {}
[189.655769] (-) TimerEvent: {}
[189.756459] (-) TimerEvent: {}
[189.858123] (-) TimerEvent: {}
[189.989108] (-) TimerEvent: {}
[190.002691] (turtlebot3_msgs) StdoutLine: {'line': b'[ 70%] \x1b[32m\x1b[1mLinking CXX shared library libturtlebot3_msgs__rosidl_typesupport_introspection_cpp.so\x1b[0m\n'}
[190.092314] (-) TimerEvent: {}
[190.147890] (turtlebot3_gazebo) StdoutLine: {'line': b'-- Found nav_msgs: 4.9.1 (/opt/ros/humble/share/nav_msgs/cmake)\n'}
[190.197052] (-) TimerEvent: {}
[190.221377] (turtlebot3_msgs) StdoutLine: {'line': b'[ 70%] Built target turtlebot3_msgs__rosidl_typesupport_introspection_cpp\n'}
[190.249145] (turtlebot3_msgs) StdoutLine: {'line': b'[ 71%] \x1b[34m\x1b[1mGenerating C++ type support dispatch for ROS interfaces\x1b[0m\n'}
[190.267264] (turtlebot3_gazebo) StdoutLine: {'line': b'-- Found rclcpp: 16.0.19 (/opt/ros/humble/share/rclcpp/cmake)\n'}
[190.297247] (-) TimerEvent: {}
[190.398805] (-) TimerEvent: {}
[190.520277] (-) TimerEvent: {}
[190.627128] (-) TimerEvent: {}
[190.735399] (-) TimerEvent: {}
[190.828987] (turtlebot3_gazebo) StdoutLine: {'line': b'-- Found rmw_implementation_cmake: 6.1.2 (/opt/ros/humble/share/rmw_implementation_cmake/cmake)\n'}
[190.835840] (-) TimerEvent: {}
[190.849399] (turtlebot3_gazebo) StdoutLine: {'line': b'-- Found rmw_fastrtps_cpp: 6.2.10 (/opt/ros/humble/share/rmw_fastrtps_cpp/cmake)\n'}
[190.939015] (-) TimerEvent: {}
[191.044270] (-) TimerEvent: {}
[191.152620] (-) TimerEvent: {}
[191.258105] (-) TimerEvent: {}
[191.359368] (-) TimerEvent: {}
[191.459785] (-) TimerEvent: {}
[191.564309] (-) TimerEvent: {}
[191.664787] (-) TimerEvent: {}
[191.791229] (-) TimerEvent: {}
[191.898650] (-) TimerEvent: {}
[192.003105] (-) TimerEvent: {}
[192.096925] (turtlebot3_msgs) StdoutLine: {'line': b'[ 72%] \x1b[32mBuilding CXX object CMakeFiles/turtlebot3_msgs__rosidl_typesupport_cpp.dir/rosidl_typesupport_cpp/turtlebot3_msgs/msg/sensor_state__type_support.cpp.o\x1b[0m\n'}
[192.103250] (-) TimerEvent: {}
[192.174906] (turtlebot3_gazebo) StdoutLine: {'line': b'-- Found OpenSSL: /usr/lib/x86_64-linux-gnu/libcrypto.so (found version "3.0.2")  \n'}
[192.208017] (-) TimerEvent: {}
[192.338119] (-) TimerEvent: {}
[192.343102] (turtlebot3_gazebo) StdoutLine: {'line': b'-- Found FastRTPS: /opt/ros/humble/include  \n'}
[192.439485] (-) TimerEvent: {}
[192.548028] (-) TimerEvent: {}
[192.600114] (turtlebot3_gazebo) StdoutLine: {'line': b"-- Using RMW implementation 'rmw_fastrtps_cpp' as default\n"}
[192.648312] (-) TimerEvent: {}
[192.659589] (turtlebot3_gazebo) StdoutLine: {'line': b'-- Found Threads: TRUE  \n'}
[192.748431] (-) TimerEvent: {}
[192.888117] (-) TimerEvent: {}
[192.988891] (-) TimerEvent: {}
[193.032884] (turtlebot3_gazebo) StdoutLine: {'line': b'-- Found sensor_msgs: 4.9.1 (/opt/ros/humble/share/sensor_msgs/cmake)\n'}
[193.060090] (turtlebot3_msgs) StdoutLine: {'line': b'[ 73%] \x1b[32mBuilding CXX object CMakeFiles/turtlebot3_msgs__rosidl_typesupport_cpp.dir/rosidl_typesupport_cpp/turtlebot3_msgs/msg/sound__type_support.cpp.o\x1b[0m\n'}
[193.089444] (-) TimerEvent: {}
[193.105066] (turtlebot3_gazebo) StdoutLine: {'line': b'-- Found tf2: 0.25.20 (/opt/ros/humble/share/tf2/cmake)\n'}
[193.189553] (-) TimerEvent: {}
[193.290019] (-) TimerEvent: {}
[193.420773] (-) TimerEvent: {}
[193.529987] (-) TimerEvent: {}
[193.576011] (turtlebot3_gazebo) StdoutLine: {'line': b'-- Configuring done\n'}
[193.630102] (-) TimerEvent: {}
[193.671615] (turtlebot3_msgs) StdoutLine: {'line': b'[ 75%] \x1b[32mBuilding CXX object CMakeFiles/turtlebot3_msgs__rosidl_typesupport_cpp.dir/rosidl_typesupport_cpp/turtlebot3_msgs/msg/version_info__type_support.cpp.o\x1b[0m\n'}
[193.731505] (-) TimerEvent: {}
[193.833491] (-) TimerEvent: {}
[193.938057] (-) TimerEvent: {}
[194.097848] (-) TimerEvent: {}
[194.198762] (-) TimerEvent: {}
[194.216515] (turtlebot3_gazebo) StdoutLine: {'line': b'-- Generating done\n'}
[194.240019] (turtlebot3_gazebo) StdoutLine: {'line': b'-- Build files have been written to: /workspaces/UON-CS-robotlab-simulation-container/build/turtlebot3_gazebo\n'}
[194.258027] (turtlebot3_gazebo) CommandEnded: {'returncode': 0}
[194.259405] (turtlebot3_gazebo) JobProgress: {'identifier': 'turtlebot3_gazebo', 'progress': 'build'}
[194.260126] (turtlebot3_gazebo) Command: {'cmd': ['/usr/bin/cmake', '--build', '/workspaces/UON-CS-robotlab-simulation-container/build/turtlebot3_gazebo', '--', '-j2', '-l2'], 'cwd': '/workspaces/UON-CS-robotlab-simulation-container/build/turtlebot3_gazebo', 'env': OrderedDict([('GITHUB_TOKEN', 'ghu_qzXzf473tpbDuGEeRKMePfjjEUUgEL3qLs6h'), ('GITHUB_CODESPACE_TOKEN', 'AOKRK4QICIVTYBHCYV5Y7K3KNF2YXANCNFSM4AXFRYHA'), ('FEATURE_SPARK_POST_COMMIT_CREATE_ITERATION', 'true'), ('HOSTNAME', 'codespaces-9eb142'), ('GITHUB_CODESPACES_PORT_FORWARDING_DOMAIN', 'app.github.dev'), ('SHLVL', '2'), ('LD_LIBRARY_PATH', '/usr/lib/x86_64-linux-gnu/gazebo-11/plugins:/opt/ros/humble/opt/rviz_ogre_vendor/lib:/opt/ros/humble/lib/x86_64-linux-gnu:/opt/ros/humble/lib'), ('HOME', '/home/vscode'), ('OLDPWD', '/workspaces/UON-CS-robotlab-simulation-container'), ('CODESPACES', 'true'), ('ROS_PYTHON_VERSION', '3'), ('GITHUB_USER', 'mohammad-areeb'), ('GITHUB_GRAPHQL_URL', 'https://api.github.com/graphql'), ('ROS_DISTRO', 'humble'), ('ContainerVersion', '13'), ('GITHUB_API_URL', 'https://api.github.com'), ('RepositoryName', 'UON-CS-robotlab-simulation-container'), ('_', '/usr/bin/colcon'), ('ROS_VERSION', '2'), ('CLOUDENV_ENVIRONMENT_ID', '344bab99-1d47-4655-88f7-fee790854045'), ('TERM', 'xterm'), ('ROS_LOCALHOST_ONLY', '0'), ('PATH', '/opt/ros/humble/bin:/usr/local/sbin:/usr/local/bin:/usr/sbin:/usr/bin:/sbin:/bin'), ('SHELL_LOGGED_IN', 'true'), ('LANG', 'C.UTF-8'), ('LS_COLORS', ''), ('GITHUB_REPOSITORY', 'mohammad-areeb/UON-CS-robotlab-simulation-container'), ('ROS_DOMAIN_ID', '30'), ('AMENT_PREFIX_PATH', '/opt/ros/humble'), ('DEBIAN_FRONTEND', 'noninteractive'), ('SHELL', '/bin/bash'), ('PWD', '/workspaces/UON-CS-robotlab-simulation-container/build/turtlebot3_gazebo'), ('INTERNAL_VSCS_TARGET_URL', 'https://uksouth.online.visualstudio.com'), ('TURTLEBOT3_MODEL', 'waffle'), ('LC_ALL', 'C.UTF-8'), ('GITHUB_SERVER_URL', 'https://github.com'), ('PYTHONPATH', '/opt/ros/humble/lib/python3.10/site-packages:/opt/ros/humble/local/lib/python3.10/dist-packages'), ('CODESPACE_NAME', 'urban-space-garbanzo-j7wwvprrjjp25j95'), ('COLCON', '1'), ('CMAKE_PREFIX_PATH', '/opt/ros/humble')]), 'shell': False}
[194.299347] (-) TimerEvent: {}
[194.328283] (turtlebot3_msgs) StdoutLine: {'line': b'[ 76%] \x1b[32mBuilding CXX object CMakeFiles/turtlebot3_msgs__rosidl_typesupport_cpp.dir/rosidl_typesupport_cpp/turtlebot3_msgs/srv/sound__type_support.cpp.o\x1b[0m\n'}
[194.359311] (turtlebot3_gazebo) StdoutLine: {'line': b'[  8%] \x1b[32mBuilding CXX object CMakeFiles/turtlebot3_drive.dir/src/turtlebot3_drive.cpp.o\x1b[0m\n'}
[194.399471] (-) TimerEvent: {}
[194.583135] (-) TimerEvent: {}
[194.697294] (-) TimerEvent: {}
[194.797653] (-) TimerEvent: {}
[194.899031] (-) TimerEvent: {}
[195.002877] (-) TimerEvent: {}
[195.117281] (-) TimerEvent: {}
[195.168317] (turtlebot3_msgs) StdoutLine: {'line': b'[ 77%] \x1b[32mBuilding CXX object CMakeFiles/turtlebot3_msgs__rosidl_typesupport_cpp.dir/rosidl_typesupport_cpp/turtlebot3_msgs/srv/dqn__type_support.cpp.o\x1b[0m\n'}
[195.217359] (-) TimerEvent: {}
[195.320025] (-) TimerEvent: {}
[195.422131] (-) TimerEvent: {}
[195.523575] (-) TimerEvent: {}
[195.633161] (-) TimerEvent: {}
[195.735587] (-) TimerEvent: {}
[195.834500] (turtlebot3_msgs) StdoutLine: {'line': b'[ 78%] \x1b[32mBuilding CXX object CMakeFiles/turtlebot3_msgs__rosidl_typesupport_cpp.dir/rosidl_typesupport_cpp/turtlebot3_msgs/srv/goal__type_support.cpp.o\x1b[0m\n'}
[195.835683] (-) TimerEvent: {}
[195.936774] (-) TimerEvent: {}
[196.043137] (-) TimerEvent: {}
[196.149029] (-) TimerEvent: {}
[196.251030] (-) TimerEvent: {}
[196.353008] (-) TimerEvent: {}
[196.459438] (-) TimerEvent: {}
[196.564246] (-) TimerEvent: {}
[196.673721] (turtlebot3_msgs) StdoutLine: {'line': b'[ 80%] \x1b[32mBuilding CXX object CMakeFiles/turtlebot3_msgs__rosidl_typesupport_cpp.dir/rosidl_typesupport_cpp/turtlebot3_msgs/action/patrol__type_support.cpp.o\x1b[0m\n'}
[196.676682] (-) TimerEvent: {}
[196.809190] (-) TimerEvent: {}
[196.909778] (-) TimerEvent: {}
[197.013741] (-) TimerEvent: {}
[197.114681] (-) TimerEvent: {}
[197.216025] (-) TimerEvent: {}
[197.318456] (-) TimerEvent: {}
[197.468159] (-) TimerEvent: {}
[197.573029] (-) TimerEvent: {}
[197.682238] (-) TimerEvent: {}
[197.811186] (-) TimerEvent: {}
[197.913552] (-) TimerEvent: {}
[198.014002] (-) TimerEvent: {}
[198.114541] (-) TimerEvent: {}
[198.260123] (-) TimerEvent: {}
[198.358213] (turtlebot3_msgs) StdoutLine: {'line': b'[ 81%] \x1b[32m\x1b[1mLinking CXX shared library libturtlebot3_msgs__rosidl_typesupport_cpp.so\x1b[0m\n'}
[198.363263] (-) TimerEvent: {}
[198.473886] (-) TimerEvent: {}
[198.575028] (-) TimerEvent: {}
[198.631988] (turtlebot3_msgs) StdoutLine: {'line': b'[ 81%] Built target turtlebot3_msgs__rosidl_typesupport_cpp\n'}
[198.676216] (-) TimerEvent: {}
[198.776663] (-) TimerEvent: {}
[198.877010] (-) TimerEvent: {}
[198.987008] (-) TimerEvent: {}
[199.089099] (-) TimerEvent: {}
[199.191020] (-) TimerEvent: {}
[199.292034] (-) TimerEvent: {}
[199.395018] (-) TimerEvent: {}
[199.502728] (-) TimerEvent: {}
[199.603108] (-) TimerEvent: {}
[199.652989] (turtlebot3_msgs) StdoutLine: {'line': b'running egg_info\n'}
[199.654098] (turtlebot3_msgs) StdoutLine: {'line': b'creating turtlebot3_msgs.egg-info\n'}
[199.654281] (turtlebot3_msgs) StdoutLine: {'line': b'writing turtlebot3_msgs.egg-info/PKG-INFO\n'}
[199.655332] (turtlebot3_msgs) StdoutLine: {'line': b'writing dependency_links to turtlebot3_msgs.egg-info/dependency_links.txt\n'}
[199.656683] (turtlebot3_msgs) StdoutLine: {'line': b'writing top-level names to turtlebot3_msgs.egg-info/top_level.txt\n'}
[199.674689] (turtlebot3_msgs) StdoutLine: {'line': b"writing manifest file 'turtlebot3_msgs.egg-info/SOURCES.txt'\n"}
[199.685050] (turtlebot3_msgs) StdoutLine: {'line': b"reading manifest file 'turtlebot3_msgs.egg-info/SOURCES.txt'\n"}
[199.687419] (turtlebot3_msgs) StdoutLine: {'line': b"writing manifest file 'turtlebot3_msgs.egg-info/SOURCES.txt'\n"}
[199.703205] (-) TimerEvent: {}
[199.834202] (-) TimerEvent: {}
[199.945014] (-) TimerEvent: {}
[199.980060] (turtlebot3_msgs) StdoutLine: {'line': b'[ 81%] Built target ament_cmake_python_build_turtlebot3_msgs_egg\n'}
[200.046639] (-) TimerEvent: {}
[200.136398] (turtlebot3_msgs) StdoutLine: {'line': b'[ 81%] Built target turtlebot3_msgs\n'}
[200.146998] (-) TimerEvent: {}
[200.249280] (-) TimerEvent: {}
[200.258053] (turtlebot3_msgs) StdoutLine: {'line': b'[ 82%] \x1b[34m\x1b[1mGenerating Python code for ROS interfaces\x1b[0m\n'}
[200.441672] (-) TimerEvent: {}
[200.542414] (-) TimerEvent: {}
[200.644021] (-) TimerEvent: {}
[200.744405] (-) TimerEvent: {}
[200.845046] (-) TimerEvent: {}
[200.948632] (-) TimerEvent: {}
[201.053873] (-) TimerEvent: {}
[201.162781] (-) TimerEvent: {}
[201.273590] (-) TimerEvent: {}
[201.373972] (-) TimerEvent: {}
[201.474344] (-) TimerEvent: {}
[201.575013] (-) TimerEvent: {}
[201.677961] (-) TimerEvent: {}
[201.779007] (-) TimerEvent: {}
[201.888974] (-) TimerEvent: {}
[201.990965] (-) TimerEvent: {}
[202.096833] (-) TimerEvent: {}
[202.198278] (-) TimerEvent: {}
[202.305279] (-) TimerEvent: {}
[202.411421] (-) TimerEvent: {}
[202.515010] (-) TimerEvent: {}
[202.615351] (-) TimerEvent: {}
[202.715699] (-) TimerEvent: {}
[202.875440] (-) TimerEvent: {}
[202.976005] (-) TimerEvent: {}
[203.077697] (-) TimerEvent: {}
[203.180017] (-) TimerEvent: {}
[203.290197] (-) TimerEvent: {}
[203.400801] (-) TimerEvent: {}
[203.511093] (-) TimerEvent: {}
[203.613677] (-) TimerEvent: {}
[203.715757] (-) TimerEvent: {}
[203.866145] (-) TimerEvent: {}
[203.979474] (-) TimerEvent: {}
[204.081192] (-) TimerEvent: {}
[204.185413] (-) TimerEvent: {}
[204.287990] (-) TimerEvent: {}
[204.388792] (-) TimerEvent: {}
[204.496504] (-) TimerEvent: {}
[204.632176] (-) TimerEvent: {}
[204.734897] (-) TimerEvent: {}
[204.837017] (-) TimerEvent: {}
[204.988149] (-) TimerEvent: {}
[205.102989] (-) TimerEvent: {}
[205.203970] (-) TimerEvent: {}
[205.305766] (-) TimerEvent: {}
[205.408642] (-) TimerEvent: {}
[205.511331] (-) TimerEvent: {}
[205.626002] (-) TimerEvent: {}
[205.733326] (-) TimerEvent: {}
[205.836015] (-) TimerEvent: {}
[205.936404] (-) TimerEvent: {}
[206.038641] (-) TimerEvent: {}
[206.152134] (-) TimerEvent: {}
[206.260113] (-) TimerEvent: {}
[206.360881] (-) TimerEvent: {}
[206.463459] (-) TimerEvent: {}
[206.571024] (-) TimerEvent: {}
[206.672107] (-) TimerEvent: {}
[206.780123] (-) TimerEvent: {}
[206.895019] (-) TimerEvent: {}
[206.999177] (-) TimerEvent: {}
[207.104008] (-) TimerEvent: {}
[207.204369] (-) TimerEvent: {}
[207.307111] (-) TimerEvent: {}
[207.427560] (-) TimerEvent: {}
[207.531030] (-) TimerEvent: {}
[207.631405] (-) TimerEvent: {}
[207.736597] (-) TimerEvent: {}
[207.842110] (-) TimerEvent: {}
[207.976057] (-) TimerEvent: {}
[208.087007] (-) TimerEvent: {}
[208.190014] (-) TimerEvent: {}
[208.296954] (-) TimerEvent: {}
[208.397679] (-) TimerEvent: {}
[208.513912] (-) TimerEvent: {}
[208.618573] (-) TimerEvent: {}
[208.723003] (-) TimerEvent: {}
[208.827006] (-) TimerEvent: {}
[208.929022] (-) TimerEvent: {}
[209.029753] (-) TimerEvent: {}
[209.134522] (-) TimerEvent: {}
[209.241039] (-) TimerEvent: {}
[209.341765] (-) TimerEvent: {}
[209.445224] (-) TimerEvent: {}
[209.548261] (-) TimerEvent: {}
[209.658237] (-) TimerEvent: {}
[209.766108] (-) TimerEvent: {}
[209.876458] (-) TimerEvent: {}
[209.985253] (-) TimerEvent: {}
[210.087269] (-) TimerEvent: {}
[210.187628] (-) TimerEvent: {}
[210.299322] (-) TimerEvent: {}
[210.405379] (-) TimerEvent: {}
[210.506015] (-) TimerEvent: {}
[210.607806] (-) TimerEvent: {}
[210.709365] (-) TimerEvent: {}
[210.817175] (-) TimerEvent: {}
[210.926683] (-) TimerEvent: {}
[211.027484] (-) TimerEvent: {}
[211.128262] (-) TimerEvent: {}
[211.239025] (-) TimerEvent: {}
[211.347032] (-) TimerEvent: {}
[211.448025] (-) TimerEvent: {}
[211.552842] (-) TimerEvent: {}
[211.657025] (-) TimerEvent: {}
[211.671222] (turtlebot3_msgs) StdoutLine: {'line': b'[ 82%] Built target turtlebot3_msgs__py\n'}
[211.757142] (-) TimerEvent: {}
[211.929490] (-) TimerEvent: {}
[211.962588] (turtlebot3_msgs) StdoutLine: {'line': b'[ 83%] \x1b[32mBuilding C object CMakeFiles/turtlebot3_msgs__rosidl_generator_py.dir/rosidl_generator_py/turtlebot3_msgs/msg/_sensor_state_s.c.o\x1b[0m\n'}
[212.037218] (-) TimerEvent: {}
[212.139020] (-) TimerEvent: {}
[212.243030] (-) TimerEvent: {}
[212.347024] (-) TimerEvent: {}
[212.466959] (-) TimerEvent: {}
[212.576017] (-) TimerEvent: {}
[212.679387] (-) TimerEvent: {}
[212.782363] (-) TimerEvent: {}
[212.886034] (-) TimerEvent: {}
[213.005020] (-) TimerEvent: {}
[213.107505] (-) TimerEvent: {}
[213.229615] (turtlebot3_msgs) StdoutLine: {'line': b'[ 85%] \x1b[32mBuilding C object CMakeFiles/turtlebot3_msgs__rosidl_generator_py.dir/rosidl_generator_py/turtlebot3_msgs/msg/_sound_s.c.o\x1b[0m\n'}
[213.230403] (-) TimerEvent: {}
[213.349033] (-) TimerEvent: {}
[213.450258] (-) TimerEvent: {}
[213.551024] (-) TimerEvent: {}
[213.655020] (-) TimerEvent: {}
[213.757103] (-) TimerEvent: {}
[213.860033] (-) TimerEvent: {}
[213.974777] (-) TimerEvent: {}
[214.079056] (-) TimerEvent: {}
[214.185041] (-) TimerEvent: {}
[214.290090] (-) TimerEvent: {}
[214.346751] (turtlebot3_msgs) StdoutLine: {'line': b'[ 86%] \x1b[32mBuilding C object CMakeFiles/turtlebot3_msgs__rosidl_generator_py.dir/rosidl_generator_py/turtlebot3_msgs/msg/_version_info_s.c.o\x1b[0m\n'}
[214.417115] (-) TimerEvent: {}
[214.522027] (-) TimerEvent: {}
[214.625191] (-) TimerEvent: {}
[214.728032] (-) TimerEvent: {}
[214.828494] (-) TimerEvent: {}
[214.928914] (-) TimerEvent: {}
[215.101103] (turtlebot3_msgs) StdoutLine: {'line': b'[ 87%] \x1b[32mBuilding C object CMakeFiles/turtlebot3_msgs__rosidl_generator_py.dir/rosidl_generator_py/turtlebot3_msgs/srv/_sound_s.c.o\x1b[0m\n'}
[215.101851] (-) TimerEvent: {}
[215.216654] (-) TimerEvent: {}
[215.320024] (-) TimerEvent: {}
[215.421810] (-) TimerEvent: {}
[215.538101] (-) TimerEvent: {}
[215.647014] (-) TimerEvent: {}
[215.724149] (turtlebot3_msgs) StdoutLine: {'line': b'[ 88%] \x1b[32mBuilding C object CMakeFiles/turtlebot3_msgs__rosidl_generator_py.dir/rosidl_generator_py/turtlebot3_msgs/srv/_dqn_s.c.o\x1b[0m\n'}
[215.747295] (-) TimerEvent: {}
[215.849352] (-) TimerEvent: {}
[215.952027] (-) TimerEvent: {}
[216.052403] (-) TimerEvent: {}
[216.201288] (-) TimerEvent: {}
[216.295480] (turtlebot3_msgs) StdoutLine: {'line': b'[ 90%] \x1b[32mBuilding C object CMakeFiles/turtlebot3_msgs__rosidl_generator_py.dir/rosidl_generator_py/turtlebot3_msgs/srv/_goal_s.c.o\x1b[0m\n'}
[216.301676] (-) TimerEvent: {}
[216.404025] (-) TimerEvent: {}
[216.506025] (-) TimerEvent: {}
[216.606395] (-) TimerEvent: {}
[216.715436] (-) TimerEvent: {}
[216.824053] (-) TimerEvent: {}
[216.860101] (turtlebot3_msgs) StdoutLine: {'line': b'[ 91%] \x1b[32mBuilding C object CMakeFiles/turtlebot3_msgs__rosidl_generator_py.dir/rosidl_generator_py/turtlebot3_msgs/action/_patrol_s.c.o\x1b[0m\n'}
[216.925233] (-) TimerEvent: {}
[217.027759] (-) TimerEvent: {}
[217.134806] (-) TimerEvent: {}
[217.235299] (-) TimerEvent: {}
[217.342235] (-) TimerEvent: {}
[217.453021] (-) TimerEvent: {}
[217.554683] (-) TimerEvent: {}
[217.565111] (turtlebot3_msgs) StdoutLine: {'line': b'[ 92%] \x1b[32m\x1b[1mLinking C shared library rosidl_generator_py/turtlebot3_msgs/libturtlebot3_msgs__rosidl_generator_py.so\x1b[0m\n'}
[217.654926] (-) TimerEvent: {}
[217.755802] (-) TimerEvent: {}
[217.858905] (-) TimerEvent: {}
[217.961638] (-) TimerEvent: {}
[218.063582] (turtlebot3_msgs) StdoutLine: {'line': b'[ 92%] Built target turtlebot3_msgs__rosidl_generator_py\n'}
[218.063828] (-) TimerEvent: {}
[218.185431] (-) TimerEvent: {}
[218.282084] (turtlebot3_msgs) StdoutLine: {'line': b'[ 93%] \x1b[32mBuilding C object CMakeFiles/turtlebot3_msgs__rosidl_typesupport_fastrtps_c__pyext.dir/rosidl_generator_py/turtlebot3_msgs/_turtlebot3_msgs_s.ep.rosidl_typesupport_fastrtps_c.c.o\x1b[0m\n'}
[218.285506] (-) TimerEvent: {}
[218.385836] (-) TimerEvent: {}
[218.488014] (-) TimerEvent: {}
[218.588499] (-) TimerEvent: {}
[218.703404] (-) TimerEvent: {}
[218.817576] (-) TimerEvent: {}
[218.919364] (-) TimerEvent: {}
[218.991431] (turtlebot3_msgs) StdoutLine: {'line': b'[ 95%] \x1b[32m\x1b[1mLinking C shared library rosidl_generator_py/turtlebot3_msgs/turtlebot3_msgs_s__rosidl_typesupport_fastrtps_c.cpython-310-x86_64-linux-gnu.so\x1b[0m\n'}
[219.019478] (-) TimerEvent: {}
[219.121077] (-) TimerEvent: {}
[219.151712] (turtlebot3_msgs) StdoutLine: {'line': b'[ 95%] Built target turtlebot3_msgs__rosidl_typesupport_fastrtps_c__pyext\n'}
[219.227706] (-) TimerEvent: {}
[219.336218] (-) TimerEvent: {}
[219.365215] (turtlebot3_msgs) StdoutLine: {'line': b'[ 96%] \x1b[32mBuilding C object CMakeFiles/turtlebot3_msgs__rosidl_typesupport_introspection_c__pyext.dir/rosidl_generator_py/turtlebot3_msgs/_turtlebot3_msgs_s.ep.rosidl_typesupport_introspection_c.c.o\x1b[0m\n'}
[219.437029] (-) TimerEvent: {}
[219.538021] (-) TimerEvent: {}
[219.643029] (-) TimerEvent: {}
[219.783885] (-) TimerEvent: {}
[219.906220] (-) TimerEvent: {}
[219.961791] (turtlebot3_msgs) StdoutLine: {'line': b'[ 97%] \x1b[32m\x1b[1mLinking C shared library rosidl_generator_py/turtlebot3_msgs/turtlebot3_msgs_s__rosidl_typesupport_introspection_c.cpython-310-x86_64-linux-gnu.so\x1b[0m\n'}
[220.009186] (-) TimerEvent: {}
[220.114501] (-) TimerEvent: {}
[220.196760] (turtlebot3_msgs) StdoutLine: {'line': b'[ 97%] Built target turtlebot3_msgs__rosidl_typesupport_introspection_c__pyext\n'}
[220.217199] (-) TimerEvent: {}
[220.258903] (turtlebot3_msgs) StdoutLine: {'line': b'[ 98%] \x1b[32mBuilding C object CMakeFiles/turtlebot3_msgs__rosidl_typesupport_c__pyext.dir/rosidl_generator_py/turtlebot3_msgs/_turtlebot3_msgs_s.ep.rosidl_typesupport_c.c.o\x1b[0m\n'}
[220.342139] (-) TimerEvent: {}
[220.460921] (-) TimerEvent: {}
[220.566856] (-) TimerEvent: {}
[220.667269] (-) TimerEvent: {}
[220.768400] (-) TimerEvent: {}
[220.823740] (turtlebot3_msgs) StdoutLine: {'line': b'[100%] \x1b[32m\x1b[1mLinking C shared library rosidl_generator_py/turtlebot3_msgs/turtlebot3_msgs_s__rosidl_typesupport_c.cpython-310-x86_64-linux-gnu.so\x1b[0m\n'}
[220.872539] (-) TimerEvent: {}
[220.979204] (-) TimerEvent: {}
[221.087027] (-) TimerEvent: {}
[221.127810] (turtlebot3_msgs) StdoutLine: {'line': b'[100%] Built target turtlebot3_msgs__rosidl_typesupport_c__pyext\n'}
[221.193541] (-) TimerEvent: {}
[221.297028] (-) TimerEvent: {}
[221.323542] (turtlebot3_msgs) CommandEnded: {'returncode': 0}
[221.326798] (turtlebot3_msgs) JobProgress: {'identifier': 'turtlebot3_msgs', 'progress': 'install'}
[221.336580] (turtlebot3_msgs) Command: {'cmd': ['/usr/bin/cmake', '--install', '/workspaces/UON-CS-robotlab-simulation-container/build/turtlebot3_msgs'], 'cwd': '/workspaces/UON-CS-robotlab-simulation-container/build/turtlebot3_msgs', 'env': OrderedDict([('GITHUB_TOKEN', 'ghu_qzXzf473tpbDuGEeRKMePfjjEUUgEL3qLs6h'), ('GITHUB_CODESPACE_TOKEN', 'AOKRK4QICIVTYBHCYV5Y7K3KNF2YXANCNFSM4AXFRYHA'), ('FEATURE_SPARK_POST_COMMIT_CREATE_ITERATION', 'true'), ('HOSTNAME', 'codespaces-9eb142'), ('GITHUB_CODESPACES_PORT_FORWARDING_DOMAIN', 'app.github.dev'), ('SHLVL', '2'), ('LD_LIBRARY_PATH', '/usr/lib/x86_64-linux-gnu/gazebo-11/plugins:/opt/ros/humble/opt/rviz_ogre_vendor/lib:/opt/ros/humble/lib/x86_64-linux-gnu:/opt/ros/humble/lib'), ('HOME', '/home/vscode'), ('OLDPWD', '/workspaces/UON-CS-robotlab-simulation-container'), ('CODESPACES', 'true'), ('ROS_PYTHON_VERSION', '3'), ('GITHUB_USER', 'mohammad-areeb'), ('GITHUB_GRAPHQL_URL', 'https://api.github.com/graphql'), ('ROS_DISTRO', 'humble'), ('ContainerVersion', '13'), ('GITHUB_API_URL', 'https://api.github.com'), ('RepositoryName', 'UON-CS-robotlab-simulation-container'), ('_', '/usr/bin/colcon'), ('ROS_VERSION', '2'), ('CLOUDENV_ENVIRONMENT_ID', '344bab99-1d47-4655-88f7-fee790854045'), ('TERM', 'xterm'), ('ROS_LOCALHOST_ONLY', '0'), ('PATH', '/opt/ros/humble/bin:/usr/local/sbin:/usr/local/bin:/usr/sbin:/usr/bin:/sbin:/bin'), ('SHELL_LOGGED_IN', 'true'), ('LANG', 'C.UTF-8'), ('LS_COLORS', ''), ('GITHUB_REPOSITORY', 'mohammad-areeb/UON-CS-robotlab-simulation-container'), ('ROS_DOMAIN_ID', '30'), ('AMENT_PREFIX_PATH', '/opt/ros/humble'), ('DEBIAN_FRONTEND', 'noninteractive'), ('SHELL', '/bin/bash'), ('PWD', '/workspaces/UON-CS-robotlab-simulation-container/build/turtlebot3_msgs'), ('INTERNAL_VSCS_TARGET_URL', 'https://uksouth.online.visualstudio.com'), ('TURTLEBOT3_MODEL', 'waffle'), ('LC_ALL', 'C.UTF-8'), ('GITHUB_SERVER_URL', 'https://github.com'), ('PYTHONPATH', '/opt/ros/humble/lib/python3.10/site-packages:/opt/ros/humble/local/lib/python3.10/dist-packages'), ('CODESPACE_NAME', 'urban-space-garbanzo-j7wwvprrjjp25j95'), ('COLCON', '1'), ('CMAKE_PREFIX_PATH', '/opt/ros/humble')]), 'shell': False}
[221.365683] (turtlebot3_msgs) StdoutLine: {'line': b'-- Install configuration: ""\n'}
[221.370695] (turtlebot3_msgs) StdoutLine: {'line': b'-- Execute custom install script\n'}
[221.370948] (turtlebot3_msgs) StdoutLine: {'line': b'-- Symlinking: /workspaces/UON-CS-robotlab-simulation-container/install/turtlebot3_msgs/share/ament_index/resource_index/rosidl_interfaces/turtlebot3_msgs\n'}
[221.397052] (turtlebot3_msgs) StdoutLine: {'line': b'-- Symlinking: /workspaces/UON-CS-robotlab-simulation-container/install/turtlebot3_msgs/include/turtlebot3_msgs/turtlebot3_msgs/action/detail/patrol__functions.h\n'}
[221.397282] (-) TimerEvent: {}
[221.435575] (turtlebot3_msgs) StdoutLine: {'line': b'-- Symlinking: /workspaces/UON-CS-robotlab-simulation-container/install/turtlebot3_msgs/include/turtlebot3_msgs/turtlebot3_msgs/action/detail/patrol__struct.h\n'}
[221.465437] (turtlebot3_msgs) StdoutLine: {'line': b'-- Symlinking: /workspaces/UON-CS-robotlab-simulation-container/install/turtlebot3_msgs/include/turtlebot3_msgs/turtlebot3_msgs/action/detail/patrol__type_support.h\n'}
[221.487207] (turtlebot3_msgs) StdoutLine: {'line': b'-- Symlinking: /workspaces/UON-CS-robotlab-simulation-container/install/turtlebot3_msgs/include/turtlebot3_msgs/turtlebot3_msgs/action/patrol.h\n'}
[221.501073] (-) TimerEvent: {}
[221.602120] (-) TimerEvent: {}
[221.650231] (turtlebot3_msgs) StdoutLine: {'line': b'-- Symlinking: /workspaces/UON-CS-robotlab-simulation-container/install/turtlebot3_msgs/include/turtlebot3_msgs/turtlebot3_msgs/msg/detail/sensor_state__functions.h\n'}
[221.706522] (-) TimerEvent: {}
[221.740286] (turtlebot3_msgs) StdoutLine: {'line': b'-- Symlinking: /workspaces/UON-CS-robotlab-simulation-container/install/turtlebot3_msgs/include/turtlebot3_msgs/turtlebot3_msgs/msg/detail/sensor_state__struct.h\n'}
[221.773484] (turtlebot3_msgs) StdoutLine: {'line': b'-- Symlinking: /workspaces/UON-CS-robotlab-simulation-container/install/turtlebot3_msgs/include/turtlebot3_msgs/turtlebot3_msgs/msg/detail/sensor_state__type_support.h\n'}
[221.795843] (turtlebot3_msgs) StdoutLine: {'line': b'-- Symlinking: /workspaces/UON-CS-robotlab-simulation-container/install/turtlebot3_msgs/include/turtlebot3_msgs/turtlebot3_msgs/msg/detail/sound__functions.h\n'}
[221.807069] (turtlebot3_msgs) StdoutLine: {'line': b'-- Symlinking: /workspaces/UON-CS-robotlab-simulation-container/install/turtlebot3_msgs/include/turtlebot3_msgs/turtlebot3_msgs/msg/detail/sound__struct.h\n'}
[221.807680] (-) TimerEvent: {}
[221.820485] (turtlebot3_msgs) StdoutLine: {'line': b'-- Symlinking: /workspaces/UON-CS-robotlab-simulation-container/install/turtlebot3_msgs/include/turtlebot3_msgs/turtlebot3_msgs/msg/detail/sound__type_support.h\n'}
[221.848439] (turtlebot3_msgs) StdoutLine: {'line': b'-- Symlinking: /workspaces/UON-CS-robotlab-simulation-container/install/turtlebot3_msgs/include/turtlebot3_msgs/turtlebot3_msgs/msg/detail/version_info__functions.h\n'}
[221.874924] (turtlebot3_msgs) StdoutLine: {'line': b'-- Symlinking: /workspaces/UON-CS-robotlab-simulation-container/install/turtlebot3_msgs/include/turtlebot3_msgs/turtlebot3_msgs/msg/detail/version_info__struct.h\n'}
[221.896574] (turtlebot3_msgs) StdoutLine: {'line': b'-- Symlinking: /workspaces/UON-CS-robotlab-simulation-container/install/turtlebot3_msgs/include/turtlebot3_msgs/turtlebot3_msgs/msg/detail/version_info__type_support.h\n'}
[221.908005] (-) TimerEvent: {}
[221.924723] (turtlebot3_msgs) StdoutLine: {'line': b'-- Symlinking: /workspaces/UON-CS-robotlab-simulation-container/install/turtlebot3_msgs/include/turtlebot3_msgs/turtlebot3_msgs/msg/rosidl_generator_c__visibility_control.h\n'}
[221.955005] (turtlebot3_msgs) StdoutLine: {'line': b'-- Symlinking: /workspaces/UON-CS-robotlab-simulation-container/install/turtlebot3_msgs/include/turtlebot3_msgs/turtlebot3_msgs/msg/sensor_state.h\n'}
[221.977476] (turtlebot3_msgs) StdoutLine: {'line': b'-- Symlinking: /workspaces/UON-CS-robotlab-simulation-container/install/turtlebot3_msgs/include/turtlebot3_msgs/turtlebot3_msgs/msg/sound.h\n'}
[222.008182] (-) TimerEvent: {}
[222.023127] (turtlebot3_msgs) StdoutLine: {'line': b'-- Symlinking: /workspaces/UON-CS-robotlab-simulation-container/install/turtlebot3_msgs/include/turtlebot3_msgs/turtlebot3_msgs/msg/version_info.h\n'}
[222.138777] (turtlebot3_msgs) StdoutLine: {'line': b'-- Symlinking: /workspaces/UON-CS-robotlab-simulation-container/install/turtlebot3_msgs/include/turtlebot3_msgs/turtlebot3_msgs/srv/detail/dqn__functions.h\n'}
[222.142836] (-) TimerEvent: {}
[222.223288] (turtlebot3_msgs) StdoutLine: {'line': b'-- Symlinking: /workspaces/UON-CS-robotlab-simulation-container/install/turtlebot3_msgs/include/turtlebot3_msgs/turtlebot3_msgs/srv/detail/dqn__struct.h\n'}
[222.247312] (-) TimerEvent: {}
[222.284856] (turtlebot3_msgs) StdoutLine: {'line': b'-- Symlinking: /workspaces/UON-CS-robotlab-simulation-container/install/turtlebot3_msgs/include/turtlebot3_msgs/turtlebot3_msgs/srv/detail/dqn__type_support.h\n'}
[222.317963] (turtlebot3_msgs) StdoutLine: {'line': b'-- Symlinking: /workspaces/UON-CS-robotlab-simulation-container/install/turtlebot3_msgs/include/turtlebot3_msgs/turtlebot3_msgs/srv/detail/goal__functions.h\n'}
[222.345633] (turtlebot3_msgs) StdoutLine: {'line': b'-- Symlinking: /workspaces/UON-CS-robotlab-simulation-container/install/turtlebot3_msgs/include/turtlebot3_msgs/turtlebot3_msgs/srv/detail/goal__struct.h\n'}
[222.353096] (-) TimerEvent: {}
[222.386551] (turtlebot3_msgs) StdoutLine: {'line': b'-- Symlinking: /workspaces/UON-CS-robotlab-simulation-container/install/turtlebot3_msgs/include/turtlebot3_msgs/turtlebot3_msgs/srv/detail/goal__type_support.h\n'}
[222.424081] (turtlebot3_msgs) StdoutLine: {'line': b'-- Symlinking: /workspaces/UON-CS-robotlab-simulation-container/install/turtlebot3_msgs/include/turtlebot3_msgs/turtlebot3_msgs/srv/detail/sound__functions.h\n'}
[222.440857] (turtlebot3_msgs) StdoutLine: {'line': b'-- Symlinking: /workspaces/UON-CS-robotlab-simulation-container/install/turtlebot3_msgs/include/turtlebot3_msgs/turtlebot3_msgs/srv/detail/sound__struct.h\n'}
[222.453200] (-) TimerEvent: {}
[222.458073] (turtlebot3_msgs) StdoutLine: {'line': b'-- Symlinking: /workspaces/UON-CS-robotlab-simulation-container/install/turtlebot3_msgs/include/turtlebot3_msgs/turtlebot3_msgs/srv/detail/sound__type_support.h\n'}
[222.474491] (turtlebot3_msgs) StdoutLine: {'line': b'-- Symlinking: /workspaces/UON-CS-robotlab-simulation-container/install/turtlebot3_msgs/include/turtlebot3_msgs/turtlebot3_msgs/srv/dqn.h\n'}
[222.497526] (turtlebot3_msgs) StdoutLine: {'line': b'-- Symlinking: /workspaces/UON-CS-robotlab-simulation-container/install/turtlebot3_msgs/include/turtlebot3_msgs/turtlebot3_msgs/srv/goal.h\n'}
[222.511383] (turtlebot3_msgs) StdoutLine: {'line': b'-- Symlinking: /workspaces/UON-CS-robotlab-simulation-container/install/turtlebot3_msgs/include/turtlebot3_msgs/turtlebot3_msgs/srv/sound.h\n'}
[222.529640] (turtlebot3_msgs) StdoutLine: {'line': b'-- Symlinking: /workspaces/UON-CS-robotlab-simulation-container/install/turtlebot3_msgs/share/turtlebot3_msgs/environment/library_path.sh\n'}
[222.554843] (-) TimerEvent: {}
[222.556912] (turtlebot3_msgs) StdoutLine: {'line': b'-- Symlinking: /workspaces/UON-CS-robotlab-simulation-container/install/turtlebot3_msgs/share/turtlebot3_msgs/environment/library_path.dsv\n'}
[222.593153] (turtlebot3_msgs) StdoutLine: {'line': b'-- Symlinking: /workspaces/UON-CS-robotlab-simulation-container/install/turtlebot3_msgs/include/turtlebot3_msgs/turtlebot3_msgs/action/detail/patrol__rosidl_typesupport_fastrtps_c.h\n'}
[222.626337] (turtlebot3_msgs) StdoutLine: {'line': b'-- Symlinking: /workspaces/UON-CS-robotlab-simulation-container/install/turtlebot3_msgs/include/turtlebot3_msgs/turtlebot3_msgs/msg/detail/sensor_state__rosidl_typesupport_fastrtps_c.h\n'}
[222.659891] (-) TimerEvent: {}
[222.777125] (-) TimerEvent: {}
[222.805559] (turtlebot3_msgs) StdoutLine: {'line': b'-- Symlinking: /workspaces/UON-CS-robotlab-simulation-container/install/turtlebot3_msgs/include/turtlebot3_msgs/turtlebot3_msgs/msg/detail/sound__rosidl_typesupport_fastrtps_c.h\n'}
[222.840510] (turtlebot3_msgs) StdoutLine: {'line': b'-- Symlinking: /workspaces/UON-CS-robotlab-simulation-container/install/turtlebot3_msgs/include/turtlebot3_msgs/turtlebot3_msgs/msg/detail/version_info__rosidl_typesupport_fastrtps_c.h\n'}
[222.880190] (-) TimerEvent: {}
[222.886988] (turtlebot3_msgs) StdoutLine: {'line': b'-- Symlinking: /workspaces/UON-CS-robotlab-simulation-container/install/turtlebot3_msgs/include/turtlebot3_msgs/turtlebot3_msgs/msg/rosidl_typesupport_fastrtps_c__visibility_control.h\n'}
[222.928880] (turtlebot3_msgs) StdoutLine: {'line': b'-- Symlinking: /workspaces/UON-CS-robotlab-simulation-container/install/turtlebot3_msgs/include/turtlebot3_msgs/turtlebot3_msgs/srv/detail/dqn__rosidl_typesupport_fastrtps_c.h\n'}
[222.966278] (turtlebot3_msgs) StdoutLine: {'line': b'-- Symlinking: /workspaces/UON-CS-robotlab-simulation-container/install/turtlebot3_msgs/include/turtlebot3_msgs/turtlebot3_msgs/srv/detail/goal__rosidl_typesupport_fastrtps_c.h\n'}
[222.981564] (-) TimerEvent: {}
[223.007122] (turtlebot3_msgs) StdoutLine: {'line': b'-- Symlinking: /workspaces/UON-CS-robotlab-simulation-container/install/turtlebot3_msgs/include/turtlebot3_msgs/turtlebot3_msgs/srv/detail/sound__rosidl_typesupport_fastrtps_c.h\n'}
[223.063332] (turtlebot3_msgs) StdoutLine: {'line': b'-- Symlinking: /workspaces/UON-CS-robotlab-simulation-container/install/turtlebot3_msgs/include/turtlebot3_msgs/turtlebot3_msgs/action/detail/patrol__builder.hpp\n'}
[223.084026] (-) TimerEvent: {}
[223.160040] (turtlebot3_msgs) StdoutLine: {'line': b'-- Symlinking: /workspaces/UON-CS-robotlab-simulation-container/install/turtlebot3_msgs/include/turtlebot3_msgs/turtlebot3_msgs/action/detail/patrol__struct.hpp\n'}
[223.201974] (-) TimerEvent: {}
[223.289413] (turtlebot3_msgs) StdoutLine: {'line': b'-- Symlinking: /workspaces/UON-CS-robotlab-simulation-container/install/turtlebot3_msgs/include/turtlebot3_msgs/turtlebot3_msgs/action/detail/patrol__traits.hpp\n'}
[223.304764] (-) TimerEvent: {}
[223.344666] (turtlebot3_msgs) StdoutLine: {'line': b'-- Symlinking: /workspaces/UON-CS-robotlab-simulation-container/install/turtlebot3_msgs/include/turtlebot3_msgs/turtlebot3_msgs/action/detail/patrol__type_support.hpp\n'}
[223.373293] (turtlebot3_msgs) StdoutLine: {'line': b'-- Symlinking: /workspaces/UON-CS-robotlab-simulation-container/install/turtlebot3_msgs/include/turtlebot3_msgs/turtlebot3_msgs/action/patrol.hpp\n'}
[223.398548] (turtlebot3_msgs) StdoutLine: {'line': b'-- Symlinking: /workspaces/UON-CS-robotlab-simulation-container/install/turtlebot3_msgs/include/turtlebot3_msgs/turtlebot3_msgs/msg/detail/sensor_state__builder.hpp\n'}
[223.405015] (-) TimerEvent: {}
[223.425998] (turtlebot3_msgs) StdoutLine: {'line': b'-- Symlinking: /workspaces/UON-CS-robotlab-simulation-container/install/turtlebot3_msgs/include/turtlebot3_msgs/turtlebot3_msgs/msg/detail/sensor_state__struct.hpp\n'}
[223.453593] (turtlebot3_msgs) StdoutLine: {'line': b'-- Symlinking: /workspaces/UON-CS-robotlab-simulation-container/install/turtlebot3_msgs/include/turtlebot3_msgs/turtlebot3_msgs/msg/detail/sensor_state__traits.hpp\n'}
[223.479701] (turtlebot3_msgs) StdoutLine: {'line': b'-- Symlinking: /workspaces/UON-CS-robotlab-simulation-container/install/turtlebot3_msgs/include/turtlebot3_msgs/turtlebot3_msgs/msg/detail/sensor_state__type_support.hpp\n'}
[223.505138] (-) TimerEvent: {}
[223.507051] (turtlebot3_msgs) StdoutLine: {'line': b'-- Symlinking: /workspaces/UON-CS-robotlab-simulation-container/install/turtlebot3_msgs/include/turtlebot3_msgs/turtlebot3_msgs/msg/detail/sound__builder.hpp\n'}
[223.542648] (turtlebot3_msgs) StdoutLine: {'line': b'-- Symlinking: /workspaces/UON-CS-robotlab-simulation-container/install/turtlebot3_msgs/include/turtlebot3_msgs/turtlebot3_msgs/msg/detail/sound__struct.hpp\n'}
[223.571096] (turtlebot3_msgs) StdoutLine: {'line': b'-- Symlinking: /workspaces/UON-CS-robotlab-simulation-container/install/turtlebot3_msgs/include/turtlebot3_msgs/turtlebot3_msgs/msg/detail/sound__traits.hpp\n'}
[223.590703] (turtlebot3_msgs) StdoutLine: {'line': b'-- Symlinking: /workspaces/UON-CS-robotlab-simulation-container/install/turtlebot3_msgs/include/turtlebot3_msgs/turtlebot3_msgs/msg/detail/sound__type_support.hpp\n'}
[223.605247] (-) TimerEvent: {}
[223.620309] (turtlebot3_msgs) StdoutLine: {'line': b'-- Symlinking: /workspaces/UON-CS-robotlab-simulation-container/install/turtlebot3_msgs/include/turtlebot3_msgs/turtlebot3_msgs/msg/detail/version_info__builder.hpp\n'}
[223.638113] (turtlebot3_msgs) StdoutLine: {'line': b'-- Symlinking: /workspaces/UON-CS-robotlab-simulation-container/install/turtlebot3_msgs/include/turtlebot3_msgs/turtlebot3_msgs/msg/detail/version_info__struct.hpp\n'}
[223.661640] (turtlebot3_msgs) StdoutLine: {'line': b'-- Symlinking: /workspaces/UON-CS-robotlab-simulation-container/install/turtlebot3_msgs/include/turtlebot3_msgs/turtlebot3_msgs/msg/detail/version_info__traits.hpp\n'}
[223.688623] (turtlebot3_msgs) StdoutLine: {'line': b'-- Symlinking: /workspaces/UON-CS-robotlab-simulation-container/install/turtlebot3_msgs/include/turtlebot3_msgs/turtlebot3_msgs/msg/detail/version_info__type_support.hpp\n'}
[223.707720] (-) TimerEvent: {}
[223.853889] (turtlebot3_msgs) StdoutLine: {'line': b'-- Symlinking: /workspaces/UON-CS-robotlab-simulation-container/install/turtlebot3_msgs/include/turtlebot3_msgs/turtlebot3_msgs/msg/rosidl_generator_cpp__visibility_control.hpp\n'}
[223.856180] (-) TimerEvent: {}
[223.885006] (turtlebot3_msgs) StdoutLine: {'line': b'-- Symlinking: /workspaces/UON-CS-robotlab-simulation-container/install/turtlebot3_msgs/include/turtlebot3_msgs/turtlebot3_msgs/msg/sensor_state.hpp\n'}
[223.959048] (-) TimerEvent: {}
[223.979639] (turtlebot3_msgs) StdoutLine: {'line': b'-- Symlinking: /workspaces/UON-CS-robotlab-simulation-container/install/turtlebot3_msgs/include/turtlebot3_msgs/turtlebot3_msgs/msg/sound.hpp\n'}
[224.042093] (turtlebot3_msgs) StdoutLine: {'line': b'-- Symlinking: /workspaces/UON-CS-robotlab-simulation-container/install/turtlebot3_msgs/include/turtlebot3_msgs/turtlebot3_msgs/msg/version_info.hpp\n'}
[224.059864] (-) TimerEvent: {}
[224.095072] (turtlebot3_msgs) StdoutLine: {'line': b'-- Symlinking: /workspaces/UON-CS-robotlab-simulation-container/install/turtlebot3_msgs/include/turtlebot3_msgs/turtlebot3_msgs/srv/detail/dqn__builder.hpp\n'}
[224.148100] (turtlebot3_msgs) StdoutLine: {'line': b'-- Symlinking: /workspaces/UON-CS-robotlab-simulation-container/install/turtlebot3_msgs/include/turtlebot3_msgs/turtlebot3_msgs/srv/detail/dqn__struct.hpp\n'}
[224.165092] (-) TimerEvent: {}
[224.188348] (turtlebot3_msgs) StdoutLine: {'line': b'-- Symlinking: /workspaces/UON-CS-robotlab-simulation-container/install/turtlebot3_msgs/include/turtlebot3_msgs/turtlebot3_msgs/srv/detail/dqn__traits.hpp\n'}
[224.239118] (turtlebot3_msgs) StdoutLine: {'line': b'-- Symlinking: /workspaces/UON-CS-robotlab-simulation-container/install/turtlebot3_msgs/include/turtlebot3_msgs/turtlebot3_msgs/srv/detail/dqn__type_support.hpp\n'}
[224.269267] (-) TimerEvent: {}
[224.284086] (turtlebot3_msgs) StdoutLine: {'line': b'-- Symlinking: /workspaces/UON-CS-robotlab-simulation-container/install/turtlebot3_msgs/include/turtlebot3_msgs/turtlebot3_msgs/srv/detail/goal__builder.hpp\n'}
[224.344531] (turtlebot3_msgs) StdoutLine: {'line': b'-- Symlinking: /workspaces/UON-CS-robotlab-simulation-container/install/turtlebot3_msgs/include/turtlebot3_msgs/turtlebot3_msgs/srv/detail/goal__struct.hpp\n'}
[224.369494] (-) TimerEvent: {}
[224.473658] (-) TimerEvent: {}
[224.577627] (-) TimerEvent: {}
[224.581616] (turtlebot3_msgs) StdoutLine: {'line': b'-- Symlinking: /workspaces/UON-CS-robotlab-simulation-container/install/turtlebot3_msgs/include/turtlebot3_msgs/turtlebot3_msgs/srv/detail/goal__traits.hpp\n'}
[224.646844] (turtlebot3_msgs) StdoutLine: {'line': b'-- Symlinking: /workspaces/UON-CS-robotlab-simulation-container/install/turtlebot3_msgs/include/turtlebot3_msgs/turtlebot3_msgs/srv/detail/goal__type_support.hpp\n'}
[224.677710] (-) TimerEvent: {}
[224.695007] (turtlebot3_msgs) StdoutLine: {'line': b'-- Symlinking: /workspaces/UON-CS-robotlab-simulation-container/install/turtlebot3_msgs/include/turtlebot3_msgs/turtlebot3_msgs/srv/detail/sound__builder.hpp\n'}
[224.756645] (turtlebot3_msgs) StdoutLine: {'line': b'-- Symlinking: /workspaces/UON-CS-robotlab-simulation-container/install/turtlebot3_msgs/include/turtlebot3_msgs/turtlebot3_msgs/srv/detail/sound__struct.hpp\n'}
[224.779016] (-) TimerEvent: {}
[224.785960] (turtlebot3_msgs) StdoutLine: {'line': b'-- Symlinking: /workspaces/UON-CS-robotlab-simulation-container/install/turtlebot3_msgs/include/turtlebot3_msgs/turtlebot3_msgs/srv/detail/sound__traits.hpp\n'}
[224.817441] (turtlebot3_msgs) StdoutLine: {'line': b'-- Symlinking: /workspaces/UON-CS-robotlab-simulation-container/install/turtlebot3_msgs/include/turtlebot3_msgs/turtlebot3_msgs/srv/detail/sound__type_support.hpp\n'}
[224.852110] (turtlebot3_msgs) StdoutLine: {'line': b'-- Symlinking: /workspaces/UON-CS-robotlab-simulation-container/install/turtlebot3_msgs/include/turtlebot3_msgs/turtlebot3_msgs/srv/dqn.hpp\n'}
[224.880013] (-) TimerEvent: {}
[224.884348] (turtlebot3_msgs) StdoutLine: {'line': b'-- Symlinking: /workspaces/UON-CS-robotlab-simulation-container/install/turtlebot3_msgs/include/turtlebot3_msgs/turtlebot3_msgs/srv/goal.hpp\n'}
[224.913959] (turtlebot3_msgs) StdoutLine: {'line': b'-- Symlinking: /workspaces/UON-CS-robotlab-simulation-container/install/turtlebot3_msgs/include/turtlebot3_msgs/turtlebot3_msgs/srv/sound.hpp\n'}
[225.018119] (-) TimerEvent: {}
[225.092081] (turtlebot3_msgs) StdoutLine: {'line': b'-- Symlinking: /workspaces/UON-CS-robotlab-simulation-container/install/turtlebot3_msgs/include/turtlebot3_msgs/turtlebot3_msgs/action/detail/patrol__rosidl_typesupport_fastrtps_cpp.hpp\n'}
[225.121133] (-) TimerEvent: {}
[225.186283] (turtlebot3_msgs) StdoutLine: {'line': b'-- Symlinking: /workspaces/UON-CS-robotlab-simulation-container/install/turtlebot3_msgs/include/turtlebot3_msgs/turtlebot3_msgs/msg/detail/sensor_state__rosidl_typesupport_fastrtps_cpp.hpp\n'}
[225.236022] (-) TimerEvent: {}
[225.282775] (turtlebot3_msgs) StdoutLine: {'line': b'-- Symlinking: /workspaces/UON-CS-robotlab-simulation-container/install/turtlebot3_msgs/include/turtlebot3_msgs/turtlebot3_msgs/msg/detail/sound__rosidl_typesupport_fastrtps_cpp.hpp\n'}
[225.340182] (-) TimerEvent: {}
[225.445410] (turtlebot3_msgs) StdoutLine: {'line': b'-- Symlinking: /workspaces/UON-CS-robotlab-simulation-container/install/turtlebot3_msgs/include/turtlebot3_msgs/turtlebot3_msgs/msg/detail/version_info__rosidl_typesupport_fastrtps_cpp.hpp\n'}
[225.445624] (-) TimerEvent: {}
[225.598531] (-) TimerEvent: {}
[225.701057] (-) TimerEvent: {}
[225.705072] (turtlebot3_msgs) StdoutLine: {'line': b'-- Symlinking: /workspaces/UON-CS-robotlab-simulation-container/install/turtlebot3_msgs/include/turtlebot3_msgs/turtlebot3_msgs/msg/rosidl_typesupport_fastrtps_cpp__visibility_control.h\n'}
[225.749237] (turtlebot3_msgs) StdoutLine: {'line': b'-- Symlinking: /workspaces/UON-CS-robotlab-simulation-container/install/turtlebot3_msgs/include/turtlebot3_msgs/turtlebot3_msgs/srv/detail/dqn__rosidl_typesupport_fastrtps_cpp.hpp\n'}
[225.792593] (turtlebot3_msgs) StdoutLine: {'line': b'-- Symlinking: /workspaces/UON-CS-robotlab-simulation-container/install/turtlebot3_msgs/include/turtlebot3_msgs/turtlebot3_msgs/srv/detail/goal__rosidl_typesupport_fastrtps_cpp.hpp\n'}
[225.804039] (-) TimerEvent: {}
[225.851002] (turtlebot3_msgs) StdoutLine: {'line': b'-- Symlinking: /workspaces/UON-CS-robotlab-simulation-container/install/turtlebot3_msgs/include/turtlebot3_msgs/turtlebot3_msgs/srv/detail/sound__rosidl_typesupport_fastrtps_cpp.hpp\n'}
[225.895338] (turtlebot3_msgs) StdoutLine: {'line': b'-- Symlinking: /workspaces/UON-CS-robotlab-simulation-container/install/turtlebot3_msgs/include/turtlebot3_msgs/turtlebot3_msgs/action/detail/patrol__rosidl_typesupport_introspection_c.h\n'}
[225.910511] (-) TimerEvent: {}
[225.937923] (turtlebot3_msgs) StdoutLine: {'line': b'-- Symlinking: /workspaces/UON-CS-robotlab-simulation-container/install/turtlebot3_msgs/include/turtlebot3_msgs/turtlebot3_msgs/msg/detail/sensor_state__rosidl_typesupport_introspection_c.h\n'}
[225.971894] (turtlebot3_msgs) StdoutLine: {'line': b'-- Symlinking: /workspaces/UON-CS-robotlab-simulation-container/install/turtlebot3_msgs/include/turtlebot3_msgs/turtlebot3_msgs/msg/detail/sound__rosidl_typesupport_introspection_c.h\n'}
[226.012106] (turtlebot3_msgs) StdoutLine: {'line': b'-- Symlinking: /workspaces/UON-CS-robotlab-simulation-container/install/turtlebot3_msgs/include/turtlebot3_msgs/turtlebot3_msgs/msg/detail/version_info__rosidl_typesupport_introspection_c.h\n'}
[226.013895] (-) TimerEvent: {}
[226.045279] (turtlebot3_msgs) StdoutLine: {'line': b'-- Symlinking: /workspaces/UON-CS-robotlab-simulation-container/install/turtlebot3_msgs/include/turtlebot3_msgs/turtlebot3_msgs/msg/rosidl_typesupport_introspection_c__visibility_control.h\n'}
[226.084486] (turtlebot3_msgs) StdoutLine: {'line': b'-- Symlinking: /workspaces/UON-CS-robotlab-simulation-container/install/turtlebot3_msgs/include/turtlebot3_msgs/turtlebot3_msgs/srv/detail/dqn__rosidl_typesupport_introspection_c.h\n'}
[226.117583] (-) TimerEvent: {}
[226.134198] (turtlebot3_msgs) StdoutLine: {'line': b'-- Symlinking: /workspaces/UON-CS-robotlab-simulation-container/install/turtlebot3_msgs/include/turtlebot3_msgs/turtlebot3_msgs/srv/detail/goal__rosidl_typesupport_introspection_c.h\n'}
[226.155153] (turtlebot3_msgs) StdoutLine: {'line': b'-- Symlinking: /workspaces/UON-CS-robotlab-simulation-container/install/turtlebot3_msgs/include/turtlebot3_msgs/turtlebot3_msgs/srv/detail/sound__rosidl_typesupport_introspection_c.h\n'}
[226.189087] (turtlebot3_msgs) StdoutLine: {'line': b'-- Symlinking: /workspaces/UON-CS-robotlab-simulation-container/install/turtlebot3_msgs/include/turtlebot3_msgs/turtlebot3_msgs/action/detail/patrol__rosidl_typesupport_introspection_cpp.hpp\n'}
[226.213074] (turtlebot3_msgs) StdoutLine: {'line': b'-- Symlinking: /workspaces/UON-CS-robotlab-simulation-container/install/turtlebot3_msgs/include/turtlebot3_msgs/turtlebot3_msgs/msg/detail/sensor_state__rosidl_typesupport_introspection_cpp.hpp\n'}
[226.219001] (-) TimerEvent: {}
[226.256307] (turtlebot3_msgs) StdoutLine: {'line': b'-- Symlinking: /workspaces/UON-CS-robotlab-simulation-container/install/turtlebot3_msgs/include/turtlebot3_msgs/turtlebot3_msgs/msg/detail/sound__rosidl_typesupport_introspection_cpp.hpp\n'}
[226.302074] (turtlebot3_msgs) StdoutLine: {'line': b'-- Symlinking: /workspaces/UON-CS-robotlab-simulation-container/install/turtlebot3_msgs/include/turtlebot3_msgs/turtlebot3_msgs/msg/detail/version_info__rosidl_typesupport_introspection_cpp.hpp\n'}
[226.319572] (-) TimerEvent: {}
[226.434108] (-) TimerEvent: {}
[226.473803] (turtlebot3_msgs) StdoutLine: {'line': b'-- Symlinking: /workspaces/UON-CS-robotlab-simulation-container/install/turtlebot3_msgs/include/turtlebot3_msgs/turtlebot3_msgs/srv/detail/dqn__rosidl_typesupport_introspection_cpp.hpp\n'}
[226.537240] (-) TimerEvent: {}
[226.571620] (turtlebot3_msgs) StdoutLine: {'line': b'-- Symlinking: /workspaces/UON-CS-robotlab-simulation-container/install/turtlebot3_msgs/include/turtlebot3_msgs/turtlebot3_msgs/srv/detail/goal__rosidl_typesupport_introspection_cpp.hpp\n'}
[226.639093] (-) TimerEvent: {}
[226.641962] (turtlebot3_msgs) StdoutLine: {'line': b'-- Symlinking: /workspaces/UON-CS-robotlab-simulation-container/install/turtlebot3_msgs/include/turtlebot3_msgs/turtlebot3_msgs/srv/detail/sound__rosidl_typesupport_introspection_cpp.hpp\n'}
[226.707177] (turtlebot3_msgs) StdoutLine: {'line': b'-- Symlinking: /workspaces/UON-CS-robotlab-simulation-container/install/turtlebot3_msgs/share/turtlebot3_msgs/environment/pythonpath.sh\n'}
[226.740022] (-) TimerEvent: {}
[226.747440] (turtlebot3_msgs) StdoutLine: {'line': b'-- Symlinking: /workspaces/UON-CS-robotlab-simulation-container/install/turtlebot3_msgs/share/turtlebot3_msgs/environment/pythonpath.dsv\n'}
[226.800918] (turtlebot3_msgs) StdoutLine: {'line': b'-- Symlinking: /workspaces/UON-CS-robotlab-simulation-container/install/turtlebot3_msgs/local/lib/python3.10/dist-packages/turtlebot3_msgs-2.4.0-py3.10.egg-info/PKG-INFO\n'}
[226.841023] (-) TimerEvent: {}
[226.861725] (turtlebot3_msgs) StdoutLine: {'line': b'-- Symlinking: /workspaces/UON-CS-robotlab-simulation-container/install/turtlebot3_msgs/local/lib/python3.10/dist-packages/turtlebot3_msgs-2.4.0-py3.10.egg-info/SOURCES.txt\n'}
[226.895505] (turtlebot3_msgs) StdoutLine: {'line': b'-- Symlinking: /workspaces/UON-CS-robotlab-simulation-container/install/turtlebot3_msgs/local/lib/python3.10/dist-packages/turtlebot3_msgs-2.4.0-py3.10.egg-info/dependency_links.txt\n'}
[226.943009] (-) TimerEvent: {}
[226.944651] (turtlebot3_msgs) StdoutLine: {'line': b'-- Symlinking: /workspaces/UON-CS-robotlab-simulation-container/install/turtlebot3_msgs/local/lib/python3.10/dist-packages/turtlebot3_msgs-2.4.0-py3.10.egg-info/top_level.txt\n'}
[226.996455] (turtlebot3_msgs) StdoutLine: {'line': b'-- Symlinking: /workspaces/UON-CS-robotlab-simulation-container/install/turtlebot3_msgs/local/lib/python3.10/dist-packages/turtlebot3_msgs/__init__.py\n'}
[227.027736] (turtlebot3_msgs) StdoutLine: {'line': b'-- Symlinking: /workspaces/UON-CS-robotlab-simulation-container/install/turtlebot3_msgs/local/lib/python3.10/dist-packages/turtlebot3_msgs/_turtlebot3_msgs_s.ep.rosidl_typesupport_c.c\n'}
[227.196056] (-) TimerEvent: {}
[227.196501] (turtlebot3_msgs) StdoutLine: {'line': b'-- Symlinking: /workspaces/UON-CS-robotlab-simulation-container/install/turtlebot3_msgs/local/lib/python3.10/dist-packages/turtlebot3_msgs/_turtlebot3_msgs_s.ep.rosidl_typesupport_fastrtps_c.c\n'}
[227.196668] (turtlebot3_msgs) StdoutLine: {'line': b'-- Symlinking: /workspaces/UON-CS-robotlab-simulation-container/install/turtlebot3_msgs/local/lib/python3.10/dist-packages/turtlebot3_msgs/_turtlebot3_msgs_s.ep.rosidl_typesupport_introspection_c.c\n'}
[227.196744] (turtlebot3_msgs) StdoutLine: {'line': b'-- Symlinking: /workspaces/UON-CS-robotlab-simulation-container/install/turtlebot3_msgs/local/lib/python3.10/dist-packages/turtlebot3_msgs/action/__init__.py\n'}
[227.196819] (turtlebot3_msgs) StdoutLine: {'line': b'-- Symlinking: /workspaces/UON-CS-robotlab-simulation-container/install/turtlebot3_msgs/local/lib/python3.10/dist-packages/turtlebot3_msgs/action/_patrol.py\n'}
[227.196897] (turtlebot3_msgs) StdoutLine: {'line': b'-- Symlinking: /workspaces/UON-CS-robotlab-simulation-container/install/turtlebot3_msgs/local/lib/python3.10/dist-packages/turtlebot3_msgs/action/_patrol_s.c\n'}
[227.205074] (turtlebot3_msgs) StdoutLine: {'line': b'-- Symlinking: /workspaces/UON-CS-robotlab-simulation-container/install/turtlebot3_msgs/local/lib/python3.10/dist-packages/turtlebot3_msgs/libturtlebot3_msgs__rosidl_generator_py.so\n'}
[227.205259] (turtlebot3_msgs) StdoutLine: {'line': b'-- Symlinking: /workspaces/UON-CS-robotlab-simulation-container/install/turtlebot3_msgs/local/lib/python3.10/dist-packages/turtlebot3_msgs/msg/__init__.py\n'}
[227.205347] (turtlebot3_msgs) StdoutLine: {'line': b'-- Symlinking: /workspaces/UON-CS-robotlab-simulation-container/install/turtlebot3_msgs/local/lib/python3.10/dist-packages/turtlebot3_msgs/msg/_sensor_state.py\n'}
[227.226219] (turtlebot3_msgs) StdoutLine: {'line': b'-- Symlinking: /workspaces/UON-CS-robotlab-simulation-container/install/turtlebot3_msgs/local/lib/python3.10/dist-packages/turtlebot3_msgs/msg/_sensor_state_s.c\n'}
[227.242803] (turtlebot3_msgs) StdoutLine: {'line': b'-- Symlinking: /workspaces/UON-CS-robotlab-simulation-container/install/turtlebot3_msgs/local/lib/python3.10/dist-packages/turtlebot3_msgs/msg/_sound.py\n'}
[227.284845] (turtlebot3_msgs) StdoutLine: {'line': b'-- Symlinking: /workspaces/UON-CS-robotlab-simulation-container/install/turtlebot3_msgs/local/lib/python3.10/dist-packages/turtlebot3_msgs/msg/_sound_s.c\n'}
[227.296171] (-) TimerEvent: {}
[227.321731] (turtlebot3_msgs) StdoutLine: {'line': b'-- Symlinking: /workspaces/UON-CS-robotlab-simulation-container/install/turtlebot3_msgs/local/lib/python3.10/dist-packages/turtlebot3_msgs/msg/_version_info.py\n'}
[227.361229] (turtlebot3_msgs) StdoutLine: {'line': b'-- Symlinking: /workspaces/UON-CS-robotlab-simulation-container/install/turtlebot3_msgs/local/lib/python3.10/dist-packages/turtlebot3_msgs/msg/_version_info_s.c\n'}
[227.399033] (-) TimerEvent: {}
[227.401501] (turtlebot3_msgs) StdoutLine: {'line': b'-- Symlinking: /workspaces/UON-CS-robotlab-simulation-container/install/turtlebot3_msgs/local/lib/python3.10/dist-packages/turtlebot3_msgs/srv/__init__.py\n'}
[227.440186] (turtlebot3_msgs) StdoutLine: {'line': b'-- Symlinking: /workspaces/UON-CS-robotlab-simulation-container/install/turtlebot3_msgs/local/lib/python3.10/dist-packages/turtlebot3_msgs/srv/_dqn.py\n'}
[227.479202] (turtlebot3_msgs) StdoutLine: {'line': b'-- Symlinking: /workspaces/UON-CS-robotlab-simulation-container/install/turtlebot3_msgs/local/lib/python3.10/dist-packages/turtlebot3_msgs/srv/_dqn_s.c\n'}
[227.502024] (-) TimerEvent: {}
[227.512692] (turtlebot3_msgs) StdoutLine: {'line': b'-- Symlinking: /workspaces/UON-CS-robotlab-simulation-container/install/turtlebot3_msgs/local/lib/python3.10/dist-packages/turtlebot3_msgs/srv/_goal.py\n'}
[227.542443] (turtlebot3_msgs) StdoutLine: {'line': b'-- Symlinking: /workspaces/UON-CS-robotlab-simulation-container/install/turtlebot3_msgs/local/lib/python3.10/dist-packages/turtlebot3_msgs/srv/_goal_s.c\n'}
[227.569092] (turtlebot3_msgs) StdoutLine: {'line': b'-- Symlinking: /workspaces/UON-CS-robotlab-simulation-container/install/turtlebot3_msgs/local/lib/python3.10/dist-packages/turtlebot3_msgs/srv/_sound.py\n'}
[227.582470] (turtlebot3_msgs) StdoutLine: {'line': b'-- Symlinking: /workspaces/UON-CS-robotlab-simulation-container/install/turtlebot3_msgs/local/lib/python3.10/dist-packages/turtlebot3_msgs/srv/_sound_s.c\n'}
[227.596025] (turtlebot3_msgs) StdoutLine: {'line': b'-- Symlinking: /workspaces/UON-CS-robotlab-simulation-container/install/turtlebot3_msgs/local/lib/python3.10/dist-packages/turtlebot3_msgs/turtlebot3_msgs_s__rosidl_typesupport_c.cpython-310-x86_64-linux-gnu.so\n'}
[227.602103] (-) TimerEvent: {}
[227.617462] (turtlebot3_msgs) StdoutLine: {'line': b'-- Symlinking: /workspaces/UON-CS-robotlab-simulation-container/install/turtlebot3_msgs/local/lib/python3.10/dist-packages/turtlebot3_msgs/turtlebot3_msgs_s__rosidl_typesupport_fastrtps_c.cpython-310-x86_64-linux-gnu.so\n'}
[227.649073] (turtlebot3_msgs) StdoutLine: {'line': b'-- Symlinking: /workspaces/UON-CS-robotlab-simulation-container/install/turtlebot3_msgs/local/lib/python3.10/dist-packages/turtlebot3_msgs/turtlebot3_msgs_s__rosidl_typesupport_introspection_c.cpython-310-x86_64-linux-gnu.so\n'}
[227.728985] (-) TimerEvent: {}
[227.837838] (-) TimerEvent: {}
[227.850780] (turtlebot3_msgs) StdoutLine: {'line': b'-- Up-to-date symlink: /workspaces/UON-CS-robotlab-simulation-container/install/turtlebot3_msgs/local/lib/python3.10/dist-packages/turtlebot3_msgs/turtlebot3_msgs_s__rosidl_typesupport_fastrtps_c.cpython-310-x86_64-linux-gnu.so\n'}
[227.868066] (turtlebot3_msgs) StdoutLine: {'line': b'-- Up-to-date symlink: /workspaces/UON-CS-robotlab-simulation-container/install/turtlebot3_msgs/local/lib/python3.10/dist-packages/turtlebot3_msgs/turtlebot3_msgs_s__rosidl_typesupport_introspection_c.cpython-310-x86_64-linux-gnu.so\n'}
[227.868843] (turtlebot3_msgs) StdoutLine: {'line': b'-- Up-to-date symlink: /workspaces/UON-CS-robotlab-simulation-container/install/turtlebot3_msgs/local/lib/python3.10/dist-packages/turtlebot3_msgs/turtlebot3_msgs_s__rosidl_typesupport_c.cpython-310-x86_64-linux-gnu.so\n'}
[227.868963] (turtlebot3_msgs) StdoutLine: {'line': b'-- Symlinking: /workspaces/UON-CS-robotlab-simulation-container/install/turtlebot3_msgs/share/ament_index/resource_index/rust_packages/turtlebot3_msgs\n'}
[227.922242] (turtlebot3_msgs) StdoutLine: {'line': b'-- Symlinking: /workspaces/UON-CS-robotlab-simulation-container/install/turtlebot3_msgs/share/turtlebot3_msgs/rust/Cargo.toml\n'}
[227.937717] (-) TimerEvent: {}
[227.941994] (turtlebot3_msgs) StdoutLine: {'line': b'-- Symlinking: /workspaces/UON-CS-robotlab-simulation-container/install/turtlebot3_msgs/share/turtlebot3_msgs/rust/build.rs\n'}
[227.993127] (turtlebot3_msgs) StdoutLine: {'line': b'-- Symlinking: /workspaces/UON-CS-robotlab-simulation-container/install/turtlebot3_msgs/share/turtlebot3_msgs/rust/src/action.rs\n'}
[228.016004] (turtlebot3_msgs) StdoutLine: {'line': b'-- Symlinking: /workspaces/UON-CS-robotlab-simulation-container/install/turtlebot3_msgs/share/turtlebot3_msgs/rust/src/action/rmw.rs\n'}
[228.042262] (turtlebot3_msgs) StdoutLine: {'line': b'-- Symlinking: /workspaces/UON-CS-robotlab-simulation-container/install/turtlebot3_msgs/share/turtlebot3_msgs/rust/src/lib.rs\n'}
[228.042634] (-) TimerEvent: {}
[228.066137] (turtlebot3_msgs) StdoutLine: {'line': b'-- Symlinking: /workspaces/UON-CS-robotlab-simulation-container/install/turtlebot3_msgs/share/turtlebot3_msgs/rust/src/msg.rs\n'}
[228.093463] (turtlebot3_msgs) StdoutLine: {'line': b'-- Symlinking: /workspaces/UON-CS-robotlab-simulation-container/install/turtlebot3_msgs/share/turtlebot3_msgs/rust/src/msg/rmw.rs\n'}
[228.131217] (turtlebot3_msgs) StdoutLine: {'line': b'-- Symlinking: /workspaces/UON-CS-robotlab-simulation-container/install/turtlebot3_msgs/share/turtlebot3_msgs/rust/src/srv.rs\n'}
[228.144022] (-) TimerEvent: {}
[228.154652] (turtlebot3_msgs) StdoutLine: {'line': b'-- Symlinking: /workspaces/UON-CS-robotlab-simulation-container/install/turtlebot3_msgs/share/turtlebot3_msgs/rust/src/srv/rmw.rs\n'}
[228.183086] (turtlebot3_msgs) StdoutLine: {'line': b'-- Symlinking: /workspaces/UON-CS-robotlab-simulation-container/install/turtlebot3_msgs/share/turtlebot3_msgs/msg/SensorState.idl\n'}
[228.264062] (-) TimerEvent: {}
[228.360782] (turtlebot3_msgs) StdoutLine: {'line': b'-- Symlinking: /workspaces/UON-CS-robotlab-simulation-container/install/turtlebot3_msgs/share/turtlebot3_msgs/msg/Sound.idl\n'}
[228.365456] (-) TimerEvent: {}
[228.368773] (turtlebot3_msgs) StdoutLine: {'line': b'-- Symlinking: /workspaces/UON-CS-robotlab-simulation-container/install/turtlebot3_msgs/share/turtlebot3_msgs/msg/VersionInfo.idl\n'}
[228.384706] (turtlebot3_msgs) StdoutLine: {'line': b'-- Symlinking: /workspaces/UON-CS-robotlab-simulation-container/install/turtlebot3_msgs/share/turtlebot3_msgs/srv/Sound.idl\n'}
[228.401186] (turtlebot3_msgs) StdoutLine: {'line': b'-- Symlinking: /workspaces/UON-CS-robotlab-simulation-container/install/turtlebot3_msgs/share/turtlebot3_msgs/srv/Dqn.idl\n'}
[228.413037] (turtlebot3_msgs) StdoutLine: {'line': b'-- Symlinking: /workspaces/UON-CS-robotlab-simulation-container/install/turtlebot3_msgs/share/turtlebot3_msgs/srv/Goal.idl\n'}
[228.456893] (turtlebot3_msgs) StdoutLine: {'line': b'-- Symlinking: /workspaces/UON-CS-robotlab-simulation-container/install/turtlebot3_msgs/share/turtlebot3_msgs/action/Patrol.idl\n'}
[228.469305] (-) TimerEvent: {}
[228.516816] (turtlebot3_msgs) StdoutLine: {'line': b'-- Symlinking: /workspaces/UON-CS-robotlab-simulation-container/install/turtlebot3_msgs/share/turtlebot3_msgs/msg/SensorState.msg\n'}
[228.570815] (-) TimerEvent: {}
[228.587193] (turtlebot3_msgs) StdoutLine: {'line': b'-- Symlinking: /workspaces/UON-CS-robotlab-simulation-container/install/turtlebot3_msgs/share/turtlebot3_msgs/msg/Sound.msg\n'}
[228.600750] (turtlebot3_msgs) StdoutLine: {'line': b'-- Symlinking: /workspaces/UON-CS-robotlab-simulation-container/install/turtlebot3_msgs/share/turtlebot3_msgs/msg/VersionInfo.msg\n'}
[228.617881] (turtlebot3_msgs) StdoutLine: {'line': b'-- Symlinking: /workspaces/UON-CS-robotlab-simulation-container/install/turtlebot3_msgs/share/turtlebot3_msgs/srv/Sound.srv\n'}
[228.631970] (turtlebot3_msgs) StdoutLine: {'line': b'-- Symlinking: /workspaces/UON-CS-robotlab-simulation-container/install/turtlebot3_msgs/share/turtlebot3_msgs/srv/Sound_Request.msg\n'}
[228.659209] (turtlebot3_msgs) StdoutLine: {'line': b'-- Symlinking: /workspaces/UON-CS-robotlab-simulation-container/install/turtlebot3_msgs/share/turtlebot3_msgs/srv/Sound_Response.msg\n'}
[228.670919] (-) TimerEvent: {}
[228.698115] (turtlebot3_msgs) StdoutLine: {'line': b'-- Symlinking: /workspaces/UON-CS-robotlab-simulation-container/install/turtlebot3_msgs/share/turtlebot3_msgs/srv/Dqn.srv\n'}
[228.725193] (turtlebot3_msgs) StdoutLine: {'line': b'-- Symlinking: /workspaces/UON-CS-robotlab-simulation-container/install/turtlebot3_msgs/share/turtlebot3_msgs/srv/Dqn_Request.msg\n'}
[228.759716] (turtlebot3_msgs) StdoutLine: {'line': b'-- Symlinking: /workspaces/UON-CS-robotlab-simulation-container/install/turtlebot3_msgs/share/turtlebot3_msgs/srv/Dqn_Response.msg\n'}
[228.773000] (-) TimerEvent: {}
[228.786103] (turtlebot3_msgs) StdoutLine: {'line': b'-- Symlinking: /workspaces/UON-CS-robotlab-simulation-container/install/turtlebot3_msgs/share/turtlebot3_msgs/srv/Goal.srv\n'}
[228.811115] (turtlebot3_msgs) StdoutLine: {'line': b'-- Symlinking: /workspaces/UON-CS-robotlab-simulation-container/install/turtlebot3_msgs/share/turtlebot3_msgs/srv/Goal_Request.msg\n'}
[228.839083] (turtlebot3_msgs) StdoutLine: {'line': b'-- Symlinking: /workspaces/UON-CS-robotlab-simulation-container/install/turtlebot3_msgs/share/turtlebot3_msgs/srv/Goal_Response.msg\n'}
[228.871954] (turtlebot3_msgs) StdoutLine: {'line': b'-- Symlinking: /workspaces/UON-CS-robotlab-simulation-container/install/turtlebot3_msgs/share/turtlebot3_msgs/action/Patrol.action\n'}
[228.874726] (-) TimerEvent: {}
[228.898928] (turtlebot3_msgs) StdoutLine: {'line': b'-- Symlinking: /workspaces/UON-CS-robotlab-simulation-container/install/turtlebot3_msgs/share/ament_index/resource_index/package_run_dependencies/turtlebot3_msgs\n'}
[228.976311] (-) TimerEvent: {}
[229.033868] (turtlebot3_msgs) StdoutLine: {'line': b'-- Symlinking: /workspaces/UON-CS-robotlab-simulation-container/install/turtlebot3_msgs/share/ament_index/resource_index/parent_prefix_path/turtlebot3_msgs\n'}
[229.040167] (turtlebot3_msgs) StdoutLine: {'line': b'-- Symlinking: /workspaces/UON-CS-robotlab-simulation-container/install/turtlebot3_msgs/share/turtlebot3_msgs/environment/ament_prefix_path.sh\n'}
[229.079478] (-) TimerEvent: {}
[229.124762] (turtlebot3_msgs) StdoutLine: {'line': b'-- Symlinking: /workspaces/UON-CS-robotlab-simulation-container/install/turtlebot3_msgs/share/turtlebot3_msgs/environment/ament_prefix_path.dsv\n'}
[229.153205] (turtlebot3_msgs) StdoutLine: {'line': b'-- Symlinking: /workspaces/UON-CS-robotlab-simulation-container/install/turtlebot3_msgs/share/turtlebot3_msgs/environment/path.sh\n'}
[229.175966] (turtlebot3_msgs) StdoutLine: {'line': b'-- Symlinking: /workspaces/UON-CS-robotlab-simulation-container/install/turtlebot3_msgs/share/turtlebot3_msgs/environment/path.dsv\n'}
[229.179538] (-) TimerEvent: {}
[229.205069] (turtlebot3_msgs) StdoutLine: {'line': b'-- Symlinking: /workspaces/UON-CS-robotlab-simulation-container/install/turtlebot3_msgs/share/turtlebot3_msgs/local_setup.bash\n'}
[229.230007] (turtlebot3_msgs) StdoutLine: {'line': b'-- Symlinking: /workspaces/UON-CS-robotlab-simulation-container/install/turtlebot3_msgs/share/turtlebot3_msgs/local_setup.sh\n'}
[229.255012] (turtlebot3_msgs) StdoutLine: {'line': b'-- Symlinking: /workspaces/UON-CS-robotlab-simulation-container/install/turtlebot3_msgs/share/turtlebot3_msgs/local_setup.zsh\n'}
[229.279668] (-) TimerEvent: {}
[229.287056] (turtlebot3_msgs) StdoutLine: {'line': b'-- Symlinking: /workspaces/UON-CS-robotlab-simulation-container/install/turtlebot3_msgs/share/turtlebot3_msgs/local_setup.dsv\n'}
[229.316603] (turtlebot3_msgs) StdoutLine: {'line': b'-- Symlinking: /workspaces/UON-CS-robotlab-simulation-container/install/turtlebot3_msgs/share/turtlebot3_msgs/package.dsv\n'}
[229.352125] (turtlebot3_msgs) StdoutLine: {'line': b'-- Symlinking: /workspaces/UON-CS-robotlab-simulation-container/install/turtlebot3_msgs/share/ament_index/resource_index/packages/turtlebot3_msgs\n'}
[229.378672] (turtlebot3_msgs) StdoutLine: {'line': b'-- Symlinking: /workspaces/UON-CS-robotlab-simulation-container/install/turtlebot3_msgs/share/turtlebot3_msgs/cmake/rosidl_cmake-extras.cmake\n'}
[229.381234] (-) TimerEvent: {}
[229.428333] (turtlebot3_msgs) StdoutLine: {'line': b'-- Symlinking: /workspaces/UON-CS-robotlab-simulation-container/install/turtlebot3_msgs/share/turtlebot3_msgs/cmake/ament_cmake_export_dependencies-extras.cmake\n'}
[229.462703] (turtlebot3_msgs) StdoutLine: {'line': b'-- Symlinking: /workspaces/UON-CS-robotlab-simulation-container/install/turtlebot3_msgs/share/turtlebot3_msgs/cmake/ament_cmake_export_include_directories-extras.cmake\n'}
[229.482020] (-) TimerEvent: {}
[229.491711] (turtlebot3_msgs) StdoutLine: {'line': b'-- Symlinking: /workspaces/UON-CS-robotlab-simulation-container/install/turtlebot3_msgs/share/turtlebot3_msgs/cmake/ament_cmake_export_libraries-extras.cmake\n'}
[229.627775] (-) TimerEvent: {}
[229.660704] (turtlebot3_msgs) StdoutLine: {'line': b'-- Symlinking: /workspaces/UON-CS-robotlab-simulation-container/install/turtlebot3_msgs/share/turtlebot3_msgs/cmake/ament_cmake_export_targets-extras.cmake\n'}
[229.683283] (turtlebot3_msgs) StdoutLine: {'line': b'-- Symlinking: /workspaces/UON-CS-robotlab-simulation-container/install/turtlebot3_msgs/share/turtlebot3_msgs/cmake/rosidl_cmake_export_typesupport_targets-extras.cmake\n'}
[229.707787] (turtlebot3_msgs) StdoutLine: {'line': b'-- Symlinking: /workspaces/UON-CS-robotlab-simulation-container/install/turtlebot3_msgs/share/turtlebot3_msgs/cmake/rosidl_cmake_export_typesupport_libraries-extras.cmake\n'}
[229.727854] (-) TimerEvent: {}
[229.740449] (turtlebot3_msgs) StdoutLine: {'line': b'-- Symlinking: /workspaces/UON-CS-robotlab-simulation-container/install/turtlebot3_msgs/share/turtlebot3_msgs/cmake/turtlebot3_msgsConfig.cmake\n'}
[229.777022] (turtlebot3_msgs) StdoutLine: {'line': b'-- Symlinking: /workspaces/UON-CS-robotlab-simulation-container/install/turtlebot3_msgs/share/turtlebot3_msgs/cmake/turtlebot3_msgsConfig-version.cmake\n'}
[229.826989] (turtlebot3_msgs) StdoutLine: {'line': b'-- Symlinking: /workspaces/UON-CS-robotlab-simulation-container/install/turtlebot3_msgs/share/turtlebot3_msgs/package.xml\n'}
[229.829131] (-) TimerEvent: {}
[229.861021] (turtlebot3_msgs) StdoutLine: {'line': b'-- Installing: /workspaces/UON-CS-robotlab-simulation-container/install/turtlebot3_msgs/lib/libturtlebot3_msgs__rosidl_generator_c.so\n'}
[229.865992] (turtlebot3_msgs) StdoutLine: {'line': b'-- Set runtime path of "/workspaces/UON-CS-robotlab-simulation-container/install/turtlebot3_msgs/lib/libturtlebot3_msgs__rosidl_generator_c.so" to ""\n'}
[229.868203] (turtlebot3_msgs) StdoutLine: {'line': b'-- Installing: /workspaces/UON-CS-robotlab-simulation-container/install/turtlebot3_msgs/lib/libturtlebot3_msgs__rosidl_typesupport_fastrtps_c.so\n'}
[229.868342] (turtlebot3_msgs) StdoutLine: {'line': b'-- Set runtime path of "/workspaces/UON-CS-robotlab-simulation-container/install/turtlebot3_msgs/lib/libturtlebot3_msgs__rosidl_typesupport_fastrtps_c.so" to ""\n'}
[229.868428] (turtlebot3_msgs) StdoutLine: {'line': b'-- Installing: /workspaces/UON-CS-robotlab-simulation-container/install/turtlebot3_msgs/lib/libturtlebot3_msgs__rosidl_typesupport_fastrtps_cpp.so\n'}
[229.882029] (turtlebot3_msgs) StdoutLine: {'line': b'-- Set runtime path of "/workspaces/UON-CS-robotlab-simulation-container/install/turtlebot3_msgs/lib/libturtlebot3_msgs__rosidl_typesupport_fastrtps_cpp.so" to ""\n'}
[229.882232] (turtlebot3_msgs) StdoutLine: {'line': b'-- Installing: /workspaces/UON-CS-robotlab-simulation-container/install/turtlebot3_msgs/lib/libturtlebot3_msgs__rosidl_typesupport_introspection_c.so\n'}
[229.883743] (turtlebot3_msgs) StdoutLine: {'line': b'-- Set runtime path of "/workspaces/UON-CS-robotlab-simulation-container/install/turtlebot3_msgs/lib/libturtlebot3_msgs__rosidl_typesupport_introspection_c.so" to ""\n'}
[229.884531] (turtlebot3_msgs) StdoutLine: {'line': b'-- Installing: /workspaces/UON-CS-robotlab-simulation-container/install/turtlebot3_msgs/lib/libturtlebot3_msgs__rosidl_typesupport_c.so\n'}
[229.889432] (turtlebot3_msgs) StdoutLine: {'line': b'-- Set runtime path of "/workspaces/UON-CS-robotlab-simulation-container/install/turtlebot3_msgs/lib/libturtlebot3_msgs__rosidl_typesupport_c.so" to ""\n'}
[229.890162] (turtlebot3_msgs) StdoutLine: {'line': b'-- Installing: /workspaces/UON-CS-robotlab-simulation-container/install/turtlebot3_msgs/lib/libturtlebot3_msgs__rosidl_typesupport_introspection_cpp.so\n'}
[229.891987] (turtlebot3_msgs) StdoutLine: {'line': b'-- Set runtime path of "/workspaces/UON-CS-robotlab-simulation-container/install/turtlebot3_msgs/lib/libturtlebot3_msgs__rosidl_typesupport_introspection_cpp.so" to ""\n'}
[229.895059] (turtlebot3_msgs) StdoutLine: {'line': b'-- Installing: /workspaces/UON-CS-robotlab-simulation-container/install/turtlebot3_msgs/lib/libturtlebot3_msgs__rosidl_typesupport_cpp.so\n'}
[229.896127] (turtlebot3_msgs) StdoutLine: {'line': b'-- Set runtime path of "/workspaces/UON-CS-robotlab-simulation-container/install/turtlebot3_msgs/lib/libturtlebot3_msgs__rosidl_typesupport_cpp.so" to ""\n'}
[229.929244] (-) TimerEvent: {}
[230.030235] (-) TimerEvent: {}
[230.131657] (-) TimerEvent: {}
[230.254028] (-) TimerEvent: {}
[230.315220] (turtlebot3_msgs) StdoutLine: {'line': b"Listing '/workspaces/UON-CS-robotlab-simulation-container/install/turtlebot3_msgs/local/lib/python3.10/dist-packages/turtlebot3_msgs'...\n"}
[230.316195] (turtlebot3_msgs) StdoutLine: {'line': b"Compiling '/workspaces/UON-CS-robotlab-simulation-container/install/turtlebot3_msgs/local/lib/python3.10/dist-packages/turtlebot3_msgs/__init__.py'...\n"}
[230.316305] (turtlebot3_msgs) StdoutLine: {'line': b"Listing '/workspaces/UON-CS-robotlab-simulation-container/install/turtlebot3_msgs/local/lib/python3.10/dist-packages/turtlebot3_msgs/action'...\n"}
[230.316391] (turtlebot3_msgs) StdoutLine: {'line': b"Compiling '/workspaces/UON-CS-robotlab-simulation-container/install/turtlebot3_msgs/local/lib/python3.10/dist-packages/turtlebot3_msgs/action/__init__.py'...\n"}
[230.316474] (turtlebot3_msgs) StdoutLine: {'line': b"Compiling '/workspaces/UON-CS-robotlab-simulation-container/install/turtlebot3_msgs/local/lib/python3.10/dist-packages/turtlebot3_msgs/action/_patrol.py'...\n"}
[230.316553] (turtlebot3_msgs) StdoutLine: {'line': b"Listing '/workspaces/UON-CS-robotlab-simulation-container/install/turtlebot3_msgs/local/lib/python3.10/dist-packages/turtlebot3_msgs/msg'...\n"}
[230.316635] (turtlebot3_msgs) StdoutLine: {'line': b"Compiling '/workspaces/UON-CS-robotlab-simulation-container/install/turtlebot3_msgs/local/lib/python3.10/dist-packages/turtlebot3_msgs/msg/__init__.py'...\n"}
[230.316715] (turtlebot3_msgs) StdoutLine: {'line': b"Compiling '/workspaces/UON-CS-robotlab-simulation-container/install/turtlebot3_msgs/local/lib/python3.10/dist-packages/turtlebot3_msgs/msg/_sensor_state.py'...\n"}
[230.316810] (turtlebot3_msgs) StdoutLine: {'line': b"Compiling '/workspaces/UON-CS-robotlab-simulation-container/install/turtlebot3_msgs/local/lib/python3.10/dist-packages/turtlebot3_msgs/msg/_sound.py'...\n"}
[230.316896] (turtlebot3_msgs) StdoutLine: {'line': b"Compiling '/workspaces/UON-CS-robotlab-simulation-container/install/turtlebot3_msgs/local/lib/python3.10/dist-packages/turtlebot3_msgs/msg/_version_info.py'...\n"}
[230.325619] (turtlebot3_msgs) StdoutLine: {'line': b"Listing '/workspaces/UON-CS-robotlab-simulation-container/install/turtlebot3_msgs/local/lib/python3.10/dist-packages/turtlebot3_msgs/srv'...\n"}
[230.329251] (turtlebot3_msgs) StdoutLine: {'line': b"Compiling '/workspaces/UON-CS-robotlab-simulation-container/install/turtlebot3_msgs/local/lib/python3.10/dist-packages/turtlebot3_msgs/srv/__init__.py'...\n"}
[230.330842] (turtlebot3_msgs) StdoutLine: {'line': b"Compiling '/workspaces/UON-CS-robotlab-simulation-container/install/turtlebot3_msgs/local/lib/python3.10/dist-packages/turtlebot3_msgs/srv/_dqn.py'...\n"}
[230.332881] (turtlebot3_msgs) StdoutLine: {'line': b"Compiling '/workspaces/UON-CS-robotlab-simulation-container/install/turtlebot3_msgs/local/lib/python3.10/dist-packages/turtlebot3_msgs/srv/_goal.py'...\n"}
[230.333490] (turtlebot3_msgs) StdoutLine: {'line': b"Compiling '/workspaces/UON-CS-robotlab-simulation-container/install/turtlebot3_msgs/local/lib/python3.10/dist-packages/turtlebot3_msgs/srv/_sound.py'...\n"}
[230.341039] (turtlebot3_msgs) StdoutLine: {'line': b'-- Installing: /workspaces/UON-CS-robotlab-simulation-container/install/turtlebot3_msgs/lib/libturtlebot3_msgs__rosidl_generator_py.so\n'}
[230.341734] (turtlebot3_msgs) StdoutLine: {'line': b'-- Set runtime path of "/workspaces/UON-CS-robotlab-simulation-container/install/turtlebot3_msgs/lib/libturtlebot3_msgs__rosidl_generator_py.so" to ""\n'}
[230.341897] (turtlebot3_msgs) StdoutLine: {'line': b'-- Installing: /workspaces/UON-CS-robotlab-simulation-container/install/turtlebot3_msgs/share/turtlebot3_msgs/cmake/export_turtlebot3_msgs__rosidl_generator_cExport.cmake\n'}
[230.345430] (turtlebot3_msgs) StdoutLine: {'line': b'-- Installing: /workspaces/UON-CS-robotlab-simulation-container/install/turtlebot3_msgs/share/turtlebot3_msgs/cmake/export_turtlebot3_msgs__rosidl_generator_cExport-noconfig.cmake\n'}
[230.345571] (turtlebot3_msgs) StdoutLine: {'line': b'-- Installing: /workspaces/UON-CS-robotlab-simulation-container/install/turtlebot3_msgs/share/turtlebot3_msgs/cmake/export_turtlebot3_msgs__rosidl_typesupport_fastrtps_cExport.cmake\n'}
[230.349720] (turtlebot3_msgs) StdoutLine: {'line': b'-- Installing: /workspaces/UON-CS-robotlab-simulation-container/install/turtlebot3_msgs/share/turtlebot3_msgs/cmake/export_turtlebot3_msgs__rosidl_typesupport_fastrtps_cExport-noconfig.cmake\n'}
[230.351148] (turtlebot3_msgs) StdoutLine: {'line': b'-- Installing: /workspaces/UON-CS-robotlab-simulation-container/install/turtlebot3_msgs/share/turtlebot3_msgs/cmake/export_turtlebot3_msgs__rosidl_generator_cppExport.cmake\n'}
[230.356917] (turtlebot3_msgs) StdoutLine: {'line': b'-- Installing: /workspaces/UON-CS-robotlab-simulation-container/install/turtlebot3_msgs/share/turtlebot3_msgs/cmake/export_turtlebot3_msgs__rosidl_typesupport_fastrtps_cppExport.cmake\n'}
[230.357154] (-) TimerEvent: {}
[230.357302] (turtlebot3_msgs) StdoutLine: {'line': b'-- Installing: /workspaces/UON-CS-robotlab-simulation-container/install/turtlebot3_msgs/share/turtlebot3_msgs/cmake/export_turtlebot3_msgs__rosidl_typesupport_fastrtps_cppExport-noconfig.cmake\n'}
[230.357677] (turtlebot3_msgs) StdoutLine: {'line': b'-- Installing: /workspaces/UON-CS-robotlab-simulation-container/install/turtlebot3_msgs/share/turtlebot3_msgs/cmake/turtlebot3_msgs__rosidl_typesupport_introspection_cExport.cmake\n'}
[230.364853] (turtlebot3_msgs) StdoutLine: {'line': b'-- Installing: /workspaces/UON-CS-robotlab-simulation-container/install/turtlebot3_msgs/share/turtlebot3_msgs/cmake/turtlebot3_msgs__rosidl_typesupport_introspection_cExport-noconfig.cmake\n'}
[230.368457] (turtlebot3_msgs) StdoutLine: {'line': b'-- Installing: /workspaces/UON-CS-robotlab-simulation-container/install/turtlebot3_msgs/share/turtlebot3_msgs/cmake/turtlebot3_msgs__rosidl_typesupport_cExport.cmake\n'}
[230.368655] (turtlebot3_msgs) StdoutLine: {'line': b'-- Installing: /workspaces/UON-CS-robotlab-simulation-container/install/turtlebot3_msgs/share/turtlebot3_msgs/cmake/turtlebot3_msgs__rosidl_typesupport_cExport-noconfig.cmake\n'}
[230.369882] (turtlebot3_msgs) StdoutLine: {'line': b'-- Installing: /workspaces/UON-CS-robotlab-simulation-container/install/turtlebot3_msgs/share/turtlebot3_msgs/cmake/turtlebot3_msgs__rosidl_typesupport_introspection_cppExport.cmake\n'}
[230.371112] (turtlebot3_msgs) StdoutLine: {'line': b'-- Installing: /workspaces/UON-CS-robotlab-simulation-container/install/turtlebot3_msgs/share/turtlebot3_msgs/cmake/turtlebot3_msgs__rosidl_typesupport_introspection_cppExport-noconfig.cmake\n'}
[230.371811] (turtlebot3_msgs) StdoutLine: {'line': b'-- Installing: /workspaces/UON-CS-robotlab-simulation-container/install/turtlebot3_msgs/share/turtlebot3_msgs/cmake/turtlebot3_msgs__rosidl_typesupport_cppExport.cmake\n'}
[230.376251] (turtlebot3_msgs) StdoutLine: {'line': b'-- Installing: /workspaces/UON-CS-robotlab-simulation-container/install/turtlebot3_msgs/share/turtlebot3_msgs/cmake/turtlebot3_msgs__rosidl_typesupport_cppExport-noconfig.cmake\n'}
[230.376439] (turtlebot3_msgs) StdoutLine: {'line': b'-- Installing: /workspaces/UON-CS-robotlab-simulation-container/install/turtlebot3_msgs/share/turtlebot3_msgs/cmake/export_turtlebot3_msgs__rosidl_generator_pyExport.cmake\n'}
[230.376822] (turtlebot3_msgs) StdoutLine: {'line': b'-- Installing: /workspaces/UON-CS-robotlab-simulation-container/install/turtlebot3_msgs/share/turtlebot3_msgs/cmake/export_turtlebot3_msgs__rosidl_generator_pyExport-noconfig.cmake\n'}
[230.389600] (turtlebot3_msgs) CommandEnded: {'returncode': 0}
[230.460514] (-) TimerEvent: {}
[230.479948] (turtlebot3_msgs) JobEnded: {'identifier': 'turtlebot3_msgs', 'rc': 0}
[230.480518] (turtlebot3_node) JobStarted: {'identifier': 'turtlebot3_node'}
[230.527136] (turtlebot3_node) JobProgress: {'identifier': 'turtlebot3_node', 'progress': 'cmake'}
[230.531185] (turtlebot3_node) Command: {'cmd': ['/usr/bin/cmake', '/workspaces/UON-CS-robotlab-simulation-container/src/turtlebot3/turtlebot3_node', '-DAMENT_CMAKE_SYMLINK_INSTALL=1', '-DCMAKE_INSTALL_PREFIX=/workspaces/UON-CS-robotlab-simulation-container/install/turtlebot3_node'], 'cwd': '/workspaces/UON-CS-robotlab-simulation-container/build/turtlebot3_node', 'env': OrderedDict([('GITHUB_TOKEN', 'ghu_qzXzf473tpbDuGEeRKMePfjjEUUgEL3qLs6h'), ('GITHUB_CODESPACE_TOKEN', 'AOKRK4QICIVTYBHCYV5Y7K3KNF2YXANCNFSM4AXFRYHA'), ('FEATURE_SPARK_POST_COMMIT_CREATE_ITERATION', 'true'), ('HOSTNAME', 'codespaces-9eb142'), ('GITHUB_CODESPACES_PORT_FORWARDING_DOMAIN', 'app.github.dev'), ('SHLVL', '2'), ('LD_LIBRARY_PATH', '/workspaces/UON-CS-robotlab-simulation-container/install/turtlebot3_msgs/lib:/workspaces/UON-CS-robotlab-simulation-container/install/dynamixel_sdk/lib:/usr/lib/x86_64-linux-gnu/gazebo-11/plugins:/opt/ros/humble/opt/rviz_ogre_vendor/lib:/opt/ros/humble/lib/x86_64-linux-gnu:/opt/ros/humble/lib'), ('HOME', '/home/vscode'), ('OLDPWD', '/workspaces/UON-CS-robotlab-simulation-container'), ('CODESPACES', 'true'), ('ROS_PYTHON_VERSION', '3'), ('GITHUB_USER', 'mohammad-areeb'), ('GITHUB_GRAPHQL_URL', 'https://api.github.com/graphql'), ('ROS_DISTRO', 'humble'), ('ContainerVersion', '13'), ('GITHUB_API_URL', 'https://api.github.com'), ('RepositoryName', 'UON-CS-robotlab-simulation-container'), ('_', '/usr/bin/colcon'), ('ROS_VERSION', '2'), ('CLOUDENV_ENVIRONMENT_ID', '344bab99-1d47-4655-88f7-fee790854045'), ('TERM', 'xterm'), ('ROS_LOCALHOST_ONLY', '0'), ('PATH', '/opt/ros/humble/bin:/usr/local/sbin:/usr/local/bin:/usr/sbin:/usr/bin:/sbin:/bin'), ('SHELL_LOGGED_IN', 'true'), ('LANG', 'C.UTF-8'), ('LS_COLORS', ''), ('GITHUB_REPOSITORY', 'mohammad-areeb/UON-CS-robotlab-simulation-container'), ('ROS_DOMAIN_ID', '30'), ('AMENT_PREFIX_PATH', '/workspaces/UON-CS-robotlab-simulation-container/install/turtlebot3_msgs:/workspaces/UON-CS-robotlab-simulation-container/install/dynamixel_sdk:/opt/ros/humble'), ('DEBIAN_FRONTEND', 'noninteractive'), ('SHELL', '/bin/bash'), ('PWD', '/workspaces/UON-CS-robotlab-simulation-container/build/turtlebot3_node'), ('INTERNAL_VSCS_TARGET_URL', 'https://uksouth.online.visualstudio.com'), ('TURTLEBOT3_MODEL', 'waffle'), ('LC_ALL', 'C.UTF-8'), ('GITHUB_SERVER_URL', 'https://github.com'), ('PYTHONPATH', '/workspaces/UON-CS-robotlab-simulation-container/install/turtlebot3_msgs/local/lib/python3.10/dist-packages:/workspaces/UON-CS-robotlab-simulation-container/install/dynamixel_sdk/local/lib/python3.10/dist-packages:/opt/ros/humble/lib/python3.10/site-packages:/opt/ros/humble/local/lib/python3.10/dist-packages'), ('CODESPACE_NAME', 'urban-space-garbanzo-j7wwvprrjjp25j95'), ('COLCON', '1'), ('CMAKE_PREFIX_PATH', '/workspaces/UON-CS-robotlab-simulation-container/install/turtlebot3_msgs:/workspaces/UON-CS-robotlab-simulation-container/install/dynamixel_sdk:/opt/ros/humble')]), 'shell': False}
[230.564010] (-) TimerEvent: {}
[230.664831] (-) TimerEvent: {}
[230.768112] (-) TimerEvent: {}
[230.877960] (-) TimerEvent: {}
[230.930607] (turtlebot3_node) StdoutLine: {'line': b'-- The C compiler identification is GNU 11.4.0\n'}
[230.978023] (-) TimerEvent: {}
[231.082191] (-) TimerEvent: {}
[231.137535] (turtlebot3_node) StdoutLine: {'line': b'-- The CXX compiler identification is GNU 11.4.0\n'}
[231.168721] (turtlebot3_node) StdoutLine: {'line': b'-- Detecting C compiler ABI info\n'}
[231.182288] (-) TimerEvent: {}
[231.286873] (-) TimerEvent: {}
[231.401309] (-) TimerEvent: {}
[231.509041] (-) TimerEvent: {}
[231.534054] (turtlebot3_node) StdoutLine: {'line': b'-- Detecting C compiler ABI info - done\n'}
[231.549178] (turtlebot3_node) StdoutLine: {'line': b'-- Check for working C compiler: /usr/bin/cc - skipped\n'}
[231.550032] (turtlebot3_node) StdoutLine: {'line': b'-- Detecting C compile features\n'}
[231.550753] (turtlebot3_node) StdoutLine: {'line': b'-- Detecting C compile features - done\n'}
[231.555443] (turtlebot3_node) StdoutLine: {'line': b'-- Detecting CXX compiler ABI info\n'}
[231.609250] (-) TimerEvent: {}
[231.711090] (-) TimerEvent: {}
[231.816015] (turtlebot3_node) StdoutLine: {'line': b'-- Detecting CXX compiler ABI info - done\n'}
[231.816328] (-) TimerEvent: {}
[231.827907] (turtlebot3_node) StdoutLine: {'line': b'-- Check for working CXX compiler: /usr/bin/c++ - skipped\n'}
[231.828683] (turtlebot3_node) StdoutLine: {'line': b'-- Detecting CXX compile features\n'}
[231.829809] (turtlebot3_node) StdoutLine: {'line': b'-- Detecting CXX compile features - done\n'}
[231.838852] (turtlebot3_node) StdoutLine: {'line': b'-- Found ament_cmake: 1.3.14 (/opt/ros/humble/share/ament_cmake/cmake)\n'}
[232.014017] (-) TimerEvent: {}
[232.115751] (-) TimerEvent: {}
[232.219152] (-) TimerEvent: {}
[232.319577] (-) TimerEvent: {}
[232.328723] (turtlebot3_node) StdoutLine: {'line': b'-- Found Python3: /usr/bin/python3 (found version "3.10.12") found components: Interpreter \n'}
[232.424711] (-) TimerEvent: {}
[232.539486] (-) TimerEvent: {}
[232.621143] (turtlebot3_node) StdoutLine: {'line': b'-- Override CMake install command with custom implementation using symlinks instead of copying resources\n'}
[232.640911] (-) TimerEvent: {}
[232.739771] (turtlebot3_node) StdoutLine: {'line': b'-- Found dynamixel_sdk: 3.8.4 (/workspaces/UON-CS-robotlab-simulation-container/install/dynamixel_sdk/share/dynamixel_sdk/cmake)\n'}
[232.741014] (-) TimerEvent: {}
[232.756632] (turtlebot3_node) StdoutLine: {'line': b'-- Found geometry_msgs: 4.9.1 (/opt/ros/humble/share/geometry_msgs/cmake)\n'}
[232.844102] (-) TimerEvent: {}
[232.999103] (-) TimerEvent: {}
[233.002481] (turtlebot3_node) StdoutLine: {'line': b'-- Found rosidl_generator_c: 3.1.8 (/opt/ros/humble/share/rosidl_generator_c/cmake)\n'}
[233.100572] (-) TimerEvent: {}
[233.129194] (turtlebot3_node) StdoutLine: {'line': b'-- Found rosidl_adapter: 3.1.8 (/opt/ros/humble/share/rosidl_adapter/cmake)\n'}
[233.160836] (turtlebot3_node) StdoutLine: {'line': b'-- Found rosidl_generator_cpp: 3.1.8 (/opt/ros/humble/share/rosidl_generator_cpp/cmake)\n'}
[233.200692] (-) TimerEvent: {}
[233.227006] (turtlebot3_node) StdoutLine: {'line': b'-- Using all available rosidl_typesupport_c: rosidl_typesupport_fastrtps_c;rosidl_typesupport_introspection_c\n'}
[233.288008] (turtlebot3_node) StdoutLine: {'line': b'-- Using all available rosidl_typesupport_cpp: rosidl_typesupport_fastrtps_cpp;rosidl_typesupport_introspection_cpp\n'}
[233.300805] (-) TimerEvent: {}
[233.401210] (-) TimerEvent: {}
[233.443010] (turtlebot3_node) StdoutLine: {'line': b'-- Found message_filters: 4.3.16 (/opt/ros/humble/share/message_filters/cmake)\n'}
[233.511225] (-) TimerEvent: {}
[233.613087] (-) TimerEvent: {}
[233.722025] (-) TimerEvent: {}
[233.824026] (-) TimerEvent: {}
[233.853552] (turtlebot3_node) StdoutLine: {'line': b'-- Found rmw_implementation_cmake: 6.1.2 (/opt/ros/humble/share/rmw_implementation_cmake/cmake)\n'}
[233.872579] (turtlebot3_node) StdoutLine: {'line': b'-- Found rmw_fastrtps_cpp: 6.2.10 (/opt/ros/humble/share/rmw_fastrtps_cpp/cmake)\n'}
[233.924167] (-) TimerEvent: {}
[234.077532] (-) TimerEvent: {}
[234.188155] (-) TimerEvent: {}
[234.290370] (-) TimerEvent: {}
[234.362371] (turtlebot3_node) StdoutLine: {'line': b'-- Found OpenSSL: /usr/lib/x86_64-linux-gnu/libcrypto.so (found version "3.0.2")  \n'}
[234.395351] (-) TimerEvent: {}
[234.474817] (turtlebot3_node) StdoutLine: {'line': b'-- Found FastRTPS: /opt/ros/humble/include  \n'}
[234.495469] (-) TimerEvent: {}
[234.615738] (-) TimerEvent: {}
[234.726184] (-) TimerEvent: {}
[234.758020] (turtlebot3_node) StdoutLine: {'line': b"-- Using RMW implementation 'rmw_fastrtps_cpp' as default\n"}
[234.810727] (turtlebot3_node) StdoutLine: {'line': b'-- Looking for pthread.h\n'}
[234.828349] (-) TimerEvent: {}
[234.935204] (-) TimerEvent: {}
[235.035635] (-) TimerEvent: {}
[235.139091] (-) TimerEvent: {}
[235.229221] (turtlebot3_node) StdoutLine: {'line': b'-- Looking for pthread.h - found\n'}
[235.238396] (turtlebot3_node) StdoutLine: {'line': b'-- Performing Test CMAKE_HAVE_LIBC_PTHREAD\n'}
[235.239135] (-) TimerEvent: {}
[235.341896] (-) TimerEvent: {}
[235.444703] (-) TimerEvent: {}
[235.458030] (turtlebot3_node) StdoutLine: {'line': b'-- Performing Test CMAKE_HAVE_LIBC_PTHREAD - Success\n'}
[235.463519] (turtlebot3_node) StdoutLine: {'line': b'-- Found Threads: TRUE  \n'}
[235.544823] (-) TimerEvent: {}
[235.623358] (turtlebot3_node) StdoutLine: {'line': b'-- Found nav_msgs: 4.9.1 (/opt/ros/humble/share/nav_msgs/cmake)\n'}
[235.686899] (-) TimerEvent: {}
[235.796926] (-) TimerEvent: {}
[235.899199] (-) TimerEvent: {}
[235.922318] (turtlebot3_node) StdoutLine: {'line': b'-- Found sensor_msgs: 4.9.1 (/opt/ros/humble/share/sensor_msgs/cmake)\n'}
[235.999335] (-) TimerEvent: {}
[236.036820] (turtlebot3_node) StdoutLine: {'line': b'-- Found std_srvs: 4.9.1 (/opt/ros/humble/share/std_srvs/cmake)\n'}
[236.100025] (-) TimerEvent: {}
[236.103744] (turtlebot3_node) StdoutLine: {'line': b'-- Found tf2: 0.25.20 (/opt/ros/humble/share/tf2/cmake)\n'}
[236.158396] (turtlebot3_node) StdoutLine: {'line': b'-- Found tf2_ros: 0.25.20 (/opt/ros/humble/share/tf2_ros/cmake)\n'}
[236.201105] (-) TimerEvent: {}
[236.303328] (-) TimerEvent: {}
[236.415019] (-) TimerEvent: {}
[236.517000] (-) TimerEvent: {}
[236.619098] (-) TimerEvent: {}
[236.652001] (turtlebot3_node) StdoutLine: {'line': b'-- Found turtlebot3_msgs: 2.4.0 (/workspaces/UON-CS-robotlab-simulation-container/install/turtlebot3_msgs/share/turtlebot3_msgs/cmake)\n'}
[236.721415] (-) TimerEvent: {}
[236.861671] (-) TimerEvent: {}
[236.964286] (-) TimerEvent: {}
[237.003422] (turtlebot3_node) StdoutLine: {'line': b'-- Configuring done\n'}
[237.064729] (-) TimerEvent: {}
[237.168050] (-) TimerEvent: {}
[237.270440] (-) TimerEvent: {}
[237.385142] (-) TimerEvent: {}
[237.486278] (turtlebot3_node) StdoutLine: {'line': b'-- Generating done\n'}
[237.486493] (-) TimerEvent: {}
[237.535048] (turtlebot3_node) StdoutLine: {'line': b'-- Build files have been written to: /workspaces/UON-CS-robotlab-simulation-container/build/turtlebot3_node\n'}
[237.586637] (-) TimerEvent: {}
[237.600057] (turtlebot3_node) CommandEnded: {'returncode': 0}
[237.600496] (turtlebot3_node) JobProgress: {'identifier': 'turtlebot3_node', 'progress': 'build'}
[237.600528] (turtlebot3_node) Command: {'cmd': ['/usr/bin/cmake', '--build', '/workspaces/UON-CS-robotlab-simulation-container/build/turtlebot3_node', '--', '-j2', '-l2'], 'cwd': '/workspaces/UON-CS-robotlab-simulation-container/build/turtlebot3_node', 'env': OrderedDict([('GITHUB_TOKEN', 'ghu_qzXzf473tpbDuGEeRKMePfjjEUUgEL3qLs6h'), ('GITHUB_CODESPACE_TOKEN', 'AOKRK4QICIVTYBHCYV5Y7K3KNF2YXANCNFSM4AXFRYHA'), ('FEATURE_SPARK_POST_COMMIT_CREATE_ITERATION', 'true'), ('HOSTNAME', 'codespaces-9eb142'), ('GITHUB_CODESPACES_PORT_FORWARDING_DOMAIN', 'app.github.dev'), ('SHLVL', '2'), ('LD_LIBRARY_PATH', '/workspaces/UON-CS-robotlab-simulation-container/install/turtlebot3_msgs/lib:/workspaces/UON-CS-robotlab-simulation-container/install/dynamixel_sdk/lib:/usr/lib/x86_64-linux-gnu/gazebo-11/plugins:/opt/ros/humble/opt/rviz_ogre_vendor/lib:/opt/ros/humble/lib/x86_64-linux-gnu:/opt/ros/humble/lib'), ('HOME', '/home/vscode'), ('OLDPWD', '/workspaces/UON-CS-robotlab-simulation-container'), ('CODESPACES', 'true'), ('ROS_PYTHON_VERSION', '3'), ('GITHUB_USER', 'mohammad-areeb'), ('GITHUB_GRAPHQL_URL', 'https://api.github.com/graphql'), ('ROS_DISTRO', 'humble'), ('ContainerVersion', '13'), ('GITHUB_API_URL', 'https://api.github.com'), ('RepositoryName', 'UON-CS-robotlab-simulation-container'), ('_', '/usr/bin/colcon'), ('ROS_VERSION', '2'), ('CLOUDENV_ENVIRONMENT_ID', '344bab99-1d47-4655-88f7-fee790854045'), ('TERM', 'xterm'), ('ROS_LOCALHOST_ONLY', '0'), ('PATH', '/opt/ros/humble/bin:/usr/local/sbin:/usr/local/bin:/usr/sbin:/usr/bin:/sbin:/bin'), ('SHELL_LOGGED_IN', 'true'), ('LANG', 'C.UTF-8'), ('LS_COLORS', ''), ('GITHUB_REPOSITORY', 'mohammad-areeb/UON-CS-robotlab-simulation-container'), ('ROS_DOMAIN_ID', '30'), ('AMENT_PREFIX_PATH', '/workspaces/UON-CS-robotlab-simulation-container/install/turtlebot3_msgs:/workspaces/UON-CS-robotlab-simulation-container/install/dynamixel_sdk:/opt/ros/humble'), ('DEBIAN_FRONTEND', 'noninteractive'), ('SHELL', '/bin/bash'), ('PWD', '/workspaces/UON-CS-robotlab-simulation-container/build/turtlebot3_node'), ('INTERNAL_VSCS_TARGET_URL', 'https://uksouth.online.visualstudio.com'), ('TURTLEBOT3_MODEL', 'waffle'), ('LC_ALL', 'C.UTF-8'), ('GITHUB_SERVER_URL', 'https://github.com'), ('PYTHONPATH', '/workspaces/UON-CS-robotlab-simulation-container/install/turtlebot3_msgs/local/lib/python3.10/dist-packages:/workspaces/UON-CS-robotlab-simulation-container/install/dynamixel_sdk/local/lib/python3.10/dist-packages:/opt/ros/humble/lib/python3.10/site-packages:/opt/ros/humble/local/lib/python3.10/dist-packages'), ('CODESPACE_NAME', 'urban-space-garbanzo-j7wwvprrjjp25j95'), ('COLCON', '1'), ('CMAKE_PREFIX_PATH', '/workspaces/UON-CS-robotlab-simulation-container/install/turtlebot3_msgs:/workspaces/UON-CS-robotlab-simulation-container/install/dynamixel_sdk:/opt/ros/humble')]), 'shell': False}
[237.686757] (-) TimerEvent: {}
[237.788448] (-) TimerEvent: {}
[237.849605] (turtlebot3_node) StdoutLine: {'line': b'[  7%] \x1b[32mBuilding CXX object CMakeFiles/turtlebot3_node_lib.dir/src/devices/motor_power.cpp.o\x1b[0m\n'}
[237.896050] (-) TimerEvent: {}
[238.011120] (-) TimerEvent: {}
[238.125083] (-) TimerEvent: {}
[238.227734] (-) TimerEvent: {}
[238.329339] (-) TimerEvent: {}
[238.432027] (-) TimerEvent: {}
[238.534342] (-) TimerEvent: {}
[238.639026] (-) TimerEvent: {}
[238.743183] (-) TimerEvent: {}
[238.847634] (-) TimerEvent: {}
[238.957375] (-) TimerEvent: {}
[239.058505] (-) TimerEvent: {}
[239.160213] (-) TimerEvent: {}
[239.262273] (-) TimerEvent: {}
[239.369141] (-) TimerEvent: {}
[239.484635] (-) TimerEvent: {}
[239.602414] (-) TimerEvent: {}
[239.706011] (-) TimerEvent: {}
[239.810038] (-) TimerEvent: {}
[239.911118] (-) TimerEvent: {}
[240.018489] (-) TimerEvent: {}
[240.155205] (-) TimerEvent: {}
[240.270030] (-) TimerEvent: {}
[240.372159] (-) TimerEvent: {}
[240.473677] (-) TimerEvent: {}
[240.576427] (-) TimerEvent: {}
[240.677867] (-) TimerEvent: {}
[240.789400] (-) TimerEvent: {}
[240.893905] (-) TimerEvent: {}
[240.997025] (-) TimerEvent: {}
[241.102252] (-) TimerEvent: {}
[241.204731] (-) TimerEvent: {}
[241.308021] (-) TimerEvent: {}
[241.477044] (-) TimerEvent: {}
[241.577793] (-) TimerEvent: {}
[241.679851] (-) TimerEvent: {}
[241.783746] (-) TimerEvent: {}
[241.885833] (-) TimerEvent: {}
[241.989473] (-) TimerEvent: {}
[242.093527] (-) TimerEvent: {}
[242.197027] (-) TimerEvent: {}
[242.298916] (-) TimerEvent: {}
[242.401685] (-) TimerEvent: {}
[242.507668] (-) TimerEvent: {}
[242.616088] (-) TimerEvent: {}
[242.719025] (-) TimerEvent: {}
[242.824023] (-) TimerEvent: {}
[242.926162] (-) TimerEvent: {}
[243.044082] (-) TimerEvent: {}
[243.148865] (-) TimerEvent: {}
[243.249462] (-) TimerEvent: {}
[243.355397] (-) TimerEvent: {}
[243.458022] (-) TimerEvent: {}
[243.559101] (-) TimerEvent: {}
[243.671108] (-) TimerEvent: {}
[243.777033] (-) TimerEvent: {}
[243.879040] (-) TimerEvent: {}
[243.979616] (-) TimerEvent: {}
[244.082041] (-) TimerEvent: {}
[244.191294] (-) TimerEvent: {}
[244.331648] (-) TimerEvent: {}
[244.433096] (-) TimerEvent: {}
[244.533783] (-) TimerEvent: {}
[244.635020] (-) TimerEvent: {}
[244.737904] (-) TimerEvent: {}
[244.850019] (-) TimerEvent: {}
[244.951011] (-) TimerEvent: {}
[245.056617] (-) TimerEvent: {}
[245.158129] (-) TimerEvent: {}
[245.270469] (-) TimerEvent: {}
[245.374595] (-) TimerEvent: {}
[245.476023] (-) TimerEvent: {}
[245.579474] (-) TimerEvent: {}
[245.658416] (turtlebot3_gazebo) StdoutLine: {'line': b'[ 16%] \x1b[32m\x1b[1mLinking CXX executable turtlebot3_drive\x1b[0m\n'}
[245.679571] (-) TimerEvent: {}
[245.782034] (-) TimerEvent: {}
[245.891275] (-) TimerEvent: {}
[245.993099] (-) TimerEvent: {}
[246.102021] (-) TimerEvent: {}
[246.204613] (-) TimerEvent: {}
[246.308033] (-) TimerEvent: {}
[246.408481] (-) TimerEvent: {}
[246.524493] (-) TimerEvent: {}
[246.648378] (-) TimerEvent: {}
[246.750894] (-) TimerEvent: {}
[246.855024] (-) TimerEvent: {}
[247.025189] (-) TimerEvent: {}
[247.132031] (-) TimerEvent: {}
[247.232987] (-) TimerEvent: {}
[247.335313] (-) TimerEvent: {}
[247.446027] (-) TimerEvent: {}
[247.577109] (-) TimerEvent: {}
[247.693041] (-) TimerEvent: {}
[247.794529] (-) TimerEvent: {}
[247.895834] (-) TimerEvent: {}
[248.004033] (-) TimerEvent: {}
[248.107170] (-) TimerEvent: {}
[248.208692] (-) TimerEvent: {}
[248.324032] (-) TimerEvent: {}
[248.424588] (-) TimerEvent: {}
[248.525073] (-) TimerEvent: {}
[248.625516] (-) TimerEvent: {}
[248.727588] (-) TimerEvent: {}
[248.830263] (-) TimerEvent: {}
[248.886498] (turtlebot3_gazebo) StdoutLine: {'line': b'[ 16%] Built target turtlebot3_drive\n'}
[248.934073] (-) TimerEvent: {}
[249.109077] (turtlebot3_gazebo) StdoutLine: {'line': b'[ 25%] \x1b[32mBuilding CXX object CMakeFiles/traffic_light_plugin.dir/src/traffic_light_plugin.cpp.o\x1b[0m\n'}
[249.109334] (-) TimerEvent: {}
[249.209638] (-) TimerEvent: {}
[249.311278] (-) TimerEvent: {}
[249.415587] (-) TimerEvent: {}
[249.520131] (-) TimerEvent: {}
[249.623044] (-) TimerEvent: {}
[249.727759] (-) TimerEvent: {}
[249.833524] (-) TimerEvent: {}
[249.934713] (-) TimerEvent: {}
[250.036731] (-) TimerEvent: {}
[250.144054] (-) TimerEvent: {}
[250.249075] (-) TimerEvent: {}
[250.350389] (-) TimerEvent: {}
[250.451907] (-) TimerEvent: {}
[250.555786] (-) TimerEvent: {}
[250.682162] (-) TimerEvent: {}
[250.796015] (-) TimerEvent: {}
[250.899672] (-) TimerEvent: {}
[251.001026] (-) TimerEvent: {}
[251.103307] (-) TimerEvent: {}
[251.207967] (-) TimerEvent: {}
[251.349127] (-) TimerEvent: {}
[251.461036] (-) TimerEvent: {}
[251.563212] (-) TimerEvent: {}
[251.665267] (-) TimerEvent: {}
[251.768286] (-) TimerEvent: {}
[251.871028] (-) TimerEvent: {}
[251.987445] (-) TimerEvent: {}
[252.097336] (-) TimerEvent: {}
[252.203027] (-) TimerEvent: {}
[252.303884] (-) TimerEvent: {}
[252.404796] (-) TimerEvent: {}
[252.513302] (-) TimerEvent: {}
[252.624750] (-) TimerEvent: {}
[252.731481] (-) TimerEvent: {}
[252.838311] (-) TimerEvent: {}
[252.946314] (-) TimerEvent: {}
[253.048024] (-) TimerEvent: {}
[253.154018] (-) TimerEvent: {}
[253.254366] (-) TimerEvent: {}
[253.356279] (-) TimerEvent: {}
[253.464252] (-) TimerEvent: {}
[253.578089] (-) TimerEvent: {}
[253.679804] (-) TimerEvent: {}
[253.784018] (-) TimerEvent: {}
[253.885027] (-) TimerEvent: {}
[253.990382] (-) TimerEvent: {}
[254.091207] (-) TimerEvent: {}
[254.192474] (-) TimerEvent: {}
[254.298764] (-) TimerEvent: {}
[254.399906] (-) TimerEvent: {}
[254.505109] (-) TimerEvent: {}
[254.608590] (-) TimerEvent: {}
[254.718032] (-) TimerEvent: {}
[254.818889] (-) TimerEvent: {}
[254.919394] (-) TimerEvent: {}
[255.021963] (-) TimerEvent: {}
[255.137763] (-) TimerEvent: {}
[255.253086] (-) TimerEvent: {}
[255.358017] (-) TimerEvent: {}
[255.460048] (-) TimerEvent: {}
[255.563018] (-) TimerEvent: {}
[255.672325] (-) TimerEvent: {}
[255.774107] (-) TimerEvent: {}
[255.784226] (turtlebot3_node) StdoutLine: {'line': b'[ 14%] \x1b[32mBuilding CXX object CMakeFiles/turtlebot3_node_lib.dir/src/devices/sound.cpp.o\x1b[0m\n'}
[255.878501] (-) TimerEvent: {}
[255.979299] (-) TimerEvent: {}
[256.081019] (-) TimerEvent: {}
[256.183747] (-) TimerEvent: {}
[256.299703] (-) TimerEvent: {}
[256.401291] (-) TimerEvent: {}
[256.504743] (-) TimerEvent: {}
[256.605322] (-) TimerEvent: {}
[256.706187] (-) TimerEvent: {}
[256.813123] (-) TimerEvent: {}
[256.918733] (-) TimerEvent: {}
[257.023544] (-) TimerEvent: {}
[257.126085] (-) TimerEvent: {}
[257.226538] (-) TimerEvent: {}
[257.336689] (-) TimerEvent: {}
[257.443299] (-) TimerEvent: {}
[257.545329] (-) TimerEvent: {}
[257.646749] (-) TimerEvent: {}
[257.750023] (-) TimerEvent: {}
[257.894124] (-) TimerEvent: {}
[258.003587] (-) TimerEvent: {}
[258.106021] (-) TimerEvent: {}
[258.206472] (-) TimerEvent: {}
[258.310028] (-) TimerEvent: {}
[258.432174] (-) TimerEvent: {}
[258.537093] (-) TimerEvent: {}
[258.638526] (-) TimerEvent: {}
[258.739014] (-) TimerEvent: {}
[258.840336] (-) TimerEvent: {}
[258.941290] (-) TimerEvent: {}
[259.043181] (-) TimerEvent: {}
[259.148024] (-) TimerEvent: {}
[259.292403] (-) TimerEvent: {}
[259.398678] (-) TimerEvent: {}
[259.504041] (-) TimerEvent: {}
[259.605252] (-) TimerEvent: {}
[259.709565] (-) TimerEvent: {}
[259.813535] (-) TimerEvent: {}
[259.914044] (-) TimerEvent: {}
[260.020029] (-) TimerEvent: {}
[260.122376] (-) TimerEvent: {}
[260.222755] (-) TimerEvent: {}
[260.326012] (-) TimerEvent: {}
[260.426421] (-) TimerEvent: {}
[260.526862] (-) TimerEvent: {}
[260.627854] (-) TimerEvent: {}
[260.730040] (-) TimerEvent: {}
[260.832423] (-) TimerEvent: {}
[260.936014] (-) TimerEvent: {}
[261.046287] (-) TimerEvent: {}
[261.151173] (-) TimerEvent: {}
[261.251588] (-) TimerEvent: {}
[261.353022] (-) TimerEvent: {}
[261.455034] (-) TimerEvent: {}
[261.559227] (-) TimerEvent: {}
[261.659700] (-) TimerEvent: {}
[261.766375] (-) TimerEvent: {}
[261.867180] (-) TimerEvent: {}
[261.970206] (-) TimerEvent: {}
[262.074849] (-) TimerEvent: {}
[262.181148] (-) TimerEvent: {}
[262.287646] (-) TimerEvent: {}
[262.389369] (-) TimerEvent: {}
[262.491517] (-) TimerEvent: {}
[262.598524] (-) TimerEvent: {}
[262.755123] (-) TimerEvent: {}
[262.863200] (-) TimerEvent: {}
[262.967803] (-) TimerEvent: {}
[263.068272] (-) TimerEvent: {}
[263.185139] (-) TimerEvent: {}
[263.296096] (-) TimerEvent: {}
[263.407017] (-) TimerEvent: {}
[263.508571] (-) TimerEvent: {}
[263.613082] (-) TimerEvent: {}
[263.715415] (-) TimerEvent: {}
[263.826805] (-) TimerEvent: {}
[263.943035] (-) TimerEvent: {}
[264.054024] (-) TimerEvent: {}
[264.156018] (-) TimerEvent: {}
[264.258415] (-) TimerEvent: {}
[264.366110] (-) TimerEvent: {}
[264.477133] (-) TimerEvent: {}
[264.586178] (-) TimerEvent: {}
[264.688019] (-) TimerEvent: {}
[264.792026] (-) TimerEvent: {}
[264.896026] (-) TimerEvent: {}
[264.997037] (-) TimerEvent: {}
[265.100039] (-) TimerEvent: {}
[265.203016] (-) TimerEvent: {}
[265.388050] (-) TimerEvent: {}
[265.495081] (-) TimerEvent: {}
[265.601022] (-) TimerEvent: {}
[265.709620] (-) TimerEvent: {}
[265.812186] (-) TimerEvent: {}
[265.915082] (-) TimerEvent: {}
[266.019032] (-) TimerEvent: {}
[266.120184] (-) TimerEvent: {}
[266.220563] (-) TimerEvent: {}
[266.322207] (-) TimerEvent: {}
[266.425100] (-) TimerEvent: {}
[266.526129] (-) TimerEvent: {}
[266.628169] (-) TimerEvent: {}
[266.730030] (-) TimerEvent: {}
[266.830799] (-) TimerEvent: {}
[266.942226] (-) TimerEvent: {}
[267.061419] (-) TimerEvent: {}
[267.161841] (-) TimerEvent: {}
[267.265027] (-) TimerEvent: {}
[267.365400] (-) TimerEvent: {}
[267.465757] (-) TimerEvent: {}
[267.567334] (-) TimerEvent: {}
[267.676467] (-) TimerEvent: {}
[267.779107] (-) TimerEvent: {}
[267.879995] (-) TimerEvent: {}
[267.993082] (-) TimerEvent: {}
[268.094990] (-) TimerEvent: {}
[268.196222] (-) TimerEvent: {}
[268.303519] (-) TimerEvent: {}
[268.406031] (-) TimerEvent: {}
[268.507652] (-) TimerEvent: {}
[268.609719] (-) TimerEvent: {}
[268.728307] (-) TimerEvent: {}
[268.831096] (-) TimerEvent: {}
[268.940170] (-) TimerEvent: {}
[269.042025] (-) TimerEvent: {}
[269.143091] (-) TimerEvent: {}
[269.244032] (-) TimerEvent: {}
[269.348115] (-) TimerEvent: {}
[269.449577] (-) TimerEvent: {}
[269.551731] (-) TimerEvent: {}
[269.658031] (-) TimerEvent: {}
[269.761031] (-) TimerEvent: {}
[269.885102] (-) TimerEvent: {}
[269.992464] (-) TimerEvent: {}
[270.094440] (-) TimerEvent: {}
[270.196288] (-) TimerEvent: {}
[270.300091] (-) TimerEvent: {}
[270.402674] (-) TimerEvent: {}
[270.508377] (-) TimerEvent: {}
[270.609623] (-) TimerEvent: {}
[270.714116] (-) TimerEvent: {}
[270.816242] (-) TimerEvent: {}
[270.922315] (-) TimerEvent: {}
[271.022723] (-) TimerEvent: {}
[271.150053] (-) TimerEvent: {}
[271.258034] (-) TimerEvent: {}
[271.359678] (-) TimerEvent: {}
[271.462985] (-) TimerEvent: {}
[271.566050] (-) TimerEvent: {}
[271.668028] (-) TimerEvent: {}
[271.834536] (turtlebot3_node) StdoutLine: {'line': b'[ 21%] \x1b[32mBuilding CXX object CMakeFiles/turtlebot3_node_lib.dir/src/devices/reset.cpp.o\x1b[0m\n'}
[271.844814] (-) TimerEvent: {}
[271.946976] (-) TimerEvent: {}
[272.048840] (-) TimerEvent: {}
[272.151018] (-) TimerEvent: {}
[272.252648] (-) TimerEvent: {}
[272.366771] (-) TimerEvent: {}
[272.476150] (-) TimerEvent: {}
[272.577730] (-) TimerEvent: {}
[272.680315] (-) TimerEvent: {}
[272.781784] (-) TimerEvent: {}
[272.918770] (-) TimerEvent: {}
[273.021136] (-) TimerEvent: {}
[273.125148] (-) TimerEvent: {}
[273.227225] (-) TimerEvent: {}
[273.328904] (-) TimerEvent: {}
[273.431129] (-) TimerEvent: {}
[273.537173] (-) TimerEvent: {}
[273.640813] (-) TimerEvent: {}
[273.745072] (-) TimerEvent: {}
[273.852022] (-) TimerEvent: {}
[273.954021] (-) TimerEvent: {}
[274.054545] (-) TimerEvent: {}
[274.163028] (-) TimerEvent: {}
[274.264445] (-) TimerEvent: {}
[274.368018] (-) TimerEvent: {}
[274.469854] (-) TimerEvent: {}
[274.570338] (-) TimerEvent: {}
[274.688337] (-) TimerEvent: {}
[274.791903] (-) TimerEvent: {}
[274.901109] (-) TimerEvent: {}
[275.001960] (-) TimerEvent: {}
[275.109036] (-) TimerEvent: {}
[275.217263] (-) TimerEvent: {}
[275.323210] (-) TimerEvent: {}
[275.427032] (-) TimerEvent: {}
[275.530026] (-) TimerEvent: {}
[275.630704] (-) TimerEvent: {}
[275.758162] (-) TimerEvent: {}
[275.870705] (-) TimerEvent: {}
[275.977029] (-) TimerEvent: {}
[276.081027] (-) TimerEvent: {}
[276.187198] (-) TimerEvent: {}
[276.300527] (-) TimerEvent: {}
[276.405864] (-) TimerEvent: {}
[276.508496] (-) TimerEvent: {}
[276.612024] (-) TimerEvent: {}
[276.713381] (-) TimerEvent: {}
[276.815350] (-) TimerEvent: {}
[276.921504] (-) TimerEvent: {}
[277.023182] (-) TimerEvent: {}
[277.127030] (-) TimerEvent: {}
[277.229965] (-) TimerEvent: {}
[277.335087] (-) TimerEvent: {}
[277.441406] (-) TimerEvent: {}
[277.546025] (-) TimerEvent: {}
[277.651039] (-) TimerEvent: {}
[277.757587] (-) TimerEvent: {}
[277.859701] (-) TimerEvent: {}
[278.015168] (-) TimerEvent: {}
[278.132040] (-) TimerEvent: {}
[278.233844] (-) TimerEvent: {}
[278.338030] (-) TimerEvent: {}
[278.438435] (-) TimerEvent: {}
[278.542145] (-) TimerEvent: {}
[278.674152] (-) TimerEvent: {}
[278.780270] (-) TimerEvent: {}
[278.882031] (-) TimerEvent: {}
[278.989075] (-) TimerEvent: {}
[279.091028] (-) TimerEvent: {}
[279.195076] (-) TimerEvent: {}
[279.295549] (-) TimerEvent: {}
[279.401480] (-) TimerEvent: {}
[279.514074] (-) TimerEvent: {}
[279.616015] (-) TimerEvent: {}
[279.717038] (-) TimerEvent: {}
[279.820010] (-) TimerEvent: {}
[279.924019] (-) TimerEvent: {}
[280.074597] (-) TimerEvent: {}
[280.179174] (-) TimerEvent: {}
[280.279542] (-) TimerEvent: {}
[280.380105] (-) TimerEvent: {}
[280.485143] (-) TimerEvent: {}
[280.586070] (-) TimerEvent: {}
[280.690160] (-) TimerEvent: {}
[280.791341] (-) TimerEvent: {}
[280.892569] (-) TimerEvent: {}
[280.995530] (-) TimerEvent: {}
[281.133665] (-) TimerEvent: {}
[281.239025] (-) TimerEvent: {}
[281.339506] (-) TimerEvent: {}
[281.439987] (-) TimerEvent: {}
[281.549702] (-) TimerEvent: {}
[281.654409] (-) TimerEvent: {}
[281.767007] (-) TimerEvent: {}
[281.870247] (-) TimerEvent: {}
[281.979045] (-) TimerEvent: {}
[282.079430] (-) TimerEvent: {}
[282.181656] (-) TimerEvent: {}
[282.284245] (-) TimerEvent: {}
[282.396348] (-) TimerEvent: {}
[282.500161] (-) TimerEvent: {}
[282.600601] (-) TimerEvent: {}
[282.703020] (-) TimerEvent: {}
[282.805029] (-) TimerEvent: {}
[282.908003] (-) TimerEvent: {}
[283.015023] (-) TimerEvent: {}
[283.116233] (-) TimerEvent: {}
[283.217216] (-) TimerEvent: {}
[283.393755] (-) TimerEvent: {}
[283.496599] (-) TimerEvent: {}
[283.599165] (-) TimerEvent: {}
[283.700244] (-) TimerEvent: {}
[283.804070] (-) TimerEvent: {}
[283.906109] (-) TimerEvent: {}
[284.018102] (-) TimerEvent: {}
[284.124025] (-) TimerEvent: {}
[284.224979] (-) TimerEvent: {}
[284.327028] (-) TimerEvent: {}
[284.431035] (-) TimerEvent: {}
[284.533307] (-) TimerEvent: {}
[284.646167] (-) TimerEvent: {}
[284.753919] (-) TimerEvent: {}
[284.862798] (-) TimerEvent: {}
[284.964258] (-) TimerEvent: {}
[285.069033] (-) TimerEvent: {}
[285.184143] (-) TimerEvent: {}
[285.286450] (-) TimerEvent: {}
[285.391204] (-) TimerEvent: {}
[285.492286] (-) TimerEvent: {}
[285.598588] (-) TimerEvent: {}
[285.724454] (-) TimerEvent: {}
[285.827348] (-) TimerEvent: {}
[285.933361] (-) TimerEvent: {}
[286.038001] (-) TimerEvent: {}
[286.140834] (-) TimerEvent: {}
[286.323415] (-) TimerEvent: {}
[286.426076] (-) TimerEvent: {}
[286.531019] (-) TimerEvent: {}
[286.633025] (-) TimerEvent: {}
[286.734811] (-) TimerEvent: {}
[286.874712] (-) TimerEvent: {}
[286.979033] (-) TimerEvent: {}
[287.079502] (-) TimerEvent: {}
[287.183030] (-) TimerEvent: {}
[287.287014] (-) TimerEvent: {}
[287.387578] (-) TimerEvent: {}
[287.500463] (-) TimerEvent: {}
[287.602097] (-) TimerEvent: {}
[287.709151] (-) TimerEvent: {}
[287.818218] (-) TimerEvent: {}
[287.924150] (-) TimerEvent: {}
[288.034028] (-) TimerEvent: {}
[288.141019] (-) TimerEvent: {}
[288.241443] (-) TimerEvent: {}
[288.342830] (-) TimerEvent: {}
[288.443871] (-) TimerEvent: {}
[288.613126] (-) TimerEvent: {}
[288.717193] (-) TimerEvent: {}
[288.819016] (-) TimerEvent: {}
[288.920121] (-) TimerEvent: {}
[289.022213] (-) TimerEvent: {}
[289.129252] (-) TimerEvent: {}
[289.240500] (-) TimerEvent: {}
[289.341310] (-) TimerEvent: {}
[289.406177] (turtlebot3_node) StdoutLine: {'line': b'[ 28%] \x1b[32mBuilding CXX object CMakeFiles/turtlebot3_node_lib.dir/src/diff_drive_controller.cpp.o\x1b[0m\n'}
[289.441464] (-) TimerEvent: {}
[289.547013] (-) TimerEvent: {}
[289.650755] (-) TimerEvent: {}
[289.806155] (-) TimerEvent: {}
[289.909768] (-) TimerEvent: {}
[290.012209] (-) TimerEvent: {}
[290.115897] (-) TimerEvent: {}
[290.216897] (-) TimerEvent: {}
[290.318976] (-) TimerEvent: {}
[290.426107] (-) TimerEvent: {}
[290.529839] (-) TimerEvent: {}
[290.637031] (-) TimerEvent: {}
[290.737744] (-) TimerEvent: {}
[290.839296] (-) TimerEvent: {}
[291.001031] (-) TimerEvent: {}
[291.107022] (-) TimerEvent: {}
[291.208172] (-) TimerEvent: {}
[291.313024] (-) TimerEvent: {}
[291.422126] (-) TimerEvent: {}
[291.522694] (-) TimerEvent: {}
[291.623017] (-) TimerEvent: {}
[291.723706] (-) TimerEvent: {}
[291.830008] (-) TimerEvent: {}
[291.933022] (-) TimerEvent: {}
[292.033558] (-) TimerEvent: {}
[292.136010] (-) TimerEvent: {}
[292.238021] (-) TimerEvent: {}
[292.340310] (-) TimerEvent: {}
[292.448058] (-) TimerEvent: {}
[292.548886] (-) TimerEvent: {}
[292.654098] (-) TimerEvent: {}
[292.763019] (-) TimerEvent: {}
[292.863802] (-) TimerEvent: {}
[292.966399] (-) TimerEvent: {}
[293.069105] (-) TimerEvent: {}
[293.200057] (-) TimerEvent: {}
[293.309070] (-) TimerEvent: {}
[293.409499] (-) TimerEvent: {}
[293.513055] (-) TimerEvent: {}
[293.613422] (-) TimerEvent: {}
[293.715044] (-) TimerEvent: {}
[293.817062] (-) TimerEvent: {}
[293.917463] (-) TimerEvent: {}
[294.023096] (-) TimerEvent: {}
[294.131031] (-) TimerEvent: {}
[294.233133] (-) TimerEvent: {}
[294.334987] (-) TimerEvent: {}
[294.439235] (-) TimerEvent: {}
[294.566105] (-) TimerEvent: {}
[294.677034] (-) TimerEvent: {}
[294.782032] (-) TimerEvent: {}
[294.885459] (-) TimerEvent: {}
[294.990077] (-) TimerEvent: {}
[295.094031] (-) TimerEvent: {}
[295.195436] (-) TimerEvent: {}
[295.296024] (-) TimerEvent: {}
[295.431972] (-) TimerEvent: {}
[295.553506] (-) TimerEvent: {}
[295.656029] (-) TimerEvent: {}
[295.759029] (-) TimerEvent: {}
[295.863820] (-) TimerEvent: {}
[295.992533] (-) TimerEvent: {}
[296.114077] (-) TimerEvent: {}
[296.214546] (-) TimerEvent: {}
[296.318800] (-) TimerEvent: {}
[296.422284] (-) TimerEvent: {}
[296.538858] (-) TimerEvent: {}
[296.644672] (-) TimerEvent: {}
[296.747036] (-) TimerEvent: {}
[296.852551] (-) TimerEvent: {}
[296.966020] (-) TimerEvent: {}
[297.070433] (-) TimerEvent: {}
[297.173343] (-) TimerEvent: {}
[297.278484] (-) TimerEvent: {}
[297.382462] (-) TimerEvent: {}
[297.537102] (-) TimerEvent: {}
[297.639141] (-) TimerEvent: {}
[297.740819] (-) TimerEvent: {}
[297.841911] (-) TimerEvent: {}
[297.950681] (-) TimerEvent: {}
[298.051470] (-) TimerEvent: {}
[298.155013] (-) TimerEvent: {}
[298.257024] (-) TimerEvent: {}
[298.408153] (-) TimerEvent: {}
[298.512026] (-) TimerEvent: {}
[298.613861] (-) TimerEvent: {}
[298.716022] (-) TimerEvent: {}
[298.830024] (-) TimerEvent: {}
[298.948438] (-) TimerEvent: {}
[299.053023] (-) TimerEvent: {}
[299.154823] (-) TimerEvent: {}
[299.256460] (-) TimerEvent: {}
[299.369232] (-) TimerEvent: {}
[299.504804] (-) TimerEvent: {}
[299.605660] (-) TimerEvent: {}
[299.706810] (-) TimerEvent: {}
[299.812133] (-) TimerEvent: {}
[299.918156] (-) TimerEvent: {}
[300.021020] (-) TimerEvent: {}
[300.121452] (-) TimerEvent: {}
[300.222648] (-) TimerEvent: {}
[300.415210] (-) TimerEvent: {}
[300.531022] (-) TimerEvent: {}
[300.631792] (-) TimerEvent: {}
[300.732749] (-) TimerEvent: {}
[300.837032] (-) TimerEvent: {}
[301.009861] (-) TimerEvent: {}
[301.112284] (-) TimerEvent: {}
[301.215494] (-) TimerEvent: {}
[301.318028] (-) TimerEvent: {}
[301.533105] (-) TimerEvent: {}
[301.654028] (-) TimerEvent: {}
[301.760101] (-) TimerEvent: {}
[301.865156] (-) TimerEvent: {}
[301.967023] (-) TimerEvent: {}
[302.080031] (-) TimerEvent: {}
[302.190030] (-) TimerEvent: {}
[302.291036] (-) TimerEvent: {}
[302.393808] (-) TimerEvent: {}
[302.523109] (-) TimerEvent: {}
[302.638556] (-) TimerEvent: {}
[302.743215] (-) TimerEvent: {}
[302.845038] (-) TimerEvent: {}
[302.948244] (-) TimerEvent: {}
[303.049404] (-) TimerEvent: {}
[303.156062] (-) TimerEvent: {}
[303.263072] (-) TimerEvent: {}
[303.367028] (-) TimerEvent: {}
[303.468259] (-) TimerEvent: {}
[303.578028] (-) TimerEvent: {}
[303.684440] (-) TimerEvent: {}
[303.796797] (-) TimerEvent: {}
[303.898024] (-) TimerEvent: {}
[304.008031] (-) TimerEvent: {}
[304.109027] (-) TimerEvent: {}
[304.210073] (-) TimerEvent: {}
[304.315469] (-) TimerEvent: {}
[304.425101] (-) TimerEvent: {}
[304.532026] (-) TimerEvent: {}
[304.632577] (-) TimerEvent: {}
[304.734075] (-) TimerEvent: {}
[304.837388] (-) TimerEvent: {}
[304.941072] (-) TimerEvent: {}
[305.045693] (-) TimerEvent: {}
[305.148028] (-) TimerEvent: {}
[305.270575] (-) TimerEvent: {}
[305.382186] (-) TimerEvent: {}
[305.487620] (-) TimerEvent: {}
[305.594039] (-) TimerEvent: {}
[305.703029] (-) TimerEvent: {}
[305.812023] (-) TimerEvent: {}
[305.912446] (-) TimerEvent: {}
[306.054185] (-) TimerEvent: {}
[306.163163] (-) TimerEvent: {}
[306.263916] (-) TimerEvent: {}
[306.369026] (-) TimerEvent: {}
[306.471175] (-) TimerEvent: {}
[306.573534] (-) TimerEvent: {}
[306.674165] (-) TimerEvent: {}
[306.777045] (-) TimerEvent: {}
[306.892143] (-) TimerEvent: {}
[306.999212] (-) TimerEvent: {}
[307.102023] (-) TimerEvent: {}
[307.278050] (-) TimerEvent: {}
[307.381200] (-) TimerEvent: {}
[307.483125] (-) TimerEvent: {}
[307.585020] (-) TimerEvent: {}
[307.689030] (-) TimerEvent: {}
[307.789606] (-) TimerEvent: {}
[307.894886] (-) TimerEvent: {}
[308.018157] (-) TimerEvent: {}
[308.118519] (-) TimerEvent: {}
[308.219249] (-) TimerEvent: {}
[308.321091] (-) TimerEvent: {}
[308.425008] (-) TimerEvent: {}
[308.527004] (-) TimerEvent: {}
[308.634176] (-) TimerEvent: {}
[308.737026] (-) TimerEvent: {}
[308.849021] (-) TimerEvent: {}
[308.959094] (-) TimerEvent: {}
[309.065019] (-) TimerEvent: {}
[309.171051] (-) TimerEvent: {}
[309.275208] (-) TimerEvent: {}
[309.387019] (-) TimerEvent: {}
[309.491496] (-) TimerEvent: {}
[309.600780] (-) TimerEvent: {}
[309.606674] (turtlebot3_node) StdoutLine: {'line': b'[ 35%] \x1b[32mBuilding CXX object CMakeFiles/turtlebot3_node_lib.dir/src/dynamixel_sdk_wrapper.cpp.o\x1b[0m\n'}
[309.704026] (-) TimerEvent: {}
[309.805861] (-) TimerEvent: {}
[309.909098] (-) TimerEvent: {}
[310.023116] (-) TimerEvent: {}
[310.129017] (-) TimerEvent: {}
[310.233043] (-) TimerEvent: {}
[310.334490] (-) TimerEvent: {}
[310.435566] (-) TimerEvent: {}
[310.538449] (-) TimerEvent: {}
[310.640006] (-) TimerEvent: {}
[310.742867] (-) TimerEvent: {}
[310.850198] (-) TimerEvent: {}
[310.954873] (-) TimerEvent: {}
[311.058198] (-) TimerEvent: {}
[311.236049] (-) TimerEvent: {}
[311.339660] (-) TimerEvent: {}
[311.440504] (-) TimerEvent: {}
[311.543097] (-) TimerEvent: {}
[311.645023] (-) TimerEvent: {}
[311.749020] (-) TimerEvent: {}
[311.850004] (-) TimerEvent: {}
[311.958831] (-) TimerEvent: {}
[312.059245] (-) TimerEvent: {}
[312.163027] (-) TimerEvent: {}
[312.338340] (-) TimerEvent: {}
[312.443618] (-) TimerEvent: {}
[312.545205] (turtlebot3_node) StdoutLine: {'line': b'[ 42%] \x1b[32mBuilding CXX object CMakeFiles/turtlebot3_node_lib.dir/src/odometry.cpp.o\x1b[0m\n'}
[312.545489] (-) TimerEvent: {}
[312.647174] (-) TimerEvent: {}
[312.764926] (-) TimerEvent: {}
[312.880024] (-) TimerEvent: {}
[312.982015] (-) TimerEvent: {}
[313.092031] (-) TimerEvent: {}
[313.228748] (-) TimerEvent: {}
[313.345027] (-) TimerEvent: {}
[313.447022] (-) TimerEvent: {}
[313.549522] (-) TimerEvent: {}
[313.651647] (-) TimerEvent: {}
[313.802599] (-) TimerEvent: {}
[313.907315] (-) TimerEvent: {}
[314.010629] (-) TimerEvent: {}
[314.111112] (-) TimerEvent: {}
[314.267495] (-) TimerEvent: {}
[314.375630] (-) TimerEvent: {}
[314.481496] (-) TimerEvent: {}
[314.582838] (-) TimerEvent: {}
[314.685458] (-) TimerEvent: {}
[314.794032] (-) TimerEvent: {}
[314.895242] (-) TimerEvent: {}
[314.995721] (-) TimerEvent: {}
[315.096252] (-) TimerEvent: {}
[315.218135] (-) TimerEvent: {}
[315.319231] (-) TimerEvent: {}
[315.421035] (-) TimerEvent: {}
[315.521508] (-) TimerEvent: {}
[315.621976] (-) TimerEvent: {}
[315.742685] (-) TimerEvent: {}
[315.848221] (-) TimerEvent: {}
[315.952268] (-) TimerEvent: {}
[316.056042] (-) TimerEvent: {}
[316.156488] (-) TimerEvent: {}
[316.291100] (-) TimerEvent: {}
[316.391855] (-) TimerEvent: {}
[316.492523] (-) TimerEvent: {}
[316.593326] (-) TimerEvent: {}
[316.696034] (-) TimerEvent: {}
[316.811118] (-) TimerEvent: {}
[316.911852] (-) TimerEvent: {}
[317.015030] (-) TimerEvent: {}
[317.115448] (-) TimerEvent: {}
[317.218027] (-) TimerEvent: {}
[317.272400] (turtlebot3_gazebo) StdoutLine: {'line': b'[ 33%] \x1b[32m\x1b[1mLinking CXX shared library libtraffic_light_plugin.so\x1b[0m\n'}
[317.354461] (-) TimerEvent: {}
[317.461201] (-) TimerEvent: {}
[317.567349] (-) TimerEvent: {}
[317.671025] (-) TimerEvent: {}
[317.773605] (-) TimerEvent: {}
[317.880037] (-) TimerEvent: {}
[317.982030] (-) TimerEvent: {}
[318.144028] (-) TimerEvent: {}
[318.246977] (-) TimerEvent: {}
[318.347836] (-) TimerEvent: {}
[318.461025] (-) TimerEvent: {}
[318.563166] (-) TimerEvent: {}
[318.663697] (-) TimerEvent: {}
[318.777499] (-) TimerEvent: {}
[318.883619] (-) TimerEvent: {}
[318.984091] (-) TimerEvent: {}
[319.087060] (-) TimerEvent: {}
[319.190034] (-) TimerEvent: {}
[319.290618] (-) TimerEvent: {}
[319.393380] (-) TimerEvent: {}
[319.494317] (-) TimerEvent: {}
[319.599180] (-) TimerEvent: {}
[319.701041] (-) TimerEvent: {}
[319.802957] (-) TimerEvent: {}
[319.905019] (-) TimerEvent: {}
[320.005976] (-) TimerEvent: {}
[320.109097] (-) TimerEvent: {}
[320.209917] (-) TimerEvent: {}
[320.313752] (-) TimerEvent: {}
[320.440110] (-) TimerEvent: {}
[320.549761] (-) TimerEvent: {}
[320.651281] (-) TimerEvent: {}
[320.751797] (-) TimerEvent: {}
[320.855026] (-) TimerEvent: {}
[320.968136] (-) TimerEvent: {}
[321.076930] (-) TimerEvent: {}
[321.134006] (turtlebot3_gazebo) StdoutLine: {'line': b'[ 33%] Built target traffic_light_plugin\n'}
[321.179093] (turtlebot3_gazebo) StdoutLine: {'line': b'[ 41%] \x1b[32mBuilding CXX object CMakeFiles/traffic_bar_plugin.dir/src/traffic_bar_plugin.cpp.o\x1b[0m\n'}
[321.179527] (-) TimerEvent: {}
[321.281575] (-) TimerEvent: {}
[321.384725] (-) TimerEvent: {}
[321.574999] (-) TimerEvent: {}
[321.677041] (-) TimerEvent: {}
[321.779252] (-) TimerEvent: {}
[321.882623] (-) TimerEvent: {}
[322.059034] (-) TimerEvent: {}
[322.160836] (-) TimerEvent: {}
[322.270429] (-) TimerEvent: {}
[322.374311] (-) TimerEvent: {}
[322.481133] (-) TimerEvent: {}
[322.587661] (-) TimerEvent: {}
[322.688453] (-) TimerEvent: {}
[322.790377] (-) TimerEvent: {}
[322.890783] (-) TimerEvent: {}
[323.035237] (-) TimerEvent: {}
[323.139472] (-) TimerEvent: {}
[323.239861] (-) TimerEvent: {}
[323.341019] (-) TimerEvent: {}
[323.441535] (-) TimerEvent: {}
[323.604107] (-) TimerEvent: {}
[323.707787] (-) TimerEvent: {}
[323.809161] (-) TimerEvent: {}
[323.912025] (-) TimerEvent: {}
[324.114029] (-) TimerEvent: {}
[324.216071] (-) TimerEvent: {}
[324.316762] (-) TimerEvent: {}
[324.419096] (-) TimerEvent: {}
[324.549101] (-) TimerEvent: {}
[324.652025] (-) TimerEvent: {}
[324.758438] (-) TimerEvent: {}
[324.859406] (-) TimerEvent: {}
[324.964025] (-) TimerEvent: {}
[325.064489] (-) TimerEvent: {}
[325.167907] (-) TimerEvent: {}
[325.272024] (-) TimerEvent: {}
[325.375126] (-) TimerEvent: {}
[325.477555] (-) TimerEvent: {}
[325.577925] (-) TimerEvent: {}
[325.679676] (-) TimerEvent: {}
[325.787813] (-) TimerEvent: {}
[325.888238] (-) TimerEvent: {}
[325.991028] (-) TimerEvent: {}
[326.091415] (-) TimerEvent: {}
[326.217918] (-) TimerEvent: {}
[326.335033] (-) TimerEvent: {}
[326.436472] (-) TimerEvent: {}
[326.539034] (-) TimerEvent: {}
[326.640988] (-) TimerEvent: {}
[326.795055] (-) TimerEvent: {}
[326.895478] (-) TimerEvent: {}
[326.996007] (-) TimerEvent: {}
[327.096863] (-) TimerEvent: {}
[327.224115] (-) TimerEvent: {}
[327.339626] (-) TimerEvent: {}
[327.440325] (-) TimerEvent: {}
[327.543027] (-) TimerEvent: {}
[327.644997] (-) TimerEvent: {}
[327.746639] (-) TimerEvent: {}
[327.848702] (-) TimerEvent: {}
[327.958879] (-) TimerEvent: {}
[328.063182] (-) TimerEvent: {}
[328.168028] (-) TimerEvent: {}
[328.272047] (-) TimerEvent: {}
[328.386497] (-) TimerEvent: {}
[328.493000] (-) TimerEvent: {}
[328.593456] (-) TimerEvent: {}
[328.693882] (-) TimerEvent: {}
[328.794447] (-) TimerEvent: {}
[328.900499] (-) TimerEvent: {}
[329.012253] (-) TimerEvent: {}
[329.116287] (-) TimerEvent: {}
[329.218382] (-) TimerEvent: {}
[329.352504] (-) TimerEvent: {}
[329.453899] (-) TimerEvent: {}
[329.554625] (-) TimerEvent: {}
[329.658023] (-) TimerEvent: {}
[329.800128] (-) TimerEvent: {}
[329.903630] (-) TimerEvent: {}
[330.007025] (-) TimerEvent: {}
[330.107853] (-) TimerEvent: {}
[330.210692] (-) TimerEvent: {}
[330.319114] (-) TimerEvent: {}
[330.428019] (-) TimerEvent: {}
[330.530030] (-) TimerEvent: {}
[330.639035] (-) TimerEvent: {}
[330.741031] (-) TimerEvent: {}
[330.844851] (-) TimerEvent: {}
[331.004670] (-) TimerEvent: {}
[331.111596] (-) TimerEvent: {}
[331.213020] (-) TimerEvent: {}
[331.315022] (-) TimerEvent: {}
[331.417011] (-) TimerEvent: {}
[331.520380] (-) TimerEvent: {}
[331.651626] (-) TimerEvent: {}
[331.771026] (-) TimerEvent: {}
[331.871702] (-) TimerEvent: {}
[331.978026] (-) TimerEvent: {}
[332.080546] (-) TimerEvent: {}
[332.184033] (-) TimerEvent: {}
[332.285572] (-) TimerEvent: {}
[332.386443] (-) TimerEvent: {}
[332.551689] (-) TimerEvent: {}
[332.658007] (-) TimerEvent: {}
[332.758752] (-) TimerEvent: {}
[332.859221] (-) TimerEvent: {}
[332.963566] (-) TimerEvent: {}
[333.070122] (-) TimerEvent: {}
[333.181063] (-) TimerEvent: {}
[333.284854] (-) TimerEvent: {}
[333.389327] (-) TimerEvent: {}
[333.496046] (-) TimerEvent: {}
[333.596571] (-) TimerEvent: {}
[333.710104] (-) TimerEvent: {}
[333.811315] (-) TimerEvent: {}
[333.915965] (-) TimerEvent: {}
[334.020764] (-) TimerEvent: {}
[334.128101] (-) TimerEvent: {}
[334.233168] (-) TimerEvent: {}
[334.341031] (-) TimerEvent: {}
[334.444029] (-) TimerEvent: {}
[334.548182] (-) TimerEvent: {}
[334.649947] (-) TimerEvent: {}
[334.771375] (-) TimerEvent: {}
[334.872260] (-) TimerEvent: {}
[334.975026] (-) TimerEvent: {}
[335.075404] (-) TimerEvent: {}
[335.175802] (-) TimerEvent: {}
[335.277753] (-) TimerEvent: {}
[335.383031] (-) TimerEvent: {}
[335.485030] (-) TimerEvent: {}
[335.586296] (-) TimerEvent: {}
[335.724102] (-) TimerEvent: {}
[335.828048] (-) TimerEvent: {}
[335.930020] (-) TimerEvent: {}
[336.030959] (-) TimerEvent: {}
[336.132029] (-) TimerEvent: {}
[336.238258] (-) TimerEvent: {}
[336.377739] (-) TimerEvent: {}
[336.487033] (-) TimerEvent: {}
[336.587648] (-) TimerEvent: {}
[336.688245] (-) TimerEvent: {}
[336.788658] (-) TimerEvent: {}
[336.923989] (-) TimerEvent: {}
[337.033482] (-) TimerEvent: {}
[337.137031] (-) TimerEvent: {}
[337.243018] (-) TimerEvent: {}
[337.374357] (-) TimerEvent: {}
[337.476454] (-) TimerEvent: {}
[337.583028] (-) TimerEvent: {}
[337.683448] (-) TimerEvent: {}
[337.783916] (-) TimerEvent: {}
[337.917560] (-) TimerEvent: {}
[338.039009] (-) TimerEvent: {}
[338.144802] (-) TimerEvent: {}
[338.249103] (-) TimerEvent: {}
[338.352032] (-) TimerEvent: {}
[338.483728] (-) TimerEvent: {}
[338.587036] (-) TimerEvent: {}
[338.687649] (-) TimerEvent: {}
[338.791041] (-) TimerEvent: {}
[338.893145] (-) TimerEvent: {}
[339.020751] (-) TimerEvent: {}
[339.125468] (-) TimerEvent: {}
[339.229603] (-) TimerEvent: {}
[339.332041] (-) TimerEvent: {}
[339.433207] (-) TimerEvent: {}
[339.587316] (-) TimerEvent: {}
[339.687819] (-) TimerEvent: {}
[339.790826] (-) TimerEvent: {}
[339.893042] (-) TimerEvent: {}
[339.995017] (-) TimerEvent: {}
[340.106083] (-) TimerEvent: {}
[340.207090] (-) TimerEvent: {}
[340.307492] (-) TimerEvent: {}
[340.411037] (-) TimerEvent: {}
[340.511542] (-) TimerEvent: {}
[340.615853] (-) TimerEvent: {}
[340.729027] (-) TimerEvent: {}
[340.831422] (-) TimerEvent: {}
[340.935378] (-) TimerEvent: {}
[341.060097] (-) TimerEvent: {}
[341.165560] (-) TimerEvent: {}
[341.270980] (-) TimerEvent: {}
[341.371365] (-) TimerEvent: {}
[341.474025] (-) TimerEvent: {}
[341.575307] (-) TimerEvent: {}
[341.701676] (-) TimerEvent: {}
[341.809195] (-) TimerEvent: {}
[341.914462] (-) TimerEvent: {}
[342.016031] (-) TimerEvent: {}
[342.198131] (-) TimerEvent: {}
[342.301032] (-) TimerEvent: {}
[342.406028] (-) TimerEvent: {}
[342.507139] (-) TimerEvent: {}
[342.607554] (-) TimerEvent: {}
[342.712037] (-) TimerEvent: {}
[342.812513] (-) TimerEvent: {}
[342.915851] (-) TimerEvent: {}
[343.017121] (-) TimerEvent: {}
[343.127114] (-) TimerEvent: {}
[343.227477] (-) TimerEvent: {}
[343.329471] (-) TimerEvent: {}
[343.431441] (-) TimerEvent: {}
[343.583063] (-) TimerEvent: {}
[343.695009] (-) TimerEvent: {}
[343.796394] (-) TimerEvent: {}
[343.904143] (-) TimerEvent: {}
[344.005021] (-) TimerEvent: {}
[344.108032] (-) TimerEvent: {}
[344.208465] (-) TimerEvent: {}
[344.449237] (-) TimerEvent: {}
[344.557029] (-) TimerEvent: {}
[344.659416] (-) TimerEvent: {}
[344.765028] (-) TimerEvent: {}
[344.867021] (-) TimerEvent: {}
[344.972111] (-) TimerEvent: {}
[345.082147] (-) TimerEvent: {}
[345.182815] (-) TimerEvent: {}
[345.284016] (-) TimerEvent: {}
[345.385346] (-) TimerEvent: {}
[345.488032] (-) TimerEvent: {}
[345.614109] (-) TimerEvent: {}
[345.718041] (-) TimerEvent: {}
[345.821415] (-) TimerEvent: {}
[345.927469] (-) TimerEvent: {}
[346.032974] (-) TimerEvent: {}
[346.172575] (-) TimerEvent: {}
[346.278420] (-) TimerEvent: {}
[346.382105] (-) TimerEvent: {}
[346.483091] (-) TimerEvent: {}
[346.583839] (-) TimerEvent: {}
[346.692015] (-) TimerEvent: {}
[346.802188] (-) TimerEvent: {}
[346.907847] (-) TimerEvent: {}
[347.010656] (-) TimerEvent: {}
[347.157903] (-) TimerEvent: {}
[347.328863] (-) TimerEvent: {}
[347.430194] (-) TimerEvent: {}
[347.562114] (-) TimerEvent: {}
[347.673037] (-) TimerEvent: {}
[347.779651] (-) TimerEvent: {}
[347.886039] (-) TimerEvent: {}
[347.987227] (-) TimerEvent: {}
[348.088590] (-) TimerEvent: {}
[348.250039] (-) TimerEvent: {}
[348.351024] (-) TimerEvent: {}
[348.454074] (-) TimerEvent: {}
[348.554537] (-) TimerEvent: {}
[348.713718] (-) TimerEvent: {}
[348.814393] (-) TimerEvent: {}
[348.915250] (-) TimerEvent: {}
[349.017617] (-) TimerEvent: {}
[349.121103] (-) TimerEvent: {}
[349.222571] (-) TimerEvent: {}
[349.329029] (-) TimerEvent: {}
[349.429531] (-) TimerEvent: {}
[349.531030] (-) TimerEvent: {}
[349.668698] (-) TimerEvent: {}
[349.781210] (-) TimerEvent: {}
[349.893567] (-) TimerEvent: {}
[349.994747] (-) TimerEvent: {}
[350.099984] (-) TimerEvent: {}
[350.207001] (-) TimerEvent: {}
[350.316071] (-) TimerEvent: {}
[350.418162] (-) TimerEvent: {}
[350.518647] (-) TimerEvent: {}
[350.619570] (-) TimerEvent: {}
[350.722027] (-) TimerEvent: {}
[350.861836] (-) TimerEvent: {}
[350.968128] (-) TimerEvent: {}
[351.075141] (-) TimerEvent: {}
[351.175519] (-) TimerEvent: {}
[351.277045] (-) TimerEvent: {}
[351.378923] (-) TimerEvent: {}
[351.492313] (-) TimerEvent: {}
[351.596018] (-) TimerEvent: {}
[351.697920] (-) TimerEvent: {}
[351.800109] (-) TimerEvent: {}
[351.909412] (-) TimerEvent: {}
[352.015139] (-) TimerEvent: {}
[352.124028] (-) TimerEvent: {}
[352.224615] (-) TimerEvent: {}
[352.326155] (-) TimerEvent: {}
[352.474431] (-) TimerEvent: {}
[352.583910] (-) TimerEvent: {}
[352.688025] (-) TimerEvent: {}
[352.791028] (-) TimerEvent: {}
[352.895655] (-) TimerEvent: {}
[352.997609] (-) TimerEvent: {}
[353.108893] (-) TimerEvent: {}
[353.212024] (-) TimerEvent: {}
[353.313290] (-) TimerEvent: {}
[353.416028] (-) TimerEvent: {}
[353.519021] (-) TimerEvent: {}
[353.625122] (-) TimerEvent: {}
[353.738791] (-) TimerEvent: {}
[353.841026] (-) TimerEvent: {}
[353.943157] (-) TimerEvent: {}
[354.048032] (-) TimerEvent: {}
[354.172113] (-) TimerEvent: {}
[354.280335] (-) TimerEvent: {}
[354.384560] (-) TimerEvent: {}
[354.486681] (-) TimerEvent: {}
[354.589028] (-) TimerEvent: {}
[354.703101] (-) TimerEvent: {}
[354.804595] (-) TimerEvent: {}
[354.906015] (-) TimerEvent: {}
[355.006537] (-) TimerEvent: {}
[355.109020] (-) TimerEvent: {}
[355.222471] (-) TimerEvent: {}
[355.324867] (-) TimerEvent: {}
[355.426061] (-) TimerEvent: {}
[355.535040] (-) TimerEvent: {}
[355.635635] (-) TimerEvent: {}
[355.737348] (-) TimerEvent: {}
[355.839426] (-) TimerEvent: {}
[355.941367] (-) TimerEvent: {}
[356.047126] (-) TimerEvent: {}
[356.149316] (-) TimerEvent: {}
[356.253390] (-) TimerEvent: {}
[356.353805] (-) TimerEvent: {}
[356.457281] (-) TimerEvent: {}
[356.562520] (-) TimerEvent: {}
[356.664215] (-) TimerEvent: {}
[356.766273] (-) TimerEvent: {}
[356.868013] (-) TimerEvent: {}
[357.001094] (-) TimerEvent: {}
[357.105432] (-) TimerEvent: {}
[357.208092] (-) TimerEvent: {}
[357.311151] (-) TimerEvent: {}
[357.416026] (-) TimerEvent: {}
[357.529324] (-) TimerEvent: {}
[357.642053] (-) TimerEvent: {}
[357.742419] (-) TimerEvent: {}
[357.846845] (-) TimerEvent: {}
[357.950025] (-) TimerEvent: {}
[358.050743] (-) TimerEvent: {}
[358.151902] (-) TimerEvent: {}
[358.252909] (-) TimerEvent: {}
[358.355027] (turtlebot3_node) StdoutLine: {'line': b'[ 50%] \x1b[32mBuilding CXX object CMakeFiles/turtlebot3_node_lib.dir/src/turtlebot3.cpp.o\x1b[0m\n'}
[358.355427] (-) TimerEvent: {}
[358.457672] (-) TimerEvent: {}
[358.558759] (-) TimerEvent: {}
[358.727032] (-) TimerEvent: {}
[358.827989] (-) TimerEvent: {}
[358.931654] (-) TimerEvent: {}
[359.034139] (-) TimerEvent: {}
[359.163505] (-) TimerEvent: {}
[359.267466] (-) TimerEvent: {}
[359.370267] (-) TimerEvent: {}
[359.473045] (-) TimerEvent: {}
[359.579029] (-) TimerEvent: {}
[359.679462] (-) TimerEvent: {}
[359.808133] (-) TimerEvent: {}
[359.911336] (-) TimerEvent: {}
[360.012767] (-) TimerEvent: {}
[360.113742] (-) TimerEvent: {}
[360.253454] (-) TimerEvent: {}
[360.360419] (-) TimerEvent: {}
[360.463311] (-) TimerEvent: {}
[360.564484] (-) TimerEvent: {}
[360.666020] (-) TimerEvent: {}
[360.771032] (-) TimerEvent: {}
[360.871607] (-) TimerEvent: {}
[360.982123] (-) TimerEvent: {}
[361.082477] (-) TimerEvent: {}
[361.185020] (-) TimerEvent: {}
[361.285434] (-) TimerEvent: {}
[361.438300] (-) TimerEvent: {}
[361.542036] (-) TimerEvent: {}
[361.644041] (-) TimerEvent: {}
[361.746030] (-) TimerEvent: {}
[361.877105] (-) TimerEvent: {}
[361.979031] (-) TimerEvent: {}
[362.081025] (-) TimerEvent: {}
[362.181610] (-) TimerEvent: {}
[362.284466] (-) TimerEvent: {}
[362.404105] (-) TimerEvent: {}
[362.504858] (-) TimerEvent: {}
[362.606468] (-) TimerEvent: {}
[362.711018] (-) TimerEvent: {}
[362.811497] (-) TimerEvent: {}
[362.947779] (-) TimerEvent: {}
[363.048691] (-) TimerEvent: {}
[363.154033] (-) TimerEvent: {}
[363.256029] (-) TimerEvent: {}
[363.356769] (-) TimerEvent: {}
[363.370268] (turtlebot3_gazebo) StdoutLine: {'line': b'[ 50%] \x1b[32m\x1b[1mLinking CXX shared library libtraffic_bar_plugin.so\x1b[0m\n'}
[363.457111] (-) TimerEvent: {}
[363.659126] (-) TimerEvent: {}
[363.762961] (-) TimerEvent: {}
[363.864911] (-) TimerEvent: {}
[363.971032] (-) TimerEvent: {}
[364.096248] (-) TimerEvent: {}
[364.200108] (-) TimerEvent: {}
[364.300716] (-) TimerEvent: {}
[364.401560] (-) TimerEvent: {}
[364.502027] (-) TimerEvent: {}
[364.509046] (turtlebot3_gazebo) StdoutLine: {'line': b'[ 50%] Built target traffic_bar_plugin\n'}
[364.603111] (-) TimerEvent: {}
[364.704252] (-) TimerEvent: {}
[364.763440] (turtlebot3_gazebo) StdoutLine: {'line': b'[ 58%] \x1b[32mBuilding CXX object CMakeFiles/obstacle1.dir/src/obstacle1.cpp.o\x1b[0m\n'}
[364.804710] (-) TimerEvent: {}
[364.907907] (-) TimerEvent: {}
[365.011410] (-) TimerEvent: {}
[365.153169] (-) TimerEvent: {}
[365.264823] (-) TimerEvent: {}
[365.366245] (-) TimerEvent: {}
[365.470014] (-) TimerEvent: {}
[365.573031] (-) TimerEvent: {}
[365.673900] (-) TimerEvent: {}
[365.799420] (-) TimerEvent: {}
[365.900995] (-) TimerEvent: {}
[366.003045] (-) TimerEvent: {}
[366.104085] (-) TimerEvent: {}
[366.209090] (-) TimerEvent: {}
[366.318092] (-) TimerEvent: {}
[366.424027] (-) TimerEvent: {}
[366.524891] (-) TimerEvent: {}
[366.628023] (-) TimerEvent: {}
[366.734106] (-) TimerEvent: {}
[366.858456] (-) TimerEvent: {}
[366.964711] (-) TimerEvent: {}
[367.068016] (-) TimerEvent: {}
[367.173025] (-) TimerEvent: {}
[367.274920] (-) TimerEvent: {}
[367.385831] (-) TimerEvent: {}
[367.487930] (-) TimerEvent: {}
[367.589118] (-) TimerEvent: {}
[367.691348] (-) TimerEvent: {}
[367.792121] (-) TimerEvent: {}
[368.005020] (-) TimerEvent: {}
[368.105529] (-) TimerEvent: {}
[368.208173] (-) TimerEvent: {}
[368.309346] (-) TimerEvent: {}
[368.413103] (-) TimerEvent: {}
[368.516833] (-) TimerEvent: {}
[368.625019] (-) TimerEvent: {}
[368.728371] (-) TimerEvent: {}
[368.829415] (-) TimerEvent: {}
[368.930377] (-) TimerEvent: {}
[369.030844] (-) TimerEvent: {}
[369.131412] (-) TimerEvent: {}
[369.234031] (-) TimerEvent: {}
[369.336436] (-) TimerEvent: {}
[369.441024] (-) TimerEvent: {}
[369.607122] (-) TimerEvent: {}
[369.707874] (-) TimerEvent: {}
[369.810022] (-) TimerEvent: {}
[369.910373] (-) TimerEvent: {}
[370.014042] (-) TimerEvent: {}
[370.115305] (-) TimerEvent: {}
[370.218022] (-) TimerEvent: {}
[370.318462] (-) TimerEvent: {}
[370.418836] (-) TimerEvent: {}
[370.519222] (-) TimerEvent: {}
[370.628555] (-) TimerEvent: {}
[370.731660] (-) TimerEvent: {}
[370.832269] (-) TimerEvent: {}
[370.932752] (-) TimerEvent: {}
[371.149077] (-) TimerEvent: {}
[371.251021] (-) TimerEvent: {}
[371.351888] (-) TimerEvent: {}
[371.452314] (-) TimerEvent: {}
[371.570455] (-) TimerEvent: {}
[371.681093] (-) TimerEvent: {}
[371.782752] (-) TimerEvent: {}
[371.884928] (-) TimerEvent: {}
[371.988993] (-) TimerEvent: {}
[372.108141] (-) TimerEvent: {}
[372.213580] (-) TimerEvent: {}
[372.317018] (-) TimerEvent: {}
[372.421099] (-) TimerEvent: {}
[372.523265] (-) TimerEvent: {}
[372.651356] (-) TimerEvent: {}
[372.756028] (-) TimerEvent: {}
[372.857010] (-) TimerEvent: {}
[372.957730] (-) TimerEvent: {}
[373.059023] (-) TimerEvent: {}
[373.164291] (-) TimerEvent: {}
[373.265138] (-) TimerEvent: {}
[373.365794] (-) TimerEvent: {}
[373.466666] (-) TimerEvent: {}
[373.569690] (-) TimerEvent: {}
[373.679224] (-) TimerEvent: {}
[373.781366] (-) TimerEvent: {}
[373.883615] (-) TimerEvent: {}
[373.984501] (-) TimerEvent: {}
[374.125961] (-) TimerEvent: {}
[374.229034] (-) TimerEvent: {}
[374.333105] (-) TimerEvent: {}
[374.436027] (-) TimerEvent: {}
[374.539286] (-) TimerEvent: {}
[374.659052] (-) TimerEvent: {}
[374.768015] (-) TimerEvent: {}
[374.868560] (-) TimerEvent: {}
[374.971714] (-) TimerEvent: {}
[375.074029] (-) TimerEvent: {}
[375.204822] (-) TimerEvent: {}
[375.312030] (-) TimerEvent: {}
[375.412789] (-) TimerEvent: {}
[375.514139] (-) TimerEvent: {}
[375.689755] (-) TimerEvent: {}
[375.798030] (-) TimerEvent: {}
[375.900396] (-) TimerEvent: {}
[376.003240] (-) TimerEvent: {}
[376.105271] (-) TimerEvent: {}
[376.206220] (-) TimerEvent: {}
[376.317032] (-) TimerEvent: {}
[376.421502] (-) TimerEvent: {}
[376.525168] (-) TimerEvent: {}
[376.626073] (-) TimerEvent: {}
[376.794623] (-) TimerEvent: {}
[376.902792] (-) TimerEvent: {}
[377.005655] (-) TimerEvent: {}
[377.107964] (-) TimerEvent: {}
[377.209269] (-) TimerEvent: {}
[377.330323] (-) TimerEvent: {}
[377.431084] (-) TimerEvent: {}
[377.532255] (-) TimerEvent: {}
[377.634264] (-) TimerEvent: {}
[377.737220] (-) TimerEvent: {}
[377.839116] (-) TimerEvent: {}
[377.942196] (-) TimerEvent: {}
[378.051991] (-) TimerEvent: {}
[378.154903] (-) TimerEvent: {}
[378.257005] (-) TimerEvent: {}
[378.402137] (-) TimerEvent: {}
[378.505048] (-) TimerEvent: {}
[378.606817] (-) TimerEvent: {}
[378.708017] (-) TimerEvent: {}
[378.808829] (-) TimerEvent: {}
[378.910422] (-) TimerEvent: {}
[379.087906] (-) TimerEvent: {}
[379.238014] (-) TimerEvent: {}
[379.341031] (-) TimerEvent: {}
[379.442860] (-) TimerEvent: {}
[379.543990] (-) TimerEvent: {}
[379.648859] (-) TimerEvent: {}
[379.750119] (-) TimerEvent: {}
[379.851971] (-) TimerEvent: {}
[379.954425] (-) TimerEvent: {}
[380.134247] (-) TimerEvent: {}
[380.245145] (-) TimerEvent: {}
[380.345728] (-) TimerEvent: {}
[380.447140] (-) TimerEvent: {}
[380.551025] (-) TimerEvent: {}
[380.651467] (-) TimerEvent: {}
[380.754018] (-) TimerEvent: {}
[380.856034] (-) TimerEvent: {}
[380.957408] (-) TimerEvent: {}
[381.069019] (-) TimerEvent: {}
[381.169463] (-) TimerEvent: {}
[381.272190] (-) TimerEvent: {}
[381.390095] (-) TimerEvent: {}
[381.497024] (-) TimerEvent: {}
[381.603064] (-) TimerEvent: {}
[381.706806] (-) TimerEvent: {}
[381.808435] (-) TimerEvent: {}
[381.911170] (-) TimerEvent: {}
[382.011528] (-) TimerEvent: {}
[382.112214] (-) TimerEvent: {}
[382.212653] (-) TimerEvent: {}
[382.315410] (-) TimerEvent: {}
[382.416082] (-) TimerEvent: {}
[382.518083] (-) TimerEvent: {}
[382.618699] (-) TimerEvent: {}
[382.720125] (-) TimerEvent: {}
[382.821746] (-) TimerEvent: {}
[382.985533] (-) TimerEvent: {}
[383.091153] (-) TimerEvent: {}
[383.191559] (-) TimerEvent: {}
[383.293013] (-) TimerEvent: {}
[383.399544] (-) TimerEvent: {}
[383.503106] (-) TimerEvent: {}
[383.605300] (-) TimerEvent: {}
[383.710426] (-) TimerEvent: {}
[383.812021] (-) TimerEvent: {}
[383.953252] (-) TimerEvent: {}
[384.063673] (-) TimerEvent: {}
[384.166015] (-) TimerEvent: {}
[384.269584] (-) TimerEvent: {}
[384.370975] (-) TimerEvent: {}
[384.482123] (-) TimerEvent: {}
[384.586065] (-) TimerEvent: {}
[384.689073] (-) TimerEvent: {}
[384.791394] (-) TimerEvent: {}
[384.910230] (-) TimerEvent: {}
[385.013579] (-) TimerEvent: {}
[385.123446] (-) TimerEvent: {}
[385.225882] (-) TimerEvent: {}
[385.333649] (-) TimerEvent: {}
[385.469108] (-) TimerEvent: {}
[385.569881] (-) TimerEvent: {}
[385.670786] (-) TimerEvent: {}
[385.772529] (-) TimerEvent: {}
[385.875022] (-) TimerEvent: {}
[385.975597] (-) TimerEvent: {}
[386.081618] (-) TimerEvent: {}
[386.183958] (-) TimerEvent: {}
[386.286017] (-) TimerEvent: {}
[386.388021] (-) TimerEvent: {}
[386.549701] (-) TimerEvent: {}
[386.653162] (-) TimerEvent: {}
[386.756028] (-) TimerEvent: {}
[386.856764] (-) TimerEvent: {}
[386.963033] (-) TimerEvent: {}
[387.092170] (-) TimerEvent: {}
[387.194633] (-) TimerEvent: {}
[387.298051] (-) TimerEvent: {}
[387.401024] (-) TimerEvent: {}
[387.502166] (-) TimerEvent: {}
[387.605120] (-) TimerEvent: {}
[387.710218] (-) TimerEvent: {}
[387.812464] (-) TimerEvent: {}
[387.915233] (-) TimerEvent: {}
[388.020134] (-) TimerEvent: {}
[388.140181] (-) TimerEvent: {}
[388.248031] (-) TimerEvent: {}
[388.349458] (-) TimerEvent: {}
[388.450694] (-) TimerEvent: {}
[388.552484] (-) TimerEvent: {}
[388.657473] (-) TimerEvent: {}
[388.761456] (-) TimerEvent: {}
[388.867627] (-) TimerEvent: {}
[388.971112] (-) TimerEvent: {}
[389.075020] (-) TimerEvent: {}
[389.191930] (-) TimerEvent: {}
[389.297454] (-) TimerEvent: {}
[389.402019] (-) TimerEvent: {}
[389.502956] (-) TimerEvent: {}
[389.605128] (-) TimerEvent: {}
[389.777865] (-) TimerEvent: {}
[389.886329] (-) TimerEvent: {}
[389.986738] (-) TimerEvent: {}
[390.090023] (-) TimerEvent: {}
[390.193262] (-) TimerEvent: {}
[390.296028] (-) TimerEvent: {}
[390.400023] (-) TimerEvent: {}
[390.502740] (-) TimerEvent: {}
[390.604019] (-) TimerEvent: {}
[390.786041] (-) TimerEvent: {}
[390.889021] (-) TimerEvent: {}
[390.989609] (-) TimerEvent: {}
[391.091785] (-) TimerEvent: {}
[391.195100] (-) TimerEvent: {}
[391.301377] (-) TimerEvent: {}
[391.403081] (-) TimerEvent: {}
[391.508021] (-) TimerEvent: {}
[391.609374] (-) TimerEvent: {}
[391.748439] (-) TimerEvent: {}
[391.851370] (-) TimerEvent: {}
[391.955334] (-) TimerEvent: {}
[392.061015] (-) TimerEvent: {}
[392.161427] (-) TimerEvent: {}
[392.289328] (-) TimerEvent: {}
[392.392569] (-) TimerEvent: {}
[392.497505] (-) TimerEvent: {}
[392.603027] (-) TimerEvent: {}
[392.704329] (-) TimerEvent: {}
[392.808025] (-) TimerEvent: {}
[392.909227] (-) TimerEvent: {}
[393.017882] (-) TimerEvent: {}
[393.121202] (-) TimerEvent: {}
[393.223075] (-) TimerEvent: {}
[393.324860] (-) TimerEvent: {}
[393.425411] (-) TimerEvent: {}
[393.527307] (-) TimerEvent: {}
[393.628019] (-) TimerEvent: {}
[393.729589] (-) TimerEvent: {}
[393.832028] (-) TimerEvent: {}
[393.933025] (-) TimerEvent: {}
[394.040093] (-) TimerEvent: {}
[394.151408] (-) TimerEvent: {}
[394.252164] (-) TimerEvent: {}
[394.355020] (-) TimerEvent: {}
[394.458015] (-) TimerEvent: {}
[394.562013] (-) TimerEvent: {}
[394.669119] (-) TimerEvent: {}
[394.783024] (-) TimerEvent: {}
[394.890065] (-) TimerEvent: {}
[394.990786] (-) TimerEvent: {}
[395.096018] (-) TimerEvent: {}
[395.197559] (-) TimerEvent: {}
[395.299486] (-) TimerEvent: {}
[395.402356] (-) TimerEvent: {}
[395.502812] (-) TimerEvent: {}
[395.612107] (-) TimerEvent: {}
[395.721189] (-) TimerEvent: {}
[395.823783] (-) TimerEvent: {}
[395.924576] (-) TimerEvent: {}
[396.025564] (-) TimerEvent: {}
[396.128107] (-) TimerEvent: {}
[396.237219] (-) TimerEvent: {}
[396.344022] (-) TimerEvent: {}
[396.447017] (-) TimerEvent: {}
[396.547925] (-) TimerEvent: {}
[396.675133] (-) TimerEvent: {}
[396.779033] (-) TimerEvent: {}
[396.879428] (-) TimerEvent: {}
[396.986021] (-) TimerEvent: {}
[397.086700] (-) TimerEvent: {}
[397.221579] (-) TimerEvent: {}
[397.330995] (-) TimerEvent: {}
[397.433024] (-) TimerEvent: {}
[397.535028] (-) TimerEvent: {}
[397.635631] (-) TimerEvent: {}
[397.740477] (-) TimerEvent: {}
[397.846022] (-) TimerEvent: {}
[397.947791] (-) TimerEvent: {}
[398.049021] (-) TimerEvent: {}
[398.151301] (-) TimerEvent: {}
[398.263109] (-) TimerEvent: {}
[398.363880] (-) TimerEvent: {}
[398.464458] (-) TimerEvent: {}
[398.567016] (-) TimerEvent: {}
[398.671022] (-) TimerEvent: {}
[398.774092] (-) TimerEvent: {}
[398.885893] (-) TimerEvent: {}
[398.992030] (-) TimerEvent: {}
[399.096035] (-) TimerEvent: {}
[399.196520] (-) TimerEvent: {}
[399.309214] (-) TimerEvent: {}
[399.418673] (-) TimerEvent: {}
[399.519633] (-) TimerEvent: {}
[399.622043] (-) TimerEvent: {}
[399.723007] (-) TimerEvent: {}
[399.825021] (-) TimerEvent: {}
[399.965711] (-) TimerEvent: {}
[400.073540] (-) TimerEvent: {}
[400.177023] (-) TimerEvent: {}
[400.278218] (-) TimerEvent: {}
[400.395582] (-) TimerEvent: {}
[400.502579] (-) TimerEvent: {}
[400.611203] (-) TimerEvent: {}
[400.711656] (-) TimerEvent: {}
[400.812082] (-) TimerEvent: {}
[400.914097] (-) TimerEvent: {}
[401.015096] (-) TimerEvent: {}
[401.119319] (-) TimerEvent: {}
[401.221015] (-) TimerEvent: {}
[401.321789] (-) TimerEvent: {}
[401.460806] (-) TimerEvent: {}
[401.561603] (-) TimerEvent: {}
[401.603965] (turtlebot3_gazebo) StdoutLine: {'line': b'[ 66%] \x1b[32m\x1b[1mLinking CXX shared library libobstacle1.so\x1b[0m\n'}
[401.661725] (-) TimerEvent: {}
[401.763223] (-) TimerEvent: {}
[401.863602] (-) TimerEvent: {}
[401.987468] (-) TimerEvent: {}
[402.105074] (-) TimerEvent: {}
[402.171874] (turtlebot3_gazebo) StdoutLine: {'line': b'[ 66%] Built target obstacle1\n'}
[402.206174] (-) TimerEvent: {}
[402.233793] (turtlebot3_gazebo) StdoutLine: {'line': b'[ 75%] \x1b[32mBuilding CXX object CMakeFiles/obstacle2.dir/src/obstacle2.cpp.o\x1b[0m\n'}
[402.306296] (-) TimerEvent: {}
[402.479103] (-) TimerEvent: {}
[402.579977] (-) TimerEvent: {}
[402.682013] (-) TimerEvent: {}
[402.784598] (-) TimerEvent: {}
[402.886703] (-) TimerEvent: {}
[402.990037] (-) TimerEvent: {}
[403.110365] (-) TimerEvent: {}
[403.215017] (-) TimerEvent: {}
[403.319014] (-) TimerEvent: {}
[403.408966] (turtlebot3_node) StdoutLine: {'line': b'[ 57%] \x1b[32mBuilding CXX object CMakeFiles/turtlebot3_node_lib.dir/src/sensors/battery_state.cpp.o\x1b[0m\n'}
[403.419408] (-) TimerEvent: {}
[403.520628] (-) TimerEvent: {}
[403.662339] (-) TimerEvent: {}
[403.773023] (-) TimerEvent: {}
[403.875758] (-) TimerEvent: {}
[403.978747] (-) TimerEvent: {}
[404.133154] (-) TimerEvent: {}
[404.238014] (-) TimerEvent: {}
[404.338461] (-) TimerEvent: {}
[404.439396] (-) TimerEvent: {}
[404.540264] (-) TimerEvent: {}
[404.693258] (-) TimerEvent: {}
[404.814022] (-) TimerEvent: {}
[404.917017] (-) TimerEvent: {}
[405.017388] (-) TimerEvent: {}
[405.120096] (-) TimerEvent: {}
[405.230340] (-) TimerEvent: {}
[405.331305] (-) TimerEvent: {}
[405.437031] (-) TimerEvent: {}
[405.538023] (-) TimerEvent: {}
[405.638506] (-) TimerEvent: {}
[405.739367] (-) TimerEvent: {}
[405.842849] (-) TimerEvent: {}
[405.947562] (-) TimerEvent: {}
[406.049161] (-) TimerEvent: {}
[406.176155] (-) TimerEvent: {}
[406.280945] (-) TimerEvent: {}
[406.386015] (-) TimerEvent: {}
[406.490032] (-) TimerEvent: {}
[406.592031] (-) TimerEvent: {}
[406.693978] (-) TimerEvent: {}
[406.796020] (-) TimerEvent: {}
[406.897429] (-) TimerEvent: {}
[406.999481] (-) TimerEvent: {}
[407.101391] (-) TimerEvent: {}
[407.201820] (-) TimerEvent: {}
[407.304441] (-) TimerEvent: {}
[407.427104] (-) TimerEvent: {}
[407.534019] (-) TimerEvent: {}
[407.639126] (-) TimerEvent: {}
[407.741249] (-) TimerEvent: {}
[407.842780] (-) TimerEvent: {}
[407.945236] (-) TimerEvent: {}
[408.057694] (-) TimerEvent: {}
[408.172021] (-) TimerEvent: {}
[408.274409] (-) TimerEvent: {}
[408.377870] (-) TimerEvent: {}
[408.482003] (-) TimerEvent: {}
[408.611655] (-) TimerEvent: {}
[408.714029] (-) TimerEvent: {}
[408.816026] (-) TimerEvent: {}
[408.916587] (-) TimerEvent: {}
[409.017505] (-) TimerEvent: {}
[409.126714] (-) TimerEvent: {}
[409.240596] (-) TimerEvent: {}
[409.342698] (-) TimerEvent: {}
[409.445022] (-) TimerEvent: {}
[409.547022] (-) TimerEvent: {}
[409.647543] (-) TimerEvent: {}
[409.758026] (-) TimerEvent: {}
[409.858380] (-) TimerEvent: {}
[409.958739] (-) TimerEvent: {}
[410.060436] (-) TimerEvent: {}
[410.198268] (-) TimerEvent: {}
[410.321884] (-) TimerEvent: {}
[410.424033] (-) TimerEvent: {}
[410.528718] (-) TimerEvent: {}
[410.710126] (-) TimerEvent: {}
[410.819025] (-) TimerEvent: {}
[410.924760] (-) TimerEvent: {}
[411.025829] (-) TimerEvent: {}
[411.126412] (-) TimerEvent: {}
[411.229014] (-) TimerEvent: {}
[411.329469] (-) TimerEvent: {}
[411.435773] (-) TimerEvent: {}
[411.542511] (-) TimerEvent: {}
[411.646139] (-) TimerEvent: {}
[411.748615] (-) TimerEvent: {}
[411.850116] (-) TimerEvent: {}
[411.966109] (-) TimerEvent: {}
[412.067156] (-) TimerEvent: {}
[412.171049] (-) TimerEvent: {}
[412.271556] (-) TimerEvent: {}
[412.372027] (-) TimerEvent: {}
[412.526110] (-) TimerEvent: {}
[412.629054] (-) TimerEvent: {}
[412.730402] (-) TimerEvent: {}
[412.835311] (-) TimerEvent: {}
[412.949140] (-) TimerEvent: {}
[413.055285] (-) TimerEvent: {}
[413.157455] (-) TimerEvent: {}
[413.259358] (-) TimerEvent: {}
[413.365034] (-) TimerEvent: {}
[413.493104] (-) TimerEvent: {}
[413.596028] (-) TimerEvent: {}
[413.696396] (-) TimerEvent: {}
[413.798801] (-) TimerEvent: {}
[413.903021] (-) TimerEvent: {}
[414.026881] (-) TimerEvent: {}
[414.134020] (-) TimerEvent: {}
[414.236253] (-) TimerEvent: {}
[414.338331] (-) TimerEvent: {}
[414.440450] (-) TimerEvent: {}
[414.574171] (-) TimerEvent: {}
[414.681034] (-) TimerEvent: {}
[414.783021] (-) TimerEvent: {}
[414.883441] (-) TimerEvent: {}
[414.986197] (-) TimerEvent: {}
[415.140218] (-) TimerEvent: {}
[415.248249] (-) TimerEvent: {}
[415.350019] (-) TimerEvent: {}
[415.452019] (-) TimerEvent: {}
[415.552562] (-) TimerEvent: {}
[415.662134] (-) TimerEvent: {}
[415.771101] (-) TimerEvent: {}
[415.872035] (-) TimerEvent: {}
[415.972974] (-) TimerEvent: {}
[416.073690] (-) TimerEvent: {}
[416.185103] (-) TimerEvent: {}
[416.293873] (-) TimerEvent: {}
[416.396499] (-) TimerEvent: {}
[416.501033] (-) TimerEvent: {}
[416.602910] (-) TimerEvent: {}
[416.705023] (-) TimerEvent: {}
[416.818472] (-) TimerEvent: {}
[416.922661] (-) TimerEvent: {}
[417.025015] (-) TimerEvent: {}
[417.128021] (-) TimerEvent: {}
[417.230016] (-) TimerEvent: {}
[417.373645] (-) TimerEvent: {}
[417.480025] (-) TimerEvent: {}
[417.582253] (-) TimerEvent: {}
[417.630144] (turtlebot3_node) StdoutLine: {'line': b'[ 64%] \x1b[32mBuilding CXX object CMakeFiles/turtlebot3_node_lib.dir/src/sensors/imu.cpp.o\x1b[0m\n'}
[417.682586] (-) TimerEvent: {}
[417.784032] (-) TimerEvent: {}
[417.905119] (-) TimerEvent: {}
[418.007199] (-) TimerEvent: {}
[418.114031] (-) TimerEvent: {}
[418.221016] (-) TimerEvent: {}
[418.321395] (-) TimerEvent: {}
[418.421771] (-) TimerEvent: {}
[418.523679] (-) TimerEvent: {}
[418.627029] (-) TimerEvent: {}
[418.727412] (-) TimerEvent: {}
[418.830392] (-) TimerEvent: {}
[418.941785] (-) TimerEvent: {}
[419.052979] (-) TimerEvent: {}
[419.154616] (-) TimerEvent: {}
[419.257019] (-) TimerEvent: {}
[419.357609] (-) TimerEvent: {}
[419.458556] (-) TimerEvent: {}
[419.562038] (-) TimerEvent: {}
[419.664380] (-) TimerEvent: {}
[419.767228] (-) TimerEvent: {}
[419.869212] (-) TimerEvent: {}
[419.971502] (-) TimerEvent: {}
[420.075021] (-) TimerEvent: {}
[420.204557] (-) TimerEvent: {}
[420.317045] (-) TimerEvent: {}
[420.418677] (-) TimerEvent: {}
[420.521020] (-) TimerEvent: {}
[420.621555] (-) TimerEvent: {}
[420.723022] (-) TimerEvent: {}
[420.825026] (-) TimerEvent: {}
[420.926675] (-) TimerEvent: {}
[421.038040] (-) TimerEvent: {}
[421.138805] (-) TimerEvent: {}
[421.242023] (-) TimerEvent: {}
[421.360117] (-) TimerEvent: {}
[421.460900] (-) TimerEvent: {}
[421.563031] (-) TimerEvent: {}
[421.663612] (-) TimerEvent: {}
[421.766423] (-) TimerEvent: {}
[421.889261] (-) TimerEvent: {}
[421.998914] (-) TimerEvent: {}
[422.103813] (-) TimerEvent: {}
[422.207030] (-) TimerEvent: {}
[422.307469] (-) TimerEvent: {}
[422.410023] (-) TimerEvent: {}
[422.511690] (-) TimerEvent: {}
[422.622046] (-) TimerEvent: {}
[422.724802] (-) TimerEvent: {}
[422.827025] (-) TimerEvent: {}
[422.927454] (-) TimerEvent: {}
[423.078112] (-) TimerEvent: {}
[423.185023] (-) TimerEvent: {}
[423.285719] (-) TimerEvent: {}
[423.387017] (-) TimerEvent: {}
[423.490023] (-) TimerEvent: {}
[423.591144] (-) TimerEvent: {}
[423.779319] (-) TimerEvent: {}
[423.881018] (-) TimerEvent: {}
[423.985020] (-) TimerEvent: {}
[424.085478] (-) TimerEvent: {}
[424.215498] (-) TimerEvent: {}
[424.318033] (-) TimerEvent: {}
[424.420219] (-) TimerEvent: {}
[424.523064] (-) TimerEvent: {}
[424.658108] (-) TimerEvent: {}
[424.769362] (-) TimerEvent: {}
[424.871014] (-) TimerEvent: {}
[424.971497] (-) TimerEvent: {}
[425.072023] (-) TimerEvent: {}
[425.184093] (-) TimerEvent: {}
[425.286799] (-) TimerEvent: {}
[425.394022] (-) TimerEvent: {}
[425.497191] (-) TimerEvent: {}
[425.597737] (-) TimerEvent: {}
[425.706711] (-) TimerEvent: {}
[425.818030] (-) TimerEvent: {}
[425.918398] (-) TimerEvent: {}
[426.022020] (-) TimerEvent: {}
[426.122404] (-) TimerEvent: {}
[426.224310] (-) TimerEvent: {}
[426.327131] (-) TimerEvent: {}
[426.435314] (-) TimerEvent: {}
[426.538469] (-) TimerEvent: {}
[426.641015] (-) TimerEvent: {}
[426.750103] (-) TimerEvent: {}
[426.854672] (-) TimerEvent: {}
[426.961456] (-) TimerEvent: {}
[427.063598] (-) TimerEvent: {}
[427.168240] (-) TimerEvent: {}
[427.278854] (-) TimerEvent: {}
[427.386100] (-) TimerEvent: {}
[427.488017] (-) TimerEvent: {}
[427.589994] (-) TimerEvent: {}
[427.697141] (-) TimerEvent: {}
[427.812929] (-) TimerEvent: {}
[427.914391] (-) TimerEvent: {}
[428.016026] (-) TimerEvent: {}
[428.116426] (-) TimerEvent: {}
[428.220023] (-) TimerEvent: {}
[428.322434] (-) TimerEvent: {}
[428.453249] (-) TimerEvent: {}
[428.555316] (-) TimerEvent: {}
[428.658186] (-) TimerEvent: {}
[428.762022] (-) TimerEvent: {}
[428.862490] (-) TimerEvent: {}
[428.965104] (-) TimerEvent: {}
[429.070018] (-) TimerEvent: {}
[429.172084] (-) TimerEvent: {}
[429.274416] (-) TimerEvent: {}
[429.388456] (-) TimerEvent: {}
[429.489187] (-) TimerEvent: {}
[429.590295] (-) TimerEvent: {}
[429.695020] (-) TimerEvent: {}
[429.795560] (-) TimerEvent: {}
[429.917391] (-) TimerEvent: {}
[430.022024] (-) TimerEvent: {}
[430.125221] (-) TimerEvent: {}
[430.227022] (-) TimerEvent: {}
[430.327442] (-) TimerEvent: {}
[430.451546] (-) TimerEvent: {}
[430.552457] (-) TimerEvent: {}
[430.662024] (-) TimerEvent: {}
[430.762407] (-) TimerEvent: {}
[430.864156] (-) TimerEvent: {}
[430.964659] (-) TimerEvent: {}
[431.067484] (-) TimerEvent: {}
[431.168015] (-) TimerEvent: {}
[431.277203] (-) TimerEvent: {}
[431.382029] (-) TimerEvent: {}
[431.485635] (-) TimerEvent: {}
[431.587387] (-) TimerEvent: {}
[431.688017] (-) TimerEvent: {}
[431.788788] (-) TimerEvent: {}
[431.890532] (-) TimerEvent: {}
[431.992023] (-) TimerEvent: {}
[432.094164] (-) TimerEvent: {}
[432.198185] (-) TimerEvent: {}
[432.300982] (-) TimerEvent: {}
[432.402316] (-) TimerEvent: {}
[432.545248] (-) TimerEvent: {}
[432.656116] (-) TimerEvent: {}
[432.756557] (-) TimerEvent: {}
[432.859017] (-) TimerEvent: {}
[432.959429] (-) TimerEvent: {}
[433.066689] (-) TimerEvent: {}
[433.177197] (turtlebot3_node) StdoutLine: {'line': b'[ 71%] \x1b[32mBuilding CXX object CMakeFiles/turtlebot3_node_lib.dir/src/sensors/joint_state.cpp.o\x1b[0m\n'}
[433.177477] (-) TimerEvent: {}
[433.277853] (-) TimerEvent: {}
[433.380407] (-) TimerEvent: {}
[433.481476] (-) TimerEvent: {}
[433.587104] (-) TimerEvent: {}
[433.714124] (-) TimerEvent: {}
[433.816372] (-) TimerEvent: {}
[433.916916] (-) TimerEvent: {}
[434.022199] (-) TimerEvent: {}
[434.122663] (-) TimerEvent: {}
[434.235070] (-) TimerEvent: {}
[434.337674] (-) TimerEvent: {}
[434.439992] (-) TimerEvent: {}
[434.544035] (-) TimerEvent: {}
[434.646191] (-) TimerEvent: {}
[434.752284] (-) TimerEvent: {}
[434.861742] (-) TimerEvent: {}
[434.965025] (-) TimerEvent: {}
[435.068022] (-) TimerEvent: {}
[435.170495] (-) TimerEvent: {}
[435.278103] (-) TimerEvent: {}
[435.381028] (-) TimerEvent: {}
[435.485719] (-) TimerEvent: {}
[435.586799] (-) TimerEvent: {}
[435.716492] (-) TimerEvent: {}
[435.819077] (-) TimerEvent: {}
[435.920132] (-) TimerEvent: {}
[436.023372] (-) TimerEvent: {}
[436.123832] (-) TimerEvent: {}
[436.228603] (-) TimerEvent: {}
[436.332052] (-) TimerEvent: {}
[436.489432] (-) TimerEvent: {}
[436.593020] (-) TimerEvent: {}
[436.696041] (-) TimerEvent: {}
[436.800024] (-) TimerEvent: {}
[436.900401] (-) TimerEvent: {}
[437.003291] (-) TimerEvent: {}
[437.107020] (-) TimerEvent: {}
[437.207436] (-) TimerEvent: {}
[437.308035] (-) TimerEvent: {}
[437.409844] (-) TimerEvent: {}
[437.525402] (-) TimerEvent: {}
[437.632020] (-) TimerEvent: {}
[437.736172] (-) TimerEvent: {}
[437.838027] (-) TimerEvent: {}
[437.973275] (-) TimerEvent: {}
[438.076027] (-) TimerEvent: {}
[438.179217] (-) TimerEvent: {}
[438.280908] (-) TimerEvent: {}
[438.384024] (-) TimerEvent: {}
[438.556046] (-) TimerEvent: {}
[438.667568] (-) TimerEvent: {}
[438.769369] (-) TimerEvent: {}
[438.870326] (-) TimerEvent: {}
[438.972035] (-) TimerEvent: {}
[439.075106] (-) TimerEvent: {}
[439.189030] (-) TimerEvent: {}
[439.289400] (-) TimerEvent: {}
[439.395995] (-) TimerEvent: {}
[439.497326] (-) TimerEvent: {}
[439.597996] (-) TimerEvent: {}
[439.713720] (-) TimerEvent: {}
[439.817978] (-) TimerEvent: {}
[439.919980] (-) TimerEvent: {}
[439.957088] (turtlebot3_gazebo) StdoutLine: {'line': b'[ 83%] \x1b[32m\x1b[1mLinking CXX shared library libobstacle2.so\x1b[0m\n'}
[440.020100] (-) TimerEvent: {}
[440.127022] (-) TimerEvent: {}
[440.269123] (-) TimerEvent: {}
[440.370883] (-) TimerEvent: {}
[440.473136] (-) TimerEvent: {}
[440.543962] (turtlebot3_gazebo) StdoutLine: {'line': b'[ 83%] Built target obstacle2\n'}
[440.575025] (-) TimerEvent: {}
[440.579613] (turtlebot3_gazebo) StdoutLine: {'line': b'[ 91%] \x1b[32mBuilding CXX object CMakeFiles/obstacles.dir/src/obstacles.cpp.o\x1b[0m\n'}
[440.678100] (-) TimerEvent: {}
[440.789200] (-) TimerEvent: {}
[440.910024] (-) TimerEvent: {}
[441.014028] (-) TimerEvent: {}
[441.114473] (-) TimerEvent: {}
[441.217405] (-) TimerEvent: {}
[441.321480] (-) TimerEvent: {}
[441.432024] (-) TimerEvent: {}
[441.533029] (-) TimerEvent: {}
[441.634216] (-) TimerEvent: {}
[441.770842] (-) TimerEvent: {}
[441.874033] (-) TimerEvent: {}
[441.975034] (-) TimerEvent: {}
[442.079025] (-) TimerEvent: {}
[442.181021] (-) TimerEvent: {}
[442.294212] (-) TimerEvent: {}
[442.403629] (-) TimerEvent: {}
[442.505010] (-) TimerEvent: {}
[442.606781] (-) TimerEvent: {}
[442.710190] (-) TimerEvent: {}
[442.876206] (-) TimerEvent: {}
[442.981024] (-) TimerEvent: {}
[443.081481] (-) TimerEvent: {}
[443.182444] (-) TimerEvent: {}
[443.284373] (-) TimerEvent: {}
[443.409100] (-) TimerEvent: {}
[443.510265] (-) TimerEvent: {}
[443.615022] (-) TimerEvent: {}
[443.718037] (-) TimerEvent: {}
[443.818413] (-) TimerEvent: {}
[443.924026] (-) TimerEvent: {}
[444.039120] (-) TimerEvent: {}
[444.143705] (-) TimerEvent: {}
[444.245051] (-) TimerEvent: {}
[444.345767] (-) TimerEvent: {}
[444.448030] (-) TimerEvent: {}
[444.548788] (-) TimerEvent: {}
[444.650261] (-) TimerEvent: {}
[444.752339] (-) TimerEvent: {}
[444.852803] (-) TimerEvent: {}
[444.955023] (-) TimerEvent: {}
[445.058025] (-) TimerEvent: {}
[445.171198] (-) TimerEvent: {}
[445.287024] (-) TimerEvent: {}
[445.388686] (-) TimerEvent: {}
[445.491480] (-) TimerEvent: {}
[445.593029] (-) TimerEvent: {}
[445.734978] (-) TimerEvent: {}
[445.839506] (-) TimerEvent: {}
[445.947037] (-) TimerEvent: {}
[446.049004] (-) TimerEvent: {}
[446.156031] (-) TimerEvent: {}
[446.270099] (-) TimerEvent: {}
[446.367253] (turtlebot3_node) StdoutLine: {'line': b'[ 78%] \x1b[32mBuilding CXX object CMakeFiles/turtlebot3_node_lib.dir/src/sensors/sensor_state.cpp.o\x1b[0m\n'}
[446.374395] (-) TimerEvent: {}
[446.475311] (-) TimerEvent: {}
[446.578664] (-) TimerEvent: {}
[446.681016] (-) TimerEvent: {}
[446.784975] (-) TimerEvent: {}
[446.887021] (-) TimerEvent: {}
[446.990026] (-) TimerEvent: {}
[447.092007] (-) TimerEvent: {}
[447.197111] (-) TimerEvent: {}
[447.299556] (-) TimerEvent: {}
[447.401013] (-) TimerEvent: {}
[447.504020] (-) TimerEvent: {}
[447.606047] (-) TimerEvent: {}
[447.709099] (-) TimerEvent: {}
[447.813097] (-) TimerEvent: {}
[447.914268] (-) TimerEvent: {}
[448.016025] (-) TimerEvent: {}
[448.116682] (-) TimerEvent: {}
[448.269678] (-) TimerEvent: {}
[448.373033] (-) TimerEvent: {}
[448.475686] (-) TimerEvent: {}
[448.577406] (-) TimerEvent: {}
[448.742246] (-) TimerEvent: {}
[448.846951] (-) TimerEvent: {}
[448.949193] (-) TimerEvent: {}
[449.053026] (-) TimerEvent: {}
[449.153473] (-) TimerEvent: {}
[449.254030] (-) TimerEvent: {}
[449.425600] (-) TimerEvent: {}
[449.525995] (-) TimerEvent: {}
[449.628028] (-) TimerEvent: {}
[449.728401] (-) TimerEvent: {}
[449.857507] (-) TimerEvent: {}
[449.971621] (-) TimerEvent: {}
[450.073100] (-) TimerEvent: {}
[450.175293] (-) TimerEvent: {}
[450.279029] (-) TimerEvent: {}
[450.429091] (-) TimerEvent: {}
[450.532025] (-) TimerEvent: {}
[450.632546] (-) TimerEvent: {}
[450.741275] (-) TimerEvent: {}
[450.859670] (-) TimerEvent: {}
[450.974800] (-) TimerEvent: {}
[451.076397] (-) TimerEvent: {}
[451.177809] (-) TimerEvent: {}
[451.283220] (-) TimerEvent: {}
[451.431009] (-) TimerEvent: {}
[451.536028] (-) TimerEvent: {}
[451.637930] (-) TimerEvent: {}
[451.740568] (-) TimerEvent: {}
[451.843025] (-) TimerEvent: {}
[451.973117] (-) TimerEvent: {}
[452.075180] (-) TimerEvent: {}
[452.177029] (-) TimerEvent: {}
[452.277731] (-) TimerEvent: {}
[452.379030] (-) TimerEvent: {}
[452.509741] (-) TimerEvent: {}
[452.616018] (-) TimerEvent: {}
[452.719021] (-) TimerEvent: {}
[452.819592] (-) TimerEvent: {}
[452.920525] (-) TimerEvent: {}
[453.034913] (-) TimerEvent: {}
[453.137028] (-) TimerEvent: {}
[453.238030] (-) TimerEvent: {}
[453.341024] (-) TimerEvent: {}
[453.441704] (-) TimerEvent: {}
[453.610162] (-) TimerEvent: {}
[453.710561] (-) TimerEvent: {}
[453.813445] (-) TimerEvent: {}
[453.914124] (-) TimerEvent: {}
[454.030384] (-) TimerEvent: {}
[454.137794] (-) TimerEvent: {}
[454.239472] (-) TimerEvent: {}
[454.341857] (-) TimerEvent: {}
[454.486812] (-) TimerEvent: {}
[454.590166] (-) TimerEvent: {}
[454.694029] (-) TimerEvent: {}
[454.796004] (-) TimerEvent: {}
[454.896501] (-) TimerEvent: {}
[455.039627] (-) TimerEvent: {}
[455.141032] (-) TimerEvent: {}
[455.244020] (-) TimerEvent: {}
[455.345036] (-) TimerEvent: {}
[455.450031] (-) TimerEvent: {}
[455.554112] (-) TimerEvent: {}
[455.654871] (-) TimerEvent: {}
[455.758667] (-) TimerEvent: {}
[455.860292] (-) TimerEvent: {}
[455.963207] (-) TimerEvent: {}
[456.065239] (-) TimerEvent: {}
[456.166179] (-) TimerEvent: {}
[456.266646] (-) TimerEvent: {}
[456.367218] (-) TimerEvent: {}
[456.475115] (-) TimerEvent: {}
[456.586017] (-) TimerEvent: {}
[456.689035] (-) TimerEvent: {}
[456.789452] (-) TimerEvent: {}
[456.890676] (-) TimerEvent: {}
[456.993082] (-) TimerEvent: {}
[457.095199] (-) TimerEvent: {}
[457.199209] (-) TimerEvent: {}
[457.303409] (-) TimerEvent: {}
[457.408041] (-) TimerEvent: {}
[457.509573] (-) TimerEvent: {}
[457.610262] (-) TimerEvent: {}
[457.710703] (-) TimerEvent: {}
[457.814079] (-) TimerEvent: {}
[457.918404] (-) TimerEvent: {}
[458.018845] (-) TimerEvent: {}
[458.119357] (-) TimerEvent: {}
[458.257705] (-) TimerEvent: {}
[458.361881] (-) TimerEvent: {}
[458.464919] (-) TimerEvent: {}
[458.570032] (-) TimerEvent: {}
[458.670450] (-) TimerEvent: {}
[458.762249] (turtlebot3_node) StdoutLine: {'line': b'[ 85%] \x1b[32m\x1b[1mLinking CXX static library libturtlebot3_node_lib.a\x1b[0m\n'}
[458.772397] (-) TimerEvent: {}
[458.894139] (-) TimerEvent: {}
[459.001035] (-) TimerEvent: {}
[459.103476] (-) TimerEvent: {}
[459.203943] (-) TimerEvent: {}
[459.305184] (-) TimerEvent: {}
[459.405676] (-) TimerEvent: {}
[459.513024] (-) TimerEvent: {}
[459.615024] (-) TimerEvent: {}
[459.715744] (-) TimerEvent: {}
[459.816864] (-) TimerEvent: {}
[459.923394] (-) TimerEvent: {}
[460.031632] (-) TimerEvent: {}
[460.133347] (-) TimerEvent: {}
[460.237040] (-) TimerEvent: {}
[460.337458] (-) TimerEvent: {}
[460.527108] (-) TimerEvent: {}
[460.630113] (-) TimerEvent: {}
[460.731443] (-) TimerEvent: {}
[460.833893] (-) TimerEvent: {}
[460.940253] (-) TimerEvent: {}
[461.041531] (-) TimerEvent: {}
[461.143954] (-) TimerEvent: {}
[461.246664] (-) TimerEvent: {}
[461.348814] (-) TimerEvent: {}
[461.449634] (-) TimerEvent: {}
[461.472081] (turtlebot3_node) StdoutLine: {'line': b'[ 85%] Built target turtlebot3_node_lib\n'}
[461.552024] (-) TimerEvent: {}
[461.563217] (turtlebot3_node) StdoutLine: {'line': b'[ 92%] \x1b[32mBuilding CXX object CMakeFiles/turtlebot3_ros.dir/src/node_main.cpp.o\x1b[0m\n'}
[461.652144] (-) TimerEvent: {}
[461.788544] (-) TimerEvent: {}
[461.907152] (-) TimerEvent: {}
[462.011023] (-) TimerEvent: {}
[462.114020] (-) TimerEvent: {}
[462.214429] (-) TimerEvent: {}
[462.317058] (-) TimerEvent: {}
[462.430327] (-) TimerEvent: {}
[462.533520] (-) TimerEvent: {}
[462.635251] (-) TimerEvent: {}
[462.739023] (-) TimerEvent: {}
[462.843260] (-) TimerEvent: {}
[462.948297] (-) TimerEvent: {}
[463.049600] (-) TimerEvent: {}
[463.156031] (-) TimerEvent: {}
[463.256654] (-) TimerEvent: {}
[463.360051] (-) TimerEvent: {}
[463.464023] (-) TimerEvent: {}
[463.612890] (-) TimerEvent: {}
[463.713656] (-) TimerEvent: {}
[463.816206] (-) TimerEvent: {}
[463.921025] (-) TimerEvent: {}
[464.023245] (-) TimerEvent: {}
[464.131147] (-) TimerEvent: {}
[464.240771] (-) TimerEvent: {}
[464.342233] (-) TimerEvent: {}
[464.444326] (-) TimerEvent: {}
[464.546969] (-) TimerEvent: {}
[464.653492] (-) TimerEvent: {}
[464.755675] (-) TimerEvent: {}
[464.873625] (-) TimerEvent: {}
[464.977275] (-) TimerEvent: {}
[465.077811] (-) TimerEvent: {}
[465.222518] (-) TimerEvent: {}
[465.326783] (-) TimerEvent: {}
[465.429042] (-) TimerEvent: {}
[465.531479] (-) TimerEvent: {}
[465.634025] (-) TimerEvent: {}
[465.735135] (-) TimerEvent: {}
[465.837019] (-) TimerEvent: {}
[465.941020] (-) TimerEvent: {}
[466.043016] (-) TimerEvent: {}
[466.145231] (-) TimerEvent: {}
[466.246894] (-) TimerEvent: {}
[466.381232] (-) TimerEvent: {}
[466.484145] (-) TimerEvent: {}
[466.586028] (-) TimerEvent: {}
[466.686441] (-) TimerEvent: {}
[466.788431] (-) TimerEvent: {}
[466.888944] (-) TimerEvent: {}
[467.011229] (-) TimerEvent: {}
[467.112021] (-) TimerEvent: {}
[467.215023] (-) TimerEvent: {}
[467.315770] (-) TimerEvent: {}
[467.417027] (-) TimerEvent: {}
[467.522603] (-) TimerEvent: {}
[467.665926] (-) TimerEvent: {}
[467.771024] (-) TimerEvent: {}
[467.872672] (-) TimerEvent: {}
[467.976212] (-) TimerEvent: {}
[468.107506] (-) TimerEvent: {}
[468.213082] (-) TimerEvent: {}
[468.327026] (-) TimerEvent: {}
[468.430025] (-) TimerEvent: {}
[468.533019] (-) TimerEvent: {}
[468.633646] (-) TimerEvent: {}
[468.734123] (-) TimerEvent: {}
[468.836148] (-) TimerEvent: {}
[469.083229] (-) TimerEvent: {}
[469.183980] (-) TimerEvent: {}
[469.285542] (-) TimerEvent: {}
[469.389024] (-) TimerEvent: {}
[469.495024] (-) TimerEvent: {}
[469.598020] (-) TimerEvent: {}
[469.706121] (-) TimerEvent: {}
[469.813039] (-) TimerEvent: {}
[469.917036] (-) TimerEvent: {}
[470.021168] (-) TimerEvent: {}
[470.124021] (-) TimerEvent: {}
[470.226018] (-) TimerEvent: {}
[470.326410] (-) TimerEvent: {}
[470.428186] (-) TimerEvent: {}
[470.532016] (-) TimerEvent: {}
[470.633432] (-) TimerEvent: {}
[470.736027] (-) TimerEvent: {}
[470.837892] (-) TimerEvent: {}
[470.948023] (-) TimerEvent: {}
[471.048965] (-) TimerEvent: {}
[471.155102] (-) TimerEvent: {}
[471.259022] (-) TimerEvent: {}
[471.391700] (-) TimerEvent: {}
[471.499640] (-) TimerEvent: {}
[471.601105] (-) TimerEvent: {}
[471.703851] (-) TimerEvent: {}
[471.806613] (-) TimerEvent: {}
[471.907373] (-) TimerEvent: {}
[472.010234] (-) TimerEvent: {}
[472.117569] (-) TimerEvent: {}
[472.220031] (-) TimerEvent: {}
[472.323038] (-) TimerEvent: {}
[472.426027] (-) TimerEvent: {}
[472.528397] (-) TimerEvent: {}
[472.642060] (-) TimerEvent: {}
[472.746349] (-) TimerEvent: {}
[472.852038] (-) TimerEvent: {}
[472.954449] (-) TimerEvent: {}
[473.061315] (-) TimerEvent: {}
[473.167039] (-) TimerEvent: {}
[473.271035] (-) TimerEvent: {}
[473.373030] (-) TimerEvent: {}
[473.474515] (-) TimerEvent: {}
[473.625473] (-) TimerEvent: {}
[473.750755] (-) TimerEvent: {}
[473.761495] (turtlebot3_node) StdoutLine: {'line': b'[100%] \x1b[32m\x1b[1mLinking CXX executable turtlebot3_ros\x1b[0m\n'}
[473.850884] (-) TimerEvent: {}
[473.951773] (-) TimerEvent: {}
[474.039085] (turtlebot3_gazebo) StdoutLine: {'line': b'[100%] \x1b[32m\x1b[1mLinking CXX shared library libobstacles.so\x1b[0m\n'}
[474.051967] (-) TimerEvent: {}
[474.200750] (-) TimerEvent: {}
[474.306040] (-) TimerEvent: {}
[474.407024] (-) TimerEvent: {}
[474.510045] (-) TimerEvent: {}
[474.641882] (-) TimerEvent: {}
[474.750930] (-) TimerEvent: {}
[474.808294] (turtlebot3_gazebo) StdoutLine: {'line': b'[100%] Built target obstacles\n'}
[474.837888] (turtlebot3_gazebo) CommandEnded: {'returncode': 0}
[474.841439] (turtlebot3_gazebo) JobProgress: {'identifier': 'turtlebot3_gazebo', 'progress': 'install'}
[474.856226] (turtlebot3_gazebo) Command: {'cmd': ['/usr/bin/cmake', '--install', '/workspaces/UON-CS-robotlab-simulation-container/build/turtlebot3_gazebo'], 'cwd': '/workspaces/UON-CS-robotlab-simulation-container/build/turtlebot3_gazebo', 'env': OrderedDict([('GITHUB_TOKEN', 'ghu_qzXzf473tpbDuGEeRKMePfjjEUUgEL3qLs6h'), ('GITHUB_CODESPACE_TOKEN', 'AOKRK4QICIVTYBHCYV5Y7K3KNF2YXANCNFSM4AXFRYHA'), ('FEATURE_SPARK_POST_COMMIT_CREATE_ITERATION', 'true'), ('HOSTNAME', 'codespaces-9eb142'), ('GITHUB_CODESPACES_PORT_FORWARDING_DOMAIN', 'app.github.dev'), ('SHLVL', '2'), ('LD_LIBRARY_PATH', '/usr/lib/x86_64-linux-gnu/gazebo-11/plugins:/opt/ros/humble/opt/rviz_ogre_vendor/lib:/opt/ros/humble/lib/x86_64-linux-gnu:/opt/ros/humble/lib'), ('HOME', '/home/vscode'), ('OLDPWD', '/workspaces/UON-CS-robotlab-simulation-container'), ('CODESPACES', 'true'), ('ROS_PYTHON_VERSION', '3'), ('GITHUB_USER', 'mohammad-areeb'), ('GITHUB_GRAPHQL_URL', 'https://api.github.com/graphql'), ('ROS_DISTRO', 'humble'), ('ContainerVersion', '13'), ('GITHUB_API_URL', 'https://api.github.com'), ('RepositoryName', 'UON-CS-robotlab-simulation-container'), ('_', '/usr/bin/colcon'), ('ROS_VERSION', '2'), ('CLOUDENV_ENVIRONMENT_ID', '344bab99-1d47-4655-88f7-fee790854045'), ('TERM', 'xterm'), ('ROS_LOCALHOST_ONLY', '0'), ('PATH', '/opt/ros/humble/bin:/usr/local/sbin:/usr/local/bin:/usr/sbin:/usr/bin:/sbin:/bin'), ('SHELL_LOGGED_IN', 'true'), ('LANG', 'C.UTF-8'), ('LS_COLORS', ''), ('GITHUB_REPOSITORY', 'mohammad-areeb/UON-CS-robotlab-simulation-container'), ('ROS_DOMAIN_ID', '30'), ('AMENT_PREFIX_PATH', '/opt/ros/humble'), ('DEBIAN_FRONTEND', 'noninteractive'), ('SHELL', '/bin/bash'), ('PWD', '/workspaces/UON-CS-robotlab-simulation-container/build/turtlebot3_gazebo'), ('INTERNAL_VSCS_TARGET_URL', 'https://uksouth.online.visualstudio.com'), ('TURTLEBOT3_MODEL', 'waffle'), ('LC_ALL', 'C.UTF-8'), ('GITHUB_SERVER_URL', 'https://github.com'), ('PYTHONPATH', '/opt/ros/humble/lib/python3.10/site-packages:/opt/ros/humble/local/lib/python3.10/dist-packages'), ('CODESPACE_NAME', 'urban-space-garbanzo-j7wwvprrjjp25j95'), ('COLCON', '1'), ('CMAKE_PREFIX_PATH', '/opt/ros/humble')]), 'shell': False}
[474.861606] (-) TimerEvent: {}
[474.870255] (turtlebot3_gazebo) StdoutLine: {'line': b'-- Install configuration: ""\n'}
[474.873118] (turtlebot3_gazebo) StdoutLine: {'line': b'-- Execute custom install script\n'}
[474.873350] (turtlebot3_gazebo) StdoutLine: {'line': b'-- Symlinking: /workspaces/UON-CS-robotlab-simulation-container/install/turtlebot3_gazebo/lib/turtlebot3_gazebo/turtlebot3_drive\n'}
[474.903495] (turtlebot3_gazebo) StdoutLine: {'line': b'-- Symlinking: /workspaces/UON-CS-robotlab-simulation-container/install/turtlebot3_gazebo/share/turtlebot3_gazebo//launch/empty_world.launch.py\n'}
[474.931332] (turtlebot3_gazebo) StdoutLine: {'line': b'-- Symlinking: /workspaces/UON-CS-robotlab-simulation-container/install/turtlebot3_gazebo/share/turtlebot3_gazebo//launch/multi_robot.launch.py\n'}
[474.955859] (turtlebot3_gazebo) StdoutLine: {'line': b'-- Symlinking: /workspaces/UON-CS-robotlab-simulation-container/install/turtlebot3_gazebo/share/turtlebot3_gazebo//launch/multi_spawn_turtlebot3.launch.py\n'}
[474.963071] (-) TimerEvent: {}
[474.977073] (turtlebot3_gazebo) StdoutLine: {'line': b'-- Symlinking: /workspaces/UON-CS-robotlab-simulation-container/install/turtlebot3_gazebo/share/turtlebot3_gazebo//launch/robot_state_publisher.launch.py\n'}
[474.998513] (turtlebot3_gazebo) StdoutLine: {'line': b'-- Symlinking: /workspaces/UON-CS-robotlab-simulation-container/install/turtlebot3_gazebo/share/turtlebot3_gazebo//launch/spawn_turtlebot3.launch.py\n'}
[475.020597] (turtlebot3_gazebo) StdoutLine: {'line': b'-- Symlinking: /workspaces/UON-CS-robotlab-simulation-container/install/turtlebot3_gazebo/share/turtlebot3_gazebo//launch/turtlebot3_autorace_2020.launch.py\n'}
[475.042687] (turtlebot3_gazebo) StdoutLine: {'line': b'-- Symlinking: /workspaces/UON-CS-robotlab-simulation-container/install/turtlebot3_gazebo/share/turtlebot3_gazebo//launch/turtlebot3_dqn_stage1.launch.py\n'}
[475.092464] (-) TimerEvent: {}
[475.202185] (turtlebot3_gazebo) StdoutLine: {'line': b'-- Symlinking: /workspaces/UON-CS-robotlab-simulation-container/install/turtlebot3_gazebo/share/turtlebot3_gazebo//launch/turtlebot3_dqn_stage2.launch.py\n'}
[475.202436] (-) TimerEvent: {}
[475.202595] (turtlebot3_gazebo) StdoutLine: {'line': b'-- Symlinking: /workspaces/UON-CS-robotlab-simulation-container/install/turtlebot3_gazebo/share/turtlebot3_gazebo//launch/turtlebot3_dqn_stage3.launch.py\n'}
[475.220654] (turtlebot3_gazebo) StdoutLine: {'line': b'-- Symlinking: /workspaces/UON-CS-robotlab-simulation-container/install/turtlebot3_gazebo/share/turtlebot3_gazebo//launch/turtlebot3_dqn_stage4.launch.py\n'}
[475.233331] (turtlebot3_gazebo) StdoutLine: {'line': b'-- Symlinking: /workspaces/UON-CS-robotlab-simulation-container/install/turtlebot3_gazebo/share/turtlebot3_gazebo//launch/turtlebot3_house.launch.py\n'}
[475.248021] (turtlebot3_gazebo) StdoutLine: {'line': b'-- Symlinking: /workspaces/UON-CS-robotlab-simulation-container/install/turtlebot3_gazebo/share/turtlebot3_gazebo//launch/turtlebot3_world.launch.py\n'}
[475.280616] (turtlebot3_gazebo) StdoutLine: {'line': b'-- Symlinking: /workspaces/UON-CS-robotlab-simulation-container/install/turtlebot3_gazebo/share/turtlebot3_gazebo//models/turtlebot3_autorace_2020/checker/materials/checker.png\n'}
[475.302584] (-) TimerEvent: {}
[475.311343] (turtlebot3_gazebo) StdoutLine: {'line': b'-- Symlinking: /workspaces/UON-CS-robotlab-simulation-container/install/turtlebot3_gazebo/share/turtlebot3_gazebo//models/turtlebot3_autorace_2020/checker/materials/scripts/checker.material\n'}
[475.335096] (turtlebot3_gazebo) StdoutLine: {'line': b'-- Symlinking: /workspaces/UON-CS-robotlab-simulation-container/install/turtlebot3_gazebo/share/turtlebot3_gazebo//models/turtlebot3_autorace_2020/checker/materials/textures/checker.png\n'}
[475.362479] (turtlebot3_gazebo) StdoutLine: {'line': b'-- Symlinking: /workspaces/UON-CS-robotlab-simulation-container/install/turtlebot3_gazebo/share/turtlebot3_gazebo//models/turtlebot3_autorace_2020/checker/model.config\n'}
[475.379283] (turtlebot3_gazebo) StdoutLine: {'line': b'-- Symlinking: /workspaces/UON-CS-robotlab-simulation-container/install/turtlebot3_gazebo/share/turtlebot3_gazebo//models/turtlebot3_autorace_2020/checker/model.sdf\n'}
[475.395783] (turtlebot3_gazebo) StdoutLine: {'line': b'-- Symlinking: /workspaces/UON-CS-robotlab-simulation-container/install/turtlebot3_gazebo/share/turtlebot3_gazebo//models/turtlebot3_autorace_2020/course/materials/scripts/course.material\n'}
[475.403206] (-) TimerEvent: {}
[475.417243] (turtlebot3_gazebo) StdoutLine: {'line': b'-- Symlinking: /workspaces/UON-CS-robotlab-simulation-container/install/turtlebot3_gazebo/share/turtlebot3_gazebo//models/turtlebot3_autorace_2020/course/materials/textures/course.png\n'}
[475.434063] (turtlebot3_gazebo) StdoutLine: {'line': b'-- Symlinking: /workspaces/UON-CS-robotlab-simulation-container/install/turtlebot3_gazebo/share/turtlebot3_gazebo//models/turtlebot3_autorace_2020/course/model.config\n'}
[475.449576] (turtlebot3_gazebo) StdoutLine: {'line': b'-- Symlinking: /workspaces/UON-CS-robotlab-simulation-container/install/turtlebot3_gazebo/share/turtlebot3_gazebo//models/turtlebot3_autorace_2020/course/model.sdf\n'}
[475.464128] (turtlebot3_gazebo) StdoutLine: {'line': b'-- Symlinking: /workspaces/UON-CS-robotlab-simulation-container/install/turtlebot3_gazebo/share/turtlebot3_gazebo//models/turtlebot3_autorace_2020/traffic_bar/materials/scripts/traffic_bar.material\n'}
[475.480290] (turtlebot3_gazebo) StdoutLine: {'line': b'-- Symlinking: /workspaces/UON-CS-robotlab-simulation-container/install/turtlebot3_gazebo/share/turtlebot3_gazebo//models/turtlebot3_autorace_2020/traffic_bar/materials/textures/traffic_bar.png\n'}
[475.495533] (turtlebot3_gazebo) StdoutLine: {'line': b'-- Symlinking: /workspaces/UON-CS-robotlab-simulation-container/install/turtlebot3_gazebo/share/turtlebot3_gazebo//models/turtlebot3_autorace_2020/traffic_bar/model.config\n'}
[475.503344] (-) TimerEvent: {}
[475.522079] (turtlebot3_gazebo) StdoutLine: {'line': b'-- Symlinking: /workspaces/UON-CS-robotlab-simulation-container/install/turtlebot3_gazebo/share/turtlebot3_gazebo//models/turtlebot3_autorace_2020/traffic_bar/model.sdf\n'}
[475.538352] (turtlebot3_gazebo) StdoutLine: {'line': b'-- Symlinking: /workspaces/UON-CS-robotlab-simulation-container/install/turtlebot3_gazebo/share/turtlebot3_gazebo//models/turtlebot3_autorace_2020/traffic_construction/materials/scripts/traffic_construction.material\n'}
[475.553666] (turtlebot3_gazebo) StdoutLine: {'line': b'-- Symlinking: /workspaces/UON-CS-robotlab-simulation-container/install/turtlebot3_gazebo/share/turtlebot3_gazebo//models/turtlebot3_autorace_2020/traffic_construction/materials/textures/traffic_construction.png\n'}
[475.583003] (turtlebot3_gazebo) StdoutLine: {'line': b'-- Symlinking: /workspaces/UON-CS-robotlab-simulation-container/install/turtlebot3_gazebo/share/turtlebot3_gazebo//models/turtlebot3_autorace_2020/traffic_construction/model.config\n'}
[475.603571] (-) TimerEvent: {}
[475.707529] (-) TimerEvent: {}
[475.734313] (turtlebot3_gazebo) StdoutLine: {'line': b'-- Symlinking: /workspaces/UON-CS-robotlab-simulation-container/install/turtlebot3_gazebo/share/turtlebot3_gazebo//models/turtlebot3_autorace_2020/traffic_construction/model.sdf\n'}
[475.764481] (turtlebot3_gazebo) StdoutLine: {'line': b'-- Symlinking: /workspaces/UON-CS-robotlab-simulation-container/install/turtlebot3_gazebo/share/turtlebot3_gazebo//models/turtlebot3_autorace_2020/traffic_intersection/materials/scripts/traffic_intersection.material\n'}
[475.780100] (turtlebot3_gazebo) StdoutLine: {'line': b'-- Symlinking: /workspaces/UON-CS-robotlab-simulation-container/install/turtlebot3_gazebo/share/turtlebot3_gazebo//models/turtlebot3_autorace_2020/traffic_intersection/materials/textures/traffic_intersection.png\n'}
[475.808023] (-) TimerEvent: {}
[475.808321] (turtlebot3_gazebo) StdoutLine: {'line': b'-- Symlinking: /workspaces/UON-CS-robotlab-simulation-container/install/turtlebot3_gazebo/share/turtlebot3_gazebo//models/turtlebot3_autorace_2020/traffic_intersection/model.config\n'}
[475.832897] (turtlebot3_gazebo) StdoutLine: {'line': b'-- Symlinking: /workspaces/UON-CS-robotlab-simulation-container/install/turtlebot3_gazebo/share/turtlebot3_gazebo//models/turtlebot3_autorace_2020/traffic_intersection/model.sdf\n'}
[475.878015] (turtlebot3_gazebo) StdoutLine: {'line': b'-- Symlinking: /workspaces/UON-CS-robotlab-simulation-container/install/turtlebot3_gazebo/share/turtlebot3_gazebo//models/turtlebot3_autorace_2020/traffic_left/materials/scripts/traffic_is_left.material\n'}
[475.899089] (turtlebot3_gazebo) StdoutLine: {'line': b'-- Symlinking: /workspaces/UON-CS-robotlab-simulation-container/install/turtlebot3_gazebo/share/turtlebot3_gazebo//models/turtlebot3_autorace_2020/traffic_left/materials/textures/traffic_left.png\n'}
[475.909079] (-) TimerEvent: {}
[475.920477] (turtlebot3_gazebo) StdoutLine: {'line': b'-- Symlinking: /workspaces/UON-CS-robotlab-simulation-container/install/turtlebot3_gazebo/share/turtlebot3_gazebo//models/turtlebot3_autorace_2020/traffic_left/model.config\n'}
[475.954669] (turtlebot3_gazebo) StdoutLine: {'line': b'-- Symlinking: /workspaces/UON-CS-robotlab-simulation-container/install/turtlebot3_gazebo/share/turtlebot3_gazebo//models/turtlebot3_autorace_2020/traffic_left/model.sdf\n'}
[475.997799] (turtlebot3_gazebo) StdoutLine: {'line': b'-- Symlinking: /workspaces/UON-CS-robotlab-simulation-container/install/turtlebot3_gazebo/share/turtlebot3_gazebo//models/turtlebot3_autorace_2020/traffic_light/materials/scripts/traffic_light.material\n'}
[476.021057] (-) TimerEvent: {}
[476.060855] (turtlebot3_gazebo) StdoutLine: {'line': b'-- Symlinking: /workspaces/UON-CS-robotlab-simulation-container/install/turtlebot3_gazebo/share/turtlebot3_gazebo//models/turtlebot3_autorace_2020/traffic_light/materials/textures/traffic_light.png\n'}
[476.123253] (-) TimerEvent: {}
[476.223551] (turtlebot3_gazebo) StdoutLine: {'line': b'-- Symlinking: /workspaces/UON-CS-robotlab-simulation-container/install/turtlebot3_gazebo/share/turtlebot3_gazebo//models/turtlebot3_autorace_2020/traffic_light/materials/textures/traffic_light_green.png\n'}
[476.224684] (-) TimerEvent: {}
[476.260403] (turtlebot3_gazebo) StdoutLine: {'line': b'-- Symlinking: /workspaces/UON-CS-robotlab-simulation-container/install/turtlebot3_gazebo/share/turtlebot3_gazebo//models/turtlebot3_autorace_2020/traffic_light/materials/textures/traffic_light_red.png\n'}
[476.293413] (turtlebot3_gazebo) StdoutLine: {'line': b'-- Symlinking: /workspaces/UON-CS-robotlab-simulation-container/install/turtlebot3_gazebo/share/turtlebot3_gazebo//models/turtlebot3_autorace_2020/traffic_light/materials/textures/traffic_light_yellow.png\n'}
[476.320340] (turtlebot3_gazebo) StdoutLine: {'line': b'-- Symlinking: /workspaces/UON-CS-robotlab-simulation-container/install/turtlebot3_gazebo/share/turtlebot3_gazebo//models/turtlebot3_autorace_2020/traffic_light/model.config\n'}
[476.326017] (-) TimerEvent: {}
[476.350753] (turtlebot3_gazebo) StdoutLine: {'line': b'-- Symlinking: /workspaces/UON-CS-robotlab-simulation-container/install/turtlebot3_gazebo/share/turtlebot3_gazebo//models/turtlebot3_autorace_2020/traffic_light/model.sdf\n'}
[476.371248] (turtlebot3_gazebo) StdoutLine: {'line': b'-- Symlinking: /workspaces/UON-CS-robotlab-simulation-container/install/turtlebot3_gazebo/share/turtlebot3_gazebo//models/turtlebot3_autorace_2020/traffic_noentry/materials/scripts/traffic_noentry.material\n'}
[476.399528] (turtlebot3_gazebo) StdoutLine: {'line': b'-- Symlinking: /workspaces/UON-CS-robotlab-simulation-container/install/turtlebot3_gazebo/share/turtlebot3_gazebo//models/turtlebot3_autorace_2020/traffic_noentry/materials/textures/traffic_noentry.png\n'}
[476.424362] (turtlebot3_gazebo) StdoutLine: {'line': b'-- Symlinking: /workspaces/UON-CS-robotlab-simulation-container/install/turtlebot3_gazebo/share/turtlebot3_gazebo//models/turtlebot3_autorace_2020/traffic_noentry/model.config\n'}
[476.427145] (-) TimerEvent: {}
[476.442485] (turtlebot3_gazebo) StdoutLine: {'line': b'-- Symlinking: /workspaces/UON-CS-robotlab-simulation-container/install/turtlebot3_gazebo/share/turtlebot3_gazebo//models/turtlebot3_autorace_2020/traffic_noentry/model.sdf\n'}
[476.466136] (turtlebot3_gazebo) StdoutLine: {'line': b'-- Symlinking: /workspaces/UON-CS-robotlab-simulation-container/install/turtlebot3_gazebo/share/turtlebot3_gazebo//models/turtlebot3_autorace_2020/traffic_parking/materials/scripts/traffic_parking.material\n'}
[476.478163] (turtlebot3_gazebo) StdoutLine: {'line': b'-- Symlinking: /workspaces/UON-CS-robotlab-simulation-container/install/turtlebot3_gazebo/share/turtlebot3_gazebo//models/turtlebot3_autorace_2020/traffic_parking/materials/textures/traffic_parking.png\n'}
[476.487787] (turtlebot3_gazebo) StdoutLine: {'line': b'-- Symlinking: /workspaces/UON-CS-robotlab-simulation-container/install/turtlebot3_gazebo/share/turtlebot3_gazebo//models/turtlebot3_autorace_2020/traffic_parking/model.config\n'}
[476.507106] (turtlebot3_gazebo) StdoutLine: {'line': b'-- Symlinking: /workspaces/UON-CS-robotlab-simulation-container/install/turtlebot3_gazebo/share/turtlebot3_gazebo//models/turtlebot3_autorace_2020/traffic_parking/model.sdf\n'}
[476.519578] (turtlebot3_gazebo) StdoutLine: {'line': b'-- Symlinking: /workspaces/UON-CS-robotlab-simulation-container/install/turtlebot3_gazebo/share/turtlebot3_gazebo//models/turtlebot3_autorace_2020/traffic_pl_left/materials/scripts/traffic_pl_left.material\n'}
[476.527985] (-) TimerEvent: {}
[476.537012] (turtlebot3_gazebo) StdoutLine: {'line': b'-- Symlinking: /workspaces/UON-CS-robotlab-simulation-container/install/turtlebot3_gazebo/share/turtlebot3_gazebo//models/turtlebot3_autorace_2020/traffic_pl_left/materials/textures/traffic_pl_left.png\n'}
[476.550910] (turtlebot3_gazebo) StdoutLine: {'line': b'-- Symlinking: /workspaces/UON-CS-robotlab-simulation-container/install/turtlebot3_gazebo/share/turtlebot3_gazebo//models/turtlebot3_autorace_2020/traffic_pl_left/model.config\n'}
[476.570032] (turtlebot3_gazebo) StdoutLine: {'line': b'-- Symlinking: /workspaces/UON-CS-robotlab-simulation-container/install/turtlebot3_gazebo/share/turtlebot3_gazebo//models/turtlebot3_autorace_2020/traffic_pl_left/model.sdf\n'}
[476.585444] (turtlebot3_gazebo) StdoutLine: {'line': b'-- Symlinking: /workspaces/UON-CS-robotlab-simulation-container/install/turtlebot3_gazebo/share/turtlebot3_gazebo//models/turtlebot3_autorace_2020/traffic_right/materials/scripts/traffic_right.material\n'}
[476.615515] (turtlebot3_gazebo) StdoutLine: {'line': b'-- Symlinking: /workspaces/UON-CS-robotlab-simulation-container/install/turtlebot3_gazebo/share/turtlebot3_gazebo//models/turtlebot3_autorace_2020/traffic_right/materials/textures/traffic_right.png\n'}
[476.627959] (-) TimerEvent: {}
[476.764131] (-) TimerEvent: {}
[476.775617] (turtlebot3_gazebo) StdoutLine: {'line': b'-- Symlinking: /workspaces/UON-CS-robotlab-simulation-container/install/turtlebot3_gazebo/share/turtlebot3_gazebo//models/turtlebot3_autorace_2020/traffic_right/model.config\n'}
[476.792120] (turtlebot3_gazebo) StdoutLine: {'line': b'-- Symlinking: /workspaces/UON-CS-robotlab-simulation-container/install/turtlebot3_gazebo/share/turtlebot3_gazebo//models/turtlebot3_autorace_2020/traffic_right/model.sdf\n'}
[476.815401] (turtlebot3_gazebo) StdoutLine: {'line': b'-- Symlinking: /workspaces/UON-CS-robotlab-simulation-container/install/turtlebot3_gazebo/share/turtlebot3_gazebo//models/turtlebot3_autorace_2020/traffic_stop/materials/scripts/traffic_stop.material\n'}
[476.835826] (turtlebot3_gazebo) StdoutLine: {'line': b'-- Symlinking: /workspaces/UON-CS-robotlab-simulation-container/install/turtlebot3_gazebo/share/turtlebot3_gazebo//models/turtlebot3_autorace_2020/traffic_stop/materials/textures/traffic_stop.png\n'}
[476.863610] (turtlebot3_gazebo) StdoutLine: {'line': b'-- Symlinking: /workspaces/UON-CS-robotlab-simulation-container/install/turtlebot3_gazebo/share/turtlebot3_gazebo//models/turtlebot3_autorace_2020/traffic_stop/model.config\n'}
[476.864174] (-) TimerEvent: {}
[476.891026] (turtlebot3_gazebo) StdoutLine: {'line': b'-- Symlinking: /workspaces/UON-CS-robotlab-simulation-container/install/turtlebot3_gazebo/share/turtlebot3_gazebo//models/turtlebot3_autorace_2020/traffic_stop/model.sdf\n'}
[476.916616] (turtlebot3_gazebo) StdoutLine: {'line': b'-- Symlinking: /workspaces/UON-CS-robotlab-simulation-container/install/turtlebot3_gazebo/share/turtlebot3_gazebo//models/turtlebot3_autorace_2020/traffic_tunnel/materials/scripts/tunnel.material\n'}
[476.943735] (turtlebot3_gazebo) StdoutLine: {'line': b'-- Symlinking: /workspaces/UON-CS-robotlab-simulation-container/install/turtlebot3_gazebo/share/turtlebot3_gazebo//models/turtlebot3_autorace_2020/traffic_tunnel/materials/textures/tunnel.png\n'}
[476.962408] (turtlebot3_gazebo) StdoutLine: {'line': b'-- Symlinking: /workspaces/UON-CS-robotlab-simulation-container/install/turtlebot3_gazebo/share/turtlebot3_gazebo//models/turtlebot3_autorace_2020/traffic_tunnel/model.config\n'}
[476.965885] (-) TimerEvent: {}
[476.992796] (turtlebot3_gazebo) StdoutLine: {'line': b'-- Symlinking: /workspaces/UON-CS-robotlab-simulation-container/install/turtlebot3_gazebo/share/turtlebot3_gazebo//models/turtlebot3_autorace_2020/traffic_tunnel/model.sdf\n'}
[477.018871] (turtlebot3_gazebo) StdoutLine: {'line': b'-- Symlinking: /workspaces/UON-CS-robotlab-simulation-container/install/turtlebot3_gazebo/share/turtlebot3_gazebo//models/turtlebot3_burger/model-1_4.sdf\n'}
[477.033011] (turtlebot3_gazebo) StdoutLine: {'line': b'-- Symlinking: /workspaces/UON-CS-robotlab-simulation-container/install/turtlebot3_gazebo/share/turtlebot3_gazebo//models/turtlebot3_burger/model.config\n'}
[477.056317] (turtlebot3_gazebo) StdoutLine: {'line': b'-- Symlinking: /workspaces/UON-CS-robotlab-simulation-container/install/turtlebot3_gazebo/share/turtlebot3_gazebo//models/turtlebot3_burger/model.sdf\n'}
[477.066907] (-) TimerEvent: {}
[477.083809] (turtlebot3_gazebo) StdoutLine: {'line': b'-- Symlinking: /workspaces/UON-CS-robotlab-simulation-container/install/turtlebot3_gazebo/share/turtlebot3_gazebo//models/turtlebot3_burger_cam/model-1_4.sdf\n'}
[477.106649] (turtlebot3_gazebo) StdoutLine: {'line': b'-- Symlinking: /workspaces/UON-CS-robotlab-simulation-container/install/turtlebot3_gazebo/share/turtlebot3_gazebo//models/turtlebot3_burger_cam/model.config\n'}
[477.127508] (turtlebot3_gazebo) StdoutLine: {'line': b'-- Symlinking: /workspaces/UON-CS-robotlab-simulation-container/install/turtlebot3_gazebo/share/turtlebot3_gazebo//models/turtlebot3_burger_cam/model.sdf\n'}
[477.269109] (turtlebot3_gazebo) StdoutLine: {'line': b'-- Symlinking: /workspaces/UON-CS-robotlab-simulation-container/install/turtlebot3_gazebo/share/turtlebot3_gazebo//models/turtlebot3_common/meshes/bases/burger_base.stl\n'}
[477.271666] (-) TimerEvent: {}
[477.304072] (turtlebot3_gazebo) StdoutLine: {'line': b'-- Symlinking: /workspaces/UON-CS-robotlab-simulation-container/install/turtlebot3_gazebo/share/turtlebot3_gazebo//models/turtlebot3_common/meshes/bases/waffle_base.stl\n'}
[477.332016] (turtlebot3_gazebo) StdoutLine: {'line': b'-- Symlinking: /workspaces/UON-CS-robotlab-simulation-container/install/turtlebot3_gazebo/share/turtlebot3_gazebo//models/turtlebot3_common/meshes/bases/waffle_pi_base.stl\n'}
[477.361266] (turtlebot3_gazebo) StdoutLine: {'line': b'-- Symlinking: /workspaces/UON-CS-robotlab-simulation-container/install/turtlebot3_gazebo/share/turtlebot3_gazebo//models/turtlebot3_common/meshes/burger_base.dae\n'}
[477.374278] (-) TimerEvent: {}
[477.377402] (turtlebot3_gazebo) StdoutLine: {'line': b'-- Symlinking: /workspaces/UON-CS-robotlab-simulation-container/install/turtlebot3_gazebo/share/turtlebot3_gazebo//models/turtlebot3_common/meshes/lds.dae\n'}
[477.406351] (turtlebot3_gazebo) StdoutLine: {'line': b'-- Symlinking: /workspaces/UON-CS-robotlab-simulation-container/install/turtlebot3_gazebo/share/turtlebot3_gazebo//models/turtlebot3_common/meshes/r200.dae\n'}
[477.435614] (turtlebot3_gazebo) StdoutLine: {'line': b'-- Symlinking: /workspaces/UON-CS-robotlab-simulation-container/install/turtlebot3_gazebo/share/turtlebot3_gazebo//models/turtlebot3_common/meshes/sensors/astra.dae\n'}
[477.455509] (turtlebot3_gazebo) StdoutLine: {'line': b'-- Symlinking: /workspaces/UON-CS-robotlab-simulation-container/install/turtlebot3_gazebo/share/turtlebot3_gazebo//models/turtlebot3_common/meshes/sensors/astra.jpg\n'}
[477.475398] (-) TimerEvent: {}
[477.479609] (turtlebot3_gazebo) StdoutLine: {'line': b'-- Symlinking: /workspaces/UON-CS-robotlab-simulation-container/install/turtlebot3_gazebo/share/turtlebot3_gazebo//models/turtlebot3_common/meshes/sensors/lds.stl\n'}
[477.495613] (turtlebot3_gazebo) StdoutLine: {'line': b'-- Symlinking: /workspaces/UON-CS-robotlab-simulation-container/install/turtlebot3_gazebo/share/turtlebot3_gazebo//models/turtlebot3_common/meshes/sensors/r200.dae\n'}
[477.508269] (turtlebot3_gazebo) StdoutLine: {'line': b'-- Symlinking: /workspaces/UON-CS-robotlab-simulation-container/install/turtlebot3_gazebo/share/turtlebot3_gazebo//models/turtlebot3_common/meshes/sensors/r200.jpg\n'}
[477.521455] (turtlebot3_gazebo) StdoutLine: {'line': b'-- Symlinking: /workspaces/UON-CS-robotlab-simulation-container/install/turtlebot3_gazebo/share/turtlebot3_gazebo//models/turtlebot3_common/meshes/tire.dae\n'}
[477.535398] (turtlebot3_gazebo) StdoutLine: {'line': b'-- Symlinking: /workspaces/UON-CS-robotlab-simulation-container/install/turtlebot3_gazebo/share/turtlebot3_gazebo//models/turtlebot3_common/meshes/waffle_base.dae\n'}
[477.550544] (turtlebot3_gazebo) StdoutLine: {'line': b'-- Symlinking: /workspaces/UON-CS-robotlab-simulation-container/install/turtlebot3_gazebo/share/turtlebot3_gazebo//models/turtlebot3_common/meshes/waffle_pi_base.dae\n'}
[477.563571] (turtlebot3_gazebo) StdoutLine: {'line': b'-- Symlinking: /workspaces/UON-CS-robotlab-simulation-container/install/turtlebot3_gazebo/share/turtlebot3_gazebo//models/turtlebot3_common/meshes/wheels/left_tire.stl\n'}
[477.577021] (-) TimerEvent: {}
[477.579797] (turtlebot3_gazebo) StdoutLine: {'line': b'-- Symlinking: /workspaces/UON-CS-robotlab-simulation-container/install/turtlebot3_gazebo/share/turtlebot3_gazebo//models/turtlebot3_common/meshes/wheels/right_tire.stl\n'}
[477.717805] (-) TimerEvent: {}
[477.726144] (turtlebot3_gazebo) StdoutLine: {'line': b'-- Symlinking: /workspaces/UON-CS-robotlab-simulation-container/install/turtlebot3_gazebo/share/turtlebot3_gazebo//models/turtlebot3_common/model.config\n'}
[477.730108] (turtlebot3_gazebo) StdoutLine: {'line': b'-- Symlinking: /workspaces/UON-CS-robotlab-simulation-container/install/turtlebot3_gazebo/share/turtlebot3_gazebo//models/turtlebot3_dqn_world/goal_box/model.config\n'}
[477.771855] (turtlebot3_gazebo) StdoutLine: {'line': b'-- Symlinking: /workspaces/UON-CS-robotlab-simulation-container/install/turtlebot3_gazebo/share/turtlebot3_gazebo//models/turtlebot3_dqn_world/goal_box/model.sdf\n'}
[477.803766] (turtlebot3_gazebo) StdoutLine: {'line': b'-- Symlinking: /workspaces/UON-CS-robotlab-simulation-container/install/turtlebot3_gazebo/share/turtlebot3_gazebo//models/turtlebot3_dqn_world/inner_walls/model.config\n'}
[477.818025] (-) TimerEvent: {}
[477.823174] (turtlebot3_gazebo) StdoutLine: {'line': b'-- Symlinking: /workspaces/UON-CS-robotlab-simulation-container/install/turtlebot3_gazebo/share/turtlebot3_gazebo//models/turtlebot3_dqn_world/inner_walls/model.sdf\n'}
[477.839559] (turtlebot3_gazebo) StdoutLine: {'line': b'-- Symlinking: /workspaces/UON-CS-robotlab-simulation-container/install/turtlebot3_gazebo/share/turtlebot3_gazebo//models/turtlebot3_dqn_world/model.config\n'}
[477.853109] (turtlebot3_gazebo) StdoutLine: {'line': b'-- Symlinking: /workspaces/UON-CS-robotlab-simulation-container/install/turtlebot3_gazebo/share/turtlebot3_gazebo//models/turtlebot3_dqn_world/model.sdf\n'}
[477.867565] (turtlebot3_gazebo) StdoutLine: {'line': b'-- Symlinking: /workspaces/UON-CS-robotlab-simulation-container/install/turtlebot3_gazebo/share/turtlebot3_gazebo//models/turtlebot3_dqn_world/obstacle1/model.config\n'}
[477.884016] (turtlebot3_gazebo) StdoutLine: {'line': b'-- Symlinking: /workspaces/UON-CS-robotlab-simulation-container/install/turtlebot3_gazebo/share/turtlebot3_gazebo//models/turtlebot3_dqn_world/obstacle1/model.sdf\n'}
[477.897866] (turtlebot3_gazebo) StdoutLine: {'line': b'-- Symlinking: /workspaces/UON-CS-robotlab-simulation-container/install/turtlebot3_gazebo/share/turtlebot3_gazebo//models/turtlebot3_dqn_world/obstacle2/model.config\n'}
[477.911271] (turtlebot3_gazebo) StdoutLine: {'line': b'-- Symlinking: /workspaces/UON-CS-robotlab-simulation-container/install/turtlebot3_gazebo/share/turtlebot3_gazebo//models/turtlebot3_dqn_world/obstacle2/model.sdf\n'}
[477.919017] (-) TimerEvent: {}
[477.926525] (turtlebot3_gazebo) StdoutLine: {'line': b'-- Symlinking: /workspaces/UON-CS-robotlab-simulation-container/install/turtlebot3_gazebo/share/turtlebot3_gazebo//models/turtlebot3_dqn_world/obstacles/model.config\n'}
[477.940988] (turtlebot3_gazebo) StdoutLine: {'line': b'-- Symlinking: /workspaces/UON-CS-robotlab-simulation-container/install/turtlebot3_gazebo/share/turtlebot3_gazebo//models/turtlebot3_dqn_world/obstacles/model.sdf\n'}
[477.961002] (turtlebot3_gazebo) StdoutLine: {'line': b'-- Symlinking: /workspaces/UON-CS-robotlab-simulation-container/install/turtlebot3_gazebo/share/turtlebot3_gazebo//models/turtlebot3_house/model.config\n'}
[477.980102] (turtlebot3_gazebo) StdoutLine: {'line': b'-- Symlinking: /workspaces/UON-CS-robotlab-simulation-container/install/turtlebot3_gazebo/share/turtlebot3_gazebo//models/turtlebot3_house/model.sdf\n'}
[477.994031] (turtlebot3_gazebo) StdoutLine: {'line': b'-- Symlinking: /workspaces/UON-CS-robotlab-simulation-container/install/turtlebot3_gazebo/share/turtlebot3_gazebo//models/turtlebot3_waffle/model-1_4.sdf\n'}
[478.008887] (turtlebot3_gazebo) StdoutLine: {'line': b'-- Symlinking: /workspaces/UON-CS-robotlab-simulation-container/install/turtlebot3_gazebo/share/turtlebot3_gazebo//models/turtlebot3_waffle/model.config\n'}
[478.019219] (-) TimerEvent: {}
[478.025825] (turtlebot3_gazebo) StdoutLine: {'line': b'-- Symlinking: /workspaces/UON-CS-robotlab-simulation-container/install/turtlebot3_gazebo/share/turtlebot3_gazebo//models/turtlebot3_waffle/model.sdf\n'}
[478.045490] (turtlebot3_gazebo) StdoutLine: {'line': b'-- Symlinking: /workspaces/UON-CS-robotlab-simulation-container/install/turtlebot3_gazebo/share/turtlebot3_gazebo//models/turtlebot3_waffle_pi/model-1_4_.sdf\n'}
[478.058445] (turtlebot3_gazebo) StdoutLine: {'line': b'-- Symlinking: /workspaces/UON-CS-robotlab-simulation-container/install/turtlebot3_gazebo/share/turtlebot3_gazebo//models/turtlebot3_waffle_pi/model.config\n'}
[478.120241] (-) TimerEvent: {}
[478.223123] (turtlebot3_gazebo) StdoutLine: {'line': b'-- Symlinking: /workspaces/UON-CS-robotlab-simulation-container/install/turtlebot3_gazebo/share/turtlebot3_gazebo//models/turtlebot3_waffle_pi/model.sdf\n'}
[478.223513] (-) TimerEvent: {}
[478.237254] (turtlebot3_gazebo) StdoutLine: {'line': b'-- Symlinking: /workspaces/UON-CS-robotlab-simulation-container/install/turtlebot3_gazebo/share/turtlebot3_gazebo//models/turtlebot3_world/meshes/hexagon.dae\n'}
[478.262050] (turtlebot3_gazebo) StdoutLine: {'line': b'-- Symlinking: /workspaces/UON-CS-robotlab-simulation-container/install/turtlebot3_gazebo/share/turtlebot3_gazebo//models/turtlebot3_world/meshes/wall.dae\n'}
[478.304164] (turtlebot3_gazebo) StdoutLine: {'line': b'-- Symlinking: /workspaces/UON-CS-robotlab-simulation-container/install/turtlebot3_gazebo/share/turtlebot3_gazebo//models/turtlebot3_world/model-1_4.sdf\n'}
[478.323647] (-) TimerEvent: {}
[478.328584] (turtlebot3_gazebo) StdoutLine: {'line': b'-- Symlinking: /workspaces/UON-CS-robotlab-simulation-container/install/turtlebot3_gazebo/share/turtlebot3_gazebo//models/turtlebot3_world/model.config\n'}
[478.356013] (turtlebot3_gazebo) StdoutLine: {'line': b'-- Symlinking: /workspaces/UON-CS-robotlab-simulation-container/install/turtlebot3_gazebo/share/turtlebot3_gazebo//models/turtlebot3_world/model.sdf\n'}
[478.381164] (turtlebot3_gazebo) StdoutLine: {'line': b'-- Symlinking: /workspaces/UON-CS-robotlab-simulation-container/install/turtlebot3_gazebo/share/turtlebot3_gazebo//rviz/tb3_gazebo.rviz\n'}
[478.407980] (turtlebot3_gazebo) StdoutLine: {'line': b'-- Symlinking: /workspaces/UON-CS-robotlab-simulation-container/install/turtlebot3_gazebo/share/turtlebot3_gazebo//urdf/common_properties.urdf\n'}
[478.423771] (-) TimerEvent: {}
[478.433921] (turtlebot3_gazebo) StdoutLine: {'line': b'-- Symlinking: /workspaces/UON-CS-robotlab-simulation-container/install/turtlebot3_gazebo/share/turtlebot3_gazebo//urdf/turtlebot3_burger.urdf\n'}
[478.452483] (turtlebot3_gazebo) StdoutLine: {'line': b'-- Symlinking: /workspaces/UON-CS-robotlab-simulation-container/install/turtlebot3_gazebo/share/turtlebot3_gazebo//urdf/turtlebot3_burger_cam.urdf\n'}
[478.483217] (turtlebot3_gazebo) StdoutLine: {'line': b'-- Symlinking: /workspaces/UON-CS-robotlab-simulation-container/install/turtlebot3_gazebo/share/turtlebot3_gazebo//urdf/turtlebot3_waffle.urdf\n'}
[478.508296] (turtlebot3_gazebo) StdoutLine: {'line': b'-- Symlinking: /workspaces/UON-CS-robotlab-simulation-container/install/turtlebot3_gazebo/share/turtlebot3_gazebo//urdf/turtlebot3_waffle_pi.urdf\n'}
[478.523890] (-) TimerEvent: {}
[478.536013] (turtlebot3_gazebo) StdoutLine: {'line': b'-- Symlinking: /workspaces/UON-CS-robotlab-simulation-container/install/turtlebot3_gazebo/share/turtlebot3_gazebo//worlds/empty_world.world\n'}
[478.561386] (turtlebot3_gazebo) StdoutLine: {'line': b'-- Symlinking: /workspaces/UON-CS-robotlab-simulation-container/install/turtlebot3_gazebo/share/turtlebot3_gazebo//worlds/turtlebot3_autorace_2020.world\n'}
[478.588172] (turtlebot3_gazebo) StdoutLine: {'line': b'-- Symlinking: /workspaces/UON-CS-robotlab-simulation-container/install/turtlebot3_gazebo/share/turtlebot3_gazebo//worlds/turtlebot3_dqn_stage1.world\n'}
[478.608930] (turtlebot3_gazebo) StdoutLine: {'line': b'-- Symlinking: /workspaces/UON-CS-robotlab-simulation-container/install/turtlebot3_gazebo/share/turtlebot3_gazebo//worlds/turtlebot3_dqn_stage2.world\n'}
[478.648950] (turtlebot3_gazebo) StdoutLine: {'line': b'-- Symlinking: /workspaces/UON-CS-robotlab-simulation-container/install/turtlebot3_gazebo/share/turtlebot3_gazebo//worlds/turtlebot3_dqn_stage3.world\n'}
[478.650530] (-) TimerEvent: {}
[478.708805] (turtlebot3_gazebo) StdoutLine: {'line': b'-- Symlinking: /workspaces/UON-CS-robotlab-simulation-container/install/turtlebot3_gazebo/share/turtlebot3_gazebo//worlds/turtlebot3_dqn_stage4.world\n'}
[478.759106] (-) TimerEvent: {}
[478.775556] (turtlebot3_gazebo) StdoutLine: {'line': b'-- Symlinking: /workspaces/UON-CS-robotlab-simulation-container/install/turtlebot3_gazebo/share/turtlebot3_gazebo//worlds/turtlebot3_house.world\n'}
[478.821258] (turtlebot3_gazebo) StdoutLine: {'line': b'-- Symlinking: /workspaces/UON-CS-robotlab-simulation-container/install/turtlebot3_gazebo/share/turtlebot3_gazebo//worlds/turtlebot3_world.world\n'}
[478.844291] (turtlebot3_gazebo) StdoutLine: {'line': b'-- Symlinking: /workspaces/UON-CS-robotlab-simulation-container/install/turtlebot3_gazebo/include//turtlebot3_gazebo/obstacle1.hpp\n'}
[478.859187] (-) TimerEvent: {}
[478.870846] (turtlebot3_gazebo) StdoutLine: {'line': b'-- Symlinking: /workspaces/UON-CS-robotlab-simulation-container/install/turtlebot3_gazebo/include//turtlebot3_gazebo/obstacle2.hpp\n'}
[478.897177] (turtlebot3_gazebo) StdoutLine: {'line': b'-- Symlinking: /workspaces/UON-CS-robotlab-simulation-container/install/turtlebot3_gazebo/include//turtlebot3_gazebo/obstacles.hpp\n'}
[478.920866] (turtlebot3_gazebo) StdoutLine: {'line': b'-- Symlinking: /workspaces/UON-CS-robotlab-simulation-container/install/turtlebot3_gazebo/include//turtlebot3_gazebo/traffic_bar_plugin.hpp\n'}
[478.940412] (turtlebot3_gazebo) StdoutLine: {'line': b'-- Symlinking: /workspaces/UON-CS-robotlab-simulation-container/install/turtlebot3_gazebo/include//turtlebot3_gazebo/traffic_light_plugin.hpp\n'}
[478.959307] (-) TimerEvent: {}
[478.963436] (turtlebot3_gazebo) StdoutLine: {'line': b'-- Symlinking: /workspaces/UON-CS-robotlab-simulation-container/install/turtlebot3_gazebo/include//turtlebot3_gazebo/turtlebot3_drive.hpp\n'}
[478.998067] (turtlebot3_gazebo) StdoutLine: {'line': b'-- Symlinking: /workspaces/UON-CS-robotlab-simulation-container/install/turtlebot3_gazebo/share/ament_index/resource_index/package_run_dependencies/turtlebot3_gazebo\n'}
[479.010280] (turtlebot3_gazebo) StdoutLine: {'line': b'-- Symlinking: /workspaces/UON-CS-robotlab-simulation-container/install/turtlebot3_gazebo/share/ament_index/resource_index/parent_prefix_path/turtlebot3_gazebo\n'}
[479.059389] (-) TimerEvent: {}
[479.105371] (turtlebot3_gazebo) StdoutLine: {'line': b'-- Symlinking: /workspaces/UON-CS-robotlab-simulation-container/install/turtlebot3_gazebo/share/turtlebot3_gazebo/environment/ament_prefix_path.sh\n'}
[479.161246] (-) TimerEvent: {}
[479.243101] (turtlebot3_gazebo) StdoutLine: {'line': b'-- Symlinking: /workspaces/UON-CS-robotlab-simulation-container/install/turtlebot3_gazebo/share/turtlebot3_gazebo/environment/ament_prefix_path.dsv\n'}
[479.265128] (-) TimerEvent: {}
[479.319316] (turtlebot3_gazebo) StdoutLine: {'line': b'-- Symlinking: /workspaces/UON-CS-robotlab-simulation-container/install/turtlebot3_gazebo/share/turtlebot3_gazebo/environment/path.sh\n'}
[479.346715] (turtlebot3_gazebo) StdoutLine: {'line': b'-- Symlinking: /workspaces/UON-CS-robotlab-simulation-container/install/turtlebot3_gazebo/share/turtlebot3_gazebo/environment/path.dsv\n'}
[479.366145] (-) TimerEvent: {}
[479.372686] (turtlebot3_gazebo) StdoutLine: {'line': b'-- Symlinking: /workspaces/UON-CS-robotlab-simulation-container/install/turtlebot3_gazebo/share/turtlebot3_gazebo/local_setup.bash\n'}
[479.399518] (turtlebot3_gazebo) StdoutLine: {'line': b'-- Symlinking: /workspaces/UON-CS-robotlab-simulation-container/install/turtlebot3_gazebo/share/turtlebot3_gazebo/local_setup.sh\n'}
[479.424775] (turtlebot3_gazebo) StdoutLine: {'line': b'-- Symlinking: /workspaces/UON-CS-robotlab-simulation-container/install/turtlebot3_gazebo/share/turtlebot3_gazebo/local_setup.zsh\n'}
[479.451537] (turtlebot3_gazebo) StdoutLine: {'line': b'-- Symlinking: /workspaces/UON-CS-robotlab-simulation-container/install/turtlebot3_gazebo/share/turtlebot3_gazebo/local_setup.dsv\n'}
[479.466389] (-) TimerEvent: {}
[479.489347] (turtlebot3_gazebo) StdoutLine: {'line': b'-- Symlinking: /workspaces/UON-CS-robotlab-simulation-container/install/turtlebot3_gazebo/share/turtlebot3_gazebo/package.dsv\n'}
[479.527183] (turtlebot3_gazebo) StdoutLine: {'line': b'-- Symlinking: /workspaces/UON-CS-robotlab-simulation-container/install/turtlebot3_gazebo/share/ament_index/resource_index/packages/turtlebot3_gazebo\n'}
[479.553266] (turtlebot3_gazebo) StdoutLine: {'line': b'-- Symlinking: /workspaces/UON-CS-robotlab-simulation-container/install/turtlebot3_gazebo/share/turtlebot3_gazebo/cmake/ament_cmake_export_include_directories-extras.cmake\n'}
[479.566515] (-) TimerEvent: {}
[479.569336] (turtlebot3_gazebo) StdoutLine: {'line': b'-- Symlinking: /workspaces/UON-CS-robotlab-simulation-container/install/turtlebot3_gazebo/share/turtlebot3_gazebo/cmake/ament_cmake_export_dependencies-extras.cmake\n'}
[479.662362] (turtlebot3_gazebo) StdoutLine: {'line': b'-- Symlinking: /workspaces/UON-CS-robotlab-simulation-container/install/turtlebot3_gazebo/share/turtlebot3_gazebo/cmake/turtlebot3_gazeboConfig.cmake\n'}
[479.672733] (-) TimerEvent: {}
[479.699637] (turtlebot3_gazebo) StdoutLine: {'line': b'-- Symlinking: /workspaces/UON-CS-robotlab-simulation-container/install/turtlebot3_gazebo/share/turtlebot3_gazebo/cmake/turtlebot3_gazeboConfig-version.cmake\n'}
[479.726177] (turtlebot3_gazebo) StdoutLine: {'line': b'-- Symlinking: /workspaces/UON-CS-robotlab-simulation-container/install/turtlebot3_gazebo/share/turtlebot3_gazebo/package.xml\n'}
[479.754904] (turtlebot3_gazebo) CommandEnded: {'returncode': 0}
[479.772948] (-) TimerEvent: {}
[479.811438] (turtlebot3_gazebo) JobEnded: {'identifier': 'turtlebot3_gazebo', 'rc': 0}
[479.812204] (turtlebot3_manipulation_gazebo) JobStarted: {'identifier': 'turtlebot3_manipulation_gazebo'}
[479.857389] (turtlebot3_manipulation_gazebo) JobProgress: {'identifier': 'turtlebot3_manipulation_gazebo', 'progress': 'cmake'}
[479.857480] (turtlebot3_manipulation_gazebo) Command: {'cmd': ['/usr/bin/cmake', '/workspaces/UON-CS-robotlab-simulation-container/src/turtlebot3_simulations/turtlebot3_manipulation_gazebo', '-DAMENT_CMAKE_SYMLINK_INSTALL=1', '-DCMAKE_INSTALL_PREFIX=/workspaces/UON-CS-robotlab-simulation-container/install/turtlebot3_manipulation_gazebo'], 'cwd': '/workspaces/UON-CS-robotlab-simulation-container/build/turtlebot3_manipulation_gazebo', 'env': OrderedDict([('GITHUB_TOKEN', 'ghu_qzXzf473tpbDuGEeRKMePfjjEUUgEL3qLs6h'), ('GITHUB_CODESPACE_TOKEN', 'AOKRK4QICIVTYBHCYV5Y7K3KNF2YXANCNFSM4AXFRYHA'), ('FEATURE_SPARK_POST_COMMIT_CREATE_ITERATION', 'true'), ('HOSTNAME', 'codespaces-9eb142'), ('GITHUB_CODESPACES_PORT_FORWARDING_DOMAIN', 'app.github.dev'), ('SHLVL', '2'), ('LD_LIBRARY_PATH', '/usr/lib/x86_64-linux-gnu/gazebo-11/plugins:/opt/ros/humble/opt/rviz_ogre_vendor/lib:/opt/ros/humble/lib/x86_64-linux-gnu:/opt/ros/humble/lib'), ('HOME', '/home/vscode'), ('OLDPWD', '/workspaces/UON-CS-robotlab-simulation-container'), ('CODESPACES', 'true'), ('ROS_PYTHON_VERSION', '3'), ('GITHUB_USER', 'mohammad-areeb'), ('GITHUB_GRAPHQL_URL', 'https://api.github.com/graphql'), ('ROS_DISTRO', 'humble'), ('ContainerVersion', '13'), ('GITHUB_API_URL', 'https://api.github.com'), ('RepositoryName', 'UON-CS-robotlab-simulation-container'), ('_', '/usr/bin/colcon'), ('ROS_VERSION', '2'), ('CLOUDENV_ENVIRONMENT_ID', '344bab99-1d47-4655-88f7-fee790854045'), ('TERM', 'xterm'), ('ROS_LOCALHOST_ONLY', '0'), ('PATH', '/opt/ros/humble/bin:/usr/local/sbin:/usr/local/bin:/usr/sbin:/usr/bin:/sbin:/bin'), ('SHELL_LOGGED_IN', 'true'), ('LANG', 'C.UTF-8'), ('LS_COLORS', ''), ('GITHUB_REPOSITORY', 'mohammad-areeb/UON-CS-robotlab-simulation-container'), ('ROS_DOMAIN_ID', '30'), ('AMENT_PREFIX_PATH', '/opt/ros/humble'), ('DEBIAN_FRONTEND', 'noninteractive'), ('SHELL', '/bin/bash'), ('PWD', '/workspaces/UON-CS-robotlab-simulation-container/build/turtlebot3_manipulation_gazebo'), ('INTERNAL_VSCS_TARGET_URL', 'https://uksouth.online.visualstudio.com'), ('TURTLEBOT3_MODEL', 'waffle'), ('LC_ALL', 'C.UTF-8'), ('GITHUB_SERVER_URL', 'https://github.com'), ('PYTHONPATH', '/opt/ros/humble/lib/python3.10/site-packages:/opt/ros/humble/local/lib/python3.10/dist-packages'), ('CODESPACE_NAME', 'urban-space-garbanzo-j7wwvprrjjp25j95'), ('COLCON', '1'), ('CMAKE_PREFIX_PATH', '/opt/ros/humble')]), 'shell': False}
[479.875008] (-) TimerEvent: {}
[479.978150] (-) TimerEvent: {}
[480.075513] (turtlebot3_manipulation_gazebo) StdoutLine: {'line': b'-- The C compiler identification is GNU 11.4.0\n'}
[480.080276] (-) TimerEvent: {}
[480.242056] (-) TimerEvent: {}
[480.344020] (-) TimerEvent: {}
[480.424467] (turtlebot3_manipulation_gazebo) StdoutLine: {'line': b'-- The CXX compiler identification is GNU 11.4.0\n'}
[480.444137] (-) TimerEvent: {}
[480.451501] (turtlebot3_manipulation_gazebo) StdoutLine: {'line': b'-- Detecting C compiler ABI info\n'}
[480.545022] (-) TimerEvent: {}
[480.648026] (-) TimerEvent: {}
[480.761117] (-) TimerEvent: {}
[480.817976] (turtlebot3_manipulation_gazebo) StdoutLine: {'line': b'-- Detecting C compiler ABI info - done\n'}
[480.861203] (-) TimerEvent: {}
[480.870212] (turtlebot3_manipulation_gazebo) StdoutLine: {'line': b'-- Check for working C compiler: /usr/bin/cc - skipped\n'}
[480.870431] (turtlebot3_manipulation_gazebo) StdoutLine: {'line': b'-- Detecting C compile features\n'}
[480.885151] (turtlebot3_manipulation_gazebo) StdoutLine: {'line': b'-- Detecting C compile features - done\n'}
[480.902136] (turtlebot3_manipulation_gazebo) StdoutLine: {'line': b'-- Detecting CXX compiler ABI info\n'}
[480.961451] (-) TimerEvent: {}
[481.066017] (-) TimerEvent: {}
[481.249569] (-) TimerEvent: {}
[481.355033] (-) TimerEvent: {}
[481.413026] (turtlebot3_manipulation_gazebo) StdoutLine: {'line': b'-- Detecting CXX compiler ABI info - done\n'}
[481.447603] (turtlebot3_manipulation_gazebo) StdoutLine: {'line': b'-- Check for working CXX compiler: /usr/bin/c++ - skipped\n'}
[481.451037] (turtlebot3_manipulation_gazebo) StdoutLine: {'line': b'-- Detecting CXX compile features\n'}
[481.451352] (turtlebot3_manipulation_gazebo) StdoutLine: {'line': b'-- Detecting CXX compile features - done\n'}
[481.455105] (-) TimerEvent: {}
[481.556094] (-) TimerEvent: {}
[481.573254] (turtlebot3_node) StdoutLine: {'line': b'[100%] Built target turtlebot3_ros\n'}
[481.614604] (turtlebot3_node) CommandEnded: {'returncode': 0}
[481.624984] (turtlebot3_node) JobProgress: {'identifier': 'turtlebot3_node', 'progress': 'install'}
[481.627190] (turtlebot3_node) Command: {'cmd': ['/usr/bin/cmake', '--install', '/workspaces/UON-CS-robotlab-simulation-container/build/turtlebot3_node'], 'cwd': '/workspaces/UON-CS-robotlab-simulation-container/build/turtlebot3_node', 'env': OrderedDict([('GITHUB_TOKEN', 'ghu_qzXzf473tpbDuGEeRKMePfjjEUUgEL3qLs6h'), ('GITHUB_CODESPACE_TOKEN', 'AOKRK4QICIVTYBHCYV5Y7K3KNF2YXANCNFSM4AXFRYHA'), ('FEATURE_SPARK_POST_COMMIT_CREATE_ITERATION', 'true'), ('HOSTNAME', 'codespaces-9eb142'), ('GITHUB_CODESPACES_PORT_FORWARDING_DOMAIN', 'app.github.dev'), ('SHLVL', '2'), ('LD_LIBRARY_PATH', '/workspaces/UON-CS-robotlab-simulation-container/install/turtlebot3_msgs/lib:/workspaces/UON-CS-robotlab-simulation-container/install/dynamixel_sdk/lib:/usr/lib/x86_64-linux-gnu/gazebo-11/plugins:/opt/ros/humble/opt/rviz_ogre_vendor/lib:/opt/ros/humble/lib/x86_64-linux-gnu:/opt/ros/humble/lib'), ('HOME', '/home/vscode'), ('OLDPWD', '/workspaces/UON-CS-robotlab-simulation-container'), ('CODESPACES', 'true'), ('ROS_PYTHON_VERSION', '3'), ('GITHUB_USER', 'mohammad-areeb'), ('GITHUB_GRAPHQL_URL', 'https://api.github.com/graphql'), ('ROS_DISTRO', 'humble'), ('ContainerVersion', '13'), ('GITHUB_API_URL', 'https://api.github.com'), ('RepositoryName', 'UON-CS-robotlab-simulation-container'), ('_', '/usr/bin/colcon'), ('ROS_VERSION', '2'), ('CLOUDENV_ENVIRONMENT_ID', '344bab99-1d47-4655-88f7-fee790854045'), ('TERM', 'xterm'), ('ROS_LOCALHOST_ONLY', '0'), ('PATH', '/opt/ros/humble/bin:/usr/local/sbin:/usr/local/bin:/usr/sbin:/usr/bin:/sbin:/bin'), ('SHELL_LOGGED_IN', 'true'), ('LANG', 'C.UTF-8'), ('LS_COLORS', ''), ('GITHUB_REPOSITORY', 'mohammad-areeb/UON-CS-robotlab-simulation-container'), ('ROS_DOMAIN_ID', '30'), ('AMENT_PREFIX_PATH', '/workspaces/UON-CS-robotlab-simulation-container/install/turtlebot3_msgs:/workspaces/UON-CS-robotlab-simulation-container/install/dynamixel_sdk:/opt/ros/humble'), ('DEBIAN_FRONTEND', 'noninteractive'), ('SHELL', '/bin/bash'), ('PWD', '/workspaces/UON-CS-robotlab-simulation-container/build/turtlebot3_node'), ('INTERNAL_VSCS_TARGET_URL', 'https://uksouth.online.visualstudio.com'), ('TURTLEBOT3_MODEL', 'waffle'), ('LC_ALL', 'C.UTF-8'), ('GITHUB_SERVER_URL', 'https://github.com'), ('PYTHONPATH', '/workspaces/UON-CS-robotlab-simulation-container/install/turtlebot3_msgs/local/lib/python3.10/dist-packages:/workspaces/UON-CS-robotlab-simulation-container/install/dynamixel_sdk/local/lib/python3.10/dist-packages:/opt/ros/humble/lib/python3.10/site-packages:/opt/ros/humble/local/lib/python3.10/dist-packages'), ('CODESPACE_NAME', 'urban-space-garbanzo-j7wwvprrjjp25j95'), ('COLCON', '1'), ('CMAKE_PREFIX_PATH', '/workspaces/UON-CS-robotlab-simulation-container/install/turtlebot3_msgs:/workspaces/UON-CS-robotlab-simulation-container/install/dynamixel_sdk:/opt/ros/humble')]), 'shell': False}
[481.656607] (-) TimerEvent: {}
[481.662585] (turtlebot3_node) StdoutLine: {'line': b'-- Install configuration: ""\n'}
[481.664250] (turtlebot3_node) StdoutLine: {'line': b'-- Execute custom install script\n'}
[481.667599] (turtlebot3_node) StdoutLine: {'line': b'-- Symlinking: /workspaces/UON-CS-robotlab-simulation-container/install/turtlebot3_node/share/turtlebot3_node/param/burger.yaml\n'}
[481.697096] (turtlebot3_node) StdoutLine: {'line': b'-- Symlinking: /workspaces/UON-CS-robotlab-simulation-container/install/turtlebot3_node/share/turtlebot3_node/param/waffle.yaml\n'}
[481.713088] (turtlebot3_node) StdoutLine: {'line': b'-- Symlinking: /workspaces/UON-CS-robotlab-simulation-container/install/turtlebot3_node/share/turtlebot3_node/param/waffle_pi.yaml\n'}
[481.746818] (turtlebot3_node) StdoutLine: {'line': b'-- Symlinking: /workspaces/UON-CS-robotlab-simulation-container/install/turtlebot3_node/lib/turtlebot3_node/turtlebot3_ros\n'}
[481.757335] (turtlebot3_manipulation_gazebo) StdoutLine: {'line': b'-- Found ament_cmake: 1.3.14 (/opt/ros/humble/share/ament_cmake/cmake)\n'}
[481.757543] (-) TimerEvent: {}
[481.782466] (turtlebot3_node) StdoutLine: {'line': b'-- Symlinking: /workspaces/UON-CS-robotlab-simulation-container/install/turtlebot3_node/share/ament_index/resource_index/package_run_dependencies/turtlebot3_node\n'}
[481.819115] (turtlebot3_node) StdoutLine: {'line': b'-- Symlinking: /workspaces/UON-CS-robotlab-simulation-container/install/turtlebot3_node/share/ament_index/resource_index/parent_prefix_path/turtlebot3_node\n'}
[481.857872] (turtlebot3_node) StdoutLine: {'line': b'-- Symlinking: /workspaces/UON-CS-robotlab-simulation-container/install/turtlebot3_node/share/turtlebot3_node/environment/ament_prefix_path.sh\n'}
[481.858103] (-) TimerEvent: {}
[481.891783] (turtlebot3_node) StdoutLine: {'line': b'-- Symlinking: /workspaces/UON-CS-robotlab-simulation-container/install/turtlebot3_node/share/turtlebot3_node/environment/ament_prefix_path.dsv\n'}
[481.916334] (turtlebot3_node) StdoutLine: {'line': b'-- Symlinking: /workspaces/UON-CS-robotlab-simulation-container/install/turtlebot3_node/share/turtlebot3_node/environment/path.sh\n'}
[481.929531] (turtlebot3_node) StdoutLine: {'line': b'-- Symlinking: /workspaces/UON-CS-robotlab-simulation-container/install/turtlebot3_node/share/turtlebot3_node/environment/path.dsv\n'}
[481.959447] (turtlebot3_node) StdoutLine: {'line': b'-- Symlinking: /workspaces/UON-CS-robotlab-simulation-container/install/turtlebot3_node/share/turtlebot3_node/local_setup.bash\n'}
[481.959689] (-) TimerEvent: {}
[481.965218] (turtlebot3_node) StdoutLine: {'line': b'-- Symlinking: /workspaces/UON-CS-robotlab-simulation-container/install/turtlebot3_node/share/turtlebot3_node/local_setup.sh\n'}
[481.982499] (turtlebot3_node) StdoutLine: {'line': b'-- Symlinking: /workspaces/UON-CS-robotlab-simulation-container/install/turtlebot3_node/share/turtlebot3_node/local_setup.zsh\n'}
[482.000290] (turtlebot3_node) StdoutLine: {'line': b'-- Symlinking: /workspaces/UON-CS-robotlab-simulation-container/install/turtlebot3_node/share/turtlebot3_node/local_setup.dsv\n'}
[482.011903] (turtlebot3_node) StdoutLine: {'line': b'-- Symlinking: /workspaces/UON-CS-robotlab-simulation-container/install/turtlebot3_node/share/turtlebot3_node/package.dsv\n'}
[482.024315] (turtlebot3_node) StdoutLine: {'line': b'-- Symlinking: /workspaces/UON-CS-robotlab-simulation-container/install/turtlebot3_node/share/ament_index/resource_index/packages/turtlebot3_node\n'}
[482.062094] (-) TimerEvent: {}
[482.085670] (turtlebot3_node) StdoutLine: {'line': b'-- Symlinking: /workspaces/UON-CS-robotlab-simulation-container/install/turtlebot3_node/share/turtlebot3_node/cmake/ament_cmake_export_dependencies-extras.cmake\n'}
[482.162296] (-) TimerEvent: {}
[482.203529] (turtlebot3_node) StdoutLine: {'line': b'-- Symlinking: /workspaces/UON-CS-robotlab-simulation-container/install/turtlebot3_node/share/turtlebot3_node/cmake/ament_cmake_export_include_directories-extras.cmake\n'}
[482.223735] (turtlebot3_node) StdoutLine: {'line': b'-- Symlinking: /workspaces/UON-CS-robotlab-simulation-container/install/turtlebot3_node/share/turtlebot3_node/cmake/turtlebot3_nodeConfig.cmake\n'}
[482.245273] (turtlebot3_node) StdoutLine: {'line': b'-- Symlinking: /workspaces/UON-CS-robotlab-simulation-container/install/turtlebot3_node/share/turtlebot3_node/cmake/turtlebot3_nodeConfig-version.cmake\n'}
[482.263529] (-) TimerEvent: {}
[482.278999] (turtlebot3_node) StdoutLine: {'line': b'-- Symlinking: /workspaces/UON-CS-robotlab-simulation-container/install/turtlebot3_node/share/turtlebot3_node/package.xml\n'}
[482.294457] (turtlebot3_node) CommandEnded: {'returncode': 0}
[482.355343] (turtlebot3_node) JobEnded: {'identifier': 'turtlebot3_node', 'rc': 0}
[482.355793] (turtlebot3_navigation2) JobStarted: {'identifier': 'turtlebot3_navigation2'}
[482.365395] (-) TimerEvent: {}
[482.396359] (turtlebot3_navigation2) JobProgress: {'identifier': 'turtlebot3_navigation2', 'progress': 'cmake'}
[482.397001] (turtlebot3_navigation2) Command: {'cmd': ['/usr/bin/cmake', '/workspaces/UON-CS-robotlab-simulation-container/src/turtlebot3/turtlebot3_navigation2', '-DAMENT_CMAKE_SYMLINK_INSTALL=1', '-DCMAKE_INSTALL_PREFIX=/workspaces/UON-CS-robotlab-simulation-container/install/turtlebot3_navigation2'], 'cwd': '/workspaces/UON-CS-robotlab-simulation-container/build/turtlebot3_navigation2', 'env': OrderedDict([('GITHUB_TOKEN', 'ghu_qzXzf473tpbDuGEeRKMePfjjEUUgEL3qLs6h'), ('GITHUB_CODESPACE_TOKEN', 'AOKRK4QICIVTYBHCYV5Y7K3KNF2YXANCNFSM4AXFRYHA'), ('FEATURE_SPARK_POST_COMMIT_CREATE_ITERATION', 'true'), ('HOSTNAME', 'codespaces-9eb142'), ('GITHUB_CODESPACES_PORT_FORWARDING_DOMAIN', 'app.github.dev'), ('SHLVL', '2'), ('LD_LIBRARY_PATH', '/usr/lib/x86_64-linux-gnu/gazebo-11/plugins:/opt/ros/humble/opt/rviz_ogre_vendor/lib:/opt/ros/humble/lib/x86_64-linux-gnu:/opt/ros/humble/lib'), ('HOME', '/home/vscode'), ('OLDPWD', '/workspaces/UON-CS-robotlab-simulation-container'), ('CODESPACES', 'true'), ('ROS_PYTHON_VERSION', '3'), ('GITHUB_USER', 'mohammad-areeb'), ('GITHUB_GRAPHQL_URL', 'https://api.github.com/graphql'), ('ROS_DISTRO', 'humble'), ('ContainerVersion', '13'), ('GITHUB_API_URL', 'https://api.github.com'), ('RepositoryName', 'UON-CS-robotlab-simulation-container'), ('_', '/usr/bin/colcon'), ('ROS_VERSION', '2'), ('CLOUDENV_ENVIRONMENT_ID', '344bab99-1d47-4655-88f7-fee790854045'), ('TERM', 'xterm'), ('ROS_LOCALHOST_ONLY', '0'), ('PATH', '/opt/ros/humble/bin:/usr/local/sbin:/usr/local/bin:/usr/sbin:/usr/bin:/sbin:/bin'), ('SHELL_LOGGED_IN', 'true'), ('LANG', 'C.UTF-8'), ('LS_COLORS', ''), ('GITHUB_REPOSITORY', 'mohammad-areeb/UON-CS-robotlab-simulation-container'), ('ROS_DOMAIN_ID', '30'), ('AMENT_PREFIX_PATH', '/opt/ros/humble'), ('DEBIAN_FRONTEND', 'noninteractive'), ('SHELL', '/bin/bash'), ('PWD', '/workspaces/UON-CS-robotlab-simulation-container/build/turtlebot3_navigation2'), ('INTERNAL_VSCS_TARGET_URL', 'https://uksouth.online.visualstudio.com'), ('TURTLEBOT3_MODEL', 'waffle'), ('LC_ALL', 'C.UTF-8'), ('GITHUB_SERVER_URL', 'https://github.com'), ('PYTHONPATH', '/opt/ros/humble/lib/python3.10/site-packages:/opt/ros/humble/local/lib/python3.10/dist-packages'), ('CODESPACE_NAME', 'urban-space-garbanzo-j7wwvprrjjp25j95'), ('COLCON', '1'), ('CMAKE_PREFIX_PATH', '/opt/ros/humble')]), 'shell': False}
[482.468620] (-) TimerEvent: {}
[482.574035] (-) TimerEvent: {}
[482.674537] (-) TimerEvent: {}
[482.707792] (turtlebot3_navigation2) StdoutLine: {'line': b'-- The C compiler identification is GNU 11.4.0\n'}
[482.847484] (-) TimerEvent: {}
[482.955555] (-) TimerEvent: {}
[483.034995] (turtlebot3_manipulation_gazebo) StdoutLine: {'line': b'-- Found Python3: /usr/bin/python3 (found version "3.10.12") found components: Interpreter \n'}
[483.055677] (-) TimerEvent: {}
[483.057320] (turtlebot3_navigation2) StdoutLine: {'line': b'-- The CXX compiler identification is GNU 11.4.0\n'}
[483.071076] (turtlebot3_navigation2) StdoutLine: {'line': b'-- Detecting C compiler ABI info\n'}
[483.157633] (-) TimerEvent: {}
[483.260350] (-) TimerEvent: {}
[483.413290] (-) TimerEvent: {}
[483.452055] (turtlebot3_navigation2) StdoutLine: {'line': b'-- Detecting C compiler ABI info - done\n'}
[483.473546] (turtlebot3_navigation2) StdoutLine: {'line': b'-- Check for working C compiler: /usr/bin/cc - skipped\n'}
[483.475484] (turtlebot3_navigation2) StdoutLine: {'line': b'-- Detecting C compile features\n'}
[483.477048] (turtlebot3_navigation2) StdoutLine: {'line': b'-- Detecting C compile features - done\n'}
[483.490651] (turtlebot3_navigation2) StdoutLine: {'line': b'-- Detecting CXX compiler ABI info\n'}
[483.516425] (-) TimerEvent: {}
[483.572884] (turtlebot3_manipulation_gazebo) StdoutLine: {'line': b'-- Override CMake install command with custom implementation using symlinks instead of copying resources\n'}
[483.616551] (-) TimerEvent: {}
[483.707407] (turtlebot3_navigation2) StdoutLine: {'line': b'-- Detecting CXX compiler ABI info - done\n'}
[483.717777] (-) TimerEvent: {}
[483.731785] (turtlebot3_navigation2) StdoutLine: {'line': b'-- Check for working CXX compiler: /usr/bin/c++ - skipped\n'}
[483.732052] (turtlebot3_navigation2) StdoutLine: {'line': b'-- Detecting CXX compile features\n'}
[483.734266] (turtlebot3_navigation2) StdoutLine: {'line': b'-- Detecting CXX compile features - done\n'}
[483.738584] (turtlebot3_navigation2) StdoutLine: {'line': b'-- Found ament_cmake: 1.3.14 (/opt/ros/humble/share/ament_cmake/cmake)\n'}
[483.843079] (-) TimerEvent: {}
[483.945697] (-) TimerEvent: {}
[484.048211] (-) TimerEvent: {}
[484.128115] (turtlebot3_manipulation_gazebo) StdoutLine: {'line': b'-- Configuring done\n'}
[484.138993] (turtlebot3_manipulation_gazebo) StdoutLine: {'line': b'-- Generating done\n'}
[484.146003] (turtlebot3_manipulation_gazebo) StdoutLine: {'line': b'-- Build files have been written to: /workspaces/UON-CS-robotlab-simulation-container/build/turtlebot3_manipulation_gazebo\n'}
[484.149005] (-) TimerEvent: {}
[484.162169] (turtlebot3_manipulation_gazebo) CommandEnded: {'returncode': 0}
[484.165024] (turtlebot3_manipulation_gazebo) JobProgress: {'identifier': 'turtlebot3_manipulation_gazebo', 'progress': 'build'}
[484.165085] (turtlebot3_manipulation_gazebo) Command: {'cmd': ['/usr/bin/cmake', '--build', '/workspaces/UON-CS-robotlab-simulation-container/build/turtlebot3_manipulation_gazebo', '--', '-j2', '-l2'], 'cwd': '/workspaces/UON-CS-robotlab-simulation-container/build/turtlebot3_manipulation_gazebo', 'env': OrderedDict([('GITHUB_TOKEN', 'ghu_qzXzf473tpbDuGEeRKMePfjjEUUgEL3qLs6h'), ('GITHUB_CODESPACE_TOKEN', 'AOKRK4QICIVTYBHCYV5Y7K3KNF2YXANCNFSM4AXFRYHA'), ('FEATURE_SPARK_POST_COMMIT_CREATE_ITERATION', 'true'), ('HOSTNAME', 'codespaces-9eb142'), ('GITHUB_CODESPACES_PORT_FORWARDING_DOMAIN', 'app.github.dev'), ('SHLVL', '2'), ('LD_LIBRARY_PATH', '/usr/lib/x86_64-linux-gnu/gazebo-11/plugins:/opt/ros/humble/opt/rviz_ogre_vendor/lib:/opt/ros/humble/lib/x86_64-linux-gnu:/opt/ros/humble/lib'), ('HOME', '/home/vscode'), ('OLDPWD', '/workspaces/UON-CS-robotlab-simulation-container'), ('CODESPACES', 'true'), ('ROS_PYTHON_VERSION', '3'), ('GITHUB_USER', 'mohammad-areeb'), ('GITHUB_GRAPHQL_URL', 'https://api.github.com/graphql'), ('ROS_DISTRO', 'humble'), ('ContainerVersion', '13'), ('GITHUB_API_URL', 'https://api.github.com'), ('RepositoryName', 'UON-CS-robotlab-simulation-container'), ('_', '/usr/bin/colcon'), ('ROS_VERSION', '2'), ('CLOUDENV_ENVIRONMENT_ID', '344bab99-1d47-4655-88f7-fee790854045'), ('TERM', 'xterm'), ('ROS_LOCALHOST_ONLY', '0'), ('PATH', '/opt/ros/humble/bin:/usr/local/sbin:/usr/local/bin:/usr/sbin:/usr/bin:/sbin:/bin'), ('SHELL_LOGGED_IN', 'true'), ('LANG', 'C.UTF-8'), ('LS_COLORS', ''), ('GITHUB_REPOSITORY', 'mohammad-areeb/UON-CS-robotlab-simulation-container'), ('ROS_DOMAIN_ID', '30'), ('AMENT_PREFIX_PATH', '/opt/ros/humble'), ('DEBIAN_FRONTEND', 'noninteractive'), ('SHELL', '/bin/bash'), ('PWD', '/workspaces/UON-CS-robotlab-simulation-container/build/turtlebot3_manipulation_gazebo'), ('INTERNAL_VSCS_TARGET_URL', 'https://uksouth.online.visualstudio.com'), ('TURTLEBOT3_MODEL', 'waffle'), ('LC_ALL', 'C.UTF-8'), ('GITHUB_SERVER_URL', 'https://github.com'), ('PYTHONPATH', '/opt/ros/humble/lib/python3.10/site-packages:/opt/ros/humble/local/lib/python3.10/dist-packages'), ('CODESPACE_NAME', 'urban-space-garbanzo-j7wwvprrjjp25j95'), ('COLCON', '1'), ('CMAKE_PREFIX_PATH', '/opt/ros/humble')]), 'shell': False}
[484.186051] (turtlebot3_navigation2) StdoutLine: {'line': b'-- Found Python3: /usr/bin/python3 (found version "3.10.12") found components: Interpreter \n'}
[484.277234] (turtlebot3_manipulation_gazebo) CommandEnded: {'returncode': 0}
[484.359257] (-) TimerEvent: {}
[484.377031] (turtlebot3_manipulation_gazebo) JobProgress: {'identifier': 'turtlebot3_manipulation_gazebo', 'progress': 'install'}
[484.383264] (turtlebot3_manipulation_gazebo) Command: {'cmd': ['/usr/bin/cmake', '--install', '/workspaces/UON-CS-robotlab-simulation-container/build/turtlebot3_manipulation_gazebo'], 'cwd': '/workspaces/UON-CS-robotlab-simulation-container/build/turtlebot3_manipulation_gazebo', 'env': OrderedDict([('GITHUB_TOKEN', 'ghu_qzXzf473tpbDuGEeRKMePfjjEUUgEL3qLs6h'), ('GITHUB_CODESPACE_TOKEN', 'AOKRK4QICIVTYBHCYV5Y7K3KNF2YXANCNFSM4AXFRYHA'), ('FEATURE_SPARK_POST_COMMIT_CREATE_ITERATION', 'true'), ('HOSTNAME', 'codespaces-9eb142'), ('GITHUB_CODESPACES_PORT_FORWARDING_DOMAIN', 'app.github.dev'), ('SHLVL', '2'), ('LD_LIBRARY_PATH', '/usr/lib/x86_64-linux-gnu/gazebo-11/plugins:/opt/ros/humble/opt/rviz_ogre_vendor/lib:/opt/ros/humble/lib/x86_64-linux-gnu:/opt/ros/humble/lib'), ('HOME', '/home/vscode'), ('OLDPWD', '/workspaces/UON-CS-robotlab-simulation-container'), ('CODESPACES', 'true'), ('ROS_PYTHON_VERSION', '3'), ('GITHUB_USER', 'mohammad-areeb'), ('GITHUB_GRAPHQL_URL', 'https://api.github.com/graphql'), ('ROS_DISTRO', 'humble'), ('ContainerVersion', '13'), ('GITHUB_API_URL', 'https://api.github.com'), ('RepositoryName', 'UON-CS-robotlab-simulation-container'), ('_', '/usr/bin/colcon'), ('ROS_VERSION', '2'), ('CLOUDENV_ENVIRONMENT_ID', '344bab99-1d47-4655-88f7-fee790854045'), ('TERM', 'xterm'), ('ROS_LOCALHOST_ONLY', '0'), ('PATH', '/opt/ros/humble/bin:/usr/local/sbin:/usr/local/bin:/usr/sbin:/usr/bin:/sbin:/bin'), ('SHELL_LOGGED_IN', 'true'), ('LANG', 'C.UTF-8'), ('LS_COLORS', ''), ('GITHUB_REPOSITORY', 'mohammad-areeb/UON-CS-robotlab-simulation-container'), ('ROS_DOMAIN_ID', '30'), ('AMENT_PREFIX_PATH', '/opt/ros/humble'), ('DEBIAN_FRONTEND', 'noninteractive'), ('SHELL', '/bin/bash'), ('PWD', '/workspaces/UON-CS-robotlab-simulation-container/build/turtlebot3_manipulation_gazebo'), ('INTERNAL_VSCS_TARGET_URL', 'https://uksouth.online.visualstudio.com'), ('TURTLEBOT3_MODEL', 'waffle'), ('LC_ALL', 'C.UTF-8'), ('GITHUB_SERVER_URL', 'https://github.com'), ('PYTHONPATH', '/opt/ros/humble/lib/python3.10/site-packages:/opt/ros/humble/local/lib/python3.10/dist-packages'), ('CODESPACE_NAME', 'urban-space-garbanzo-j7wwvprrjjp25j95'), ('COLCON', '1'), ('CMAKE_PREFIX_PATH', '/opt/ros/humble')]), 'shell': False}
[484.411910] (turtlebot3_manipulation_gazebo) StdoutLine: {'line': b'-- Install configuration: ""\n'}
[484.413166] (turtlebot3_manipulation_gazebo) StdoutLine: {'line': b'-- Execute custom install script\n'}
[484.414762] (turtlebot3_manipulation_gazebo) StdoutLine: {'line': b'-- Symlinking: /workspaces/UON-CS-robotlab-simulation-container/install/turtlebot3_manipulation_gazebo/share/turtlebot3_manipulation_gazebo/config/gazebo_controller_manager.yaml\n'}
[484.430643] (turtlebot3_manipulation_gazebo) StdoutLine: {'line': b'-- Symlinking: /workspaces/UON-CS-robotlab-simulation-container/install/turtlebot3_manipulation_gazebo/share/turtlebot3_manipulation_gazebo/config/hardware_controller_manager.yaml\n'}
[484.447673] (turtlebot3_manipulation_gazebo) StdoutLine: {'line': b'-- Symlinking: /workspaces/UON-CS-robotlab-simulation-container/install/turtlebot3_manipulation_gazebo/share/turtlebot3_manipulation_gazebo/gazebo/materials.xacro\n'}
[484.459353] (-) TimerEvent: {}
[484.466285] (turtlebot3_manipulation_gazebo) StdoutLine: {'line': b'-- Symlinking: /workspaces/UON-CS-robotlab-simulation-container/install/turtlebot3_manipulation_gazebo/share/turtlebot3_manipulation_gazebo/gazebo/open_manipulator_x.gazebo.xacro\n'}
[484.487553] (turtlebot3_manipulation_gazebo) StdoutLine: {'line': b'-- Symlinking: /workspaces/UON-CS-robotlab-simulation-container/install/turtlebot3_manipulation_gazebo/share/turtlebot3_manipulation_gazebo/gazebo/turtlebot3_waffle_pi.gazebo.xacro\n'}
[484.504980] (turtlebot3_manipulation_gazebo) StdoutLine: {'line': b'-- Symlinking: /workspaces/UON-CS-robotlab-simulation-container/install/turtlebot3_manipulation_gazebo/share/turtlebot3_manipulation_gazebo/launch/base.launch.py\n'}
[484.519818] (turtlebot3_navigation2) StdoutLine: {'line': b'-- Override CMake install command with custom implementation using symlinks instead of copying resources\n'}
[484.520239] (turtlebot3_manipulation_gazebo) StdoutLine: {'line': b'-- Symlinking: /workspaces/UON-CS-robotlab-simulation-container/install/turtlebot3_manipulation_gazebo/share/turtlebot3_manipulation_gazebo/launch/fake.launch.py\n'}
[484.537025] (turtlebot3_manipulation_gazebo) StdoutLine: {'line': b'-- Symlinking: /workspaces/UON-CS-robotlab-simulation-container/install/turtlebot3_manipulation_gazebo/share/turtlebot3_manipulation_gazebo/launch/gazebo.launch.py\n'}
[484.560164] (-) TimerEvent: {}
[484.567746] (turtlebot3_manipulation_gazebo) StdoutLine: {'line': b'-- Symlinking: /workspaces/UON-CS-robotlab-simulation-container/install/turtlebot3_manipulation_gazebo/share/turtlebot3_manipulation_gazebo/launch/turtlebot3_home_service_challenge.launch.py\n'}
[484.608805] (turtlebot3_manipulation_gazebo) StdoutLine: {'line': b'-- Symlinking: /workspaces/UON-CS-robotlab-simulation-container/install/turtlebot3_manipulation_gazebo/share/turtlebot3_manipulation_gazebo/ros2_control/turtlebot3_manipulation_system.ros2_control.xacro\n'}
[484.635652] (turtlebot3_manipulation_gazebo) StdoutLine: {'line': b'-- Symlinking: /workspaces/UON-CS-robotlab-simulation-container/install/turtlebot3_manipulation_gazebo/share/turtlebot3_manipulation_gazebo/rviz/turtlebot3_manipulation.rviz\n'}
[484.648003] (turtlebot3_manipulation_gazebo) StdoutLine: {'line': b'-- Symlinking: /workspaces/UON-CS-robotlab-simulation-container/install/turtlebot3_manipulation_gazebo/share/turtlebot3_manipulation_gazebo/urdf/open_manipulator_x.urdf.xacro\n'}
[484.662856] (-) TimerEvent: {}
[484.663914] (turtlebot3_manipulation_gazebo) StdoutLine: {'line': b'-- Symlinking: /workspaces/UON-CS-robotlab-simulation-container/install/turtlebot3_manipulation_gazebo/share/turtlebot3_manipulation_gazebo/urdf/turtlebot3_manipulation.urdf.xacro\n'}
[484.680024] (turtlebot3_manipulation_gazebo) StdoutLine: {'line': b'-- Symlinking: /workspaces/UON-CS-robotlab-simulation-container/install/turtlebot3_manipulation_gazebo/share/turtlebot3_manipulation_gazebo/urdf/turtlebot3_waffle_pi.urdf.xacro\n'}
[484.703091] (turtlebot3_manipulation_gazebo) StdoutLine: {'line': b'-- Symlinking: /workspaces/UON-CS-robotlab-simulation-container/install/turtlebot3_manipulation_gazebo/share/turtlebot3_manipulation_gazebo/worlds/turtlebot3_home_service_challenge.world\n'}
[484.724375] (turtlebot3_manipulation_gazebo) StdoutLine: {'line': b'-- Symlinking: /workspaces/UON-CS-robotlab-simulation-container/install/turtlebot3_manipulation_gazebo/share/turtlebot3_manipulation_gazebo/models/turtlebot3_home_service_challenge/marker0/materials/textures/Marker0.png\n'}
[484.761165] (turtlebot3_manipulation_gazebo) StdoutLine: {'line': b'-- Symlinking: /workspaces/UON-CS-robotlab-simulation-container/install/turtlebot3_manipulation_gazebo/share/turtlebot3_manipulation_gazebo/models/turtlebot3_home_service_challenge/marker0/meshes/Marker0.dae\n'}
[484.762958] (-) TimerEvent: {}
[484.872104] (-) TimerEvent: {}
[484.975130] (turtlebot3_manipulation_gazebo) StdoutLine: {'line': b'-- Symlinking: /workspaces/UON-CS-robotlab-simulation-container/install/turtlebot3_manipulation_gazebo/share/turtlebot3_manipulation_gazebo/models/turtlebot3_home_service_challenge/marker0/model-1_4.sdf\n'}
[484.975549] (-) TimerEvent: {}
[484.982056] (turtlebot3_navigation2) StdoutLine: {'line': b'-- Configuring done\n'}
[484.993007] (turtlebot3_navigation2) StdoutLine: {'line': b'-- Generating done\n'}
[484.997842] (turtlebot3_manipulation_gazebo) StdoutLine: {'line': b'-- Symlinking: /workspaces/UON-CS-robotlab-simulation-container/install/turtlebot3_manipulation_gazebo/share/turtlebot3_manipulation_gazebo/models/turtlebot3_home_service_challenge/marker0/model-1_5.sdf\n'}
[485.000290] (turtlebot3_navigation2) StdoutLine: {'line': b'-- Build files have been written to: /workspaces/UON-CS-robotlab-simulation-container/build/turtlebot3_navigation2\n'}
[485.012619] (turtlebot3_navigation2) CommandEnded: {'returncode': 0}
[485.013411] (turtlebot3_navigation2) JobProgress: {'identifier': 'turtlebot3_navigation2', 'progress': 'build'}
[485.017552] (turtlebot3_navigation2) Command: {'cmd': ['/usr/bin/cmake', '--build', '/workspaces/UON-CS-robotlab-simulation-container/build/turtlebot3_navigation2', '--', '-j2', '-l2'], 'cwd': '/workspaces/UON-CS-robotlab-simulation-container/build/turtlebot3_navigation2', 'env': OrderedDict([('GITHUB_TOKEN', 'ghu_qzXzf473tpbDuGEeRKMePfjjEUUgEL3qLs6h'), ('GITHUB_CODESPACE_TOKEN', 'AOKRK4QICIVTYBHCYV5Y7K3KNF2YXANCNFSM4AXFRYHA'), ('FEATURE_SPARK_POST_COMMIT_CREATE_ITERATION', 'true'), ('HOSTNAME', 'codespaces-9eb142'), ('GITHUB_CODESPACES_PORT_FORWARDING_DOMAIN', 'app.github.dev'), ('SHLVL', '2'), ('LD_LIBRARY_PATH', '/usr/lib/x86_64-linux-gnu/gazebo-11/plugins:/opt/ros/humble/opt/rviz_ogre_vendor/lib:/opt/ros/humble/lib/x86_64-linux-gnu:/opt/ros/humble/lib'), ('HOME', '/home/vscode'), ('OLDPWD', '/workspaces/UON-CS-robotlab-simulation-container'), ('CODESPACES', 'true'), ('ROS_PYTHON_VERSION', '3'), ('GITHUB_USER', 'mohammad-areeb'), ('GITHUB_GRAPHQL_URL', 'https://api.github.com/graphql'), ('ROS_DISTRO', 'humble'), ('ContainerVersion', '13'), ('GITHUB_API_URL', 'https://api.github.com'), ('RepositoryName', 'UON-CS-robotlab-simulation-container'), ('_', '/usr/bin/colcon'), ('ROS_VERSION', '2'), ('CLOUDENV_ENVIRONMENT_ID', '344bab99-1d47-4655-88f7-fee790854045'), ('TERM', 'xterm'), ('ROS_LOCALHOST_ONLY', '0'), ('PATH', '/opt/ros/humble/bin:/usr/local/sbin:/usr/local/bin:/usr/sbin:/usr/bin:/sbin:/bin'), ('SHELL_LOGGED_IN', 'true'), ('LANG', 'C.UTF-8'), ('LS_COLORS', ''), ('GITHUB_REPOSITORY', 'mohammad-areeb/UON-CS-robotlab-simulation-container'), ('ROS_DOMAIN_ID', '30'), ('AMENT_PREFIX_PATH', '/opt/ros/humble'), ('DEBIAN_FRONTEND', 'noninteractive'), ('SHELL', '/bin/bash'), ('PWD', '/workspaces/UON-CS-robotlab-simulation-container/build/turtlebot3_navigation2'), ('INTERNAL_VSCS_TARGET_URL', 'https://uksouth.online.visualstudio.com'), ('TURTLEBOT3_MODEL', 'waffle'), ('LC_ALL', 'C.UTF-8'), ('GITHUB_SERVER_URL', 'https://github.com'), ('PYTHONPATH', '/opt/ros/humble/lib/python3.10/site-packages:/opt/ros/humble/local/lib/python3.10/dist-packages'), ('CODESPACE_NAME', 'urban-space-garbanzo-j7wwvprrjjp25j95'), ('COLCON', '1'), ('CMAKE_PREFIX_PATH', '/opt/ros/humble')]), 'shell': False}
[485.023958] (turtlebot3_manipulation_gazebo) StdoutLine: {'line': b'-- Symlinking: /workspaces/UON-CS-robotlab-simulation-container/install/turtlebot3_manipulation_gazebo/share/turtlebot3_manipulation_gazebo/models/turtlebot3_home_service_challenge/marker0/model.config\n'}
[485.046456] (turtlebot3_manipulation_gazebo) StdoutLine: {'line': b'-- Symlinking: /workspaces/UON-CS-robotlab-simulation-container/install/turtlebot3_manipulation_gazebo/share/turtlebot3_manipulation_gazebo/models/turtlebot3_home_service_challenge/marker0/model.sdf\n'}
[485.062014] (turtlebot3_manipulation_gazebo) StdoutLine: {'line': b'-- Symlinking: /workspaces/UON-CS-robotlab-simulation-container/install/turtlebot3_manipulation_gazebo/share/turtlebot3_manipulation_gazebo/models/turtlebot3_home_service_challenge/marker1/materials/textures/Marker1.png\n'}
[485.075437] (turtlebot3_manipulation_gazebo) StdoutLine: {'line': b'-- Symlinking: /workspaces/UON-CS-robotlab-simulation-container/install/turtlebot3_manipulation_gazebo/share/turtlebot3_manipulation_gazebo/models/turtlebot3_home_service_challenge/marker1/meshes/Marker1.dae\n'}
[485.076505] (-) TimerEvent: {}
[485.102451] (turtlebot3_manipulation_gazebo) StdoutLine: {'line': b'-- Symlinking: /workspaces/UON-CS-robotlab-simulation-container/install/turtlebot3_manipulation_gazebo/share/turtlebot3_manipulation_gazebo/models/turtlebot3_home_service_challenge/marker1/model-1_4.sdf\n'}
[485.139354] (turtlebot3_navigation2) CommandEnded: {'returncode': 0}
[485.144035] (turtlebot3_navigation2) JobProgress: {'identifier': 'turtlebot3_navigation2', 'progress': 'install'}
[485.144096] (turtlebot3_navigation2) Command: {'cmd': ['/usr/bin/cmake', '--install', '/workspaces/UON-CS-robotlab-simulation-container/build/turtlebot3_navigation2'], 'cwd': '/workspaces/UON-CS-robotlab-simulation-container/build/turtlebot3_navigation2', 'env': OrderedDict([('GITHUB_TOKEN', 'ghu_qzXzf473tpbDuGEeRKMePfjjEUUgEL3qLs6h'), ('GITHUB_CODESPACE_TOKEN', 'AOKRK4QICIVTYBHCYV5Y7K3KNF2YXANCNFSM4AXFRYHA'), ('FEATURE_SPARK_POST_COMMIT_CREATE_ITERATION', 'true'), ('HOSTNAME', 'codespaces-9eb142'), ('GITHUB_CODESPACES_PORT_FORWARDING_DOMAIN', 'app.github.dev'), ('SHLVL', '2'), ('LD_LIBRARY_PATH', '/usr/lib/x86_64-linux-gnu/gazebo-11/plugins:/opt/ros/humble/opt/rviz_ogre_vendor/lib:/opt/ros/humble/lib/x86_64-linux-gnu:/opt/ros/humble/lib'), ('HOME', '/home/vscode'), ('OLDPWD', '/workspaces/UON-CS-robotlab-simulation-container'), ('CODESPACES', 'true'), ('ROS_PYTHON_VERSION', '3'), ('GITHUB_USER', 'mohammad-areeb'), ('GITHUB_GRAPHQL_URL', 'https://api.github.com/graphql'), ('ROS_DISTRO', 'humble'), ('ContainerVersion', '13'), ('GITHUB_API_URL', 'https://api.github.com'), ('RepositoryName', 'UON-CS-robotlab-simulation-container'), ('_', '/usr/bin/colcon'), ('ROS_VERSION', '2'), ('CLOUDENV_ENVIRONMENT_ID', '344bab99-1d47-4655-88f7-fee790854045'), ('TERM', 'xterm'), ('ROS_LOCALHOST_ONLY', '0'), ('PATH', '/opt/ros/humble/bin:/usr/local/sbin:/usr/local/bin:/usr/sbin:/usr/bin:/sbin:/bin'), ('SHELL_LOGGED_IN', 'true'), ('LANG', 'C.UTF-8'), ('LS_COLORS', ''), ('GITHUB_REPOSITORY', 'mohammad-areeb/UON-CS-robotlab-simulation-container'), ('ROS_DOMAIN_ID', '30'), ('AMENT_PREFIX_PATH', '/opt/ros/humble'), ('DEBIAN_FRONTEND', 'noninteractive'), ('SHELL', '/bin/bash'), ('PWD', '/workspaces/UON-CS-robotlab-simulation-container/build/turtlebot3_navigation2'), ('INTERNAL_VSCS_TARGET_URL', 'https://uksouth.online.visualstudio.com'), ('TURTLEBOT3_MODEL', 'waffle'), ('LC_ALL', 'C.UTF-8'), ('GITHUB_SERVER_URL', 'https://github.com'), ('PYTHONPATH', '/opt/ros/humble/lib/python3.10/site-packages:/opt/ros/humble/local/lib/python3.10/dist-packages'), ('CODESPACE_NAME', 'urban-space-garbanzo-j7wwvprrjjp25j95'), ('COLCON', '1'), ('CMAKE_PREFIX_PATH', '/opt/ros/humble')]), 'shell': False}
[485.144539] (turtlebot3_manipulation_gazebo) StdoutLine: {'line': b'-- Symlinking: /workspaces/UON-CS-robotlab-simulation-container/install/turtlebot3_manipulation_gazebo/share/turtlebot3_manipulation_gazebo/models/turtlebot3_home_service_challenge/marker1/model-1_5.sdf\n'}
[485.151543] (turtlebot3_navigation2) StdoutLine: {'line': b'-- Install configuration: ""\n'}
[485.154157] (turtlebot3_navigation2) StdoutLine: {'line': b'-- Execute custom install script\n'}
[485.156058] (turtlebot3_navigation2) StdoutLine: {'line': b'-- Symlinking: /workspaces/UON-CS-robotlab-simulation-container/install/turtlebot3_navigation2/share/turtlebot3_navigation2/launch/navigation2.launch.py\n'}
[485.181036] (-) TimerEvent: {}
[485.191181] (turtlebot3_manipulation_gazebo) StdoutLine: {'line': b'-- Symlinking: /workspaces/UON-CS-robotlab-simulation-container/install/turtlebot3_manipulation_gazebo/share/turtlebot3_manipulation_gazebo/models/turtlebot3_home_service_challenge/marker1/model.config\n'}
[485.198816] (turtlebot3_navigation2) StdoutLine: {'line': b'-- Symlinking: /workspaces/UON-CS-robotlab-simulation-container/install/turtlebot3_navigation2/share/turtlebot3_navigation2/map/map.pgm\n'}
[485.215640] (turtlebot3_manipulation_gazebo) StdoutLine: {'line': b'-- Symlinking: /workspaces/UON-CS-robotlab-simulation-container/install/turtlebot3_manipulation_gazebo/share/turtlebot3_manipulation_gazebo/models/turtlebot3_home_service_challenge/marker1/model.sdf\n'}
[485.226541] (turtlebot3_navigation2) StdoutLine: {'line': b'-- Symlinking: /workspaces/UON-CS-robotlab-simulation-container/install/turtlebot3_navigation2/share/turtlebot3_navigation2/map/map.yaml\n'}
[485.240104] (turtlebot3_manipulation_gazebo) StdoutLine: {'line': b'-- Symlinking: /workspaces/UON-CS-robotlab-simulation-container/install/turtlebot3_manipulation_gazebo/share/turtlebot3_manipulation_gazebo/models/turtlebot3_home_service_challenge/marker2/materials/textures/Marker2.png\n'}
[485.249122] (turtlebot3_navigation2) StdoutLine: {'line': b'-- Symlinking: /workspaces/UON-CS-robotlab-simulation-container/install/turtlebot3_navigation2/share/turtlebot3_navigation2/param/burger.yaml\n'}
[485.257123] (turtlebot3_manipulation_gazebo) StdoutLine: {'line': b'-- Symlinking: /workspaces/UON-CS-robotlab-simulation-container/install/turtlebot3_manipulation_gazebo/share/turtlebot3_manipulation_gazebo/models/turtlebot3_home_service_challenge/marker2/meshes/Marker2.dae\n'}
[485.270029] (turtlebot3_manipulation_gazebo) StdoutLine: {'line': b'-- Symlinking: /workspaces/UON-CS-robotlab-simulation-container/install/turtlebot3_manipulation_gazebo/share/turtlebot3_manipulation_gazebo/models/turtlebot3_home_service_challenge/marker2/model-1_4.sdf\n'}
[485.271258] (turtlebot3_navigation2) StdoutLine: {'line': b'-- Symlinking: /workspaces/UON-CS-robotlab-simulation-container/install/turtlebot3_navigation2/share/turtlebot3_navigation2/param/burger_cam.yaml\n'}
[485.283020] (-) TimerEvent: {}
[485.287468] (turtlebot3_manipulation_gazebo) StdoutLine: {'line': b'-- Symlinking: /workspaces/UON-CS-robotlab-simulation-container/install/turtlebot3_manipulation_gazebo/share/turtlebot3_manipulation_gazebo/models/turtlebot3_home_service_challenge/marker2/model-1_5.sdf\n'}
[485.297298] (turtlebot3_navigation2) StdoutLine: {'line': b'-- Symlinking: /workspaces/UON-CS-robotlab-simulation-container/install/turtlebot3_navigation2/share/turtlebot3_navigation2/param/humble/burger.yaml\n'}
[485.310053] (turtlebot3_manipulation_gazebo) StdoutLine: {'line': b'-- Symlinking: /workspaces/UON-CS-robotlab-simulation-container/install/turtlebot3_manipulation_gazebo/share/turtlebot3_manipulation_gazebo/models/turtlebot3_home_service_challenge/marker2/model.config\n'}
[485.322684] (turtlebot3_manipulation_gazebo) StdoutLine: {'line': b'-- Symlinking: /workspaces/UON-CS-robotlab-simulation-container/install/turtlebot3_manipulation_gazebo/share/turtlebot3_manipulation_gazebo/models/turtlebot3_home_service_challenge/marker2/model.sdf\n'}
[485.323490] (turtlebot3_navigation2) StdoutLine: {'line': b'-- Symlinking: /workspaces/UON-CS-robotlab-simulation-container/install/turtlebot3_navigation2/share/turtlebot3_navigation2/param/humble/burger_cam.yaml\n'}
[485.450133] (turtlebot3_manipulation_gazebo) StdoutLine: {'line': b'-- Symlinking: /workspaces/UON-CS-robotlab-simulation-container/install/turtlebot3_manipulation_gazebo/share/turtlebot3_manipulation_gazebo/models/turtlebot3_home_service_challenge/marker3/materials/textures/Marker3.png\n'}
[485.451069] (-) TimerEvent: {}
[485.488730] (turtlebot3_navigation2) StdoutLine: {'line': b'-- Symlinking: /workspaces/UON-CS-robotlab-simulation-container/install/turtlebot3_navigation2/share/turtlebot3_navigation2/param/humble/waffle.yaml\n'}
[485.496716] (turtlebot3_manipulation_gazebo) StdoutLine: {'line': b'-- Symlinking: /workspaces/UON-CS-robotlab-simulation-container/install/turtlebot3_manipulation_gazebo/share/turtlebot3_manipulation_gazebo/models/turtlebot3_home_service_challenge/marker3/meshes/Marker3.dae\n'}
[485.519762] (turtlebot3_navigation2) StdoutLine: {'line': b'-- Symlinking: /workspaces/UON-CS-robotlab-simulation-container/install/turtlebot3_navigation2/share/turtlebot3_navigation2/param/humble/waffle_pi.yaml\n'}
[485.527314] (turtlebot3_manipulation_gazebo) StdoutLine: {'line': b'-- Symlinking: /workspaces/UON-CS-robotlab-simulation-container/install/turtlebot3_manipulation_gazebo/share/turtlebot3_manipulation_gazebo/models/turtlebot3_home_service_challenge/marker3/model-1_4.sdf\n'}
[485.544011] (turtlebot3_navigation2) StdoutLine: {'line': b'-- Symlinking: /workspaces/UON-CS-robotlab-simulation-container/install/turtlebot3_navigation2/share/turtlebot3_navigation2/param/waffle.yaml\n'}
[485.549783] (turtlebot3_manipulation_gazebo) StdoutLine: {'line': b'-- Symlinking: /workspaces/UON-CS-robotlab-simulation-container/install/turtlebot3_manipulation_gazebo/share/turtlebot3_manipulation_gazebo/models/turtlebot3_home_service_challenge/marker3/model-1_5.sdf\n'}
[485.551143] (-) TimerEvent: {}
[485.564092] (turtlebot3_navigation2) StdoutLine: {'line': b'-- Symlinking: /workspaces/UON-CS-robotlab-simulation-container/install/turtlebot3_navigation2/share/turtlebot3_navigation2/param/waffle_pi.yaml\n'}
[485.573252] (turtlebot3_manipulation_gazebo) StdoutLine: {'line': b'-- Symlinking: /workspaces/UON-CS-robotlab-simulation-container/install/turtlebot3_manipulation_gazebo/share/turtlebot3_manipulation_gazebo/models/turtlebot3_home_service_challenge/marker3/model.config\n'}
[485.586749] (turtlebot3_navigation2) StdoutLine: {'line': b'-- Symlinking: /workspaces/UON-CS-robotlab-simulation-container/install/turtlebot3_navigation2/share/turtlebot3_navigation2/rviz/tb3_navigation2.rviz\n'}
[485.587958] (turtlebot3_manipulation_gazebo) StdoutLine: {'line': b'-- Symlinking: /workspaces/UON-CS-robotlab-simulation-container/install/turtlebot3_manipulation_gazebo/share/turtlebot3_manipulation_gazebo/models/turtlebot3_home_service_challenge/marker3/model.sdf\n'}
[485.605162] (turtlebot3_manipulation_gazebo) StdoutLine: {'line': b'-- Symlinking: /workspaces/UON-CS-robotlab-simulation-container/install/turtlebot3_manipulation_gazebo/share/turtlebot3_manipulation_gazebo/models/turtlebot3_home_service_challenge/marker4/materials/textures/Marker4.png\n'}
[485.610507] (turtlebot3_navigation2) StdoutLine: {'line': b'-- Symlinking: /workspaces/UON-CS-robotlab-simulation-container/install/turtlebot3_navigation2/share/ament_index/resource_index/package_run_dependencies/turtlebot3_navigation2\n'}
[485.626015] (turtlebot3_manipulation_gazebo) StdoutLine: {'line': b'-- Symlinking: /workspaces/UON-CS-robotlab-simulation-container/install/turtlebot3_manipulation_gazebo/share/turtlebot3_manipulation_gazebo/models/turtlebot3_home_service_challenge/marker4/meshes/Marker4.dae\n'}
[485.633205] (turtlebot3_navigation2) StdoutLine: {'line': b'-- Symlinking: /workspaces/UON-CS-robotlab-simulation-container/install/turtlebot3_navigation2/share/ament_index/resource_index/parent_prefix_path/turtlebot3_navigation2\n'}
[485.639114] (turtlebot3_manipulation_gazebo) StdoutLine: {'line': b'-- Symlinking: /workspaces/UON-CS-robotlab-simulation-container/install/turtlebot3_manipulation_gazebo/share/turtlebot3_manipulation_gazebo/models/turtlebot3_home_service_challenge/marker4/model-1_4.sdf\n'}
[485.651263] (-) TimerEvent: {}
[485.653178] (turtlebot3_manipulation_gazebo) StdoutLine: {'line': b'-- Symlinking: /workspaces/UON-CS-robotlab-simulation-container/install/turtlebot3_manipulation_gazebo/share/turtlebot3_manipulation_gazebo/models/turtlebot3_home_service_challenge/marker4/model-1_5.sdf\n'}
[485.661157] (turtlebot3_navigation2) StdoutLine: {'line': b'-- Symlinking: /workspaces/UON-CS-robotlab-simulation-container/install/turtlebot3_navigation2/share/turtlebot3_navigation2/environment/ament_prefix_path.sh\n'}
[485.668626] (turtlebot3_manipulation_gazebo) StdoutLine: {'line': b'-- Symlinking: /workspaces/UON-CS-robotlab-simulation-container/install/turtlebot3_manipulation_gazebo/share/turtlebot3_manipulation_gazebo/models/turtlebot3_home_service_challenge/marker4/model.config\n'}
[485.684342] (turtlebot3_manipulation_gazebo) StdoutLine: {'line': b'-- Symlinking: /workspaces/UON-CS-robotlab-simulation-container/install/turtlebot3_manipulation_gazebo/share/turtlebot3_manipulation_gazebo/models/turtlebot3_home_service_challenge/marker4/model.sdf\n'}
[485.690134] (turtlebot3_navigation2) StdoutLine: {'line': b'-- Symlinking: /workspaces/UON-CS-robotlab-simulation-container/install/turtlebot3_navigation2/share/turtlebot3_navigation2/environment/ament_prefix_path.dsv\n'}
[485.696687] (turtlebot3_manipulation_gazebo) StdoutLine: {'line': b'-- Symlinking: /workspaces/UON-CS-robotlab-simulation-container/install/turtlebot3_manipulation_gazebo/share/turtlebot3_manipulation_gazebo/models/turtlebot3_home_service_challenge/marker5/materials/textures/Marker5.png\n'}
[485.710726] (turtlebot3_manipulation_gazebo) StdoutLine: {'line': b'-- Symlinking: /workspaces/UON-CS-robotlab-simulation-container/install/turtlebot3_manipulation_gazebo/share/turtlebot3_manipulation_gazebo/models/turtlebot3_home_service_challenge/marker5/meshes/Marker5.dae\n'}
[485.723953] (turtlebot3_navigation2) StdoutLine: {'line': b'-- Symlinking: /workspaces/UON-CS-robotlab-simulation-container/install/turtlebot3_navigation2/share/turtlebot3_navigation2/environment/path.sh\n'}
[485.729846] (turtlebot3_manipulation_gazebo) StdoutLine: {'line': b'-- Symlinking: /workspaces/UON-CS-robotlab-simulation-container/install/turtlebot3_manipulation_gazebo/share/turtlebot3_manipulation_gazebo/models/turtlebot3_home_service_challenge/marker5/model-1_4.sdf\n'}
[485.743773] (turtlebot3_manipulation_gazebo) StdoutLine: {'line': b'-- Symlinking: /workspaces/UON-CS-robotlab-simulation-container/install/turtlebot3_manipulation_gazebo/share/turtlebot3_manipulation_gazebo/models/turtlebot3_home_service_challenge/marker5/model-1_5.sdf\n'}
[485.750256] (turtlebot3_navigation2) StdoutLine: {'line': b'-- Symlinking: /workspaces/UON-CS-robotlab-simulation-container/install/turtlebot3_navigation2/share/turtlebot3_navigation2/environment/path.dsv\n'}
[485.751357] (-) TimerEvent: {}
[485.759989] (turtlebot3_manipulation_gazebo) StdoutLine: {'line': b'-- Symlinking: /workspaces/UON-CS-robotlab-simulation-container/install/turtlebot3_manipulation_gazebo/share/turtlebot3_manipulation_gazebo/models/turtlebot3_home_service_challenge/marker5/model.config\n'}
[485.772329] (turtlebot3_navigation2) StdoutLine: {'line': b'-- Symlinking: /workspaces/UON-CS-robotlab-simulation-container/install/turtlebot3_navigation2/share/turtlebot3_navigation2/local_setup.bash\n'}
[485.778365] (turtlebot3_manipulation_gazebo) StdoutLine: {'line': b'-- Symlinking: /workspaces/UON-CS-robotlab-simulation-container/install/turtlebot3_manipulation_gazebo/share/turtlebot3_manipulation_gazebo/models/turtlebot3_home_service_challenge/marker5/model.sdf\n'}
[485.872388] (turtlebot3_manipulation_gazebo) StdoutLine: {'line': b'-- Symlinking: /workspaces/UON-CS-robotlab-simulation-container/install/turtlebot3_manipulation_gazebo/share/turtlebot3_manipulation_gazebo/models/turtlebot3_home_service_challenge/marker6/materials/textures/Marker6.png\n'}
[485.876752] (-) TimerEvent: {}
[485.916160] (turtlebot3_navigation2) StdoutLine: {'line': b'-- Symlinking: /workspaces/UON-CS-robotlab-simulation-container/install/turtlebot3_navigation2/share/turtlebot3_navigation2/local_setup.sh\n'}
[485.967013] (turtlebot3_manipulation_gazebo) StdoutLine: {'line': b'-- Symlinking: /workspaces/UON-CS-robotlab-simulation-container/install/turtlebot3_manipulation_gazebo/share/turtlebot3_manipulation_gazebo/models/turtlebot3_home_service_challenge/marker6/meshes/Marker6.dae\n'}
[485.969765] (turtlebot3_navigation2) StdoutLine: {'line': b'-- Symlinking: /workspaces/UON-CS-robotlab-simulation-container/install/turtlebot3_navigation2/share/turtlebot3_navigation2/local_setup.zsh\n'}
[485.976848] (-) TimerEvent: {}
[485.986603] (turtlebot3_navigation2) StdoutLine: {'line': b'-- Symlinking: /workspaces/UON-CS-robotlab-simulation-container/install/turtlebot3_navigation2/share/turtlebot3_navigation2/local_setup.dsv\n'}
[486.001896] (turtlebot3_manipulation_gazebo) StdoutLine: {'line': b'-- Symlinking: /workspaces/UON-CS-robotlab-simulation-container/install/turtlebot3_manipulation_gazebo/share/turtlebot3_manipulation_gazebo/models/turtlebot3_home_service_challenge/marker6/model-1_4.sdf\n'}
[486.013056] (turtlebot3_navigation2) StdoutLine: {'line': b'-- Symlinking: /workspaces/UON-CS-robotlab-simulation-container/install/turtlebot3_navigation2/share/turtlebot3_navigation2/package.dsv\n'}
[486.023560] (turtlebot3_manipulation_gazebo) StdoutLine: {'line': b'-- Symlinking: /workspaces/UON-CS-robotlab-simulation-container/install/turtlebot3_manipulation_gazebo/share/turtlebot3_manipulation_gazebo/models/turtlebot3_home_service_challenge/marker6/model-1_5.sdf\n'}
[486.033170] (turtlebot3_navigation2) StdoutLine: {'line': b'-- Symlinking: /workspaces/UON-CS-robotlab-simulation-container/install/turtlebot3_navigation2/share/ament_index/resource_index/packages/turtlebot3_navigation2\n'}
[486.044783] (turtlebot3_manipulation_gazebo) StdoutLine: {'line': b'-- Symlinking: /workspaces/UON-CS-robotlab-simulation-container/install/turtlebot3_manipulation_gazebo/share/turtlebot3_manipulation_gazebo/models/turtlebot3_home_service_challenge/marker6/model.config\n'}
[486.050798] (turtlebot3_navigation2) StdoutLine: {'line': b'-- Symlinking: /workspaces/UON-CS-robotlab-simulation-container/install/turtlebot3_navigation2/share/turtlebot3_navigation2/cmake/turtlebot3_navigation2Config.cmake\n'}
[486.064687] (turtlebot3_navigation2) StdoutLine: {'line': b'-- Symlinking: /workspaces/UON-CS-robotlab-simulation-container/install/turtlebot3_navigation2/share/turtlebot3_navigation2/cmake/turtlebot3_navigation2Config-version.cmake\n'}
[486.066827] (turtlebot3_manipulation_gazebo) StdoutLine: {'line': b'-- Symlinking: /workspaces/UON-CS-robotlab-simulation-container/install/turtlebot3_manipulation_gazebo/share/turtlebot3_manipulation_gazebo/models/turtlebot3_home_service_challenge/marker6/model.sdf\n'}
[486.076984] (-) TimerEvent: {}
[486.089019] (turtlebot3_manipulation_gazebo) StdoutLine: {'line': b'-- Symlinking: /workspaces/UON-CS-robotlab-simulation-container/install/turtlebot3_manipulation_gazebo/share/turtlebot3_manipulation_gazebo/models/turtlebot3_home_service_challenge/marker7/materials/textures/Marker7.png\n'}
[486.101163] (turtlebot3_navigation2) StdoutLine: {'line': b'-- Symlinking: /workspaces/UON-CS-robotlab-simulation-container/install/turtlebot3_navigation2/share/turtlebot3_navigation2/package.xml\n'}
[486.101385] (turtlebot3_manipulation_gazebo) StdoutLine: {'line': b'-- Symlinking: /workspaces/UON-CS-robotlab-simulation-container/install/turtlebot3_manipulation_gazebo/share/turtlebot3_manipulation_gazebo/models/turtlebot3_home_service_challenge/marker7/meshes/Marker7.dae\n'}
[486.122168] (turtlebot3_manipulation_gazebo) StdoutLine: {'line': b'-- Symlinking: /workspaces/UON-CS-robotlab-simulation-container/install/turtlebot3_manipulation_gazebo/share/turtlebot3_manipulation_gazebo/models/turtlebot3_home_service_challenge/marker7/model-1_4.sdf\n'}
[486.128008] (turtlebot3_navigation2) CommandEnded: {'returncode': 0}
[486.134696] (turtlebot3_manipulation_gazebo) StdoutLine: {'line': b'-- Symlinking: /workspaces/UON-CS-robotlab-simulation-container/install/turtlebot3_manipulation_gazebo/share/turtlebot3_manipulation_gazebo/models/turtlebot3_home_service_challenge/marker7/model-1_5.sdf\n'}
[486.148036] (turtlebot3_manipulation_gazebo) StdoutLine: {'line': b'-- Symlinking: /workspaces/UON-CS-robotlab-simulation-container/install/turtlebot3_manipulation_gazebo/share/turtlebot3_manipulation_gazebo/models/turtlebot3_home_service_challenge/marker7/model.config\n'}
[486.160457] (turtlebot3_manipulation_gazebo) StdoutLine: {'line': b'-- Symlinking: /workspaces/UON-CS-robotlab-simulation-container/install/turtlebot3_manipulation_gazebo/share/turtlebot3_manipulation_gazebo/models/turtlebot3_home_service_challenge/marker7/model.sdf\n'}
[486.177812] (turtlebot3_navigation2) JobEnded: {'identifier': 'turtlebot3_navigation2', 'rc': 0}
[486.182446] (-) TimerEvent: {}
[486.184472] (turtlebot3_teleop) JobStarted: {'identifier': 'turtlebot3_teleop'}
[486.188698] (turtlebot3_manipulation_gazebo) StdoutLine: {'line': b'-- Symlinking: /workspaces/UON-CS-robotlab-simulation-container/install/turtlebot3_manipulation_gazebo/share/turtlebot3_manipulation_gazebo/models/turtlebot3_home_service_challenge/marker8/materials/textures/Marker8.png\n'}
[486.198079] (turtlebot3_manipulation_gazebo) StdoutLine: {'line': b'-- Symlinking: /workspaces/UON-CS-robotlab-simulation-container/install/turtlebot3_manipulation_gazebo/share/turtlebot3_manipulation_gazebo/models/turtlebot3_home_service_challenge/marker8/meshes/Marker8.dae\n'}
[486.221063] (turtlebot3_manipulation_gazebo) StdoutLine: {'line': b'-- Symlinking: /workspaces/UON-CS-robotlab-simulation-container/install/turtlebot3_manipulation_gazebo/share/turtlebot3_manipulation_gazebo/models/turtlebot3_home_service_challenge/marker8/model-1_4.sdf\n'}
[486.233976] (turtlebot3_manipulation_gazebo) StdoutLine: {'line': b'-- Symlinking: /workspaces/UON-CS-robotlab-simulation-container/install/turtlebot3_manipulation_gazebo/share/turtlebot3_manipulation_gazebo/models/turtlebot3_home_service_challenge/marker8/model-1_5.sdf\n'}
[486.248377] (turtlebot3_manipulation_gazebo) StdoutLine: {'line': b'-- Symlinking: /workspaces/UON-CS-robotlab-simulation-container/install/turtlebot3_manipulation_gazebo/share/turtlebot3_manipulation_gazebo/models/turtlebot3_home_service_challenge/marker8/model.config\n'}
[486.262680] (turtlebot3_manipulation_gazebo) StdoutLine: {'line': b'-- Symlinking: /workspaces/UON-CS-robotlab-simulation-container/install/turtlebot3_manipulation_gazebo/share/turtlebot3_manipulation_gazebo/models/turtlebot3_home_service_challenge/marker8/model.sdf\n'}
[486.282122] (turtlebot3_manipulation_gazebo) StdoutLine: {'line': b'-- Symlinking: /workspaces/UON-CS-robotlab-simulation-container/install/turtlebot3_manipulation_gazebo/share/turtlebot3_manipulation_gazebo/models/turtlebot3_home_service_challenge/marker9/materials/textures/Marker9.png\n'}
[486.283000] (-) TimerEvent: {}
[486.300158] (turtlebot3_manipulation_gazebo) StdoutLine: {'line': b'-- Symlinking: /workspaces/UON-CS-robotlab-simulation-container/install/turtlebot3_manipulation_gazebo/share/turtlebot3_manipulation_gazebo/models/turtlebot3_home_service_challenge/marker9/meshes/Marker9.dae\n'}
[486.319131] (turtlebot3_manipulation_gazebo) StdoutLine: {'line': b'-- Symlinking: /workspaces/UON-CS-robotlab-simulation-container/install/turtlebot3_manipulation_gazebo/share/turtlebot3_manipulation_gazebo/models/turtlebot3_home_service_challenge/marker9/model-1_4.sdf\n'}
[486.369605] (turtlebot3_manipulation_gazebo) StdoutLine: {'line': b'-- Symlinking: /workspaces/UON-CS-robotlab-simulation-container/install/turtlebot3_manipulation_gazebo/share/turtlebot3_manipulation_gazebo/models/turtlebot3_home_service_challenge/marker9/model-1_5.sdf\n'}
[486.385072] (-) TimerEvent: {}
[486.464010] (turtlebot3_manipulation_gazebo) StdoutLine: {'line': b'-- Symlinking: /workspaces/UON-CS-robotlab-simulation-container/install/turtlebot3_manipulation_gazebo/share/turtlebot3_manipulation_gazebo/models/turtlebot3_home_service_challenge/marker9/model.config\n'}
[486.485160] (-) TimerEvent: {}
[486.492746] (turtlebot3_manipulation_gazebo) StdoutLine: {'line': b'-- Symlinking: /workspaces/UON-CS-robotlab-simulation-container/install/turtlebot3_manipulation_gazebo/share/turtlebot3_manipulation_gazebo/models/turtlebot3_home_service_challenge/marker9/model.sdf\n'}
[486.512452] (turtlebot3_manipulation_gazebo) StdoutLine: {'line': b'-- Symlinking: /workspaces/UON-CS-robotlab-simulation-container/install/turtlebot3_manipulation_gazebo/share/turtlebot3_manipulation_gazebo/meshes/open_manipulator_x/gripper_left_palm.stl\n'}
[486.528138] (turtlebot3_manipulation_gazebo) StdoutLine: {'line': b'-- Symlinking: /workspaces/UON-CS-robotlab-simulation-container/install/turtlebot3_manipulation_gazebo/share/turtlebot3_manipulation_gazebo/meshes/open_manipulator_x/gripper_right_palm.stl\n'}
[486.545061] (turtlebot3_manipulation_gazebo) StdoutLine: {'line': b'-- Symlinking: /workspaces/UON-CS-robotlab-simulation-container/install/turtlebot3_manipulation_gazebo/share/turtlebot3_manipulation_gazebo/meshes/open_manipulator_x/link1.stl\n'}
[486.560510] (turtlebot3_manipulation_gazebo) StdoutLine: {'line': b'-- Symlinking: /workspaces/UON-CS-robotlab-simulation-container/install/turtlebot3_manipulation_gazebo/share/turtlebot3_manipulation_gazebo/meshes/open_manipulator_x/link2.stl\n'}
[486.577766] (turtlebot3_manipulation_gazebo) StdoutLine: {'line': b'-- Symlinking: /workspaces/UON-CS-robotlab-simulation-container/install/turtlebot3_manipulation_gazebo/share/turtlebot3_manipulation_gazebo/meshes/open_manipulator_x/link3.stl\n'}
[486.586041] (-) TimerEvent: {}
[486.602556] (turtlebot3_manipulation_gazebo) StdoutLine: {'line': b'-- Symlinking: /workspaces/UON-CS-robotlab-simulation-container/install/turtlebot3_manipulation_gazebo/share/turtlebot3_manipulation_gazebo/meshes/open_manipulator_x/link4.stl\n'}
[486.628001] (turtlebot3_manipulation_gazebo) StdoutLine: {'line': b'-- Symlinking: /workspaces/UON-CS-robotlab-simulation-container/install/turtlebot3_manipulation_gazebo/share/turtlebot3_manipulation_gazebo/meshes/open_manipulator_x/link5.stl\n'}
[486.649642] (turtlebot3_manipulation_gazebo) StdoutLine: {'line': b'-- Symlinking: /workspaces/UON-CS-robotlab-simulation-container/install/turtlebot3_manipulation_gazebo/share/turtlebot3_manipulation_gazebo/meshes/turtlebot3_waffle_pi/base.stl\n'}
[486.662154] (turtlebot3_manipulation_gazebo) StdoutLine: {'line': b'-- Symlinking: /workspaces/UON-CS-robotlab-simulation-container/install/turtlebot3_manipulation_gazebo/share/turtlebot3_manipulation_gazebo/meshes/turtlebot3_waffle_pi/ladar.stl\n'}
[486.688025] (-) TimerEvent: {}
[486.698617] (turtlebot3_manipulation_gazebo) StdoutLine: {'line': b'-- Symlinking: /workspaces/UON-CS-robotlab-simulation-container/install/turtlebot3_manipulation_gazebo/share/turtlebot3_manipulation_gazebo/meshes/turtlebot3_waffle_pi/left_tire.stl\n'}
[486.716901] (turtlebot3_manipulation_gazebo) StdoutLine: {'line': b'-- Symlinking: /workspaces/UON-CS-robotlab-simulation-container/install/turtlebot3_manipulation_gazebo/share/turtlebot3_manipulation_gazebo/meshes/turtlebot3_waffle_pi/right_tire.stl\n'}
[486.740886] (turtlebot3_manipulation_gazebo) StdoutLine: {'line': b'-- Symlinking: /workspaces/UON-CS-robotlab-simulation-container/install/turtlebot3_manipulation_gazebo/share/ament_index/resource_index/package_run_dependencies/turtlebot3_manipulation_gazebo\n'}
[486.756038] (turtlebot3_manipulation_gazebo) StdoutLine: {'line': b'-- Symlinking: /workspaces/UON-CS-robotlab-simulation-container/install/turtlebot3_manipulation_gazebo/share/ament_index/resource_index/parent_prefix_path/turtlebot3_manipulation_gazebo\n'}
[486.774707] (turtlebot3_manipulation_gazebo) StdoutLine: {'line': b'-- Symlinking: /workspaces/UON-CS-robotlab-simulation-container/install/turtlebot3_manipulation_gazebo/share/turtlebot3_manipulation_gazebo/environment/ament_prefix_path.sh\n'}
[486.789020] (-) TimerEvent: {}
[486.795984] (turtlebot3_manipulation_gazebo) StdoutLine: {'line': b'-- Symlinking: /workspaces/UON-CS-robotlab-simulation-container/install/turtlebot3_manipulation_gazebo/share/turtlebot3_manipulation_gazebo/environment/ament_prefix_path.dsv\n'}
[486.886225] (turtlebot3_manipulation_gazebo) StdoutLine: {'line': b'-- Symlinking: /workspaces/UON-CS-robotlab-simulation-container/install/turtlebot3_manipulation_gazebo/share/turtlebot3_manipulation_gazebo/environment/path.sh\n'}
[486.905548] (-) TimerEvent: {}
[486.929192] (turtlebot3_manipulation_gazebo) StdoutLine: {'line': b'-- Symlinking: /workspaces/UON-CS-robotlab-simulation-container/install/turtlebot3_manipulation_gazebo/share/turtlebot3_manipulation_gazebo/environment/path.dsv\n'}
[486.989999] (turtlebot3_manipulation_gazebo) StdoutLine: {'line': b'-- Symlinking: /workspaces/UON-CS-robotlab-simulation-container/install/turtlebot3_manipulation_gazebo/share/turtlebot3_manipulation_gazebo/local_setup.bash\n'}
[487.009060] (-) TimerEvent: {}
[487.028344] (turtlebot3_manipulation_gazebo) StdoutLine: {'line': b'-- Symlinking: /workspaces/UON-CS-robotlab-simulation-container/install/turtlebot3_manipulation_gazebo/share/turtlebot3_manipulation_gazebo/local_setup.sh\n'}
[487.055523] (turtlebot3_manipulation_gazebo) StdoutLine: {'line': b'-- Symlinking: /workspaces/UON-CS-robotlab-simulation-container/install/turtlebot3_manipulation_gazebo/share/turtlebot3_manipulation_gazebo/local_setup.zsh\n'}
[487.085210] (turtlebot3_manipulation_gazebo) StdoutLine: {'line': b'-- Symlinking: /workspaces/UON-CS-robotlab-simulation-container/install/turtlebot3_manipulation_gazebo/share/turtlebot3_manipulation_gazebo/local_setup.dsv\n'}
[487.107146] (turtlebot3_manipulation_gazebo) StdoutLine: {'line': b'-- Symlinking: /workspaces/UON-CS-robotlab-simulation-container/install/turtlebot3_manipulation_gazebo/share/turtlebot3_manipulation_gazebo/package.dsv\n'}
[487.109145] (-) TimerEvent: {}
[487.132441] (turtlebot3_manipulation_gazebo) StdoutLine: {'line': b'-- Symlinking: /workspaces/UON-CS-robotlab-simulation-container/install/turtlebot3_manipulation_gazebo/share/ament_index/resource_index/packages/turtlebot3_manipulation_gazebo\n'}
[487.153856] (turtlebot3_manipulation_gazebo) StdoutLine: {'line': b'-- Symlinking: /workspaces/UON-CS-robotlab-simulation-container/install/turtlebot3_manipulation_gazebo/share/turtlebot3_manipulation_gazebo/cmake/turtlebot3_manipulation_gazeboConfig.cmake\n'}
[487.174768] (turtlebot3_manipulation_gazebo) StdoutLine: {'line': b'-- Symlinking: /workspaces/UON-CS-robotlab-simulation-container/install/turtlebot3_manipulation_gazebo/share/turtlebot3_manipulation_gazebo/cmake/turtlebot3_manipulation_gazeboConfig-version.cmake\n'}
[487.196612] (turtlebot3_manipulation_gazebo) StdoutLine: {'line': b'-- Symlinking: /workspaces/UON-CS-robotlab-simulation-container/install/turtlebot3_manipulation_gazebo/share/turtlebot3_manipulation_gazebo/package.xml\n'}
[487.210001] (-) TimerEvent: {}
[487.340143] (-) TimerEvent: {}
[487.443039] (-) TimerEvent: {}
[487.543387] (-) TimerEvent: {}
[487.643751] (-) TimerEvent: {}
[487.747013] (-) TimerEvent: {}
[487.868288] (-) TimerEvent: {}
[487.926707] (turtlebot3_manipulation_gazebo) CommandEnded: {'returncode': 0}
[487.952990] (turtlebot3_manipulation_gazebo) JobEnded: {'identifier': 'turtlebot3_manipulation_gazebo', 'rc': 0}
[487.953373] (turtlebot3_example) JobStarted: {'identifier': 'turtlebot3_example'}
[487.968531] (-) TimerEvent: {}
[488.069129] (-) TimerEvent: {}
[488.171006] (-) TimerEvent: {}
[488.271639] (-) TimerEvent: {}
[488.399153] (-) TimerEvent: {}
[488.504009] (-) TimerEvent: {}
[488.604477] (-) TimerEvent: {}
[488.704965] (-) TimerEvent: {}
[488.807098] (-) TimerEvent: {}
[488.914408] (-) TimerEvent: {}
[489.018290] (-) TimerEvent: {}
[489.123011] (-) TimerEvent: {}
[489.225921] (-) TimerEvent: {}
[489.326991] (-) TimerEvent: {}
[489.429761] (-) TimerEvent: {}
[489.530602] (-) TimerEvent: {}
[489.632019] (-) TimerEvent: {}
[489.734027] (-) TimerEvent: {}
[489.834431] (-) TimerEvent: {}
[489.977380] (-) TimerEvent: {}
[490.085459] (-) TimerEvent: {}
[490.185875] (-) TimerEvent: {}
[490.287018] (-) TimerEvent: {}
[490.413228] (-) TimerEvent: {}
[490.521768] (-) TimerEvent: {}
[490.625019] (-) TimerEvent: {}
[490.727013] (-) TimerEvent: {}
[490.797198] (turtlebot3_teleop) Command: {'cmd': ['/usr/bin/python3', '-W', 'ignore:setup.py install is deprecated', '-W', 'ignore:easy_install command is deprecated', 'setup.py', 'develop', '--editable', '--build-directory', '/workspaces/UON-CS-robotlab-simulation-container/build/turtlebot3_teleop/build', '--no-deps', 'symlink_data'], 'cwd': '/workspaces/UON-CS-robotlab-simulation-container/build/turtlebot3_teleop', 'env': {'GITHUB_TOKEN': 'ghu_qzXzf473tpbDuGEeRKMePfjjEUUgEL3qLs6h', 'GITHUB_CODESPACE_TOKEN': 'AOKRK4QICIVTYBHCYV5Y7K3KNF2YXANCNFSM4AXFRYHA', 'FEATURE_SPARK_POST_COMMIT_CREATE_ITERATION': 'true', 'HOSTNAME': 'codespaces-9eb142', 'GITHUB_CODESPACES_PORT_FORWARDING_DOMAIN': 'app.github.dev', 'SHLVL': '2', 'LD_LIBRARY_PATH': '/usr/lib/x86_64-linux-gnu/gazebo-11/plugins:/opt/ros/humble/opt/rviz_ogre_vendor/lib:/opt/ros/humble/lib/x86_64-linux-gnu:/opt/ros/humble/lib', 'HOME': '/home/vscode', 'OLDPWD': '/workspaces/UON-CS-robotlab-simulation-container', 'CODESPACES': 'true', 'ROS_PYTHON_VERSION': '3', 'GITHUB_USER': 'mohammad-areeb', 'GITHUB_GRAPHQL_URL': 'https://api.github.com/graphql', 'ROS_DISTRO': 'humble', 'ContainerVersion': '13', 'GITHUB_API_URL': 'https://api.github.com', 'RepositoryName': 'UON-CS-robotlab-simulation-container', '_': '/usr/bin/colcon', 'ROS_VERSION': '2', 'CLOUDENV_ENVIRONMENT_ID': '344bab99-1d47-4655-88f7-fee790854045', 'TERM': 'xterm', 'ROS_LOCALHOST_ONLY': '0', 'PATH': '/opt/ros/humble/bin:/usr/local/sbin:/usr/local/bin:/usr/sbin:/usr/bin:/sbin:/bin', 'SHELL_LOGGED_IN': 'true', 'LANG': 'C.UTF-8', 'LS_COLORS': '', 'GITHUB_REPOSITORY': 'mohammad-areeb/UON-CS-robotlab-simulation-container', 'ROS_DOMAIN_ID': '30', 'AMENT_PREFIX_PATH': '/opt/ros/humble', 'DEBIAN_FRONTEND': 'noninteractive', 'SHELL': '/bin/bash', 'PWD': '/workspaces/UON-CS-robotlab-simulation-container/build/turtlebot3_teleop', 'INTERNAL_VSCS_TARGET_URL': 'https://uksouth.online.visualstudio.com', 'TURTLEBOT3_MODEL': 'waffle', 'LC_ALL': 'C.UTF-8', 'GITHUB_SERVER_URL': 'https://github.com', 'PYTHONPATH': '/workspaces/UON-CS-robotlab-simulation-container/build/turtlebot3_teleop/prefix_override:/usr/lib/python3/dist-packages/colcon_core/task/python/colcon_distutils_commands:/workspaces/UON-CS-robotlab-simulation-container/install/turtlebot3_teleop/lib/python3.10/site-packages:/opt/ros/humble/lib/python3.10/site-packages:/opt/ros/humble/local/lib/python3.10/dist-packages', 'CODESPACE_NAME': 'urban-space-garbanzo-j7wwvprrjjp25j95', 'COLCON': '1'}, 'shell': False}
[490.827117] (-) TimerEvent: {}
[490.954171] (-) TimerEvent: {}
[491.070020] (-) TimerEvent: {}
[491.129415] (turtlebot3_example) Command: {'cmd': ['/usr/bin/python3', '-W', 'ignore:setup.py install is deprecated', '-W', 'ignore:easy_install command is deprecated', 'setup.py', 'develop', '--editable', '--build-directory', '/workspaces/UON-CS-robotlab-simulation-container/build/turtlebot3_example/build', '--no-deps', 'symlink_data'], 'cwd': '/workspaces/UON-CS-robotlab-simulation-container/build/turtlebot3_example', 'env': {'GITHUB_TOKEN': 'ghu_qzXzf473tpbDuGEeRKMePfjjEUUgEL3qLs6h', 'GITHUB_CODESPACE_TOKEN': 'AOKRK4QICIVTYBHCYV5Y7K3KNF2YXANCNFSM4AXFRYHA', 'FEATURE_SPARK_POST_COMMIT_CREATE_ITERATION': 'true', 'HOSTNAME': 'codespaces-9eb142', 'GITHUB_CODESPACES_PORT_FORWARDING_DOMAIN': 'app.github.dev', 'SHLVL': '2', 'LD_LIBRARY_PATH': '/workspaces/UON-CS-robotlab-simulation-container/install/turtlebot3_msgs/lib:/usr/lib/x86_64-linux-gnu/gazebo-11/plugins:/opt/ros/humble/opt/rviz_ogre_vendor/lib:/opt/ros/humble/lib/x86_64-linux-gnu:/opt/ros/humble/lib', 'HOME': '/home/vscode', 'OLDPWD': '/workspaces/UON-CS-robotlab-simulation-container', 'CODESPACES': 'true', 'ROS_PYTHON_VERSION': '3', 'GITHUB_USER': 'mohammad-areeb', 'GITHUB_GRAPHQL_URL': 'https://api.github.com/graphql', 'ROS_DISTRO': 'humble', 'ContainerVersion': '13', 'GITHUB_API_URL': 'https://api.github.com', 'RepositoryName': 'UON-CS-robotlab-simulation-container', '_': '/usr/bin/colcon', 'ROS_VERSION': '2', 'CLOUDENV_ENVIRONMENT_ID': '344bab99-1d47-4655-88f7-fee790854045', 'TERM': 'xterm', 'ROS_LOCALHOST_ONLY': '0', 'PATH': '/opt/ros/humble/bin:/usr/local/sbin:/usr/local/bin:/usr/sbin:/usr/bin:/sbin:/bin', 'SHELL_LOGGED_IN': 'true', 'LANG': 'C.UTF-8', 'LS_COLORS': '', 'GITHUB_REPOSITORY': 'mohammad-areeb/UON-CS-robotlab-simulation-container', 'ROS_DOMAIN_ID': '30', 'AMENT_PREFIX_PATH': '/workspaces/UON-CS-robotlab-simulation-container/install/turtlebot3_msgs:/opt/ros/humble', 'DEBIAN_FRONTEND': 'noninteractive', 'SHELL': '/bin/bash', 'PWD': '/workspaces/UON-CS-robotlab-simulation-container/build/turtlebot3_example', 'INTERNAL_VSCS_TARGET_URL': 'https://uksouth.online.visualstudio.com', 'TURTLEBOT3_MODEL': 'waffle', 'LC_ALL': 'C.UTF-8', 'GITHUB_SERVER_URL': 'https://github.com', 'PYTHONPATH': '/workspaces/UON-CS-robotlab-simulation-container/build/turtlebot3_example/prefix_override:/usr/lib/python3/dist-packages/colcon_core/task/python/colcon_distutils_commands:/workspaces/UON-CS-robotlab-simulation-container/install/turtlebot3_example/lib/python3.10/site-packages:/workspaces/UON-CS-robotlab-simulation-container/install/turtlebot3_msgs/local/lib/python3.10/dist-packages:/opt/ros/humble/lib/python3.10/site-packages:/opt/ros/humble/local/lib/python3.10/dist-packages', 'CODESPACE_NAME': 'urban-space-garbanzo-j7wwvprrjjp25j95', 'COLCON': '1', 'CMAKE_PREFIX_PATH': '/workspaces/UON-CS-robotlab-simulation-container/install/turtlebot3_msgs'}, 'shell': False}
[491.172512] (-) TimerEvent: {}
[491.275029] (-) TimerEvent: {}
[491.379020] (-) TimerEvent: {}
[491.486812] (-) TimerEvent: {}
[491.589025] (-) TimerEvent: {}
[491.689552] (-) TimerEvent: {}
[491.738062] (turtlebot3_teleop) StdoutLine: {'line': b'running develop\n'}
[491.782214] (turtlebot3_example) StdoutLine: {'line': b'running develop\n'}
[491.791007] (-) TimerEvent: {}
[491.891461] (-) TimerEvent: {}
[492.007582] (-) TimerEvent: {}
[492.112021] (-) TimerEvent: {}
[492.186407] (turtlebot3_teleop) StdoutLine: {'line': b'running egg_info\n'}
[492.187409] (turtlebot3_teleop) StdoutLine: {'line': b'creating turtlebot3_teleop.egg-info\n'}
[492.187546] (turtlebot3_teleop) StdoutLine: {'line': b'writing turtlebot3_teleop.egg-info/PKG-INFO\n'}
[492.187657] (turtlebot3_teleop) StdoutLine: {'line': b'writing dependency_links to turtlebot3_teleop.egg-info/dependency_links.txt\n'}
[492.187753] (turtlebot3_teleop) StdoutLine: {'line': b'writing entry points to turtlebot3_teleop.egg-info/entry_points.txt\n'}
[492.187845] (turtlebot3_teleop) StdoutLine: {'line': b'writing requirements to turtlebot3_teleop.egg-info/requires.txt\n'}
[492.187958] (turtlebot3_teleop) StdoutLine: {'line': b'writing top-level names to turtlebot3_teleop.egg-info/top_level.txt\n'}
[492.197456] (turtlebot3_teleop) StdoutLine: {'line': b"writing manifest file 'turtlebot3_teleop.egg-info/SOURCES.txt'\n"}
[492.200022] (turtlebot3_teleop) StdoutLine: {'line': b"reading manifest file 'turtlebot3_teleop.egg-info/SOURCES.txt'\n"}
[492.201206] (turtlebot3_teleop) StdoutLine: {'line': b"writing manifest file 'turtlebot3_teleop.egg-info/SOURCES.txt'\n"}
[492.205334] (turtlebot3_teleop) StdoutLine: {'line': b'running build_ext\n'}
[492.205609] (turtlebot3_teleop) StdoutLine: {'line': b'Creating /workspaces/UON-CS-robotlab-simulation-container/install/turtlebot3_teleop/lib/python3.10/site-packages/turtlebot3-teleop.egg-link (link to .)\n'}
[492.208989] (turtlebot3_teleop) StdoutLine: {'line': b'Installing teleop_keyboard script to /workspaces/UON-CS-robotlab-simulation-container/install/turtlebot3_teleop/lib/turtlebot3_teleop\n'}
[492.209451] (turtlebot3_teleop) StdoutLine: {'line': b'\n'}
[492.209764] (turtlebot3_teleop) StdoutLine: {'line': b'Installed /workspaces/UON-CS-robotlab-simulation-container/build/turtlebot3_teleop\n'}
[492.209923] (turtlebot3_teleop) StdoutLine: {'line': b'running symlink_data\n'}
[492.210394] (turtlebot3_teleop) StdoutLine: {'line': b'creating /workspaces/UON-CS-robotlab-simulation-container/install/turtlebot3_teleop/share/ament_index\n'}
[492.212050] (-) TimerEvent: {}
[492.213816] (turtlebot3_teleop) StdoutLine: {'line': b'creating /workspaces/UON-CS-robotlab-simulation-container/install/turtlebot3_teleop/share/ament_index/resource_index\n'}
[492.215142] (turtlebot3_teleop) StdoutLine: {'line': b'creating /workspaces/UON-CS-robotlab-simulation-container/install/turtlebot3_teleop/share/ament_index/resource_index/packages\n'}
[492.215299] (turtlebot3_teleop) StdoutLine: {'line': b'symbolically linking /workspaces/UON-CS-robotlab-simulation-container/build/turtlebot3_teleop/resource/turtlebot3_teleop -> /workspaces/UON-CS-robotlab-simulation-container/install/turtlebot3_teleop/share/ament_index/resource_index/packages\n'}
[492.215417] (turtlebot3_teleop) StdoutLine: {'line': b'symbolically linking /workspaces/UON-CS-robotlab-simulation-container/build/turtlebot3_teleop/package.xml -> /workspaces/UON-CS-robotlab-simulation-container/install/turtlebot3_teleop/share/turtlebot3_teleop\n'}
[492.267098] (turtlebot3_teleop) CommandEnded: {'returncode': 0}
[492.287600] (turtlebot3_teleop) JobEnded: {'identifier': 'turtlebot3_teleop', 'rc': 0}
[492.293138] (turtlebot3_fake_node) JobStarted: {'identifier': 'turtlebot3_fake_node'}
[492.301430] (turtlebot3_example) StdoutLine: {'line': b'running egg_info\n'}
[492.302122] (turtlebot3_example) StdoutLine: {'line': b'creating turtlebot3_example.egg-info\n'}
[492.303224] (turtlebot3_example) StdoutLine: {'line': b'writing turtlebot3_example.egg-info/PKG-INFO\n'}
[492.303371] (turtlebot3_example) StdoutLine: {'line': b'writing dependency_links to turtlebot3_example.egg-info/dependency_links.txt\n'}
[492.303453] (turtlebot3_example) StdoutLine: {'line': b'writing entry points to turtlebot3_example.egg-info/entry_points.txt\n'}
[492.303532] (turtlebot3_example) StdoutLine: {'line': b'writing requirements to turtlebot3_example.egg-info/requires.txt\n'}
[492.303613] (turtlebot3_example) StdoutLine: {'line': b'writing top-level names to turtlebot3_example.egg-info/top_level.txt\n'}
[492.312244] (turtlebot3_example) StdoutLine: {'line': b"writing manifest file 'turtlebot3_example.egg-info/SOURCES.txt'\n"}
[492.312448] (-) TimerEvent: {}
[492.314592] (turtlebot3_example) StdoutLine: {'line': b"reading manifest file 'turtlebot3_example.egg-info/SOURCES.txt'\n"}
[492.314753] (turtlebot3_example) StdoutLine: {'line': b"writing manifest file 'turtlebot3_example.egg-info/SOURCES.txt'\n"}
[492.314838] (turtlebot3_example) StdoutLine: {'line': b'running build_ext\n'}
[492.314912] (turtlebot3_example) StdoutLine: {'line': b'Creating /workspaces/UON-CS-robotlab-simulation-container/install/turtlebot3_example/lib/python3.10/site-packages/turtlebot3-example.egg-link (link to .)\n'}
[492.315012] (turtlebot3_example) StdoutLine: {'line': b'Installing turtlebot3_absolute_move script to /workspaces/UON-CS-robotlab-simulation-container/install/turtlebot3_example/lib/turtlebot3_example\n'}
[492.315086] (turtlebot3_example) StdoutLine: {'line': b'Installing turtlebot3_interactive_marker script to /workspaces/UON-CS-robotlab-simulation-container/install/turtlebot3_example/lib/turtlebot3_example\n'}
[492.315155] (turtlebot3_example) StdoutLine: {'line': b'Installing turtlebot3_obstacle_detection script to /workspaces/UON-CS-robotlab-simulation-container/install/turtlebot3_example/lib/turtlebot3_example\n'}
[492.315224] (turtlebot3_example) StdoutLine: {'line': b'Installing turtlebot3_patrol_client script to /workspaces/UON-CS-robotlab-simulation-container/install/turtlebot3_example/lib/turtlebot3_example\n'}
[492.315292] (turtlebot3_example) StdoutLine: {'line': b'Installing turtlebot3_patrol_server script to /workspaces/UON-CS-robotlab-simulation-container/install/turtlebot3_example/lib/turtlebot3_example\n'}
[492.315361] (turtlebot3_example) StdoutLine: {'line': b'Installing turtlebot3_relative_move script to /workspaces/UON-CS-robotlab-simulation-container/install/turtlebot3_example/lib/turtlebot3_example\n'}
[492.315426] (turtlebot3_example) StdoutLine: {'line': b'\n'}
[492.315491] (turtlebot3_example) StdoutLine: {'line': b'Installed /workspaces/UON-CS-robotlab-simulation-container/build/turtlebot3_example\n'}
[492.315556] (turtlebot3_example) StdoutLine: {'line': b'running symlink_data\n'}
[492.315621] (turtlebot3_example) StdoutLine: {'line': b'creating /workspaces/UON-CS-robotlab-simulation-container/install/turtlebot3_example/share/ament_index\n'}
[492.315687] (turtlebot3_example) StdoutLine: {'line': b'creating /workspaces/UON-CS-robotlab-simulation-container/install/turtlebot3_example/share/ament_index/resource_index\n'}
[492.315755] (turtlebot3_example) StdoutLine: {'line': b'creating /workspaces/UON-CS-robotlab-simulation-container/install/turtlebot3_example/share/ament_index/resource_index/packages\n'}
[492.315817] (turtlebot3_example) StdoutLine: {'line': b'symbolically linking /workspaces/UON-CS-robotlab-simulation-container/build/turtlebot3_example/resource/turtlebot3_example -> /workspaces/UON-CS-robotlab-simulation-container/install/turtlebot3_example/share/ament_index/resource_index/packages\n'}
[492.315886] (turtlebot3_example) StdoutLine: {'line': b'symbolically linking /workspaces/UON-CS-robotlab-simulation-container/build/turtlebot3_example/package.xml -> /workspaces/UON-CS-robotlab-simulation-container/install/turtlebot3_example/share/turtlebot3_example\n'}
[492.342909] (turtlebot3_fake_node) JobProgress: {'identifier': 'turtlebot3_fake_node', 'progress': 'cmake'}
[492.344828] (turtlebot3_fake_node) Command: {'cmd': ['/usr/bin/cmake', '/workspaces/UON-CS-robotlab-simulation-container/src/turtlebot3_simulations/turtlebot3_fake_node', '-DAMENT_CMAKE_SYMLINK_INSTALL=1', '-DCMAKE_INSTALL_PREFIX=/workspaces/UON-CS-robotlab-simulation-container/install/turtlebot3_fake_node'], 'cwd': '/workspaces/UON-CS-robotlab-simulation-container/build/turtlebot3_fake_node', 'env': OrderedDict([('GITHUB_TOKEN', 'ghu_qzXzf473tpbDuGEeRKMePfjjEUUgEL3qLs6h'), ('GITHUB_CODESPACE_TOKEN', 'AOKRK4QICIVTYBHCYV5Y7K3KNF2YXANCNFSM4AXFRYHA'), ('FEATURE_SPARK_POST_COMMIT_CREATE_ITERATION', 'true'), ('HOSTNAME', 'codespaces-9eb142'), ('GITHUB_CODESPACES_PORT_FORWARDING_DOMAIN', 'app.github.dev'), ('SHLVL', '2'), ('LD_LIBRARY_PATH', '/workspaces/UON-CS-robotlab-simulation-container/install/turtlebot3_msgs/lib:/usr/lib/x86_64-linux-gnu/gazebo-11/plugins:/opt/ros/humble/opt/rviz_ogre_vendor/lib:/opt/ros/humble/lib/x86_64-linux-gnu:/opt/ros/humble/lib'), ('HOME', '/home/vscode'), ('OLDPWD', '/workspaces/UON-CS-robotlab-simulation-container'), ('CODESPACES', 'true'), ('ROS_PYTHON_VERSION', '3'), ('GITHUB_USER', 'mohammad-areeb'), ('GITHUB_GRAPHQL_URL', 'https://api.github.com/graphql'), ('ROS_DISTRO', 'humble'), ('ContainerVersion', '13'), ('GITHUB_API_URL', 'https://api.github.com'), ('RepositoryName', 'UON-CS-robotlab-simulation-container'), ('_', '/usr/bin/colcon'), ('ROS_VERSION', '2'), ('CLOUDENV_ENVIRONMENT_ID', '344bab99-1d47-4655-88f7-fee790854045'), ('TERM', 'xterm'), ('ROS_LOCALHOST_ONLY', '0'), ('PATH', '/opt/ros/humble/bin:/usr/local/sbin:/usr/local/bin:/usr/sbin:/usr/bin:/sbin:/bin'), ('SHELL_LOGGED_IN', 'true'), ('LANG', 'C.UTF-8'), ('LS_COLORS', ''), ('GITHUB_REPOSITORY', 'mohammad-areeb/UON-CS-robotlab-simulation-container'), ('ROS_DOMAIN_ID', '30'), ('AMENT_PREFIX_PATH', '/workspaces/UON-CS-robotlab-simulation-container/install/turtlebot3_msgs:/opt/ros/humble'), ('DEBIAN_FRONTEND', 'noninteractive'), ('SHELL', '/bin/bash'), ('PWD', '/workspaces/UON-CS-robotlab-simulation-container/build/turtlebot3_fake_node'), ('INTERNAL_VSCS_TARGET_URL', 'https://uksouth.online.visualstudio.com'), ('TURTLEBOT3_MODEL', 'waffle'), ('LC_ALL', 'C.UTF-8'), ('GITHUB_SERVER_URL', 'https://github.com'), ('PYTHONPATH', '/workspaces/UON-CS-robotlab-simulation-container/install/turtlebot3_msgs/local/lib/python3.10/dist-packages:/opt/ros/humble/lib/python3.10/site-packages:/opt/ros/humble/local/lib/python3.10/dist-packages'), ('CODESPACE_NAME', 'urban-space-garbanzo-j7wwvprrjjp25j95'), ('COLCON', '1'), ('CMAKE_PREFIX_PATH', '/workspaces/UON-CS-robotlab-simulation-container/install/turtlebot3_msgs:/opt/ros/humble')]), 'shell': False}
[492.371995] (turtlebot3_example) CommandEnded: {'returncode': 0}
[492.424573] (-) TimerEvent: {}
[492.538863] (-) TimerEvent: {}
[492.548325] (turtlebot3_example) JobEnded: {'identifier': 'turtlebot3_example', 'rc': 0}
[492.548705] (turtlebot3_bringup) JobStarted: {'identifier': 'turtlebot3_bringup'}
[492.592144] (turtlebot3_bringup) JobProgress: {'identifier': 'turtlebot3_bringup', 'progress': 'cmake'}
[492.592236] (turtlebot3_bringup) Command: {'cmd': ['/usr/bin/cmake', '/workspaces/UON-CS-robotlab-simulation-container/src/turtlebot3/turtlebot3_bringup', '-DAMENT_CMAKE_SYMLINK_INSTALL=1', '-DCMAKE_INSTALL_PREFIX=/workspaces/UON-CS-robotlab-simulation-container/install/turtlebot3_bringup'], 'cwd': '/workspaces/UON-CS-robotlab-simulation-container/build/turtlebot3_bringup', 'env': OrderedDict([('GITHUB_TOKEN', 'ghu_qzXzf473tpbDuGEeRKMePfjjEUUgEL3qLs6h'), ('GITHUB_CODESPACE_TOKEN', 'AOKRK4QICIVTYBHCYV5Y7K3KNF2YXANCNFSM4AXFRYHA'), ('FEATURE_SPARK_POST_COMMIT_CREATE_ITERATION', 'true'), ('HOSTNAME', 'codespaces-9eb142'), ('GITHUB_CODESPACES_PORT_FORWARDING_DOMAIN', 'app.github.dev'), ('SHLVL', '2'), ('LD_LIBRARY_PATH', '/workspaces/UON-CS-robotlab-simulation-container/install/turtlebot3_msgs/lib:/workspaces/UON-CS-robotlab-simulation-container/install/dynamixel_sdk/lib:/usr/lib/x86_64-linux-gnu/gazebo-11/plugins:/opt/ros/humble/opt/rviz_ogre_vendor/lib:/opt/ros/humble/lib/x86_64-linux-gnu:/opt/ros/humble/lib'), ('HOME', '/home/vscode'), ('OLDPWD', '/workspaces/UON-CS-robotlab-simulation-container'), ('CODESPACES', 'true'), ('ROS_PYTHON_VERSION', '3'), ('GITHUB_USER', 'mohammad-areeb'), ('GITHUB_GRAPHQL_URL', 'https://api.github.com/graphql'), ('ROS_DISTRO', 'humble'), ('ContainerVersion', '13'), ('GITHUB_API_URL', 'https://api.github.com'), ('RepositoryName', 'UON-CS-robotlab-simulation-container'), ('_', '/usr/bin/colcon'), ('ROS_VERSION', '2'), ('CLOUDENV_ENVIRONMENT_ID', '344bab99-1d47-4655-88f7-fee790854045'), ('TERM', 'xterm'), ('ROS_LOCALHOST_ONLY', '0'), ('PATH', '/opt/ros/humble/bin:/usr/local/sbin:/usr/local/bin:/usr/sbin:/usr/bin:/sbin:/bin'), ('SHELL_LOGGED_IN', 'true'), ('LANG', 'C.UTF-8'), ('LS_COLORS', ''), ('GITHUB_REPOSITORY', 'mohammad-areeb/UON-CS-robotlab-simulation-container'), ('ROS_DOMAIN_ID', '30'), ('AMENT_PREFIX_PATH', '/workspaces/UON-CS-robotlab-simulation-container/install/turtlebot3_node:/workspaces/UON-CS-robotlab-simulation-container/install/turtlebot3_msgs:/workspaces/UON-CS-robotlab-simulation-container/install/turtlebot3_description:/workspaces/UON-CS-robotlab-simulation-container/install/dynamixel_sdk:/opt/ros/humble'), ('DEBIAN_FRONTEND', 'noninteractive'), ('SHELL', '/bin/bash'), ('PWD', '/workspaces/UON-CS-robotlab-simulation-container/build/turtlebot3_bringup'), ('INTERNAL_VSCS_TARGET_URL', 'https://uksouth.online.visualstudio.com'), ('TURTLEBOT3_MODEL', 'waffle'), ('LC_ALL', 'C.UTF-8'), ('GITHUB_SERVER_URL', 'https://github.com'), ('PYTHONPATH', '/workspaces/UON-CS-robotlab-simulation-container/install/turtlebot3_msgs/local/lib/python3.10/dist-packages:/workspaces/UON-CS-robotlab-simulation-container/install/dynamixel_sdk/local/lib/python3.10/dist-packages:/opt/ros/humble/lib/python3.10/site-packages:/opt/ros/humble/local/lib/python3.10/dist-packages'), ('CODESPACE_NAME', 'urban-space-garbanzo-j7wwvprrjjp25j95'), ('COLCON', '1'), ('CMAKE_PREFIX_PATH', '/workspaces/UON-CS-robotlab-simulation-container/install/turtlebot3_node:/workspaces/UON-CS-robotlab-simulation-container/install/turtlebot3_msgs:/workspaces/UON-CS-robotlab-simulation-container/install/turtlebot3_description:/workspaces/UON-CS-robotlab-simulation-container/install/dynamixel_sdk:/opt/ros/humble')]), 'shell': False}
[492.621771] (turtlebot3_fake_node) StdoutLine: {'line': b'-- The C compiler identification is GNU 11.4.0\n'}
[492.641042] (-) TimerEvent: {}
[492.742024] (-) TimerEvent: {}
[492.801112] (turtlebot3_bringup) StdoutLine: {'line': b'-- The C compiler identification is GNU 11.4.0\n'}
[492.843014] (-) TimerEvent: {}
[492.856808] (turtlebot3_fake_node) StdoutLine: {'line': b'-- The CXX compiler identification is GNU 11.4.0\n'}
[492.944264] (-) TimerEvent: {}
[493.014251] (turtlebot3_fake_node) StdoutLine: {'line': b'-- Detecting C compiler ABI info\n'}
[493.045920] (-) TimerEvent: {}
[493.127585] (turtlebot3_bringup) StdoutLine: {'line': b'-- The CXX compiler identification is GNU 11.4.0\n'}
[493.148088] (-) TimerEvent: {}
[493.158277] (turtlebot3_bringup) StdoutLine: {'line': b'-- Detecting C compiler ABI info\n'}
[493.205444] (turtlebot3_fake_node) StdoutLine: {'line': b'-- Detecting C compiler ABI info - done\n'}
[493.216717] (turtlebot3_fake_node) StdoutLine: {'line': b'-- Check for working C compiler: /usr/bin/cc - skipped\n'}
[493.217467] (turtlebot3_fake_node) StdoutLine: {'line': b'-- Detecting C compile features\n'}
[493.217968] (turtlebot3_fake_node) StdoutLine: {'line': b'-- Detecting C compile features - done\n'}
[493.225794] (turtlebot3_fake_node) StdoutLine: {'line': b'-- Detecting CXX compiler ABI info\n'}
[493.248246] (-) TimerEvent: {}
[493.352238] (-) TimerEvent: {}
[493.505944] (-) TimerEvent: {}
[493.607041] (-) TimerEvent: {}
[493.660158] (turtlebot3_bringup) StdoutLine: {'line': b'-- Detecting C compiler ABI info - done\n'}
[493.707164] (-) TimerEvent: {}
[493.711069] (turtlebot3_bringup) StdoutLine: {'line': b'-- Check for working C compiler: /usr/bin/cc - skipped\n'}
[493.711976] (turtlebot3_bringup) StdoutLine: {'line': b'-- Detecting C compile features\n'}
[493.713979] (turtlebot3_bringup) StdoutLine: {'line': b'-- Detecting C compile features - done\n'}
[493.729751] (turtlebot3_bringup) StdoutLine: {'line': b'-- Detecting CXX compiler ABI info\n'}
[493.758707] (turtlebot3_fake_node) StdoutLine: {'line': b'-- Detecting CXX compiler ABI info - done\n'}
[493.796390] (turtlebot3_fake_node) StdoutLine: {'line': b'-- Check for working CXX compiler: /usr/bin/c++ - skipped\n'}
[493.798785] (turtlebot3_fake_node) StdoutLine: {'line': b'-- Detecting CXX compile features\n'}
[493.800385] (turtlebot3_fake_node) StdoutLine: {'line': b'-- Detecting CXX compile features - done\n'}
[493.809019] (-) TimerEvent: {}
[493.813370] (turtlebot3_fake_node) StdoutLine: {'line': b'-- Found ament_cmake: 1.3.14 (/opt/ros/humble/share/ament_cmake/cmake)\n'}
[493.912413] (-) TimerEvent: {}
[494.017711] (-) TimerEvent: {}
[494.122736] (-) TimerEvent: {}
[494.175222] (turtlebot3_bringup) StdoutLine: {'line': b'-- Detecting CXX compiler ABI info - done\n'}
[494.225471] (turtlebot3_bringup) StdoutLine: {'line': b'-- Check for working CXX compiler: /usr/bin/c++ - skipped\n'}
[494.225730] (-) TimerEvent: {}
[494.226104] (turtlebot3_bringup) StdoutLine: {'line': b'-- Detecting CXX compile features\n'}
[494.230372] (turtlebot3_bringup) StdoutLine: {'line': b'-- Detecting CXX compile features - done\n'}
[494.251188] (turtlebot3_bringup) StdoutLine: {'line': b'-- Found ament_cmake: 1.3.14 (/opt/ros/humble/share/ament_cmake/cmake)\n'}
[494.326220] (-) TimerEvent: {}
[494.429272] (-) TimerEvent: {}
[494.530113] (-) TimerEvent: {}
[494.579087] (turtlebot3_fake_node) StdoutLine: {'line': b'-- Found Python3: /usr/bin/python3 (found version "3.10.12") found components: Interpreter \n'}
[494.630579] (-) TimerEvent: {}
[494.797189] (-) TimerEvent: {}
[494.897543] (-) TimerEvent: {}
[494.991214] (turtlebot3_fake_node) StdoutLine: {'line': b'-- Override CMake install command with custom implementation using symlinks instead of copying resources\n'}
[494.999202] (-) TimerEvent: {}
[495.100255] (-) TimerEvent: {}
[495.116467] (turtlebot3_fake_node) StdoutLine: {'line': b'-- Found geometry_msgs: 4.9.1 (/opt/ros/humble/share/geometry_msgs/cmake)\n'}
[495.144497] (turtlebot3_bringup) StdoutLine: {'line': b'-- Found Python3: /usr/bin/python3 (found version "3.10.12") found components: Interpreter \n'}
[495.203195] (-) TimerEvent: {}
[495.289087] (turtlebot3_bringup) StdoutLine: {'line': b'-- Override CMake install command with custom implementation using symlinks instead of copying resources\n'}
[495.306022] (-) TimerEvent: {}
[495.464103] (-) TimerEvent: {}
[495.568079] (-) TimerEvent: {}
[495.669162] (-) TimerEvent: {}
[495.774721] (-) TimerEvent: {}
[495.792122] (turtlebot3_bringup) StdoutLine: {'line': b'-- Configuring done\n'}
[495.808269] (turtlebot3_bringup) StdoutLine: {'line': b'-- Generating done\n'}
[495.823223] (turtlebot3_bringup) StdoutLine: {'line': b'-- Build files have been written to: /workspaces/UON-CS-robotlab-simulation-container/build/turtlebot3_bringup\n'}
[495.845039] (turtlebot3_bringup) CommandEnded: {'returncode': 0}
[495.845601] (turtlebot3_bringup) JobProgress: {'identifier': 'turtlebot3_bringup', 'progress': 'build'}
[495.845641] (turtlebot3_bringup) Command: {'cmd': ['/usr/bin/cmake', '--build', '/workspaces/UON-CS-robotlab-simulation-container/build/turtlebot3_bringup', '--', '-j2', '-l2'], 'cwd': '/workspaces/UON-CS-robotlab-simulation-container/build/turtlebot3_bringup', 'env': OrderedDict([('GITHUB_TOKEN', 'ghu_qzXzf473tpbDuGEeRKMePfjjEUUgEL3qLs6h'), ('GITHUB_CODESPACE_TOKEN', 'AOKRK4QICIVTYBHCYV5Y7K3KNF2YXANCNFSM4AXFRYHA'), ('FEATURE_SPARK_POST_COMMIT_CREATE_ITERATION', 'true'), ('HOSTNAME', 'codespaces-9eb142'), ('GITHUB_CODESPACES_PORT_FORWARDING_DOMAIN', 'app.github.dev'), ('SHLVL', '2'), ('LD_LIBRARY_PATH', '/workspaces/UON-CS-robotlab-simulation-container/install/turtlebot3_msgs/lib:/workspaces/UON-CS-robotlab-simulation-container/install/dynamixel_sdk/lib:/usr/lib/x86_64-linux-gnu/gazebo-11/plugins:/opt/ros/humble/opt/rviz_ogre_vendor/lib:/opt/ros/humble/lib/x86_64-linux-gnu:/opt/ros/humble/lib'), ('HOME', '/home/vscode'), ('OLDPWD', '/workspaces/UON-CS-robotlab-simulation-container'), ('CODESPACES', 'true'), ('ROS_PYTHON_VERSION', '3'), ('GITHUB_USER', 'mohammad-areeb'), ('GITHUB_GRAPHQL_URL', 'https://api.github.com/graphql'), ('ROS_DISTRO', 'humble'), ('ContainerVersion', '13'), ('GITHUB_API_URL', 'https://api.github.com'), ('RepositoryName', 'UON-CS-robotlab-simulation-container'), ('_', '/usr/bin/colcon'), ('ROS_VERSION', '2'), ('CLOUDENV_ENVIRONMENT_ID', '344bab99-1d47-4655-88f7-fee790854045'), ('TERM', 'xterm'), ('ROS_LOCALHOST_ONLY', '0'), ('PATH', '/opt/ros/humble/bin:/usr/local/sbin:/usr/local/bin:/usr/sbin:/usr/bin:/sbin:/bin'), ('SHELL_LOGGED_IN', 'true'), ('LANG', 'C.UTF-8'), ('LS_COLORS', ''), ('GITHUB_REPOSITORY', 'mohammad-areeb/UON-CS-robotlab-simulation-container'), ('ROS_DOMAIN_ID', '30'), ('AMENT_PREFIX_PATH', '/workspaces/UON-CS-robotlab-simulation-container/install/turtlebot3_node:/workspaces/UON-CS-robotlab-simulation-container/install/turtlebot3_msgs:/workspaces/UON-CS-robotlab-simulation-container/install/turtlebot3_description:/workspaces/UON-CS-robotlab-simulation-container/install/dynamixel_sdk:/opt/ros/humble'), ('DEBIAN_FRONTEND', 'noninteractive'), ('SHELL', '/bin/bash'), ('PWD', '/workspaces/UON-CS-robotlab-simulation-container/build/turtlebot3_bringup'), ('INTERNAL_VSCS_TARGET_URL', 'https://uksouth.online.visualstudio.com'), ('TURTLEBOT3_MODEL', 'waffle'), ('LC_ALL', 'C.UTF-8'), ('GITHUB_SERVER_URL', 'https://github.com'), ('PYTHONPATH', '/workspaces/UON-CS-robotlab-simulation-container/install/turtlebot3_msgs/local/lib/python3.10/dist-packages:/workspaces/UON-CS-robotlab-simulation-container/install/dynamixel_sdk/local/lib/python3.10/dist-packages:/opt/ros/humble/lib/python3.10/site-packages:/opt/ros/humble/local/lib/python3.10/dist-packages'), ('CODESPACE_NAME', 'urban-space-garbanzo-j7wwvprrjjp25j95'), ('COLCON', '1'), ('CMAKE_PREFIX_PATH', '/workspaces/UON-CS-robotlab-simulation-container/install/turtlebot3_node:/workspaces/UON-CS-robotlab-simulation-container/install/turtlebot3_msgs:/workspaces/UON-CS-robotlab-simulation-container/install/turtlebot3_description:/workspaces/UON-CS-robotlab-simulation-container/install/dynamixel_sdk:/opt/ros/humble')]), 'shell': False}
[495.877636] (-) TimerEvent: {}
[495.978016] (-) TimerEvent: {}
[495.982198] (turtlebot3_bringup) CommandEnded: {'returncode': 0}
[495.982568] (turtlebot3_bringup) JobProgress: {'identifier': 'turtlebot3_bringup', 'progress': 'install'}
[495.982591] (turtlebot3_bringup) Command: {'cmd': ['/usr/bin/cmake', '--install', '/workspaces/UON-CS-robotlab-simulation-container/build/turtlebot3_bringup'], 'cwd': '/workspaces/UON-CS-robotlab-simulation-container/build/turtlebot3_bringup', 'env': OrderedDict([('GITHUB_TOKEN', 'ghu_qzXzf473tpbDuGEeRKMePfjjEUUgEL3qLs6h'), ('GITHUB_CODESPACE_TOKEN', 'AOKRK4QICIVTYBHCYV5Y7K3KNF2YXANCNFSM4AXFRYHA'), ('FEATURE_SPARK_POST_COMMIT_CREATE_ITERATION', 'true'), ('HOSTNAME', 'codespaces-9eb142'), ('GITHUB_CODESPACES_PORT_FORWARDING_DOMAIN', 'app.github.dev'), ('SHLVL', '2'), ('LD_LIBRARY_PATH', '/workspaces/UON-CS-robotlab-simulation-container/install/turtlebot3_msgs/lib:/workspaces/UON-CS-robotlab-simulation-container/install/dynamixel_sdk/lib:/usr/lib/x86_64-linux-gnu/gazebo-11/plugins:/opt/ros/humble/opt/rviz_ogre_vendor/lib:/opt/ros/humble/lib/x86_64-linux-gnu:/opt/ros/humble/lib'), ('HOME', '/home/vscode'), ('OLDPWD', '/workspaces/UON-CS-robotlab-simulation-container'), ('CODESPACES', 'true'), ('ROS_PYTHON_VERSION', '3'), ('GITHUB_USER', 'mohammad-areeb'), ('GITHUB_GRAPHQL_URL', 'https://api.github.com/graphql'), ('ROS_DISTRO', 'humble'), ('ContainerVersion', '13'), ('GITHUB_API_URL', 'https://api.github.com'), ('RepositoryName', 'UON-CS-robotlab-simulation-container'), ('_', '/usr/bin/colcon'), ('ROS_VERSION', '2'), ('CLOUDENV_ENVIRONMENT_ID', '344bab99-1d47-4655-88f7-fee790854045'), ('TERM', 'xterm'), ('ROS_LOCALHOST_ONLY', '0'), ('PATH', '/opt/ros/humble/bin:/usr/local/sbin:/usr/local/bin:/usr/sbin:/usr/bin:/sbin:/bin'), ('SHELL_LOGGED_IN', 'true'), ('LANG', 'C.UTF-8'), ('LS_COLORS', ''), ('GITHUB_REPOSITORY', 'mohammad-areeb/UON-CS-robotlab-simulation-container'), ('ROS_DOMAIN_ID', '30'), ('AMENT_PREFIX_PATH', '/workspaces/UON-CS-robotlab-simulation-container/install/turtlebot3_node:/workspaces/UON-CS-robotlab-simulation-container/install/turtlebot3_msgs:/workspaces/UON-CS-robotlab-simulation-container/install/turtlebot3_description:/workspaces/UON-CS-robotlab-simulation-container/install/dynamixel_sdk:/opt/ros/humble'), ('DEBIAN_FRONTEND', 'noninteractive'), ('SHELL', '/bin/bash'), ('PWD', '/workspaces/UON-CS-robotlab-simulation-container/build/turtlebot3_bringup'), ('INTERNAL_VSCS_TARGET_URL', 'https://uksouth.online.visualstudio.com'), ('TURTLEBOT3_MODEL', 'waffle'), ('LC_ALL', 'C.UTF-8'), ('GITHUB_SERVER_URL', 'https://github.com'), ('PYTHONPATH', '/workspaces/UON-CS-robotlab-simulation-container/install/turtlebot3_msgs/local/lib/python3.10/dist-packages:/workspaces/UON-CS-robotlab-simulation-container/install/dynamixel_sdk/local/lib/python3.10/dist-packages:/opt/ros/humble/lib/python3.10/site-packages:/opt/ros/humble/local/lib/python3.10/dist-packages'), ('CODESPACE_NAME', 'urban-space-garbanzo-j7wwvprrjjp25j95'), ('COLCON', '1'), ('CMAKE_PREFIX_PATH', '/workspaces/UON-CS-robotlab-simulation-container/install/turtlebot3_node:/workspaces/UON-CS-robotlab-simulation-container/install/turtlebot3_msgs:/workspaces/UON-CS-robotlab-simulation-container/install/turtlebot3_description:/workspaces/UON-CS-robotlab-simulation-container/install/dynamixel_sdk:/opt/ros/humble')]), 'shell': False}
[496.064014] (turtlebot3_bringup) StdoutLine: {'line': b'-- Install configuration: ""\n'}
[496.075697] (turtlebot3_bringup) StdoutLine: {'line': b'-- Execute custom install script\n'}
[496.083825] (-) TimerEvent: {}
[496.090192] (turtlebot3_bringup) StdoutLine: {'line': b'-- Symlinking: /workspaces/UON-CS-robotlab-simulation-container/install/turtlebot3_bringup/share/turtlebot3_bringup/launch/camera.launch.py\n'}
[496.139194] (turtlebot3_fake_node) StdoutLine: {'line': b'-- Found rosidl_generator_c: 3.1.8 (/opt/ros/humble/share/rosidl_generator_c/cmake)\n'}
[496.146775] (turtlebot3_bringup) StdoutLine: {'line': b'-- Symlinking: /workspaces/UON-CS-robotlab-simulation-container/install/turtlebot3_bringup/share/turtlebot3_bringup/launch/robot.launch.py\n'}
[496.181858] (turtlebot3_bringup) StdoutLine: {'line': b'-- Symlinking: /workspaces/UON-CS-robotlab-simulation-container/install/turtlebot3_bringup/share/turtlebot3_bringup/launch/rviz2.launch.py\n'}
[496.184449] (-) TimerEvent: {}
[496.203334] (turtlebot3_bringup) StdoutLine: {'line': b'-- Symlinking: /workspaces/UON-CS-robotlab-simulation-container/install/turtlebot3_bringup/share/turtlebot3_bringup/launch/turtlebot3_state_publisher.launch.py\n'}
[496.219533] (turtlebot3_bringup) StdoutLine: {'line': b'-- Symlinking: /workspaces/UON-CS-robotlab-simulation-container/install/turtlebot3_bringup/share/turtlebot3_bringup/param/burger.yaml\n'}
[496.242744] (turtlebot3_bringup) StdoutLine: {'line': b'-- Symlinking: /workspaces/UON-CS-robotlab-simulation-container/install/turtlebot3_bringup/share/turtlebot3_bringup/param/humble/burger.yaml\n'}
[496.268046] (turtlebot3_bringup) StdoutLine: {'line': b'-- Symlinking: /workspaces/UON-CS-robotlab-simulation-container/install/turtlebot3_bringup/share/turtlebot3_bringup/param/humble/waffle.yaml\n'}
[496.284747] (-) TimerEvent: {}
[496.286269] (turtlebot3_bringup) StdoutLine: {'line': b'-- Symlinking: /workspaces/UON-CS-robotlab-simulation-container/install/turtlebot3_bringup/share/turtlebot3_bringup/param/humble/waffle_pi.yaml\n'}
[496.301307] (turtlebot3_bringup) StdoutLine: {'line': b'-- Symlinking: /workspaces/UON-CS-robotlab-simulation-container/install/turtlebot3_bringup/share/turtlebot3_bringup/param/waffle.yaml\n'}
[496.314074] (turtlebot3_bringup) StdoutLine: {'line': b'-- Symlinking: /workspaces/UON-CS-robotlab-simulation-container/install/turtlebot3_bringup/share/turtlebot3_bringup/param/waffle_pi.yaml\n'}
[496.341019] (turtlebot3_bringup) StdoutLine: {'line': b'-- Symlinking: /workspaces/UON-CS-robotlab-simulation-container/install/turtlebot3_bringup/share/turtlebot3_bringup/script/99-turtlebot3-cdc.rules\n'}
[496.364002] (turtlebot3_bringup) StdoutLine: {'line': b'-- Symlinking: /workspaces/UON-CS-robotlab-simulation-container/install/turtlebot3_bringup/share/turtlebot3_bringup/script/create_udev_rules\n'}
[496.379892] (turtlebot3_bringup) StdoutLine: {'line': b'-- Symlinking: /workspaces/UON-CS-robotlab-simulation-container/install/turtlebot3_bringup/share/ament_index/resource_index/package_run_dependencies/turtlebot3_bringup\n'}
[496.384855] (-) TimerEvent: {}
[496.393600] (turtlebot3_bringup) StdoutLine: {'line': b'-- Symlinking: /workspaces/UON-CS-robotlab-simulation-container/install/turtlebot3_bringup/share/ament_index/resource_index/parent_prefix_path/turtlebot3_bringup\n'}
[496.410199] (turtlebot3_bringup) StdoutLine: {'line': b'-- Symlinking: /workspaces/UON-CS-robotlab-simulation-container/install/turtlebot3_bringup/share/turtlebot3_bringup/environment/ament_prefix_path.sh\n'}
[496.427178] (turtlebot3_bringup) StdoutLine: {'line': b'-- Symlinking: /workspaces/UON-CS-robotlab-simulation-container/install/turtlebot3_bringup/share/turtlebot3_bringup/environment/ament_prefix_path.dsv\n'}
[496.449117] (turtlebot3_bringup) StdoutLine: {'line': b'-- Symlinking: /workspaces/UON-CS-robotlab-simulation-container/install/turtlebot3_bringup/share/turtlebot3_bringup/environment/path.sh\n'}
[496.459030] (turtlebot3_bringup) StdoutLine: {'line': b'-- Symlinking: /workspaces/UON-CS-robotlab-simulation-container/install/turtlebot3_bringup/share/turtlebot3_bringup/environment/path.dsv\n'}
[496.485274] (-) TimerEvent: {}
[496.486968] (turtlebot3_bringup) StdoutLine: {'line': b'-- Symlinking: /workspaces/UON-CS-robotlab-simulation-container/install/turtlebot3_bringup/share/turtlebot3_bringup/local_setup.bash\n'}
[496.497298] (turtlebot3_fake_node) StdoutLine: {'line': b'-- Found rosidl_adapter: 3.1.8 (/opt/ros/humble/share/rosidl_adapter/cmake)\n'}
[496.518446] (turtlebot3_bringup) StdoutLine: {'line': b'-- Symlinking: /workspaces/UON-CS-robotlab-simulation-container/install/turtlebot3_bringup/share/turtlebot3_bringup/local_setup.sh\n'}
[496.599132] (turtlebot3_bringup) StdoutLine: {'line': b'-- Symlinking: /workspaces/UON-CS-robotlab-simulation-container/install/turtlebot3_bringup/share/turtlebot3_bringup/local_setup.zsh\n'}
[496.604557] (-) TimerEvent: {}
[496.745370] (turtlebot3_bringup) StdoutLine: {'line': b'-- Symlinking: /workspaces/UON-CS-robotlab-simulation-container/install/turtlebot3_bringup/share/turtlebot3_bringup/local_setup.dsv\n'}
[496.745881] (-) TimerEvent: {}
[496.763022] (turtlebot3_fake_node) StdoutLine: {'line': b'-- Found rosidl_generator_cpp: 3.1.8 (/opt/ros/humble/share/rosidl_generator_cpp/cmake)\n'}
[496.764776] (turtlebot3_bringup) StdoutLine: {'line': b'-- Symlinking: /workspaces/UON-CS-robotlab-simulation-container/install/turtlebot3_bringup/share/turtlebot3_bringup/package.dsv\n'}
[496.785076] (turtlebot3_bringup) StdoutLine: {'line': b'-- Symlinking: /workspaces/UON-CS-robotlab-simulation-container/install/turtlebot3_bringup/share/ament_index/resource_index/packages/turtlebot3_bringup\n'}
[496.807036] (turtlebot3_bringup) StdoutLine: {'line': b'-- Symlinking: /workspaces/UON-CS-robotlab-simulation-container/install/turtlebot3_bringup/share/turtlebot3_bringup/cmake/turtlebot3_bringupConfig.cmake\n'}
[496.818976] (turtlebot3_fake_node) StdoutLine: {'line': b'-- Using all available rosidl_typesupport_c: rosidl_typesupport_fastrtps_c;rosidl_typesupport_introspection_c\n'}
[496.819366] (turtlebot3_bringup) StdoutLine: {'line': b'-- Symlinking: /workspaces/UON-CS-robotlab-simulation-container/install/turtlebot3_bringup/share/turtlebot3_bringup/cmake/turtlebot3_bringupConfig-version.cmake\n'}
[496.833505] (turtlebot3_bringup) StdoutLine: {'line': b'-- Symlinking: /workspaces/UON-CS-robotlab-simulation-container/install/turtlebot3_bringup/share/turtlebot3_bringup/package.xml\n'}
[496.846020] (-) TimerEvent: {}
[496.856876] (turtlebot3_bringup) CommandEnded: {'returncode': 0}
[496.879368] (turtlebot3_bringup) JobEnded: {'identifier': 'turtlebot3_bringup', 'rc': 0}
[496.883062] (dynamixel_sdk_examples) JobStarted: {'identifier': 'dynamixel_sdk_examples'}
[496.900056] (turtlebot3_fake_node) StdoutLine: {'line': b'-- Using all available rosidl_typesupport_cpp: rosidl_typesupport_fastrtps_cpp;rosidl_typesupport_introspection_cpp\n'}
[496.919213] (dynamixel_sdk_examples) JobProgress: {'identifier': 'dynamixel_sdk_examples', 'progress': 'cmake'}
[496.919291] (dynamixel_sdk_examples) Command: {'cmd': ['/usr/bin/cmake', '/workspaces/UON-CS-robotlab-simulation-container/src/DynamixelSDK/ros/dynamixel_sdk_examples', '-DAMENT_CMAKE_SYMLINK_INSTALL=1', '-DCMAKE_INSTALL_PREFIX=/workspaces/UON-CS-robotlab-simulation-container/install/dynamixel_sdk_examples'], 'cwd': '/workspaces/UON-CS-robotlab-simulation-container/build/dynamixel_sdk_examples', 'env': OrderedDict([('GITHUB_TOKEN', 'ghu_qzXzf473tpbDuGEeRKMePfjjEUUgEL3qLs6h'), ('GITHUB_CODESPACE_TOKEN', 'AOKRK4QICIVTYBHCYV5Y7K3KNF2YXANCNFSM4AXFRYHA'), ('FEATURE_SPARK_POST_COMMIT_CREATE_ITERATION', 'true'), ('HOSTNAME', 'codespaces-9eb142'), ('GITHUB_CODESPACES_PORT_FORWARDING_DOMAIN', 'app.github.dev'), ('SHLVL', '2'), ('LD_LIBRARY_PATH', '/workspaces/UON-CS-robotlab-simulation-container/install/dynamixel_sdk_custom_interfaces/lib:/workspaces/UON-CS-robotlab-simulation-container/install/dynamixel_sdk/lib:/usr/lib/x86_64-linux-gnu/gazebo-11/plugins:/opt/ros/humble/opt/rviz_ogre_vendor/lib:/opt/ros/humble/lib/x86_64-linux-gnu:/opt/ros/humble/lib'), ('HOME', '/home/vscode'), ('OLDPWD', '/workspaces/UON-CS-robotlab-simulation-container'), ('CODESPACES', 'true'), ('ROS_PYTHON_VERSION', '3'), ('GITHUB_USER', 'mohammad-areeb'), ('GITHUB_GRAPHQL_URL', 'https://api.github.com/graphql'), ('ROS_DISTRO', 'humble'), ('ContainerVersion', '13'), ('GITHUB_API_URL', 'https://api.github.com'), ('RepositoryName', 'UON-CS-robotlab-simulation-container'), ('_', '/usr/bin/colcon'), ('ROS_VERSION', '2'), ('CLOUDENV_ENVIRONMENT_ID', '344bab99-1d47-4655-88f7-fee790854045'), ('TERM', 'xterm'), ('ROS_LOCALHOST_ONLY', '0'), ('PATH', '/opt/ros/humble/bin:/usr/local/sbin:/usr/local/bin:/usr/sbin:/usr/bin:/sbin:/bin'), ('SHELL_LOGGED_IN', 'true'), ('LANG', 'C.UTF-8'), ('LS_COLORS', ''), ('GITHUB_REPOSITORY', 'mohammad-areeb/UON-CS-robotlab-simulation-container'), ('ROS_DOMAIN_ID', '30'), ('AMENT_PREFIX_PATH', '/workspaces/UON-CS-robotlab-simulation-container/install/dynamixel_sdk_custom_interfaces:/workspaces/UON-CS-robotlab-simulation-container/install/dynamixel_sdk:/opt/ros/humble'), ('DEBIAN_FRONTEND', 'noninteractive'), ('SHELL', '/bin/bash'), ('PWD', '/workspaces/UON-CS-robotlab-simulation-container/build/dynamixel_sdk_examples'), ('INTERNAL_VSCS_TARGET_URL', 'https://uksouth.online.visualstudio.com'), ('TURTLEBOT3_MODEL', 'waffle'), ('LC_ALL', 'C.UTF-8'), ('GITHUB_SERVER_URL', 'https://github.com'), ('PYTHONPATH', '/workspaces/UON-CS-robotlab-simulation-container/install/dynamixel_sdk_custom_interfaces/local/lib/python3.10/dist-packages:/workspaces/UON-CS-robotlab-simulation-container/install/dynamixel_sdk/local/lib/python3.10/dist-packages:/opt/ros/humble/lib/python3.10/site-packages:/opt/ros/humble/local/lib/python3.10/dist-packages'), ('CODESPACE_NAME', 'urban-space-garbanzo-j7wwvprrjjp25j95'), ('COLCON', '1'), ('CMAKE_PREFIX_PATH', '/workspaces/UON-CS-robotlab-simulation-container/install/dynamixel_sdk_custom_interfaces:/workspaces/UON-CS-robotlab-simulation-container/install/dynamixel_sdk:/opt/ros/humble')]), 'shell': False}
[496.949003] (-) TimerEvent: {}
[497.031641] (turtlebot3_fake_node) StdoutLine: {'line': b'-- Found nav_msgs: 4.9.1 (/opt/ros/humble/share/nav_msgs/cmake)\n'}
[497.049301] (-) TimerEvent: {}
[497.092296] (dynamixel_sdk_examples) StdoutLine: {'line': b'-- The C compiler identification is GNU 11.4.0\n'}
[497.221691] (-) TimerEvent: {}
[497.265032] (turtlebot3_fake_node) StdoutLine: {'line': b'-- Found rclcpp: 16.0.19 (/opt/ros/humble/share/rclcpp/cmake)\n'}
[497.321784] (-) TimerEvent: {}
[497.357179] (dynamixel_sdk_examples) StdoutLine: {'line': b'-- The CXX compiler identification is GNU 11.4.0\n'}
[497.370431] (dynamixel_sdk_examples) StdoutLine: {'line': b'-- Detecting C compiler ABI info\n'}
[497.422812] (-) TimerEvent: {}
[497.497843] (turtlebot3_fake_node) StdoutLine: {'line': b'-- Found rmw_implementation_cmake: 6.1.2 (/opt/ros/humble/share/rmw_implementation_cmake/cmake)\n'}
[497.521291] (turtlebot3_fake_node) StdoutLine: {'line': b'-- Found rmw_fastrtps_cpp: 6.2.10 (/opt/ros/humble/share/rmw_fastrtps_cpp/cmake)\n'}
[497.523337] (-) TimerEvent: {}
[497.537084] (dynamixel_sdk_examples) StdoutLine: {'line': b'-- Detecting C compiler ABI info - done\n'}
[497.545191] (dynamixel_sdk_examples) StdoutLine: {'line': b'-- Check for working C compiler: /usr/bin/cc - skipped\n'}
[497.545500] (dynamixel_sdk_examples) StdoutLine: {'line': b'-- Detecting C compile features\n'}
[497.548255] (dynamixel_sdk_examples) StdoutLine: {'line': b'-- Detecting C compile features - done\n'}
[497.556258] (dynamixel_sdk_examples) StdoutLine: {'line': b'-- Detecting CXX compiler ABI info\n'}
[497.623464] (-) TimerEvent: {}
[497.740286] (-) TimerEvent: {}
[497.858363] (-) TimerEvent: {}
[497.941434] (dynamixel_sdk_examples) StdoutLine: {'line': b'-- Detecting CXX compiler ABI info - done\n'}
[497.954885] (dynamixel_sdk_examples) StdoutLine: {'line': b'-- Check for working CXX compiler: /usr/bin/c++ - skipped\n'}
[497.956116] (dynamixel_sdk_examples) StdoutLine: {'line': b'-- Detecting CXX compile features\n'}
[497.956881] (dynamixel_sdk_examples) StdoutLine: {'line': b'-- Detecting CXX compile features - done\n'}
[497.958434] (-) TimerEvent: {}
[497.961951] (dynamixel_sdk_examples) StdoutLine: {'line': b'-- Found ament_cmake: 1.3.14 (/opt/ros/humble/share/ament_cmake/cmake)\n'}
[498.059843] (-) TimerEvent: {}
[498.166284] (-) TimerEvent: {}
[498.274222] (-) TimerEvent: {}
[498.373183] (turtlebot3_fake_node) StdoutLine: {'line': b'-- Found OpenSSL: /usr/lib/x86_64-linux-gnu/libcrypto.so (found version "3.0.2")  \n'}
[498.374213] (-) TimerEvent: {}
[498.460821] (dynamixel_sdk_examples) StdoutLine: {'line': b'-- Found Python3: /usr/bin/python3 (found version "3.10.12") found components: Interpreter \n'}
[498.469666] (turtlebot3_fake_node) StdoutLine: {'line': b'-- Found FastRTPS: /opt/ros/humble/include  \n'}
[498.474684] (-) TimerEvent: {}
[498.577008] (-) TimerEvent: {}
[498.606062] (turtlebot3_fake_node) StdoutLine: {'line': b"-- Using RMW implementation 'rmw_fastrtps_cpp' as default\n"}
[498.642518] (turtlebot3_fake_node) StdoutLine: {'line': b'-- Looking for pthread.h\n'}
[498.646138] (dynamixel_sdk_examples) StdoutLine: {'line': b'-- Override CMake install command with custom implementation using symlinks instead of copying resources\n'}
[498.681022] (-) TimerEvent: {}
[498.795161] (-) TimerEvent: {}
[498.851533] (dynamixel_sdk_examples) StdoutLine: {'line': b'-- Found dynamixel_sdk: 3.8.4 (/workspaces/UON-CS-robotlab-simulation-container/install/dynamixel_sdk/share/dynamixel_sdk/cmake)\n'}
[498.868502] (dynamixel_sdk_examples) StdoutLine: {'line': b'-- Found dynamixel_sdk_custom_interfaces: 3.8.4 (/workspaces/UON-CS-robotlab-simulation-container/install/dynamixel_sdk_custom_interfaces/share/dynamixel_sdk_custom_interfaces/cmake)\n'}
[498.900576] (-) TimerEvent: {}
[498.984124] (turtlebot3_fake_node) StdoutLine: {'line': b'-- Looking for pthread.h - found\n'}
[498.984877] (turtlebot3_fake_node) StdoutLine: {'line': b'-- Performing Test CMAKE_HAVE_LIBC_PTHREAD\n'}
[499.001597] (-) TimerEvent: {}
[499.002979] (dynamixel_sdk_examples) StdoutLine: {'line': b'-- Found rosidl_generator_c: 3.1.8 (/opt/ros/humble/share/rosidl_generator_c/cmake)\n'}
[499.025095] (dynamixel_sdk_examples) StdoutLine: {'line': b'-- Found rosidl_adapter: 3.1.8 (/opt/ros/humble/share/rosidl_adapter/cmake)\n'}
[499.055152] (dynamixel_sdk_examples) StdoutLine: {'line': b'-- Found rosidl_generator_cpp: 3.1.8 (/opt/ros/humble/share/rosidl_generator_cpp/cmake)\n'}
[499.101767] (-) TimerEvent: {}
[499.110120] (dynamixel_sdk_examples) StdoutLine: {'line': b'-- Using all available rosidl_typesupport_c: rosidl_typesupport_fastrtps_c;rosidl_typesupport_introspection_c\n'}
[499.144290] (dynamixel_sdk_examples) StdoutLine: {'line': b'-- Using all available rosidl_typesupport_cpp: rosidl_typesupport_fastrtps_cpp;rosidl_typesupport_introspection_cpp\n'}
[499.196067] (turtlebot3_fake_node) StdoutLine: {'line': b'-- Performing Test CMAKE_HAVE_LIBC_PTHREAD - Success\n'}
[499.197554] (turtlebot3_fake_node) StdoutLine: {'line': b'-- Found Threads: TRUE  \n'}
[499.201850] (-) TimerEvent: {}
[499.307745] (-) TimerEvent: {}
[499.386308] (dynamixel_sdk_examples) StdoutLine: {'line': b'-- Found rclcpp: 16.0.19 (/opt/ros/humble/share/rclcpp/cmake)\n'}
[499.408068] (-) TimerEvent: {}
[499.482084] (dynamixel_sdk_examples) StdoutLine: {'line': b'-- Found rmw_implementation_cmake: 6.1.2 (/opt/ros/humble/share/rmw_implementation_cmake/cmake)\n'}
[499.487003] (dynamixel_sdk_examples) StdoutLine: {'line': b'-- Found rmw_fastrtps_cpp: 6.2.10 (/opt/ros/humble/share/rmw_fastrtps_cpp/cmake)\n'}
[499.509032] (-) TimerEvent: {}
[499.533219] (turtlebot3_fake_node) StdoutLine: {'line': b'-- Found sensor_msgs: 4.9.1 (/opt/ros/humble/share/sensor_msgs/cmake)\n'}
[499.604555] (turtlebot3_fake_node) StdoutLine: {'line': b'-- Found tf2: 0.25.20 (/opt/ros/humble/share/tf2/cmake)\n'}
[499.610296] (-) TimerEvent: {}
[499.658649] (turtlebot3_fake_node) StdoutLine: {'line': b'-- Found tf2_msgs: 0.25.20 (/opt/ros/humble/share/tf2_msgs/cmake)\n'}
[499.710425] (-) TimerEvent: {}
[499.720004] (dynamixel_sdk_examples) StdoutLine: {'line': b'-- Found OpenSSL: /usr/lib/x86_64-linux-gnu/libcrypto.so (found version "3.0.2")  \n'}
[499.765982] (dynamixel_sdk_examples) StdoutLine: {'line': b'-- Found FastRTPS: /opt/ros/humble/include  \n'}
[499.863029] (-) TimerEvent: {}
[499.965008] (-) TimerEvent: {}
[500.001522] (dynamixel_sdk_examples) StdoutLine: {'line': b"-- Using RMW implementation 'rmw_fastrtps_cpp' as default\n"}
[500.017363] (turtlebot3_fake_node) StdoutLine: {'line': b'-- Found turtlebot3_msgs: 2.4.0 (/workspaces/UON-CS-robotlab-simulation-container/install/turtlebot3_msgs/share/turtlebot3_msgs/cmake)\n'}
[500.039240] (dynamixel_sdk_examples) StdoutLine: {'line': b'-- Looking for pthread.h\n'}
[500.067023] (-) TimerEvent: {}
[500.167488] (-) TimerEvent: {}
[500.269613] (-) TimerEvent: {}
[500.271146] (dynamixel_sdk_examples) StdoutLine: {'line': b'-- Looking for pthread.h - found\n'}
[500.271492] (dynamixel_sdk_examples) StdoutLine: {'line': b'-- Performing Test CMAKE_HAVE_LIBC_PTHREAD\n'}
[500.307695] (turtlebot3_fake_node) StdoutLine: {'line': b'-- Configuring done\n'}
[500.347349] (turtlebot3_fake_node) StdoutLine: {'line': b'-- Generating done\n'}
[500.432989] (-) TimerEvent: {}
[500.521739] (turtlebot3_fake_node) StdoutLine: {'line': b'-- Build files have been written to: /workspaces/UON-CS-robotlab-simulation-container/build/turtlebot3_fake_node\n'}
[500.533042] (-) TimerEvent: {}
[500.548258] (turtlebot3_fake_node) CommandEnded: {'returncode': 0}
[500.552093] (turtlebot3_fake_node) JobProgress: {'identifier': 'turtlebot3_fake_node', 'progress': 'build'}
[500.552455] (turtlebot3_fake_node) Command: {'cmd': ['/usr/bin/cmake', '--build', '/workspaces/UON-CS-robotlab-simulation-container/build/turtlebot3_fake_node', '--', '-j2', '-l2'], 'cwd': '/workspaces/UON-CS-robotlab-simulation-container/build/turtlebot3_fake_node', 'env': OrderedDict([('GITHUB_TOKEN', 'ghu_qzXzf473tpbDuGEeRKMePfjjEUUgEL3qLs6h'), ('GITHUB_CODESPACE_TOKEN', 'AOKRK4QICIVTYBHCYV5Y7K3KNF2YXANCNFSM4AXFRYHA'), ('FEATURE_SPARK_POST_COMMIT_CREATE_ITERATION', 'true'), ('HOSTNAME', 'codespaces-9eb142'), ('GITHUB_CODESPACES_PORT_FORWARDING_DOMAIN', 'app.github.dev'), ('SHLVL', '2'), ('LD_LIBRARY_PATH', '/workspaces/UON-CS-robotlab-simulation-container/install/turtlebot3_msgs/lib:/usr/lib/x86_64-linux-gnu/gazebo-11/plugins:/opt/ros/humble/opt/rviz_ogre_vendor/lib:/opt/ros/humble/lib/x86_64-linux-gnu:/opt/ros/humble/lib'), ('HOME', '/home/vscode'), ('OLDPWD', '/workspaces/UON-CS-robotlab-simulation-container'), ('CODESPACES', 'true'), ('ROS_PYTHON_VERSION', '3'), ('GITHUB_USER', 'mohammad-areeb'), ('GITHUB_GRAPHQL_URL', 'https://api.github.com/graphql'), ('ROS_DISTRO', 'humble'), ('ContainerVersion', '13'), ('GITHUB_API_URL', 'https://api.github.com'), ('RepositoryName', 'UON-CS-robotlab-simulation-container'), ('_', '/usr/bin/colcon'), ('ROS_VERSION', '2'), ('CLOUDENV_ENVIRONMENT_ID', '344bab99-1d47-4655-88f7-fee790854045'), ('TERM', 'xterm'), ('ROS_LOCALHOST_ONLY', '0'), ('PATH', '/opt/ros/humble/bin:/usr/local/sbin:/usr/local/bin:/usr/sbin:/usr/bin:/sbin:/bin'), ('SHELL_LOGGED_IN', 'true'), ('LANG', 'C.UTF-8'), ('LS_COLORS', ''), ('GITHUB_REPOSITORY', 'mohammad-areeb/UON-CS-robotlab-simulation-container'), ('ROS_DOMAIN_ID', '30'), ('AMENT_PREFIX_PATH', '/workspaces/UON-CS-robotlab-simulation-container/install/turtlebot3_msgs:/opt/ros/humble'), ('DEBIAN_FRONTEND', 'noninteractive'), ('SHELL', '/bin/bash'), ('PWD', '/workspaces/UON-CS-robotlab-simulation-container/build/turtlebot3_fake_node'), ('INTERNAL_VSCS_TARGET_URL', 'https://uksouth.online.visualstudio.com'), ('TURTLEBOT3_MODEL', 'waffle'), ('LC_ALL', 'C.UTF-8'), ('GITHUB_SERVER_URL', 'https://github.com'), ('PYTHONPATH', '/workspaces/UON-CS-robotlab-simulation-container/install/turtlebot3_msgs/local/lib/python3.10/dist-packages:/opt/ros/humble/lib/python3.10/site-packages:/opt/ros/humble/local/lib/python3.10/dist-packages'), ('CODESPACE_NAME', 'urban-space-garbanzo-j7wwvprrjjp25j95'), ('COLCON', '1'), ('CMAKE_PREFIX_PATH', '/workspaces/UON-CS-robotlab-simulation-container/install/turtlebot3_msgs:/opt/ros/humble')]), 'shell': False}
[500.633153] (-) TimerEvent: {}
[500.716542] (turtlebot3_fake_node) StdoutLine: {'line': b'[ 50%] \x1b[32mBuilding CXX object CMakeFiles/turtlebot3_fake_node.dir/src/turtlebot3_fake_node.cpp.o\x1b[0m\n'}
[500.731007] (dynamixel_sdk_examples) StdoutLine: {'line': b'-- Performing Test CMAKE_HAVE_LIBC_PTHREAD - Success\n'}
[500.731997] (dynamixel_sdk_examples) StdoutLine: {'line': b'-- Found Threads: TRUE  \n'}
[500.733214] (-) TimerEvent: {}
[500.837160] (-) TimerEvent: {}
[500.876061] (dynamixel_sdk_examples) StdoutLine: {'line': b'-- Found rclpy: 3.3.21 (/opt/ros/humble/share/rclpy/cmake)\n'}
[500.886387] (dynamixel_sdk_examples) StdoutLine: {'line': b'-- Found ament_lint_auto: 0.12.15 (/opt/ros/humble/share/ament_lint_auto/cmake)\n'}
[501.011269] (-) TimerEvent: {}
[501.128122] (-) TimerEvent: {}
[501.228900] (-) TimerEvent: {}
[501.332063] (-) TimerEvent: {}
[501.437100] (-) TimerEvent: {}
[501.585849] (-) TimerEvent: {}
[501.686639] (-) TimerEvent: {}
[501.790277] (-) TimerEvent: {}
[501.853755] (dynamixel_sdk_examples) StdoutLine: {'line': b"-- Added test 'copyright' to check source files copyright and LICENSE\n"}
[501.857051] (dynamixel_sdk_examples) StdoutLine: {'line': b"-- Added test 'cppcheck' to perform static code analysis on C / C++ code\n"}
[501.857501] (dynamixel_sdk_examples) StdoutLine: {'line': b'-- Configured cppcheck include dirs: /workspaces/UON-CS-robotlab-simulation-container/src/DynamixelSDK/ros/dynamixel_sdk_examples/include\n'}
[501.857757] (dynamixel_sdk_examples) StdoutLine: {'line': b'-- Configured cppcheck exclude dirs and/or files: \n'}
[501.859671] (dynamixel_sdk_examples) StdoutLine: {'line': b"-- Added test 'cpplint' to check C / C++ code against the Google style\n"}
[501.860302] (dynamixel_sdk_examples) StdoutLine: {'line': b'-- Configured cpplint exclude dirs and/or files: \n'}
[501.862406] (dynamixel_sdk_examples) StdoutLine: {'line': b"-- Added test 'flake8' to check Python code syntax and style conventions\n"}
[501.864201] (dynamixel_sdk_examples) StdoutLine: {'line': b"-- Added test 'lint_cmake' to check CMake code style\n"}
[501.865422] (dynamixel_sdk_examples) StdoutLine: {'line': b"-- Added test 'pep257' to check Python code against some of the docstring style conventions in PEP 257\n"}
[501.866530] (dynamixel_sdk_examples) StdoutLine: {'line': b"-- Added test 'uncrustify' to check C / C++ code style\n"}
[501.867019] (dynamixel_sdk_examples) StdoutLine: {'line': b'-- Configured uncrustify additional arguments: \n'}
[501.869081] (dynamixel_sdk_examples) StdoutLine: {'line': b"-- Added test 'xmllint' to check XML markup files\n"}
[501.886474] (dynamixel_sdk_examples) StdoutLine: {'line': b'-- Configuring done\n'}
[501.890612] (-) TimerEvent: {}
[501.936615] (dynamixel_sdk_examples) StdoutLine: {'line': b'-- Generating done\n'}
[501.954056] (dynamixel_sdk_examples) StdoutLine: {'line': b'-- Build files have been written to: /workspaces/UON-CS-robotlab-simulation-container/build/dynamixel_sdk_examples\n'}
[501.988458] (dynamixel_sdk_examples) CommandEnded: {'returncode': 0}
[501.991063] (dynamixel_sdk_examples) JobProgress: {'identifier': 'dynamixel_sdk_examples', 'progress': 'build'}
[501.991176] (-) TimerEvent: {}
[501.994599] (dynamixel_sdk_examples) Command: {'cmd': ['/usr/bin/cmake', '--build', '/workspaces/UON-CS-robotlab-simulation-container/build/dynamixel_sdk_examples', '--', '-j2', '-l2'], 'cwd': '/workspaces/UON-CS-robotlab-simulation-container/build/dynamixel_sdk_examples', 'env': OrderedDict([('GITHUB_TOKEN', 'ghu_qzXzf473tpbDuGEeRKMePfjjEUUgEL3qLs6h'), ('GITHUB_CODESPACE_TOKEN', 'AOKRK4QICIVTYBHCYV5Y7K3KNF2YXANCNFSM4AXFRYHA'), ('FEATURE_SPARK_POST_COMMIT_CREATE_ITERATION', 'true'), ('HOSTNAME', 'codespaces-9eb142'), ('GITHUB_CODESPACES_PORT_FORWARDING_DOMAIN', 'app.github.dev'), ('SHLVL', '2'), ('LD_LIBRARY_PATH', '/workspaces/UON-CS-robotlab-simulation-container/install/dynamixel_sdk_custom_interfaces/lib:/workspaces/UON-CS-robotlab-simulation-container/install/dynamixel_sdk/lib:/usr/lib/x86_64-linux-gnu/gazebo-11/plugins:/opt/ros/humble/opt/rviz_ogre_vendor/lib:/opt/ros/humble/lib/x86_64-linux-gnu:/opt/ros/humble/lib'), ('HOME', '/home/vscode'), ('OLDPWD', '/workspaces/UON-CS-robotlab-simulation-container'), ('CODESPACES', 'true'), ('ROS_PYTHON_VERSION', '3'), ('GITHUB_USER', 'mohammad-areeb'), ('GITHUB_GRAPHQL_URL', 'https://api.github.com/graphql'), ('ROS_DISTRO', 'humble'), ('ContainerVersion', '13'), ('GITHUB_API_URL', 'https://api.github.com'), ('RepositoryName', 'UON-CS-robotlab-simulation-container'), ('_', '/usr/bin/colcon'), ('ROS_VERSION', '2'), ('CLOUDENV_ENVIRONMENT_ID', '344bab99-1d47-4655-88f7-fee790854045'), ('TERM', 'xterm'), ('ROS_LOCALHOST_ONLY', '0'), ('PATH', '/opt/ros/humble/bin:/usr/local/sbin:/usr/local/bin:/usr/sbin:/usr/bin:/sbin:/bin'), ('SHELL_LOGGED_IN', 'true'), ('LANG', 'C.UTF-8'), ('LS_COLORS', ''), ('GITHUB_REPOSITORY', 'mohammad-areeb/UON-CS-robotlab-simulation-container'), ('ROS_DOMAIN_ID', '30'), ('AMENT_PREFIX_PATH', '/workspaces/UON-CS-robotlab-simulation-container/install/dynamixel_sdk_custom_interfaces:/workspaces/UON-CS-robotlab-simulation-container/install/dynamixel_sdk:/opt/ros/humble'), ('DEBIAN_FRONTEND', 'noninteractive'), ('SHELL', '/bin/bash'), ('PWD', '/workspaces/UON-CS-robotlab-simulation-container/build/dynamixel_sdk_examples'), ('INTERNAL_VSCS_TARGET_URL', 'https://uksouth.online.visualstudio.com'), ('TURTLEBOT3_MODEL', 'waffle'), ('LC_ALL', 'C.UTF-8'), ('GITHUB_SERVER_URL', 'https://github.com'), ('PYTHONPATH', '/workspaces/UON-CS-robotlab-simulation-container/install/dynamixel_sdk_custom_interfaces/local/lib/python3.10/dist-packages:/workspaces/UON-CS-robotlab-simulation-container/install/dynamixel_sdk/local/lib/python3.10/dist-packages:/opt/ros/humble/lib/python3.10/site-packages:/opt/ros/humble/local/lib/python3.10/dist-packages'), ('CODESPACE_NAME', 'urban-space-garbanzo-j7wwvprrjjp25j95'), ('COLCON', '1'), ('CMAKE_PREFIX_PATH', '/workspaces/UON-CS-robotlab-simulation-container/install/dynamixel_sdk_custom_interfaces:/workspaces/UON-CS-robotlab-simulation-container/install/dynamixel_sdk:/opt/ros/humble')]), 'shell': False}
[502.110339] (-) TimerEvent: {}
[502.224280] (-) TimerEvent: {}
[502.326065] (-) TimerEvent: {}
[502.402123] (dynamixel_sdk_examples) StdoutLine: {'line': b'[ 50%] \x1b[32mBuilding CXX object CMakeFiles/read_write_node.dir/src/read_write_node.cpp.o\x1b[0m\n'}
[502.428025] (-) TimerEvent: {}
[502.532021] (-) TimerEvent: {}
[502.632458] (-) TimerEvent: {}
[502.733531] (-) TimerEvent: {}
[502.842182] (-) TimerEvent: {}
[502.948910] (-) TimerEvent: {}
[503.055460] (-) TimerEvent: {}
[503.157063] (-) TimerEvent: {}
[503.291898] (-) TimerEvent: {}
[503.400788] (-) TimerEvent: {}
[503.504021] (-) TimerEvent: {}
[503.608022] (-) TimerEvent: {}
[503.710483] (-) TimerEvent: {}
[503.866121] (-) TimerEvent: {}
[503.972181] (-) TimerEvent: {}
[504.074030] (-) TimerEvent: {}
[504.175175] (-) TimerEvent: {}
[504.340474] (-) TimerEvent: {}
[504.442053] (-) TimerEvent: {}
[504.544018] (-) TimerEvent: {}
[504.645027] (-) TimerEvent: {}
[504.745975] (-) TimerEvent: {}
[504.861104] (-) TimerEvent: {}
[504.962907] (-) TimerEvent: {}
[505.064023] (-) TimerEvent: {}
[505.165881] (-) TimerEvent: {}
[505.269020] (-) TimerEvent: {}
[505.369460] (-) TimerEvent: {}
[505.475372] (-) TimerEvent: {}
[505.578729] (-) TimerEvent: {}
[505.683732] (-) TimerEvent: {}
[505.784126] (-) TimerEvent: {}
[505.897155] (-) TimerEvent: {}
[506.007020] (-) TimerEvent: {}
[506.108333] (-) TimerEvent: {}
[506.209988] (-) TimerEvent: {}
[506.318118] (-) TimerEvent: {}
[506.419503] (-) TimerEvent: {}
[506.553179] (-) TimerEvent: {}
[506.660136] (-) TimerEvent: {}
[506.764032] (-) TimerEvent: {}
[506.864387] (-) TimerEvent: {}
[506.964745] (-) TimerEvent: {}
[507.069222] (-) TimerEvent: {}
[507.170367] (-) TimerEvent: {}
[507.273266] (-) TimerEvent: {}
[507.375983] (-) TimerEvent: {}
[507.480360] (-) TimerEvent: {}
[507.580740] (-) TimerEvent: {}
[507.683443] (-) TimerEvent: {}
[507.793107] (-) TimerEvent: {}
[507.904472] (-) TimerEvent: {}
[508.007019] (-) TimerEvent: {}
[508.109278] (-) TimerEvent: {}
[508.214025] (-) TimerEvent: {}
[508.338600] (-) TimerEvent: {}
[508.444254] (-) TimerEvent: {}
[508.545546] (-) TimerEvent: {}
[508.647072] (-) TimerEvent: {}
[508.751026] (-) TimerEvent: {}
[508.851450] (-) TimerEvent: {}
[508.952022] (-) TimerEvent: {}
[509.073457] (-) TimerEvent: {}
[509.179028] (-) TimerEvent: {}
[509.280025] (-) TimerEvent: {}
[509.383024] (-) TimerEvent: {}
[509.485027] (-) TimerEvent: {}
[509.594103] (-) TimerEvent: {}
[509.694961] (-) TimerEvent: {}
[509.798796] (-) TimerEvent: {}
[509.900671] (-) TimerEvent: {}
[510.004033] (-) TimerEvent: {}
[510.127032] (-) TimerEvent: {}
[510.228925] (-) TimerEvent: {}
[510.332036] (-) TimerEvent: {}
[510.433307] (-) TimerEvent: {}
[510.533721] (-) TimerEvent: {}
[510.678544] (-) TimerEvent: {}
[510.802537] (-) TimerEvent: {}
[510.907477] (-) TimerEvent: {}
[511.007828] (-) TimerEvent: {}
[511.128118] (-) TimerEvent: {}
[511.243778] (-) TimerEvent: {}
[511.357265] (-) TimerEvent: {}
[511.461017] (-) TimerEvent: {}
[511.563155] (-) TimerEvent: {}
[511.665391] (-) TimerEvent: {}
[511.778126] (-) TimerEvent: {}
[511.881027] (-) TimerEvent: {}
[511.985020] (-) TimerEvent: {}
[512.086796] (-) TimerEvent: {}
[512.190455] (-) TimerEvent: {}
[512.302611] (-) TimerEvent: {}
[512.406500] (-) TimerEvent: {}
[512.507231] (-) TimerEvent: {}
[512.607987] (-) TimerEvent: {}
[512.739116] (-) TimerEvent: {}
[512.841038] (-) TimerEvent: {}
[512.945030] (-) TimerEvent: {}
[513.045449] (-) TimerEvent: {}
[513.149426] (-) TimerEvent: {}
[513.250048] (-) TimerEvent: {}
[513.355094] (-) TimerEvent: {}
[513.462083] (-) TimerEvent: {}
[513.564021] (-) TimerEvent: {}
[513.664537] (-) TimerEvent: {}
[513.765094] (-) TimerEvent: {}
[513.866018] (-) TimerEvent: {}
[513.968102] (-) TimerEvent: {}
[514.074177] (-) TimerEvent: {}
[514.177032] (-) TimerEvent: {}
[514.278966] (-) TimerEvent: {}
[514.379649] (-) TimerEvent: {}
[514.490284] (-) TimerEvent: {}
[514.596129] (-) TimerEvent: {}
[514.705926] (-) TimerEvent: {}
[514.807526] (-) TimerEvent: {}
[514.908805] (-) TimerEvent: {}
[515.016136] (-) TimerEvent: {}
[515.120144] (-) TimerEvent: {}
[515.221029] (-) TimerEvent: {}
[515.325030] (-) TimerEvent: {}
[515.426118] (-) TimerEvent: {}
[515.553186] (-) TimerEvent: {}
[515.662016] (-) TimerEvent: {}
[515.762411] (-) TimerEvent: {}
[515.865275] (-) TimerEvent: {}
[515.966223] (-) TimerEvent: {}
[516.108591] (-) TimerEvent: {}
[516.211018] (-) TimerEvent: {}
[516.311828] (-) TimerEvent: {}
[516.416028] (-) TimerEvent: {}
[516.516690] (-) TimerEvent: {}
[516.622527] (-) TimerEvent: {}
[516.732033] (-) TimerEvent: {}
[516.834788] (-) TimerEvent: {}
[516.943348] (-) TimerEvent: {}
[517.043997] (-) TimerEvent: {}
[517.145190] (-) TimerEvent: {}
[517.251450] (-) TimerEvent: {}
[517.360021] (-) TimerEvent: {}
[517.463188] (-) TimerEvent: {}
[517.572097] (-) TimerEvent: {}
[517.674135] (-) TimerEvent: {}
[517.778030] (-) TimerEvent: {}
[517.878993] (-) TimerEvent: {}
[517.979723] (-) TimerEvent: {}
[518.084112] (-) TimerEvent: {}
[518.185040] (-) TimerEvent: {}
[518.288033] (-) TimerEvent: {}
[518.391384] (-) TimerEvent: {}
[518.499093] (-) TimerEvent: {}
[518.611614] (-) TimerEvent: {}
[518.715034] (-) TimerEvent: {}
[518.818035] (-) TimerEvent: {}
[518.918687] (-) TimerEvent: {}
[519.022335] (-) TimerEvent: {}
[519.125078] (-) TimerEvent: {}
[519.307819] (-) TimerEvent: {}
[519.417029] (-) TimerEvent: {}
[519.518848] (-) TimerEvent: {}
[519.629023] (-) TimerEvent: {}
[519.731021] (-) TimerEvent: {}
[519.833235] (-) TimerEvent: {}
[519.934089] (-) TimerEvent: {}
[520.040044] (-) TimerEvent: {}
[520.143036] (-) TimerEvent: {}
[520.243690] (-) TimerEvent: {}
[520.345692] (-) TimerEvent: {}
[520.450021] (-) TimerEvent: {}
[520.550397] (-) TimerEvent: {}
[520.714101] (-) TimerEvent: {}
[520.816020] (-) TimerEvent: {}
[520.920090] (-) TimerEvent: {}
[521.020776] (-) TimerEvent: {}
[521.123139] (-) TimerEvent: {}
[521.225019] (-) TimerEvent: {}
[521.325762] (-) TimerEvent: {}
[521.501674] (-) TimerEvent: {}
[521.604020] (-) TimerEvent: {}
[521.704507] (-) TimerEvent: {}
[521.806026] (-) TimerEvent: {}
[521.911632] (-) TimerEvent: {}
[522.024334] (-) TimerEvent: {}
[522.130017] (-) TimerEvent: {}
[522.233794] (-) TimerEvent: {}
[522.336318] (-) TimerEvent: {}
[522.437811] (-) TimerEvent: {}
[522.541030] (-) TimerEvent: {}
[522.646383] (-) TimerEvent: {}
[522.747461] (-) TimerEvent: {}
[522.848278] (-) TimerEvent: {}
[522.951037] (-) TimerEvent: {}
[523.054757] (-) TimerEvent: {}
[523.228031] (-) TimerEvent: {}
[523.328467] (-) TimerEvent: {}
[523.429187] (-) TimerEvent: {}
[523.529721] (-) TimerEvent: {}
[523.665434] (-) TimerEvent: {}
[523.774024] (-) TimerEvent: {}
[523.874379] (-) TimerEvent: {}
[523.976287] (-) TimerEvent: {}
[524.080027] (-) TimerEvent: {}
[524.193511] (-) TimerEvent: {}
[524.299283] (-) TimerEvent: {}
[524.400125] (-) TimerEvent: {}
[524.501038] (-) TimerEvent: {}
[524.605029] (-) TimerEvent: {}
[524.708510] (-) TimerEvent: {}
[524.814027] (-) TimerEvent: {}
[524.917848] (-) TimerEvent: {}
[525.020651] (-) TimerEvent: {}
[525.122750] (-) TimerEvent: {}
[525.311030] (-) TimerEvent: {}
[525.414043] (-) TimerEvent: {}
[525.514841] (-) TimerEvent: {}
[525.615301] (-) TimerEvent: {}
[525.746525] (-) TimerEvent: {}
[525.851042] (-) TimerEvent: {}
[525.956022] (-) TimerEvent: {}
[526.056431] (-) TimerEvent: {}
[526.156850] (-) TimerEvent: {}
[526.329671] (-) TimerEvent: {}
[526.430507] (-) TimerEvent: {}
[526.538946] (-) TimerEvent: {}
[526.639512] (-) TimerEvent: {}
[526.744137] (-) TimerEvent: {}
[526.844904] (-) TimerEvent: {}
[526.949201] (-) TimerEvent: {}
[527.055025] (-) TimerEvent: {}
[527.155444] (-) TimerEvent: {}
[527.280131] (-) TimerEvent: {}
[527.385029] (-) TimerEvent: {}
[527.486138] (-) TimerEvent: {}
[527.586815] (-) TimerEvent: {}
[527.689035] (-) TimerEvent: {}
[527.731457] (dynamixel_sdk_examples) StdoutLine: {'line': b'[100%] \x1b[32m\x1b[1mLinking CXX executable read_write_node\x1b[0m\n'}
[527.840392] (-) TimerEvent: {}
[527.948237] (-) TimerEvent: {}
[528.050594] (-) TimerEvent: {}
[528.151030] (-) TimerEvent: {}
[528.253044] (-) TimerEvent: {}
[528.359054] (-) TimerEvent: {}
[528.417701] (turtlebot3_fake_node) StdoutLine: {'line': b'[100%] \x1b[32m\x1b[1mLinking CXX executable turtlebot3_fake_node\x1b[0m\n'}
[528.462024] (-) TimerEvent: {}
[528.564524] (-) TimerEvent: {}
[528.667355] (-) TimerEvent: {}
[528.767926] (-) TimerEvent: {}
[528.874880] (-) TimerEvent: {}
[528.983021] (-) TimerEvent: {}
[529.066098] (dynamixel_sdk_examples) StdoutLine: {'line': b'[100%] Built target read_write_node\n'}
[529.083202] (-) TimerEvent: {}
[529.092626] (dynamixel_sdk_examples) CommandEnded: {'returncode': 0}
[529.096151] (dynamixel_sdk_examples) JobProgress: {'identifier': 'dynamixel_sdk_examples', 'progress': 'install'}
[529.098446] (dynamixel_sdk_examples) Command: {'cmd': ['/usr/bin/cmake', '--install', '/workspaces/UON-CS-robotlab-simulation-container/build/dynamixel_sdk_examples'], 'cwd': '/workspaces/UON-CS-robotlab-simulation-container/build/dynamixel_sdk_examples', 'env': OrderedDict([('GITHUB_TOKEN', 'ghu_qzXzf473tpbDuGEeRKMePfjjEUUgEL3qLs6h'), ('GITHUB_CODESPACE_TOKEN', 'AOKRK4QICIVTYBHCYV5Y7K3KNF2YXANCNFSM4AXFRYHA'), ('FEATURE_SPARK_POST_COMMIT_CREATE_ITERATION', 'true'), ('HOSTNAME', 'codespaces-9eb142'), ('GITHUB_CODESPACES_PORT_FORWARDING_DOMAIN', 'app.github.dev'), ('SHLVL', '2'), ('LD_LIBRARY_PATH', '/workspaces/UON-CS-robotlab-simulation-container/install/dynamixel_sdk_custom_interfaces/lib:/workspaces/UON-CS-robotlab-simulation-container/install/dynamixel_sdk/lib:/usr/lib/x86_64-linux-gnu/gazebo-11/plugins:/opt/ros/humble/opt/rviz_ogre_vendor/lib:/opt/ros/humble/lib/x86_64-linux-gnu:/opt/ros/humble/lib'), ('HOME', '/home/vscode'), ('OLDPWD', '/workspaces/UON-CS-robotlab-simulation-container'), ('CODESPACES', 'true'), ('ROS_PYTHON_VERSION', '3'), ('GITHUB_USER', 'mohammad-areeb'), ('GITHUB_GRAPHQL_URL', 'https://api.github.com/graphql'), ('ROS_DISTRO', 'humble'), ('ContainerVersion', '13'), ('GITHUB_API_URL', 'https://api.github.com'), ('RepositoryName', 'UON-CS-robotlab-simulation-container'), ('_', '/usr/bin/colcon'), ('ROS_VERSION', '2'), ('CLOUDENV_ENVIRONMENT_ID', '344bab99-1d47-4655-88f7-fee790854045'), ('TERM', 'xterm'), ('ROS_LOCALHOST_ONLY', '0'), ('PATH', '/opt/ros/humble/bin:/usr/local/sbin:/usr/local/bin:/usr/sbin:/usr/bin:/sbin:/bin'), ('SHELL_LOGGED_IN', 'true'), ('LANG', 'C.UTF-8'), ('LS_COLORS', ''), ('GITHUB_REPOSITORY', 'mohammad-areeb/UON-CS-robotlab-simulation-container'), ('ROS_DOMAIN_ID', '30'), ('AMENT_PREFIX_PATH', '/workspaces/UON-CS-robotlab-simulation-container/install/dynamixel_sdk_custom_interfaces:/workspaces/UON-CS-robotlab-simulation-container/install/dynamixel_sdk:/opt/ros/humble'), ('DEBIAN_FRONTEND', 'noninteractive'), ('SHELL', '/bin/bash'), ('PWD', '/workspaces/UON-CS-robotlab-simulation-container/build/dynamixel_sdk_examples'), ('INTERNAL_VSCS_TARGET_URL', 'https://uksouth.online.visualstudio.com'), ('TURTLEBOT3_MODEL', 'waffle'), ('LC_ALL', 'C.UTF-8'), ('GITHUB_SERVER_URL', 'https://github.com'), ('PYTHONPATH', '/workspaces/UON-CS-robotlab-simulation-container/install/dynamixel_sdk_custom_interfaces/local/lib/python3.10/dist-packages:/workspaces/UON-CS-robotlab-simulation-container/install/dynamixel_sdk/local/lib/python3.10/dist-packages:/opt/ros/humble/lib/python3.10/site-packages:/opt/ros/humble/local/lib/python3.10/dist-packages'), ('CODESPACE_NAME', 'urban-space-garbanzo-j7wwvprrjjp25j95'), ('COLCON', '1'), ('CMAKE_PREFIX_PATH', '/workspaces/UON-CS-robotlab-simulation-container/install/dynamixel_sdk_custom_interfaces:/workspaces/UON-CS-robotlab-simulation-container/install/dynamixel_sdk:/opt/ros/humble')]), 'shell': False}
[529.112090] (dynamixel_sdk_examples) StdoutLine: {'line': b'-- Install configuration: ""\n'}
[529.114223] (dynamixel_sdk_examples) StdoutLine: {'line': b'-- Execute custom install script\n'}
[529.116109] (dynamixel_sdk_examples) StdoutLine: {'line': b'-- Symlinking: /workspaces/UON-CS-robotlab-simulation-container/install/dynamixel_sdk_examples/lib/dynamixel_sdk_examples/read_write_node\n'}
[529.130275] (dynamixel_sdk_examples) StdoutLine: {'line': b'-- Symlinking: /workspaces/UON-CS-robotlab-simulation-container/install/dynamixel_sdk_examples/lib/dynamixel_sdk_examples/read_write_node.py\n'}
[529.150526] (dynamixel_sdk_examples) StdoutLine: {'line': b'-- Symlinking: /workspaces/UON-CS-robotlab-simulation-container/install/dynamixel_sdk_examples/share/ament_index/resource_index/package_run_dependencies/dynamixel_sdk_examples\n'}
[529.176404] (dynamixel_sdk_examples) StdoutLine: {'line': b'-- Symlinking: /workspaces/UON-CS-robotlab-simulation-container/install/dynamixel_sdk_examples/share/ament_index/resource_index/parent_prefix_path/dynamixel_sdk_examples\n'}
[529.183298] (-) TimerEvent: {}
[529.202975] (dynamixel_sdk_examples) StdoutLine: {'line': b'-- Symlinking: /workspaces/UON-CS-robotlab-simulation-container/install/dynamixel_sdk_examples/share/dynamixel_sdk_examples/environment/ament_prefix_path.sh\n'}
[529.217127] (dynamixel_sdk_examples) StdoutLine: {'line': b'-- Symlinking: /workspaces/UON-CS-robotlab-simulation-container/install/dynamixel_sdk_examples/share/dynamixel_sdk_examples/environment/ament_prefix_path.dsv\n'}
[529.231158] (dynamixel_sdk_examples) StdoutLine: {'line': b'-- Symlinking: /workspaces/UON-CS-robotlab-simulation-container/install/dynamixel_sdk_examples/share/dynamixel_sdk_examples/environment/path.sh\n'}
[529.245785] (dynamixel_sdk_examples) StdoutLine: {'line': b'-- Symlinking: /workspaces/UON-CS-robotlab-simulation-container/install/dynamixel_sdk_examples/share/dynamixel_sdk_examples/environment/path.dsv\n'}
[529.259999] (dynamixel_sdk_examples) StdoutLine: {'line': b'-- Symlinking: /workspaces/UON-CS-robotlab-simulation-container/install/dynamixel_sdk_examples/share/dynamixel_sdk_examples/local_setup.bash\n'}
[529.274073] (dynamixel_sdk_examples) StdoutLine: {'line': b'-- Symlinking: /workspaces/UON-CS-robotlab-simulation-container/install/dynamixel_sdk_examples/share/dynamixel_sdk_examples/local_setup.sh\n'}
[529.283404] (-) TimerEvent: {}
[529.287976] (dynamixel_sdk_examples) StdoutLine: {'line': b'-- Symlinking: /workspaces/UON-CS-robotlab-simulation-container/install/dynamixel_sdk_examples/share/dynamixel_sdk_examples/local_setup.zsh\n'}
[529.302837] (dynamixel_sdk_examples) StdoutLine: {'line': b'-- Symlinking: /workspaces/UON-CS-robotlab-simulation-container/install/dynamixel_sdk_examples/share/dynamixel_sdk_examples/local_setup.dsv\n'}
[529.317868] (dynamixel_sdk_examples) StdoutLine: {'line': b'-- Symlinking: /workspaces/UON-CS-robotlab-simulation-container/install/dynamixel_sdk_examples/share/dynamixel_sdk_examples/package.dsv\n'}
[529.331671] (dynamixel_sdk_examples) StdoutLine: {'line': b'-- Symlinking: /workspaces/UON-CS-robotlab-simulation-container/install/dynamixel_sdk_examples/share/ament_index/resource_index/packages/dynamixel_sdk_examples\n'}
[529.476275] (dynamixel_sdk_examples) StdoutLine: {'line': b'-- Symlinking: /workspaces/UON-CS-robotlab-simulation-container/install/dynamixel_sdk_examples/share/dynamixel_sdk_examples/cmake/dynamixel_sdk_examplesConfig.cmake\n'}
[529.481058] (-) TimerEvent: {}
[529.514090] (dynamixel_sdk_examples) StdoutLine: {'line': b'-- Symlinking: /workspaces/UON-CS-robotlab-simulation-container/install/dynamixel_sdk_examples/share/dynamixel_sdk_examples/cmake/dynamixel_sdk_examplesConfig-version.cmake\n'}
[529.542992] (dynamixel_sdk_examples) StdoutLine: {'line': b'-- Symlinking: /workspaces/UON-CS-robotlab-simulation-container/install/dynamixel_sdk_examples/share/dynamixel_sdk_examples/package.xml\n'}
[529.572876] (dynamixel_sdk_examples) CommandEnded: {'returncode': 0}
[529.581117] (-) TimerEvent: {}
[529.614731] (dynamixel_sdk_examples) JobEnded: {'identifier': 'dynamixel_sdk_examples', 'rc': 0}
[529.623008] (turtlebot3) JobStarted: {'identifier': 'turtlebot3'}
[529.681464] (-) TimerEvent: {}
[529.783596] (-) TimerEvent: {}
[529.789363] (turtlebot3) JobProgress: {'identifier': 'turtlebot3', 'progress': 'cmake'}
[529.792255] (turtlebot3) Command: {'cmd': ['/usr/bin/cmake', '/workspaces/UON-CS-robotlab-simulation-container/src/turtlebot3/turtlebot3', '-DAMENT_CMAKE_SYMLINK_INSTALL=1', '-DCMAKE_INSTALL_PREFIX=/workspaces/UON-CS-robotlab-simulation-container/install/turtlebot3'], 'cwd': '/workspaces/UON-CS-robotlab-simulation-container/build/turtlebot3', 'env': OrderedDict([('GITHUB_TOKEN', 'ghu_qzXzf473tpbDuGEeRKMePfjjEUUgEL3qLs6h'), ('GITHUB_CODESPACE_TOKEN', 'AOKRK4QICIVTYBHCYV5Y7K3KNF2YXANCNFSM4AXFRYHA'), ('FEATURE_SPARK_POST_COMMIT_CREATE_ITERATION', 'true'), ('HOSTNAME', 'codespaces-9eb142'), ('GITHUB_CODESPACES_PORT_FORWARDING_DOMAIN', 'app.github.dev'), ('SHLVL', '2'), ('LD_LIBRARY_PATH', '/workspaces/UON-CS-robotlab-simulation-container/install/turtlebot3_msgs/lib:/workspaces/UON-CS-robotlab-simulation-container/install/dynamixel_sdk/lib:/usr/lib/x86_64-linux-gnu/gazebo-11/plugins:/opt/ros/humble/opt/rviz_ogre_vendor/lib:/opt/ros/humble/lib/x86_64-linux-gnu:/opt/ros/humble/lib'), ('HOME', '/home/vscode'), ('OLDPWD', '/workspaces/UON-CS-robotlab-simulation-container'), ('CODESPACES', 'true'), ('ROS_PYTHON_VERSION', '3'), ('GITHUB_USER', 'mohammad-areeb'), ('GITHUB_GRAPHQL_URL', 'https://api.github.com/graphql'), ('ROS_DISTRO', 'humble'), ('ContainerVersion', '13'), ('GITHUB_API_URL', 'https://api.github.com'), ('RepositoryName', 'UON-CS-robotlab-simulation-container'), ('_', '/usr/bin/colcon'), ('ROS_VERSION', '2'), ('CLOUDENV_ENVIRONMENT_ID', '344bab99-1d47-4655-88f7-fee790854045'), ('TERM', 'xterm'), ('ROS_LOCALHOST_ONLY', '0'), ('PATH', '/opt/ros/humble/bin:/usr/local/sbin:/usr/local/bin:/usr/sbin:/usr/bin:/sbin:/bin'), ('SHELL_LOGGED_IN', 'true'), ('LANG', 'C.UTF-8'), ('LS_COLORS', ''), ('GITHUB_REPOSITORY', 'mohammad-areeb/UON-CS-robotlab-simulation-container'), ('ROS_DOMAIN_ID', '30'), ('AMENT_PREFIX_PATH', '/workspaces/UON-CS-robotlab-simulation-container/install/turtlebot3_bringup:/workspaces/UON-CS-robotlab-simulation-container/install/turtlebot3_node:/workspaces/UON-CS-robotlab-simulation-container/install/turtlebot3_example:/workspaces/UON-CS-robotlab-simulation-container/install/turtlebot3_teleop:/workspaces/UON-CS-robotlab-simulation-container/install/turtlebot3_navigation2:/workspaces/UON-CS-robotlab-simulation-container/install/turtlebot3_msgs:/workspaces/UON-CS-robotlab-simulation-container/install/turtlebot3_description:/workspaces/UON-CS-robotlab-simulation-container/install/turtlebot3_cartographer:/workspaces/UON-CS-robotlab-simulation-container/install/dynamixel_sdk:/opt/ros/humble'), ('DEBIAN_FRONTEND', 'noninteractive'), ('SHELL', '/bin/bash'), ('PWD', '/workspaces/UON-CS-robotlab-simulation-container/build/turtlebot3'), ('INTERNAL_VSCS_TARGET_URL', 'https://uksouth.online.visualstudio.com'), ('TURTLEBOT3_MODEL', 'waffle'), ('LC_ALL', 'C.UTF-8'), ('GITHUB_SERVER_URL', 'https://github.com'), ('PYTHONPATH', '/workspaces/UON-CS-robotlab-simulation-container/build/turtlebot3_example:/workspaces/UON-CS-robotlab-simulation-container/install/turtlebot3_example/lib/python3.10/site-packages:/workspaces/UON-CS-robotlab-simulation-container/build/turtlebot3_teleop:/workspaces/UON-CS-robotlab-simulation-container/install/turtlebot3_teleop/lib/python3.10/site-packages:/workspaces/UON-CS-robotlab-simulation-container/install/turtlebot3_msgs/local/lib/python3.10/dist-packages:/workspaces/UON-CS-robotlab-simulation-container/install/dynamixel_sdk/local/lib/python3.10/dist-packages:/opt/ros/humble/lib/python3.10/site-packages:/opt/ros/humble/local/lib/python3.10/dist-packages'), ('CODESPACE_NAME', 'urban-space-garbanzo-j7wwvprrjjp25j95'), ('COLCON', '1'), ('CMAKE_PREFIX_PATH', '/workspaces/UON-CS-robotlab-simulation-container/install/turtlebot3_bringup:/workspaces/UON-CS-robotlab-simulation-container/install/turtlebot3_node:/workspaces/UON-CS-robotlab-simulation-container/install/turtlebot3_navigation2:/workspaces/UON-CS-robotlab-simulation-container/install/turtlebot3_msgs:/workspaces/UON-CS-robotlab-simulation-container/install/turtlebot3_description:/workspaces/UON-CS-robotlab-simulation-container/install/turtlebot3_cartographer:/workspaces/UON-CS-robotlab-simulation-container/install/dynamixel_sdk:/opt/ros/humble')]), 'shell': False}
[529.939579] (-) TimerEvent: {}
[530.050763] (-) TimerEvent: {}
[530.117156] (turtlebot3_fake_node) StdoutLine: {'line': b'[100%] Built target turtlebot3_fake_node\n'}
[530.144342] (turtlebot3_fake_node) CommandEnded: {'returncode': 0}
[530.151317] (-) TimerEvent: {}
[530.151952] (turtlebot3_fake_node) JobProgress: {'identifier': 'turtlebot3_fake_node', 'progress': 'install'}
[530.152221] (turtlebot3_fake_node) Command: {'cmd': ['/usr/bin/cmake', '--install', '/workspaces/UON-CS-robotlab-simulation-container/build/turtlebot3_fake_node'], 'cwd': '/workspaces/UON-CS-robotlab-simulation-container/build/turtlebot3_fake_node', 'env': OrderedDict([('GITHUB_TOKEN', 'ghu_qzXzf473tpbDuGEeRKMePfjjEUUgEL3qLs6h'), ('GITHUB_CODESPACE_TOKEN', 'AOKRK4QICIVTYBHCYV5Y7K3KNF2YXANCNFSM4AXFRYHA'), ('FEATURE_SPARK_POST_COMMIT_CREATE_ITERATION', 'true'), ('HOSTNAME', 'codespaces-9eb142'), ('GITHUB_CODESPACES_PORT_FORWARDING_DOMAIN', 'app.github.dev'), ('SHLVL', '2'), ('LD_LIBRARY_PATH', '/workspaces/UON-CS-robotlab-simulation-container/install/turtlebot3_msgs/lib:/usr/lib/x86_64-linux-gnu/gazebo-11/plugins:/opt/ros/humble/opt/rviz_ogre_vendor/lib:/opt/ros/humble/lib/x86_64-linux-gnu:/opt/ros/humble/lib'), ('HOME', '/home/vscode'), ('OLDPWD', '/workspaces/UON-CS-robotlab-simulation-container'), ('CODESPACES', 'true'), ('ROS_PYTHON_VERSION', '3'), ('GITHUB_USER', 'mohammad-areeb'), ('GITHUB_GRAPHQL_URL', 'https://api.github.com/graphql'), ('ROS_DISTRO', 'humble'), ('ContainerVersion', '13'), ('GITHUB_API_URL', 'https://api.github.com'), ('RepositoryName', 'UON-CS-robotlab-simulation-container'), ('_', '/usr/bin/colcon'), ('ROS_VERSION', '2'), ('CLOUDENV_ENVIRONMENT_ID', '344bab99-1d47-4655-88f7-fee790854045'), ('TERM', 'xterm'), ('ROS_LOCALHOST_ONLY', '0'), ('PATH', '/opt/ros/humble/bin:/usr/local/sbin:/usr/local/bin:/usr/sbin:/usr/bin:/sbin:/bin'), ('SHELL_LOGGED_IN', 'true'), ('LANG', 'C.UTF-8'), ('LS_COLORS', ''), ('GITHUB_REPOSITORY', 'mohammad-areeb/UON-CS-robotlab-simulation-container'), ('ROS_DOMAIN_ID', '30'), ('AMENT_PREFIX_PATH', '/workspaces/UON-CS-robotlab-simulation-container/install/turtlebot3_msgs:/opt/ros/humble'), ('DEBIAN_FRONTEND', 'noninteractive'), ('SHELL', '/bin/bash'), ('PWD', '/workspaces/UON-CS-robotlab-simulation-container/build/turtlebot3_fake_node'), ('INTERNAL_VSCS_TARGET_URL', 'https://uksouth.online.visualstudio.com'), ('TURTLEBOT3_MODEL', 'waffle'), ('LC_ALL', 'C.UTF-8'), ('GITHUB_SERVER_URL', 'https://github.com'), ('PYTHONPATH', '/workspaces/UON-CS-robotlab-simulation-container/install/turtlebot3_msgs/local/lib/python3.10/dist-packages:/opt/ros/humble/lib/python3.10/site-packages:/opt/ros/humble/local/lib/python3.10/dist-packages'), ('CODESPACE_NAME', 'urban-space-garbanzo-j7wwvprrjjp25j95'), ('COLCON', '1'), ('CMAKE_PREFIX_PATH', '/workspaces/UON-CS-robotlab-simulation-container/install/turtlebot3_msgs:/opt/ros/humble')]), 'shell': False}
[530.162472] (turtlebot3) StdoutLine: {'line': b'-- The C compiler identification is GNU 11.4.0\n'}
[530.174980] (turtlebot3_fake_node) StdoutLine: {'line': b'-- Install configuration: ""\n'}
[530.178131] (turtlebot3_fake_node) StdoutLine: {'line': b'-- Execute custom install script\n'}
[530.178654] (turtlebot3_fake_node) StdoutLine: {'line': b'-- Symlinking: /workspaces/UON-CS-robotlab-simulation-container/install/turtlebot3_fake_node/lib/turtlebot3_fake_node/turtlebot3_fake_node\n'}
[530.201409] (turtlebot3_fake_node) StdoutLine: {'line': b'-- Symlinking: /workspaces/UON-CS-robotlab-simulation-container/install/turtlebot3_fake_node/share/turtlebot3_fake_node/launch/rviz2.launch.py\n'}
[530.215553] (turtlebot3_fake_node) StdoutLine: {'line': b'-- Symlinking: /workspaces/UON-CS-robotlab-simulation-container/install/turtlebot3_fake_node/share/turtlebot3_fake_node/launch/turtlebot3_fake_node.launch.py\n'}
[530.226106] (turtlebot3_fake_node) StdoutLine: {'line': b'-- Symlinking: /workspaces/UON-CS-robotlab-simulation-container/install/turtlebot3_fake_node/share/turtlebot3_fake_node/param/burger.yaml\n'}
[530.246173] (turtlebot3_fake_node) StdoutLine: {'line': b'-- Symlinking: /workspaces/UON-CS-robotlab-simulation-container/install/turtlebot3_fake_node/share/turtlebot3_fake_node/param/waffle.yaml\n'}
[530.253280] (-) TimerEvent: {}
[530.271987] (turtlebot3_fake_node) StdoutLine: {'line': b'-- Symlinking: /workspaces/UON-CS-robotlab-simulation-container/install/turtlebot3_fake_node/share/turtlebot3_fake_node/param/waffle_pi.yaml\n'}
[530.287693] (turtlebot3_fake_node) StdoutLine: {'line': b'-- Symlinking: /workspaces/UON-CS-robotlab-simulation-container/install/turtlebot3_fake_node/include//turtlebot3_fake_node/turtlebot3_fake_node.hpp\n'}
[530.329555] (turtlebot3_fake_node) StdoutLine: {'line': b'-- Symlinking: /workspaces/UON-CS-robotlab-simulation-container/install/turtlebot3_fake_node/share/ament_index/resource_index/package_run_dependencies/turtlebot3_fake_node\n'}
[530.344739] (turtlebot3) StdoutLine: {'line': b'-- The CXX compiler identification is GNU 11.4.0\n'}
[530.352096] (-) TimerEvent: {}
[530.435073] (turtlebot3) StdoutLine: {'line': b'-- Detecting C compiler ABI info\n'}
[530.453119] (-) TimerEvent: {}
[530.508036] (turtlebot3_fake_node) StdoutLine: {'line': b'-- Symlinking: /workspaces/UON-CS-robotlab-simulation-container/install/turtlebot3_fake_node/share/ament_index/resource_index/parent_prefix_path/turtlebot3_fake_node\n'}
[530.557557] (-) TimerEvent: {}
[530.565005] (turtlebot3_fake_node) StdoutLine: {'line': b'-- Symlinking: /workspaces/UON-CS-robotlab-simulation-container/install/turtlebot3_fake_node/share/turtlebot3_fake_node/environment/ament_prefix_path.sh\n'}
[530.596755] (turtlebot3_fake_node) StdoutLine: {'line': b'-- Symlinking: /workspaces/UON-CS-robotlab-simulation-container/install/turtlebot3_fake_node/share/turtlebot3_fake_node/environment/ament_prefix_path.dsv\n'}
[530.634622] (turtlebot3_fake_node) StdoutLine: {'line': b'-- Symlinking: /workspaces/UON-CS-robotlab-simulation-container/install/turtlebot3_fake_node/share/turtlebot3_fake_node/environment/path.sh\n'}
[530.658274] (-) TimerEvent: {}
[530.666161] (turtlebot3_fake_node) StdoutLine: {'line': b'-- Symlinking: /workspaces/UON-CS-robotlab-simulation-container/install/turtlebot3_fake_node/share/turtlebot3_fake_node/environment/path.dsv\n'}
[530.679583] (turtlebot3_fake_node) StdoutLine: {'line': b'-- Symlinking: /workspaces/UON-CS-robotlab-simulation-container/install/turtlebot3_fake_node/share/turtlebot3_fake_node/local_setup.bash\n'}
[530.693603] (turtlebot3_fake_node) StdoutLine: {'line': b'-- Symlinking: /workspaces/UON-CS-robotlab-simulation-container/install/turtlebot3_fake_node/share/turtlebot3_fake_node/local_setup.sh\n'}
[530.709124] (turtlebot3_fake_node) StdoutLine: {'line': b'-- Symlinking: /workspaces/UON-CS-robotlab-simulation-container/install/turtlebot3_fake_node/share/turtlebot3_fake_node/local_setup.zsh\n'}
[530.713146] (turtlebot3) StdoutLine: {'line': b'-- Detecting C compiler ABI info - done\n'}
[530.726472] (turtlebot3) StdoutLine: {'line': b'-- Check for working C compiler: /usr/bin/cc - skipped\n'}
[530.727194] (turtlebot3) StdoutLine: {'line': b'-- Detecting C compile features\n'}
[530.728057] (turtlebot3) StdoutLine: {'line': b'-- Detecting C compile features - done\n'}
[530.732999] (turtlebot3_fake_node) StdoutLine: {'line': b'-- Symlinking: /workspaces/UON-CS-robotlab-simulation-container/install/turtlebot3_fake_node/share/turtlebot3_fake_node/local_setup.dsv\n'}
[530.734024] (turtlebot3) StdoutLine: {'line': b'-- Detecting CXX compiler ABI info\n'}
[530.758387] (-) TimerEvent: {}
[530.764458] (turtlebot3_fake_node) StdoutLine: {'line': b'-- Symlinking: /workspaces/UON-CS-robotlab-simulation-container/install/turtlebot3_fake_node/share/turtlebot3_fake_node/package.dsv\n'}
[530.781929] (turtlebot3_fake_node) StdoutLine: {'line': b'-- Symlinking: /workspaces/UON-CS-robotlab-simulation-container/install/turtlebot3_fake_node/share/ament_index/resource_index/packages/turtlebot3_fake_node\n'}
[530.802065] (turtlebot3_fake_node) StdoutLine: {'line': b'-- Symlinking: /workspaces/UON-CS-robotlab-simulation-container/install/turtlebot3_fake_node/share/turtlebot3_fake_node/cmake/ament_cmake_export_include_directories-extras.cmake\n'}
[530.839900] (turtlebot3_fake_node) StdoutLine: {'line': b'-- Symlinking: /workspaces/UON-CS-robotlab-simulation-container/install/turtlebot3_fake_node/share/turtlebot3_fake_node/cmake/ament_cmake_export_dependencies-extras.cmake\n'}
[530.860001] (-) TimerEvent: {}
[530.871683] (turtlebot3_fake_node) StdoutLine: {'line': b'-- Symlinking: /workspaces/UON-CS-robotlab-simulation-container/install/turtlebot3_fake_node/share/turtlebot3_fake_node/cmake/turtlebot3_fake_nodeConfig.cmake\n'}
[530.896097] (turtlebot3_fake_node) StdoutLine: {'line': b'-- Symlinking: /workspaces/UON-CS-robotlab-simulation-container/install/turtlebot3_fake_node/share/turtlebot3_fake_node/cmake/turtlebot3_fake_nodeConfig-version.cmake\n'}
[530.906080] (turtlebot3) StdoutLine: {'line': b'-- Detecting CXX compiler ABI info - done\n'}
[530.960231] (-) TimerEvent: {}
[530.980310] (turtlebot3_fake_node) StdoutLine: {'line': b'-- Symlinking: /workspaces/UON-CS-robotlab-simulation-container/install/turtlebot3_fake_node/share/turtlebot3_fake_node/package.xml\n'}
[531.048746] (turtlebot3) StdoutLine: {'line': b'-- Check for working CXX compiler: /usr/bin/c++ - skipped\n'}
[531.051822] (turtlebot3) StdoutLine: {'line': b'-- Detecting CXX compile features\n'}
[531.058053] (turtlebot3) StdoutLine: {'line': b'-- Detecting CXX compile features - done\n'}
[531.060504] (-) TimerEvent: {}
[531.072588] (turtlebot3_fake_node) CommandEnded: {'returncode': 0}
[531.077519] (turtlebot3) StdoutLine: {'line': b'-- Found ament_cmake: 1.3.14 (/opt/ros/humble/share/ament_cmake/cmake)\n'}
[531.092250] (turtlebot3_fake_node) JobEnded: {'identifier': 'turtlebot3_fake_node', 'rc': 0}
[531.097771] (turtlebot3_simulations) JobStarted: {'identifier': 'turtlebot3_simulations'}
[531.161676] (turtlebot3_simulations) JobProgress: {'identifier': 'turtlebot3_simulations', 'progress': 'cmake'}
[531.161753] (-) TimerEvent: {}
[531.162352] (turtlebot3_simulations) Command: {'cmd': ['/usr/bin/cmake', '/workspaces/UON-CS-robotlab-simulation-container/src/turtlebot3_simulations/turtlebot3_simulations', '-DAMENT_CMAKE_SYMLINK_INSTALL=1', '-DCMAKE_INSTALL_PREFIX=/workspaces/UON-CS-robotlab-simulation-container/install/turtlebot3_simulations'], 'cwd': '/workspaces/UON-CS-robotlab-simulation-container/build/turtlebot3_simulations', 'env': OrderedDict([('GITHUB_TOKEN', 'ghu_qzXzf473tpbDuGEeRKMePfjjEUUgEL3qLs6h'), ('GITHUB_CODESPACE_TOKEN', 'AOKRK4QICIVTYBHCYV5Y7K3KNF2YXANCNFSM4AXFRYHA'), ('FEATURE_SPARK_POST_COMMIT_CREATE_ITERATION', 'true'), ('HOSTNAME', 'codespaces-9eb142'), ('GITHUB_CODESPACES_PORT_FORWARDING_DOMAIN', 'app.github.dev'), ('SHLVL', '2'), ('LD_LIBRARY_PATH', '/workspaces/UON-CS-robotlab-simulation-container/install/turtlebot3_msgs/lib:/usr/lib/x86_64-linux-gnu/gazebo-11/plugins:/opt/ros/humble/opt/rviz_ogre_vendor/lib:/opt/ros/humble/lib/x86_64-linux-gnu:/opt/ros/humble/lib'), ('HOME', '/home/vscode'), ('OLDPWD', '/workspaces/UON-CS-robotlab-simulation-container'), ('CODESPACES', 'true'), ('ROS_PYTHON_VERSION', '3'), ('GITHUB_USER', 'mohammad-areeb'), ('GITHUB_GRAPHQL_URL', 'https://api.github.com/graphql'), ('ROS_DISTRO', 'humble'), ('ContainerVersion', '13'), ('GITHUB_API_URL', 'https://api.github.com'), ('RepositoryName', 'UON-CS-robotlab-simulation-container'), ('_', '/usr/bin/colcon'), ('ROS_VERSION', '2'), ('CLOUDENV_ENVIRONMENT_ID', '344bab99-1d47-4655-88f7-fee790854045'), ('TERM', 'xterm'), ('ROS_LOCALHOST_ONLY', '0'), ('PATH', '/opt/ros/humble/bin:/usr/local/sbin:/usr/local/bin:/usr/sbin:/usr/bin:/sbin:/bin'), ('SHELL_LOGGED_IN', 'true'), ('LANG', 'C.UTF-8'), ('LS_COLORS', ''), ('GITHUB_REPOSITORY', 'mohammad-areeb/UON-CS-robotlab-simulation-container'), ('ROS_DOMAIN_ID', '30'), ('AMENT_PREFIX_PATH', '/workspaces/UON-CS-robotlab-simulation-container/install/turtlebot3_fake_node:/workspaces/UON-CS-robotlab-simulation-container/install/turtlebot3_msgs:/workspaces/UON-CS-robotlab-simulation-container/install/turtlebot3_manipulation_gazebo:/workspaces/UON-CS-robotlab-simulation-container/install/turtlebot3_gazebo:/opt/ros/humble'), ('DEBIAN_FRONTEND', 'noninteractive'), ('SHELL', '/bin/bash'), ('PWD', '/workspaces/UON-CS-robotlab-simulation-container/build/turtlebot3_simulations'), ('INTERNAL_VSCS_TARGET_URL', 'https://uksouth.online.visualstudio.com'), ('TURTLEBOT3_MODEL', 'waffle'), ('LC_ALL', 'C.UTF-8'), ('GITHUB_SERVER_URL', 'https://github.com'), ('PYTHONPATH', '/workspaces/UON-CS-robotlab-simulation-container/install/turtlebot3_msgs/local/lib/python3.10/dist-packages:/opt/ros/humble/lib/python3.10/site-packages:/opt/ros/humble/local/lib/python3.10/dist-packages'), ('CODESPACE_NAME', 'urban-space-garbanzo-j7wwvprrjjp25j95'), ('COLCON', '1'), ('CMAKE_PREFIX_PATH', '/workspaces/UON-CS-robotlab-simulation-container/install/turtlebot3_fake_node:/workspaces/UON-CS-robotlab-simulation-container/install/turtlebot3_msgs:/workspaces/UON-CS-robotlab-simulation-container/install/turtlebot3_manipulation_gazebo:/workspaces/UON-CS-robotlab-simulation-container/install/turtlebot3_gazebo:/opt/ros/humble')]), 'shell': False}
[531.264403] (-) TimerEvent: {}
[531.354324] (turtlebot3_simulations) StdoutLine: {'line': b'-- The C compiler identification is GNU 11.4.0\n'}
[531.365074] (-) TimerEvent: {}
[531.477165] (-) TimerEvent: {}
[531.594006] (-) TimerEvent: {}
[531.694810] (-) TimerEvent: {}
[531.728198] (turtlebot3_simulations) StdoutLine: {'line': b'-- The CXX compiler identification is GNU 11.4.0\n'}
[531.763996] (turtlebot3_simulations) StdoutLine: {'line': b'-- Detecting C compiler ABI info\n'}
[531.779005] (turtlebot3) StdoutLine: {'line': b'-- Found Python3: /usr/bin/python3 (found version "3.10.12") found components: Interpreter \n'}
[531.795092] (-) TimerEvent: {}
[531.896778] (-) TimerEvent: {}
[531.999123] (-) TimerEvent: {}
[532.099460] (turtlebot3_simulations) StdoutLine: {'line': b'-- Detecting C compiler ABI info - done\n'}
[532.099651] (-) TimerEvent: {}
[532.109030] (turtlebot3) StdoutLine: {'line': b'-- Override CMake install command with custom implementation using symlinks instead of copying resources\n'}
[532.136001] (turtlebot3_simulations) StdoutLine: {'line': b'-- Check for working C compiler: /usr/bin/cc - skipped\n'}
[532.137828] (turtlebot3_simulations) StdoutLine: {'line': b'-- Detecting C compile features\n'}
[532.138186] (turtlebot3_simulations) StdoutLine: {'line': b'-- Detecting C compile features - done\n'}
[532.153044] (turtlebot3_simulations) StdoutLine: {'line': b'-- Detecting CXX compiler ABI info\n'}
[532.201474] (-) TimerEvent: {}
[532.305370] (-) TimerEvent: {}
[532.408240] (-) TimerEvent: {}
[532.546788] (-) TimerEvent: {}
[532.631030] (turtlebot3_simulations) StdoutLine: {'line': b'-- Detecting CXX compiler ABI info - done\n'}
[532.638043] (turtlebot3_simulations) StdoutLine: {'line': b'-- Check for working CXX compiler: /usr/bin/c++ - skipped\n'}
[532.638226] (turtlebot3_simulations) StdoutLine: {'line': b'-- Detecting CXX compile features\n'}
[532.642023] (turtlebot3_simulations) StdoutLine: {'line': b'-- Detecting CXX compile features - done\n'}
[532.648008] (turtlebot3_simulations) StdoutLine: {'line': b'-- Found ament_cmake: 1.3.14 (/opt/ros/humble/share/ament_cmake/cmake)\n'}
[532.648158] (-) TimerEvent: {}
[532.748406] (-) TimerEvent: {}
[532.774979] (turtlebot3) StdoutLine: {'line': b'-- Configuring done\n'}
[532.793479] (turtlebot3) StdoutLine: {'line': b'-- Generating done\n'}
[532.800039] (turtlebot3) StdoutLine: {'line': b'-- Build files have been written to: /workspaces/UON-CS-robotlab-simulation-container/build/turtlebot3\n'}
[532.820409] (turtlebot3) CommandEnded: {'returncode': 0}
[532.821244] (turtlebot3) JobProgress: {'identifier': 'turtlebot3', 'progress': 'build'}
[532.821289] (turtlebot3) Command: {'cmd': ['/usr/bin/cmake', '--build', '/workspaces/UON-CS-robotlab-simulation-container/build/turtlebot3', '--', '-j2', '-l2'], 'cwd': '/workspaces/UON-CS-robotlab-simulation-container/build/turtlebot3', 'env': OrderedDict([('GITHUB_TOKEN', 'ghu_qzXzf473tpbDuGEeRKMePfjjEUUgEL3qLs6h'), ('GITHUB_CODESPACE_TOKEN', 'AOKRK4QICIVTYBHCYV5Y7K3KNF2YXANCNFSM4AXFRYHA'), ('FEATURE_SPARK_POST_COMMIT_CREATE_ITERATION', 'true'), ('HOSTNAME', 'codespaces-9eb142'), ('GITHUB_CODESPACES_PORT_FORWARDING_DOMAIN', 'app.github.dev'), ('SHLVL', '2'), ('LD_LIBRARY_PATH', '/workspaces/UON-CS-robotlab-simulation-container/install/turtlebot3_msgs/lib:/workspaces/UON-CS-robotlab-simulation-container/install/dynamixel_sdk/lib:/usr/lib/x86_64-linux-gnu/gazebo-11/plugins:/opt/ros/humble/opt/rviz_ogre_vendor/lib:/opt/ros/humble/lib/x86_64-linux-gnu:/opt/ros/humble/lib'), ('HOME', '/home/vscode'), ('OLDPWD', '/workspaces/UON-CS-robotlab-simulation-container'), ('CODESPACES', 'true'), ('ROS_PYTHON_VERSION', '3'), ('GITHUB_USER', 'mohammad-areeb'), ('GITHUB_GRAPHQL_URL', 'https://api.github.com/graphql'), ('ROS_DISTRO', 'humble'), ('ContainerVersion', '13'), ('GITHUB_API_URL', 'https://api.github.com'), ('RepositoryName', 'UON-CS-robotlab-simulation-container'), ('_', '/usr/bin/colcon'), ('ROS_VERSION', '2'), ('CLOUDENV_ENVIRONMENT_ID', '344bab99-1d47-4655-88f7-fee790854045'), ('TERM', 'xterm'), ('ROS_LOCALHOST_ONLY', '0'), ('PATH', '/opt/ros/humble/bin:/usr/local/sbin:/usr/local/bin:/usr/sbin:/usr/bin:/sbin:/bin'), ('SHELL_LOGGED_IN', 'true'), ('LANG', 'C.UTF-8'), ('LS_COLORS', ''), ('GITHUB_REPOSITORY', 'mohammad-areeb/UON-CS-robotlab-simulation-container'), ('ROS_DOMAIN_ID', '30'), ('AMENT_PREFIX_PATH', '/workspaces/UON-CS-robotlab-simulation-container/install/turtlebot3_bringup:/workspaces/UON-CS-robotlab-simulation-container/install/turtlebot3_node:/workspaces/UON-CS-robotlab-simulation-container/install/turtlebot3_example:/workspaces/UON-CS-robotlab-simulation-container/install/turtlebot3_teleop:/workspaces/UON-CS-robotlab-simulation-container/install/turtlebot3_navigation2:/workspaces/UON-CS-robotlab-simulation-container/install/turtlebot3_msgs:/workspaces/UON-CS-robotlab-simulation-container/install/turtlebot3_description:/workspaces/UON-CS-robotlab-simulation-container/install/turtlebot3_cartographer:/workspaces/UON-CS-robotlab-simulation-container/install/dynamixel_sdk:/opt/ros/humble'), ('DEBIAN_FRONTEND', 'noninteractive'), ('SHELL', '/bin/bash'), ('PWD', '/workspaces/UON-CS-robotlab-simulation-container/build/turtlebot3'), ('INTERNAL_VSCS_TARGET_URL', 'https://uksouth.online.visualstudio.com'), ('TURTLEBOT3_MODEL', 'waffle'), ('LC_ALL', 'C.UTF-8'), ('GITHUB_SERVER_URL', 'https://github.com'), ('PYTHONPATH', '/workspaces/UON-CS-robotlab-simulation-container/build/turtlebot3_example:/workspaces/UON-CS-robotlab-simulation-container/install/turtlebot3_example/lib/python3.10/site-packages:/workspaces/UON-CS-robotlab-simulation-container/build/turtlebot3_teleop:/workspaces/UON-CS-robotlab-simulation-container/install/turtlebot3_teleop/lib/python3.10/site-packages:/workspaces/UON-CS-robotlab-simulation-container/install/turtlebot3_msgs/local/lib/python3.10/dist-packages:/workspaces/UON-CS-robotlab-simulation-container/install/dynamixel_sdk/local/lib/python3.10/dist-packages:/opt/ros/humble/lib/python3.10/site-packages:/opt/ros/humble/local/lib/python3.10/dist-packages'), ('CODESPACE_NAME', 'urban-space-garbanzo-j7wwvprrjjp25j95'), ('COLCON', '1'), ('CMAKE_PREFIX_PATH', '/workspaces/UON-CS-robotlab-simulation-container/install/turtlebot3_bringup:/workspaces/UON-CS-robotlab-simulation-container/install/turtlebot3_node:/workspaces/UON-CS-robotlab-simulation-container/install/turtlebot3_navigation2:/workspaces/UON-CS-robotlab-simulation-container/install/turtlebot3_msgs:/workspaces/UON-CS-robotlab-simulation-container/install/turtlebot3_description:/workspaces/UON-CS-robotlab-simulation-container/install/turtlebot3_cartographer:/workspaces/UON-CS-robotlab-simulation-container/install/dynamixel_sdk:/opt/ros/humble')]), 'shell': False}
[532.850690] (-) TimerEvent: {}
[532.954087] (-) TimerEvent: {}
[532.976701] (turtlebot3) CommandEnded: {'returncode': 0}
[532.977904] (turtlebot3) JobProgress: {'identifier': 'turtlebot3', 'progress': 'install'}
[532.981123] (turtlebot3) Command: {'cmd': ['/usr/bin/cmake', '--install', '/workspaces/UON-CS-robotlab-simulation-container/build/turtlebot3'], 'cwd': '/workspaces/UON-CS-robotlab-simulation-container/build/turtlebot3', 'env': OrderedDict([('GITHUB_TOKEN', 'ghu_qzXzf473tpbDuGEeRKMePfjjEUUgEL3qLs6h'), ('GITHUB_CODESPACE_TOKEN', 'AOKRK4QICIVTYBHCYV5Y7K3KNF2YXANCNFSM4AXFRYHA'), ('FEATURE_SPARK_POST_COMMIT_CREATE_ITERATION', 'true'), ('HOSTNAME', 'codespaces-9eb142'), ('GITHUB_CODESPACES_PORT_FORWARDING_DOMAIN', 'app.github.dev'), ('SHLVL', '2'), ('LD_LIBRARY_PATH', '/workspaces/UON-CS-robotlab-simulation-container/install/turtlebot3_msgs/lib:/workspaces/UON-CS-robotlab-simulation-container/install/dynamixel_sdk/lib:/usr/lib/x86_64-linux-gnu/gazebo-11/plugins:/opt/ros/humble/opt/rviz_ogre_vendor/lib:/opt/ros/humble/lib/x86_64-linux-gnu:/opt/ros/humble/lib'), ('HOME', '/home/vscode'), ('OLDPWD', '/workspaces/UON-CS-robotlab-simulation-container'), ('CODESPACES', 'true'), ('ROS_PYTHON_VERSION', '3'), ('GITHUB_USER', 'mohammad-areeb'), ('GITHUB_GRAPHQL_URL', 'https://api.github.com/graphql'), ('ROS_DISTRO', 'humble'), ('ContainerVersion', '13'), ('GITHUB_API_URL', 'https://api.github.com'), ('RepositoryName', 'UON-CS-robotlab-simulation-container'), ('_', '/usr/bin/colcon'), ('ROS_VERSION', '2'), ('CLOUDENV_ENVIRONMENT_ID', '344bab99-1d47-4655-88f7-fee790854045'), ('TERM', 'xterm'), ('ROS_LOCALHOST_ONLY', '0'), ('PATH', '/opt/ros/humble/bin:/usr/local/sbin:/usr/local/bin:/usr/sbin:/usr/bin:/sbin:/bin'), ('SHELL_LOGGED_IN', 'true'), ('LANG', 'C.UTF-8'), ('LS_COLORS', ''), ('GITHUB_REPOSITORY', 'mohammad-areeb/UON-CS-robotlab-simulation-container'), ('ROS_DOMAIN_ID', '30'), ('AMENT_PREFIX_PATH', '/workspaces/UON-CS-robotlab-simulation-container/install/turtlebot3_bringup:/workspaces/UON-CS-robotlab-simulation-container/install/turtlebot3_node:/workspaces/UON-CS-robotlab-simulation-container/install/turtlebot3_example:/workspaces/UON-CS-robotlab-simulation-container/install/turtlebot3_teleop:/workspaces/UON-CS-robotlab-simulation-container/install/turtlebot3_navigation2:/workspaces/UON-CS-robotlab-simulation-container/install/turtlebot3_msgs:/workspaces/UON-CS-robotlab-simulation-container/install/turtlebot3_description:/workspaces/UON-CS-robotlab-simulation-container/install/turtlebot3_cartographer:/workspaces/UON-CS-robotlab-simulation-container/install/dynamixel_sdk:/opt/ros/humble'), ('DEBIAN_FRONTEND', 'noninteractive'), ('SHELL', '/bin/bash'), ('PWD', '/workspaces/UON-CS-robotlab-simulation-container/build/turtlebot3'), ('INTERNAL_VSCS_TARGET_URL', 'https://uksouth.online.visualstudio.com'), ('TURTLEBOT3_MODEL', 'waffle'), ('LC_ALL', 'C.UTF-8'), ('GITHUB_SERVER_URL', 'https://github.com'), ('PYTHONPATH', '/workspaces/UON-CS-robotlab-simulation-container/build/turtlebot3_example:/workspaces/UON-CS-robotlab-simulation-container/install/turtlebot3_example/lib/python3.10/site-packages:/workspaces/UON-CS-robotlab-simulation-container/build/turtlebot3_teleop:/workspaces/UON-CS-robotlab-simulation-container/install/turtlebot3_teleop/lib/python3.10/site-packages:/workspaces/UON-CS-robotlab-simulation-container/install/turtlebot3_msgs/local/lib/python3.10/dist-packages:/workspaces/UON-CS-robotlab-simulation-container/install/dynamixel_sdk/local/lib/python3.10/dist-packages:/opt/ros/humble/lib/python3.10/site-packages:/opt/ros/humble/local/lib/python3.10/dist-packages'), ('CODESPACE_NAME', 'urban-space-garbanzo-j7wwvprrjjp25j95'), ('COLCON', '1'), ('CMAKE_PREFIX_PATH', '/workspaces/UON-CS-robotlab-simulation-container/install/turtlebot3_bringup:/workspaces/UON-CS-robotlab-simulation-container/install/turtlebot3_node:/workspaces/UON-CS-robotlab-simulation-container/install/turtlebot3_navigation2:/workspaces/UON-CS-robotlab-simulation-container/install/turtlebot3_msgs:/workspaces/UON-CS-robotlab-simulation-container/install/turtlebot3_description:/workspaces/UON-CS-robotlab-simulation-container/install/turtlebot3_cartographer:/workspaces/UON-CS-robotlab-simulation-container/install/dynamixel_sdk:/opt/ros/humble')]), 'shell': False}
[533.027114] (turtlebot3) StdoutLine: {'line': b'-- Install configuration: ""\n'}
[533.028698] (turtlebot3) StdoutLine: {'line': b'-- Execute custom install script\n'}
[533.028877] (turtlebot3) StdoutLine: {'line': b'-- Symlinking: /workspaces/UON-CS-robotlab-simulation-container/install/turtlebot3/share/ament_index/resource_index/package_run_dependencies/turtlebot3\n'}
[533.054223] (-) TimerEvent: {}
[533.090469] (turtlebot3) StdoutLine: {'line': b'-- Symlinking: /workspaces/UON-CS-robotlab-simulation-container/install/turtlebot3/share/ament_index/resource_index/parent_prefix_path/turtlebot3\n'}
[533.144341] (turtlebot3) StdoutLine: {'line': b'-- Symlinking: /workspaces/UON-CS-robotlab-simulation-container/install/turtlebot3/share/turtlebot3/environment/ament_prefix_path.sh\n'}
[533.156095] (-) TimerEvent: {}
[533.175061] (turtlebot3) StdoutLine: {'line': b'-- Symlinking: /workspaces/UON-CS-robotlab-simulation-container/install/turtlebot3/share/turtlebot3/environment/ament_prefix_path.dsv\n'}
[533.201399] (turtlebot3) StdoutLine: {'line': b'-- Symlinking: /workspaces/UON-CS-robotlab-simulation-container/install/turtlebot3/share/turtlebot3/environment/path.sh\n'}
[533.225998] (turtlebot3) StdoutLine: {'line': b'-- Symlinking: /workspaces/UON-CS-robotlab-simulation-container/install/turtlebot3/share/turtlebot3/environment/path.dsv\n'}
[533.233354] (turtlebot3_simulations) StdoutLine: {'line': b'-- Found Python3: /usr/bin/python3 (found version "3.10.12") found components: Interpreter \n'}
[533.255628] (turtlebot3) StdoutLine: {'line': b'-- Symlinking: /workspaces/UON-CS-robotlab-simulation-container/install/turtlebot3/share/turtlebot3/local_setup.bash\n'}
[533.256168] (-) TimerEvent: {}
[533.284086] (turtlebot3) StdoutLine: {'line': b'-- Symlinking: /workspaces/UON-CS-robotlab-simulation-container/install/turtlebot3/share/turtlebot3/local_setup.sh\n'}
[533.329098] (turtlebot3) StdoutLine: {'line': b'-- Symlinking: /workspaces/UON-CS-robotlab-simulation-container/install/turtlebot3/share/turtlebot3/local_setup.zsh\n'}
[533.356757] (-) TimerEvent: {}
[533.367730] (turtlebot3) StdoutLine: {'line': b'-- Symlinking: /workspaces/UON-CS-robotlab-simulation-container/install/turtlebot3/share/turtlebot3/local_setup.dsv\n'}
[533.409065] (turtlebot3) StdoutLine: {'line': b'-- Symlinking: /workspaces/UON-CS-robotlab-simulation-container/install/turtlebot3/share/turtlebot3/package.dsv\n'}
[533.450082] (turtlebot3) StdoutLine: {'line': b'-- Symlinking: /workspaces/UON-CS-robotlab-simulation-container/install/turtlebot3/share/ament_index/resource_index/packages/turtlebot3\n'}
[533.456889] (-) TimerEvent: {}
[533.518101] (turtlebot3_simulations) StdoutLine: {'line': b'-- Override CMake install command with custom implementation using symlinks instead of copying resources\n'}
[533.565129] (-) TimerEvent: {}
[533.659716] (turtlebot3) StdoutLine: {'line': b'-- Symlinking: /workspaces/UON-CS-robotlab-simulation-container/install/turtlebot3/share/turtlebot3/cmake/turtlebot3Config.cmake\n'}
[533.665866] (-) TimerEvent: {}
[533.682828] (turtlebot3) StdoutLine: {'line': b'-- Symlinking: /workspaces/UON-CS-robotlab-simulation-container/install/turtlebot3/share/turtlebot3/cmake/turtlebot3Config-version.cmake\n'}
[533.689988] (turtlebot3) StdoutLine: {'line': b'-- Symlinking: /workspaces/UON-CS-robotlab-simulation-container/install/turtlebot3/share/turtlebot3/package.xml\n'}
[533.704077] (turtlebot3) CommandEnded: {'returncode': 0}
[533.720576] (turtlebot3) JobEnded: {'identifier': 'turtlebot3', 'rc': 0}
[533.767011] (-) TimerEvent: {}
[533.848486] (turtlebot3_simulations) StdoutLine: {'line': b'-- Configuring done\n'}
[533.859463] (turtlebot3_simulations) StdoutLine: {'line': b'-- Generating done\n'}
[533.862683] (turtlebot3_simulations) StdoutLine: {'line': b'-- Build files have been written to: /workspaces/UON-CS-robotlab-simulation-container/build/turtlebot3_simulations\n'}
[533.867092] (-) TimerEvent: {}
[533.869894] (turtlebot3_simulations) CommandEnded: {'returncode': 0}
[533.872128] (turtlebot3_simulations) JobProgress: {'identifier': 'turtlebot3_simulations', 'progress': 'build'}
[533.872477] (turtlebot3_simulations) Command: {'cmd': ['/usr/bin/cmake', '--build', '/workspaces/UON-CS-robotlab-simulation-container/build/turtlebot3_simulations', '--', '-j2', '-l2'], 'cwd': '/workspaces/UON-CS-robotlab-simulation-container/build/turtlebot3_simulations', 'env': OrderedDict([('GITHUB_TOKEN', 'ghu_qzXzf473tpbDuGEeRKMePfjjEUUgEL3qLs6h'), ('GITHUB_CODESPACE_TOKEN', 'AOKRK4QICIVTYBHCYV5Y7K3KNF2YXANCNFSM4AXFRYHA'), ('FEATURE_SPARK_POST_COMMIT_CREATE_ITERATION', 'true'), ('HOSTNAME', 'codespaces-9eb142'), ('GITHUB_CODESPACES_PORT_FORWARDING_DOMAIN', 'app.github.dev'), ('SHLVL', '2'), ('LD_LIBRARY_PATH', '/workspaces/UON-CS-robotlab-simulation-container/install/turtlebot3_msgs/lib:/usr/lib/x86_64-linux-gnu/gazebo-11/plugins:/opt/ros/humble/opt/rviz_ogre_vendor/lib:/opt/ros/humble/lib/x86_64-linux-gnu:/opt/ros/humble/lib'), ('HOME', '/home/vscode'), ('OLDPWD', '/workspaces/UON-CS-robotlab-simulation-container'), ('CODESPACES', 'true'), ('ROS_PYTHON_VERSION', '3'), ('GITHUB_USER', 'mohammad-areeb'), ('GITHUB_GRAPHQL_URL', 'https://api.github.com/graphql'), ('ROS_DISTRO', 'humble'), ('ContainerVersion', '13'), ('GITHUB_API_URL', 'https://api.github.com'), ('RepositoryName', 'UON-CS-robotlab-simulation-container'), ('_', '/usr/bin/colcon'), ('ROS_VERSION', '2'), ('CLOUDENV_ENVIRONMENT_ID', '344bab99-1d47-4655-88f7-fee790854045'), ('TERM', 'xterm'), ('ROS_LOCALHOST_ONLY', '0'), ('PATH', '/opt/ros/humble/bin:/usr/local/sbin:/usr/local/bin:/usr/sbin:/usr/bin:/sbin:/bin'), ('SHELL_LOGGED_IN', 'true'), ('LANG', 'C.UTF-8'), ('LS_COLORS', ''), ('GITHUB_REPOSITORY', 'mohammad-areeb/UON-CS-robotlab-simulation-container'), ('ROS_DOMAIN_ID', '30'), ('AMENT_PREFIX_PATH', '/workspaces/UON-CS-robotlab-simulation-container/install/turtlebot3_fake_node:/workspaces/UON-CS-robotlab-simulation-container/install/turtlebot3_msgs:/workspaces/UON-CS-robotlab-simulation-container/install/turtlebot3_manipulation_gazebo:/workspaces/UON-CS-robotlab-simulation-container/install/turtlebot3_gazebo:/opt/ros/humble'), ('DEBIAN_FRONTEND', 'noninteractive'), ('SHELL', '/bin/bash'), ('PWD', '/workspaces/UON-CS-robotlab-simulation-container/build/turtlebot3_simulations'), ('INTERNAL_VSCS_TARGET_URL', 'https://uksouth.online.visualstudio.com'), ('TURTLEBOT3_MODEL', 'waffle'), ('LC_ALL', 'C.UTF-8'), ('GITHUB_SERVER_URL', 'https://github.com'), ('PYTHONPATH', '/workspaces/UON-CS-robotlab-simulation-container/install/turtlebot3_msgs/local/lib/python3.10/dist-packages:/opt/ros/humble/lib/python3.10/site-packages:/opt/ros/humble/local/lib/python3.10/dist-packages'), ('CODESPACE_NAME', 'urban-space-garbanzo-j7wwvprrjjp25j95'), ('COLCON', '1'), ('CMAKE_PREFIX_PATH', '/workspaces/UON-CS-robotlab-simulation-container/install/turtlebot3_fake_node:/workspaces/UON-CS-robotlab-simulation-container/install/turtlebot3_msgs:/workspaces/UON-CS-robotlab-simulation-container/install/turtlebot3_manipulation_gazebo:/workspaces/UON-CS-robotlab-simulation-container/install/turtlebot3_gazebo:/opt/ros/humble')]), 'shell': False}
[533.933468] (turtlebot3_simulations) CommandEnded: {'returncode': 0}
[533.934114] (turtlebot3_simulations) JobProgress: {'identifier': 'turtlebot3_simulations', 'progress': 'install'}
[533.934393] (turtlebot3_simulations) Command: {'cmd': ['/usr/bin/cmake', '--install', '/workspaces/UON-CS-robotlab-simulation-container/build/turtlebot3_simulations'], 'cwd': '/workspaces/UON-CS-robotlab-simulation-container/build/turtlebot3_simulations', 'env': OrderedDict([('GITHUB_TOKEN', 'ghu_qzXzf473tpbDuGEeRKMePfjjEUUgEL3qLs6h'), ('GITHUB_CODESPACE_TOKEN', 'AOKRK4QICIVTYBHCYV5Y7K3KNF2YXANCNFSM4AXFRYHA'), ('FEATURE_SPARK_POST_COMMIT_CREATE_ITERATION', 'true'), ('HOSTNAME', 'codespaces-9eb142'), ('GITHUB_CODESPACES_PORT_FORWARDING_DOMAIN', 'app.github.dev'), ('SHLVL', '2'), ('LD_LIBRARY_PATH', '/workspaces/UON-CS-robotlab-simulation-container/install/turtlebot3_msgs/lib:/usr/lib/x86_64-linux-gnu/gazebo-11/plugins:/opt/ros/humble/opt/rviz_ogre_vendor/lib:/opt/ros/humble/lib/x86_64-linux-gnu:/opt/ros/humble/lib'), ('HOME', '/home/vscode'), ('OLDPWD', '/workspaces/UON-CS-robotlab-simulation-container'), ('CODESPACES', 'true'), ('ROS_PYTHON_VERSION', '3'), ('GITHUB_USER', 'mohammad-areeb'), ('GITHUB_GRAPHQL_URL', 'https://api.github.com/graphql'), ('ROS_DISTRO', 'humble'), ('ContainerVersion', '13'), ('GITHUB_API_URL', 'https://api.github.com'), ('RepositoryName', 'UON-CS-robotlab-simulation-container'), ('_', '/usr/bin/colcon'), ('ROS_VERSION', '2'), ('CLOUDENV_ENVIRONMENT_ID', '344bab99-1d47-4655-88f7-fee790854045'), ('TERM', 'xterm'), ('ROS_LOCALHOST_ONLY', '0'), ('PATH', '/opt/ros/humble/bin:/usr/local/sbin:/usr/local/bin:/usr/sbin:/usr/bin:/sbin:/bin'), ('SHELL_LOGGED_IN', 'true'), ('LANG', 'C.UTF-8'), ('LS_COLORS', ''), ('GITHUB_REPOSITORY', 'mohammad-areeb/UON-CS-robotlab-simulation-container'), ('ROS_DOMAIN_ID', '30'), ('AMENT_PREFIX_PATH', '/workspaces/UON-CS-robotlab-simulation-container/install/turtlebot3_fake_node:/workspaces/UON-CS-robotlab-simulation-container/install/turtlebot3_msgs:/workspaces/UON-CS-robotlab-simulation-container/install/turtlebot3_manipulation_gazebo:/workspaces/UON-CS-robotlab-simulation-container/install/turtlebot3_gazebo:/opt/ros/humble'), ('DEBIAN_FRONTEND', 'noninteractive'), ('SHELL', '/bin/bash'), ('PWD', '/workspaces/UON-CS-robotlab-simulation-container/build/turtlebot3_simulations'), ('INTERNAL_VSCS_TARGET_URL', 'https://uksouth.online.visualstudio.com'), ('TURTLEBOT3_MODEL', 'waffle'), ('LC_ALL', 'C.UTF-8'), ('GITHUB_SERVER_URL', 'https://github.com'), ('PYTHONPATH', '/workspaces/UON-CS-robotlab-simulation-container/install/turtlebot3_msgs/local/lib/python3.10/dist-packages:/opt/ros/humble/lib/python3.10/site-packages:/opt/ros/humble/local/lib/python3.10/dist-packages'), ('CODESPACE_NAME', 'urban-space-garbanzo-j7wwvprrjjp25j95'), ('COLCON', '1'), ('CMAKE_PREFIX_PATH', '/workspaces/UON-CS-robotlab-simulation-container/install/turtlebot3_fake_node:/workspaces/UON-CS-robotlab-simulation-container/install/turtlebot3_msgs:/workspaces/UON-CS-robotlab-simulation-container/install/turtlebot3_manipulation_gazebo:/workspaces/UON-CS-robotlab-simulation-container/install/turtlebot3_gazebo:/opt/ros/humble')]), 'shell': False}
[533.944798] (turtlebot3_simulations) StdoutLine: {'line': b'-- Install configuration: ""\n'}
[533.946387] (turtlebot3_simulations) StdoutLine: {'line': b'-- Execute custom install script\n'}
[533.947494] (turtlebot3_simulations) StdoutLine: {'line': b'-- Symlinking: /workspaces/UON-CS-robotlab-simulation-container/install/turtlebot3_simulations/share/ament_index/resource_index/package_run_dependencies/turtlebot3_simulations\n'}
[533.962408] (turtlebot3_simulations) StdoutLine: {'line': b'-- Symlinking: /workspaces/UON-CS-robotlab-simulation-container/install/turtlebot3_simulations/share/ament_index/resource_index/parent_prefix_path/turtlebot3_simulations\n'}
[533.967207] (-) TimerEvent: {}
[533.978765] (turtlebot3_simulations) StdoutLine: {'line': b'-- Symlinking: /workspaces/UON-CS-robotlab-simulation-container/install/turtlebot3_simulations/share/turtlebot3_simulations/environment/ament_prefix_path.sh\n'}
[533.992636] (turtlebot3_simulations) StdoutLine: {'line': b'-- Symlinking: /workspaces/UON-CS-robotlab-simulation-container/install/turtlebot3_simulations/share/turtlebot3_simulations/environment/ament_prefix_path.dsv\n'}
[534.006433] (turtlebot3_simulations) StdoutLine: {'line': b'-- Symlinking: /workspaces/UON-CS-robotlab-simulation-container/install/turtlebot3_simulations/share/turtlebot3_simulations/environment/path.sh\n'}
[534.024068] (turtlebot3_simulations) StdoutLine: {'line': b'-- Symlinking: /workspaces/UON-CS-robotlab-simulation-container/install/turtlebot3_simulations/share/turtlebot3_simulations/environment/path.dsv\n'}
[534.042130] (turtlebot3_simulations) StdoutLine: {'line': b'-- Symlinking: /workspaces/UON-CS-robotlab-simulation-container/install/turtlebot3_simulations/share/turtlebot3_simulations/local_setup.bash\n'}
[534.072522] (-) TimerEvent: {}
[534.120165] (turtlebot3_simulations) StdoutLine: {'line': b'-- Symlinking: /workspaces/UON-CS-robotlab-simulation-container/install/turtlebot3_simulations/share/turtlebot3_simulations/local_setup.sh\n'}
[534.175133] (-) TimerEvent: {}
[534.216759] (turtlebot3_simulations) StdoutLine: {'line': b'-- Symlinking: /workspaces/UON-CS-robotlab-simulation-container/install/turtlebot3_simulations/share/turtlebot3_simulations/local_setup.zsh\n'}
[534.233092] (turtlebot3_simulations) StdoutLine: {'line': b'-- Symlinking: /workspaces/UON-CS-robotlab-simulation-container/install/turtlebot3_simulations/share/turtlebot3_simulations/local_setup.dsv\n'}
[534.243671] (turtlebot3_simulations) StdoutLine: {'line': b'-- Symlinking: /workspaces/UON-CS-robotlab-simulation-container/install/turtlebot3_simulations/share/turtlebot3_simulations/package.dsv\n'}
[534.255361] (turtlebot3_simulations) StdoutLine: {'line': b'-- Symlinking: /workspaces/UON-CS-robotlab-simulation-container/install/turtlebot3_simulations/share/ament_index/resource_index/packages/turtlebot3_simulations\n'}
[534.265897] (turtlebot3_simulations) StdoutLine: {'line': b'-- Symlinking: /workspaces/UON-CS-robotlab-simulation-container/install/turtlebot3_simulations/share/turtlebot3_simulations/cmake/turtlebot3_simulationsConfig.cmake\n'}
[534.275622] (-) TimerEvent: {}
[534.277547] (turtlebot3_simulations) StdoutLine: {'line': b'-- Symlinking: /workspaces/UON-CS-robotlab-simulation-container/install/turtlebot3_simulations/share/turtlebot3_simulations/cmake/turtlebot3_simulationsConfig-version.cmake\n'}
[534.288175] (turtlebot3_simulations) StdoutLine: {'line': b'-- Symlinking: /workspaces/UON-CS-robotlab-simulation-container/install/turtlebot3_simulations/share/turtlebot3_simulations/package.xml\n'}
[534.300763] (turtlebot3_simulations) CommandEnded: {'returncode': 0}
[534.322270] (turtlebot3_simulations) JobEnded: {'identifier': 'turtlebot3_simulations', 'rc': 0}
[534.324451] (-) EventReactorShutdown: {}
