[0.000000] (-) TimerEvent: {}
[0.001399] (dynamixel_sdk) JobQueued: {'identifier': 'dynamixel_sdk', 'dependencies': OrderedDict()}
[0.002467] (dynamixel_sdk_custom_interfaces) JobQueued: {'identifier': 'dynamixel_sdk_custom_interfaces', 'dependencies': OrderedDict()}
[0.002516] (turtlebot3_cartographer) JobQueued: {'identifier': 'turtlebot3_cartographer', 'dependencies': OrderedDict()}
[0.002541] (turtlebot3_description) JobQueued: {'identifier': 'turtlebot3_description', 'dependencies': OrderedDict()}
[0.002563] (turtlebot3_gazebo) JobQueued: {'identifier': 'turtlebot3_gazebo', 'dependencies': OrderedDict()}
[0.002582] (turtlebot3_manipulation_gazebo) JobQueued: {'identifier': 'turtlebot3_manipulation_gazebo', 'dependencies': OrderedDict()}
[0.002602] (turtlebot3_msgs) JobQueued: {'identifier': 'turtlebot3_msgs', 'dependencies': OrderedDict()}
[0.002622] (turtlebot3_navigation2) JobQueued: {'identifier': 'turtlebot3_navigation2', 'dependencies': OrderedDict()}
[0.002642] (turtlebot3_teleop) JobQueued: {'identifier': 'turtlebot3_teleop', 'dependencies': OrderedDict()}
[0.002659] (dynamixel_sdk_examples) JobQueued: {'identifier': 'dynamixel_sdk_examples', 'dependencies': OrderedDict([('dynamixel_sdk', '/workspaces/UON-CS-robotlab-simulation-container/install/dynamixel_sdk'), ('dynamixel_sdk_custom_interfaces', '/workspaces/UON-CS-robotlab-simulation-container/install/dynamixel_sdk_custom_interfaces')])}
[0.002691] (turtlebot3_example) JobQueued: {'identifier': 'turtlebot3_example', 'dependencies': OrderedDict([('turtlebot3_msgs', '/workspaces/UON-CS-robotlab-simulation-container/install/turtlebot3_msgs')])}
[0.002713] (turtlebot3_fake_node) JobQueued: {'identifier': 'turtlebot3_fake_node', 'dependencies': OrderedDict([('turtlebot3_msgs', '/workspaces/UON-CS-robotlab-simulation-container/install/turtlebot3_msgs')])}
[0.002734] (turtlebot3_node) JobQueued: {'identifier': 'turtlebot3_node', 'dependencies': OrderedDict([('dynamixel_sdk', '/workspaces/UON-CS-robotlab-simulation-container/install/dynamixel_sdk'), ('turtlebot3_msgs', '/workspaces/UON-CS-robotlab-simulation-container/install/turtlebot3_msgs')])}
[0.002757] (turtlebot3_bringup) JobQueued: {'identifier': 'turtlebot3_bringup', 'dependencies': OrderedDict([('dynamixel_sdk', '/workspaces/UON-CS-robotlab-simulation-container/install/dynamixel_sdk'), ('turtlebot3_description', '/workspaces/UON-CS-robotlab-simulation-container/install/turtlebot3_description'), ('turtlebot3_msgs', '/workspaces/UON-CS-robotlab-simulation-container/install/turtlebot3_msgs'), ('turtlebot3_node', '/workspaces/UON-CS-robotlab-simulation-container/install/turtlebot3_node')])}
[0.002783] (turtlebot3_simulations) JobQueued: {'identifier': 'turtlebot3_simulations', 'dependencies': OrderedDict([('turtlebot3_gazebo', '/workspaces/UON-CS-robotlab-simulation-container/install/turtlebot3_gazebo'), ('turtlebot3_manipulation_gazebo', '/workspaces/UON-CS-robotlab-simulation-container/install/turtlebot3_manipulation_gazebo'), ('turtlebot3_msgs', '/workspaces/UON-CS-robotlab-simulation-container/install/turtlebot3_msgs'), ('turtlebot3_fake_node', '/workspaces/UON-CS-robotlab-simulation-container/install/turtlebot3_fake_node')])}
[0.002810] (turtlebot3) JobQueued: {'identifier': 'turtlebot3', 'dependencies': OrderedDict([('dynamixel_sdk', '/workspaces/UON-CS-robotlab-simulation-container/install/dynamixel_sdk'), ('turtlebot3_cartographer', '/workspaces/UON-CS-robotlab-simulation-container/install/turtlebot3_cartographer'), ('turtlebot3_description', '/workspaces/UON-CS-robotlab-simulation-container/install/turtlebot3_description'), ('turtlebot3_msgs', '/workspaces/UON-CS-robotlab-simulation-container/install/turtlebot3_msgs'), ('turtlebot3_navigation2', '/workspaces/UON-CS-robotlab-simulation-container/install/turtlebot3_navigation2'), ('turtlebot3_teleop', '/workspaces/UON-CS-robotlab-simulation-container/install/turtlebot3_teleop'), ('turtlebot3_example', '/workspaces/UON-CS-robotlab-simulation-container/install/turtlebot3_example'), ('turtlebot3_node', '/workspaces/UON-CS-robotlab-simulation-container/install/turtlebot3_node'), ('turtlebot3_bringup', '/workspaces/UON-CS-robotlab-simulation-container/install/turtlebot3_bringup')])}
[0.003922] (turtlebot3_msgs) JobStarted: {'identifier': 'turtlebot3_msgs'}
[0.048742] (dynamixel_sdk) JobStarted: {'identifier': 'dynamixel_sdk'}
[0.064032] (turtlebot3_msgs) JobProgress: {'identifier': 'turtlebot3_msgs', 'progress': 'cmake'}
[0.084709] (turtlebot3_msgs) JobProgress: {'identifier': 'turtlebot3_msgs', 'progress': 'build'}
[0.086582] (turtlebot3_msgs) Command: {'cmd': ['/usr/bin/cmake', '--build', '/workspaces/UON-CS-robotlab-simulation-container/build/turtlebot3_msgs', '--', '-j2', '-l2'], 'cwd': '/workspaces/UON-CS-robotlab-simulation-container/build/turtlebot3_msgs', 'env': OrderedDict([('GITHUB_TOKEN', 'ghu_B4O6CZhcVLRE0OX7B0pYH9Kn8C5gJq2RIGly'), ('GITHUB_CODESPACE_TOKEN', 'AOKRK4WKUJC5CQRMWNS6OXDKNJSNPANCNFSM4AXFRYHA'), ('FEATURE_SPARK_POST_COMMIT_CREATE_ITERATION', 'true'), ('HOSTNAME', 'codespaces-ad2f20'), ('GITHUB_CODESPACES_PORT_FORWARDING_DOMAIN', 'app.github.dev'), ('SHLVL', '2'), ('LD_LIBRARY_PATH', '/workspaces/UON-CS-robotlab-simulation-container/install/turtlebot3_msgs/lib:/workspaces/UON-CS-robotlab-simulation-container/install/dynamixel_sdk_custom_interfaces/lib:/workspaces/UON-CS-robotlab-simulation-container/install/dynamixel_sdk/lib:/usr/lib/x86_64-linux-gnu/gazebo-11/plugins:/opt/ros/humble/opt/rviz_ogre_vendor/lib:/opt/ros/humble/lib/x86_64-linux-gnu:/opt/ros/humble/lib'), ('HOME', '/home/vscode'), ('OLDPWD', '/workspaces/UON-CS-robotlab-simulation-container'), ('CODESPACES', 'true'), ('ROS_PYTHON_VERSION', '3'), ('GITHUB_USER', 'mohammad-areeb'), ('GITHUB_GRAPHQL_URL', 'https://api.github.com/graphql'), ('COLCON_PREFIX_PATH', '/workspaces/UON-CS-robotlab-simulation-container/install'), ('ROS_DISTRO', 'humble'), ('ContainerVersion', '13'), ('GITHUB_API_URL', 'https://api.github.com'), ('RepositoryName', 'UON-CS-robotlab-simulation-container'), ('_', '/usr/bin/colcon'), ('ROS_VERSION', '2'), ('CLOUDENV_ENVIRONMENT_ID', '344bab99-1d47-4655-88f7-fee790854045'), ('TERM', 'xterm'), ('ROS_LOCALHOST_ONLY', '0'), ('PATH', '/opt/ros/humble/bin:/usr/local/sbin:/usr/local/bin:/usr/sbin:/usr/bin:/sbin:/bin'), ('SHELL_LOGGED_IN', 'true'), ('DISPLAY', ':1'), ('LANG', 'C.UTF-8'), ('LS_COLORS', ''), ('GITHUB_REPOSITORY', 'mohammad-areeb/UON-CS-robotlab-simulation-container'), ('ROS_DOMAIN_ID', '30'), ('AMENT_PREFIX_PATH', '/workspaces/UON-CS-robotlab-simulation-container/install/turtlebot3:/workspaces/UON-CS-robotlab-simulation-container/install/turtlebot3_teleop:/workspaces/UON-CS-robotlab-simulation-container/install/turtlebot3_simulations:/workspaces/UON-CS-robotlab-simulation-container/install/turtlebot3_bringup:/workspaces/UON-CS-robotlab-simulation-container/install/turtlebot3_node:/workspaces/UON-CS-robotlab-simulation-container/install/turtlebot3_navigation2:/workspaces/UON-CS-robotlab-simulation-container/install/turtlebot3_fake_node:/workspaces/UON-CS-robotlab-simulation-container/install/turtlebot3_example:/workspaces/UON-CS-robotlab-simulation-container/install/turtlebot3_msgs:/workspaces/UON-CS-robotlab-simulation-container/install/turtlebot3_manipulation_gazebo:/workspaces/UON-CS-robotlab-simulation-container/install/turtlebot3_gazebo:/workspaces/UON-CS-robotlab-simulation-container/install/turtlebot3_description:/workspaces/UON-CS-robotlab-simulation-container/install/turtlebot3_cartographer:/workspaces/UON-CS-robotlab-simulation-container/install/dynamixel_sdk_examples:/workspaces/UON-CS-robotlab-simulation-container/install/dynamixel_sdk_custom_interfaces:/workspaces/UON-CS-robotlab-simulation-container/install/dynamixel_sdk:/opt/ros/humble'), ('DEBIAN_FRONTEND', 'noninteractive'), ('SHELL', '/bin/bash'), ('PWD', '/workspaces/UON-CS-robotlab-simulation-container/build/turtlebot3_msgs'), ('INTERNAL_VSCS_TARGET_URL', 'https://uksouth.online.visualstudio.com'), ('TURTLEBOT3_MODEL', 'waffle'), ('LC_ALL', 'C.UTF-8'), ('GITHUB_SERVER_URL', 'https://github.com'), ('PYTHONPATH', '/workspaces/UON-CS-robotlab-simulation-container/build/turtlebot3_teleop:/workspaces/UON-CS-robotlab-simulation-container/install/turtlebot3_teleop/lib/python3.10/site-packages:/workspaces/UON-CS-robotlab-simulation-container/build/turtlebot3_example:/workspaces/UON-CS-robotlab-simulation-container/install/turtlebot3_example/lib/python3.10/site-packages:/workspaces/UON-CS-robotlab-simulation-container/install/turtlebot3_msgs/local/lib/python3.10/dist-packages:/workspaces/UON-CS-robotlab-simulation-container/install/dynamixel_sdk_custom_interfaces/local/lib/python3.10/dist-packages:/workspaces/UON-CS-robotlab-simulation-container/install/dynamixel_sdk/local/lib/python3.10/dist-packages:/opt/ros/humble/lib/python3.10/site-packages:/opt/ros/humble/local/lib/python3.10/dist-packages'), ('CODESPACE_NAME', 'urban-space-garbanzo-j7wwvprrjjp25j95'), ('COLCON', '1'), ('CMAKE_PREFIX_PATH', '/workspaces/UON-CS-robotlab-simulation-container/install/turtlebot3:/workspaces/UON-CS-robotlab-simulation-container/install/turtlebot3_simulations:/workspaces/UON-CS-robotlab-simulation-container/install/turtlebot3_bringup:/workspaces/UON-CS-robotlab-simulation-container/install/turtlebot3_node:/workspaces/UON-CS-robotlab-simulation-container/install/turtlebot3_navigation2:/workspaces/UON-CS-robotlab-simulation-container/install/turtlebot3_fake_node:/workspaces/UON-CS-robotlab-simulation-container/install/turtlebot3_msgs:/workspaces/UON-CS-robotlab-simulation-container/install/turtlebot3_manipulation_gazebo:/workspaces/UON-CS-robotlab-simulation-container/install/turtlebot3_gazebo:/workspaces/UON-CS-robotlab-simulation-container/install/turtlebot3_description:/workspaces/UON-CS-robotlab-simulation-container/install/turtlebot3_cartographer:/workspaces/UON-CS-robotlab-simulation-container/install/dynamixel_sdk_examples:/workspaces/UON-CS-robotlab-simulation-container/install/dynamixel_sdk_custom_interfaces:/workspaces/UON-CS-robotlab-simulation-container/install/dynamixel_sdk:/workspaces/UON-CS-robotlab-simulation-container/install/turtlebot3_teleop:/workspaces/UON-CS-robotlab-simulation-container/install/turtlebot3_example:/opt/ros/humble')]), 'shell': False}
[0.110449] (-) TimerEvent: {}
[0.119211] (dynamixel_sdk) JobProgress: {'identifier': 'dynamixel_sdk', 'progress': 'cmake'}
[0.150307] (dynamixel_sdk) JobProgress: {'identifier': 'dynamixel_sdk', 'progress': 'build'}
[0.151162] (dynamixel_sdk) Command: {'cmd': ['/usr/bin/cmake', '--build', '/workspaces/UON-CS-robotlab-simulation-container/build/dynamixel_sdk', '--', '-j2', '-l2'], 'cwd': '/workspaces/UON-CS-robotlab-simulation-container/build/dynamixel_sdk', 'env': OrderedDict([('GITHUB_TOKEN', 'ghu_B4O6CZhcVLRE0OX7B0pYH9Kn8C5gJq2RIGly'), ('GITHUB_CODESPACE_TOKEN', 'AOKRK4WKUJC5CQRMWNS6OXDKNJSNPANCNFSM4AXFRYHA'), ('FEATURE_SPARK_POST_COMMIT_CREATE_ITERATION', 'true'), ('HOSTNAME', 'codespaces-ad2f20'), ('GITHUB_CODESPACES_PORT_FORWARDING_DOMAIN', 'app.github.dev'), ('SHLVL', '2'), ('LD_LIBRARY_PATH', '/workspaces/UON-CS-robotlab-simulation-container/install/turtlebot3_msgs/lib:/workspaces/UON-CS-robotlab-simulation-container/install/dynamixel_sdk_custom_interfaces/lib:/workspaces/UON-CS-robotlab-simulation-container/install/dynamixel_sdk/lib:/usr/lib/x86_64-linux-gnu/gazebo-11/plugins:/opt/ros/humble/opt/rviz_ogre_vendor/lib:/opt/ros/humble/lib/x86_64-linux-gnu:/opt/ros/humble/lib'), ('HOME', '/home/vscode'), ('OLDPWD', '/workspaces/UON-CS-robotlab-simulation-container'), ('CODESPACES', 'true'), ('ROS_PYTHON_VERSION', '3'), ('GITHUB_USER', 'mohammad-areeb'), ('GITHUB_GRAPHQL_URL', 'https://api.github.com/graphql'), ('COLCON_PREFIX_PATH', '/workspaces/UON-CS-robotlab-simulation-container/install'), ('ROS_DISTRO', 'humble'), ('ContainerVersion', '13'), ('GITHUB_API_URL', 'https://api.github.com'), ('RepositoryName', 'UON-CS-robotlab-simulation-container'), ('_', '/usr/bin/colcon'), ('ROS_VERSION', '2'), ('CLOUDENV_ENVIRONMENT_ID', '344bab99-1d47-4655-88f7-fee790854045'), ('TERM', 'xterm'), ('ROS_LOCALHOST_ONLY', '0'), ('PATH', '/opt/ros/humble/bin:/usr/local/sbin:/usr/local/bin:/usr/sbin:/usr/bin:/sbin:/bin'), ('SHELL_LOGGED_IN', 'true'), ('DISPLAY', ':1'), ('LANG', 'C.UTF-8'), ('LS_COLORS', ''), ('GITHUB_REPOSITORY', 'mohammad-areeb/UON-CS-robotlab-simulation-container'), ('ROS_DOMAIN_ID', '30'), ('AMENT_PREFIX_PATH', '/workspaces/UON-CS-robotlab-simulation-container/install/turtlebot3:/workspaces/UON-CS-robotlab-simulation-container/install/turtlebot3_teleop:/workspaces/UON-CS-robotlab-simulation-container/install/turtlebot3_simulations:/workspaces/UON-CS-robotlab-simulation-container/install/turtlebot3_bringup:/workspaces/UON-CS-robotlab-simulation-container/install/turtlebot3_node:/workspaces/UON-CS-robotlab-simulation-container/install/turtlebot3_navigation2:/workspaces/UON-CS-robotlab-simulation-container/install/turtlebot3_fake_node:/workspaces/UON-CS-robotlab-simulation-container/install/turtlebot3_example:/workspaces/UON-CS-robotlab-simulation-container/install/turtlebot3_msgs:/workspaces/UON-CS-robotlab-simulation-container/install/turtlebot3_manipulation_gazebo:/workspaces/UON-CS-robotlab-simulation-container/install/turtlebot3_gazebo:/workspaces/UON-CS-robotlab-simulation-container/install/turtlebot3_description:/workspaces/UON-CS-robotlab-simulation-container/install/turtlebot3_cartographer:/workspaces/UON-CS-robotlab-simulation-container/install/dynamixel_sdk_examples:/workspaces/UON-CS-robotlab-simulation-container/install/dynamixel_sdk_custom_interfaces:/workspaces/UON-CS-robotlab-simulation-container/install/dynamixel_sdk:/opt/ros/humble'), ('DEBIAN_FRONTEND', 'noninteractive'), ('SHELL', '/bin/bash'), ('PWD', '/workspaces/UON-CS-robotlab-simulation-container/build/dynamixel_sdk'), ('INTERNAL_VSCS_TARGET_URL', 'https://uksouth.online.visualstudio.com'), ('TURTLEBOT3_MODEL', 'waffle'), ('LC_ALL', 'C.UTF-8'), ('GITHUB_SERVER_URL', 'https://github.com'), ('PYTHONPATH', '/workspaces/UON-CS-robotlab-simulation-container/build/turtlebot3_teleop:/workspaces/UON-CS-robotlab-simulation-container/install/turtlebot3_teleop/lib/python3.10/site-packages:/workspaces/UON-CS-robotlab-simulation-container/build/turtlebot3_example:/workspaces/UON-CS-robotlab-simulation-container/install/turtlebot3_example/lib/python3.10/site-packages:/workspaces/UON-CS-robotlab-simulation-container/install/turtlebot3_msgs/local/lib/python3.10/dist-packages:/workspaces/UON-CS-robotlab-simulation-container/install/dynamixel_sdk_custom_interfaces/local/lib/python3.10/dist-packages:/workspaces/UON-CS-robotlab-simulation-container/install/dynamixel_sdk/local/lib/python3.10/dist-packages:/opt/ros/humble/lib/python3.10/site-packages:/opt/ros/humble/local/lib/python3.10/dist-packages'), ('CODESPACE_NAME', 'urban-space-garbanzo-j7wwvprrjjp25j95'), ('COLCON', '1'), ('CMAKE_PREFIX_PATH', '/workspaces/UON-CS-robotlab-simulation-container/install/turtlebot3:/workspaces/UON-CS-robotlab-simulation-container/install/turtlebot3_simulations:/workspaces/UON-CS-robotlab-simulation-container/install/turtlebot3_bringup:/workspaces/UON-CS-robotlab-simulation-container/install/turtlebot3_node:/workspaces/UON-CS-robotlab-simulation-container/install/turtlebot3_navigation2:/workspaces/UON-CS-robotlab-simulation-container/install/turtlebot3_fake_node:/workspaces/UON-CS-robotlab-simulation-container/install/turtlebot3_msgs:/workspaces/UON-CS-robotlab-simulation-container/install/turtlebot3_manipulation_gazebo:/workspaces/UON-CS-robotlab-simulation-container/install/turtlebot3_gazebo:/workspaces/UON-CS-robotlab-simulation-container/install/turtlebot3_description:/workspaces/UON-CS-robotlab-simulation-container/install/turtlebot3_cartographer:/workspaces/UON-CS-robotlab-simulation-container/install/dynamixel_sdk_examples:/workspaces/UON-CS-robotlab-simulation-container/install/dynamixel_sdk_custom_interfaces:/workspaces/UON-CS-robotlab-simulation-container/install/dynamixel_sdk:/workspaces/UON-CS-robotlab-simulation-container/install/turtlebot3_teleop:/workspaces/UON-CS-robotlab-simulation-container/install/turtlebot3_example:/opt/ros/humble')]), 'shell': False}
[0.210590] (-) TimerEvent: {}
[0.310940] (-) TimerEvent: {}
[0.411479] (-) TimerEvent: {}
[0.512642] (-) TimerEvent: {}
[0.613649] (-) TimerEvent: {}
[0.714053] (-) TimerEvent: {}
[0.815748] (-) TimerEvent: {}
[0.917245] (-) TimerEvent: {}
[1.018016] (-) TimerEvent: {}
[1.121005] (-) TimerEvent: {}
[1.221395] (-) TimerEvent: {}
[1.325950] (-) TimerEvent: {}
[1.426334] (-) TimerEvent: {}
[1.526778] (-) TimerEvent: {}
[1.628961] (-) TimerEvent: {}
[1.730226] (-) TimerEvent: {}
[1.826536] (dynamixel_sdk) StdoutLine: {'line': b'\x1b[35m\x1b[1mConsolidate compiler generated dependencies of target dynamixel_sdk\x1b[0m\n'}
[1.830379] (-) TimerEvent: {}
[1.931484] (-) TimerEvent: {}
[2.018756] (dynamixel_sdk) StdoutLine: {'line': b'[100%] Built target dynamixel_sdk\n'}
[2.032042] (-) TimerEvent: {}
[2.054110] (turtlebot3_msgs) StdoutLine: {'line': b'[  1%] Built target turtlebot3_msgs__rs\n'}
[2.132604] (-) TimerEvent: {}
[2.234445] (-) TimerEvent: {}
[2.331023] (dynamixel_sdk) StdoutLine: {'line': b'[100%] Built target ament_cmake_python_symlink_dynamixel_sdk\n'}
[2.335059] (-) TimerEvent: {}
[2.441029] (-) TimerEvent: {}
[2.541384] (-) TimerEvent: {}
[2.641767] (-) TimerEvent: {}
[2.737996] (turtlebot3_msgs) StdoutLine: {'line': b'\x1b[35m\x1b[1mConsolidate compiler generated dependencies of target turtlebot3_msgs__rosidl_generator_c\x1b[0m\n'}
[2.741883] (-) TimerEvent: {}
[2.842636] (-) TimerEvent: {}
[2.943260] (-) TimerEvent: {}
[3.063181] (-) TimerEvent: {}
[3.163772] (-) TimerEvent: {}
[3.265339] (-) TimerEvent: {}
[3.378028] (-) TimerEvent: {}
[3.479010] (-) TimerEvent: {}
[3.585959] (-) TimerEvent: {}
[3.686321] (-) TimerEvent: {}
[3.787966] (-) TimerEvent: {}
[3.891096] (-) TimerEvent: {}
[3.991499] (-) TimerEvent: {}
[4.095476] (-) TimerEvent: {}
[4.205380] (-) TimerEvent: {}
[4.306710] (-) TimerEvent: {}
[4.407179] (-) TimerEvent: {}
[4.507642] (-) TimerEvent: {}
[4.611334] (-) TimerEvent: {}
[4.713903] (-) TimerEvent: {}
[4.725367] (turtlebot3_msgs) StdoutLine: {'line': b'[ 12%] Built target turtlebot3_msgs__rosidl_generator_c\n'}
[4.814213] (-) TimerEvent: {}
[4.915910] (-) TimerEvent: {}
[5.017917] (-) TimerEvent: {}
[5.028271] (turtlebot3_msgs) StdoutLine: {'line': b'[ 13%] Built target turtlebot3_msgs__cpp\n'}
[5.118036] (-) TimerEvent: {}
[5.220912] (-) TimerEvent: {}
[5.327388] (-) TimerEvent: {}
[5.408040] (turtlebot3_msgs) StdoutLine: {'line': b'[ 13%] Built target ament_cmake_python_symlink_turtlebot3_msgs\n'}
[5.432636] (-) TimerEvent: {}
[5.533010] (-) TimerEvent: {}
[5.633738] (-) TimerEvent: {}
[5.719907] (turtlebot3_msgs) StdoutLine: {'line': b'\x1b[35m\x1b[1mConsolidate compiler generated dependencies of target turtlebot3_msgs__rosidl_typesupport_fastrtps_c\x1b[0m\n'}
[5.733848] (-) TimerEvent: {}
[5.834274] (-) TimerEvent: {}
[5.866579] (turtlebot3_msgs) StdoutLine: {'line': b'[ 25%] Built target turtlebot3_msgs__rosidl_typesupport_fastrtps_c\n'}
[5.924262] (dynamixel_sdk) StdoutLine: {'line': b'running egg_info\n'}
[5.927822] (dynamixel_sdk) StdoutLine: {'line': b'writing dynamixel_sdk.egg-info/PKG-INFO\n'}
[5.929529] (dynamixel_sdk) StdoutLine: {'line': b'writing dependency_links to dynamixel_sdk.egg-info/dependency_links.txt\n'}
[5.929744] (dynamixel_sdk) StdoutLine: {'line': b'writing top-level names to dynamixel_sdk.egg-info/top_level.txt\n'}
[5.934920] (-) TimerEvent: {}
[6.035198] (dynamixel_sdk) StdoutLine: {'line': b"reading manifest file 'dynamixel_sdk.egg-info/SOURCES.txt'\n"}
[6.035977] (-) TimerEvent: {}
[6.039429] (dynamixel_sdk) StdoutLine: {'line': b"writing manifest file 'dynamixel_sdk.egg-info/SOURCES.txt'\n"}
[6.041089] (turtlebot3_msgs) StdoutLine: {'line': b'\x1b[35m\x1b[1mConsolidate compiler generated dependencies of target turtlebot3_msgs__rosidl_typesupport_fastrtps_cpp\x1b[0m\n'}
[6.148013] (-) TimerEvent: {}
[6.245116] (turtlebot3_msgs) StdoutLine: {'line': b'[ 36%] Built target turtlebot3_msgs__rosidl_typesupport_fastrtps_cpp\n'}
[6.249295] (-) TimerEvent: {}
[6.283937] (dynamixel_sdk) StdoutLine: {'line': b'[100%] Built target ament_cmake_python_build_dynamixel_sdk_egg\n'}
[6.356922] (-) TimerEvent: {}
[6.405751] (dynamixel_sdk) CommandEnded: {'returncode': 0}
[6.461951] (-) TimerEvent: {}
[6.562941] (-) TimerEvent: {}
[6.648729] (dynamixel_sdk) JobProgress: {'identifier': 'dynamixel_sdk', 'progress': 'install'}
[6.663207] (turtlebot3_msgs) StdoutLine: {'line': b'\x1b[35m\x1b[1mConsolidate compiler generated dependencies of target turtlebot3_msgs__rosidl_typesupport_introspection_c\x1b[0m\n'}
[6.663442] (-) TimerEvent: {}
[6.772748] (-) TimerEvent: {}
[6.809601] (dynamixel_sdk) Command: {'cmd': ['/usr/bin/cmake', '--install', '/workspaces/UON-CS-robotlab-simulation-container/build/dynamixel_sdk'], 'cwd': '/workspaces/UON-CS-robotlab-simulation-container/build/dynamixel_sdk', 'env': OrderedDict([('GITHUB_TOKEN', 'ghu_B4O6CZhcVLRE0OX7B0pYH9Kn8C5gJq2RIGly'), ('GITHUB_CODESPACE_TOKEN', 'AOKRK4WKUJC5CQRMWNS6OXDKNJSNPANCNFSM4AXFRYHA'), ('FEATURE_SPARK_POST_COMMIT_CREATE_ITERATION', 'true'), ('HOSTNAME', 'codespaces-ad2f20'), ('GITHUB_CODESPACES_PORT_FORWARDING_DOMAIN', 'app.github.dev'), ('SHLVL', '2'), ('LD_LIBRARY_PATH', '/workspaces/UON-CS-robotlab-simulation-container/install/turtlebot3_msgs/lib:/workspaces/UON-CS-robotlab-simulation-container/install/dynamixel_sdk_custom_interfaces/lib:/workspaces/UON-CS-robotlab-simulation-container/install/dynamixel_sdk/lib:/usr/lib/x86_64-linux-gnu/gazebo-11/plugins:/opt/ros/humble/opt/rviz_ogre_vendor/lib:/opt/ros/humble/lib/x86_64-linux-gnu:/opt/ros/humble/lib'), ('HOME', '/home/vscode'), ('OLDPWD', '/workspaces/UON-CS-robotlab-simulation-container'), ('CODESPACES', 'true'), ('ROS_PYTHON_VERSION', '3'), ('GITHUB_USER', 'mohammad-areeb'), ('GITHUB_GRAPHQL_URL', 'https://api.github.com/graphql'), ('COLCON_PREFIX_PATH', '/workspaces/UON-CS-robotlab-simulation-container/install'), ('ROS_DISTRO', 'humble'), ('ContainerVersion', '13'), ('GITHUB_API_URL', 'https://api.github.com'), ('RepositoryName', 'UON-CS-robotlab-simulation-container'), ('_', '/usr/bin/colcon'), ('ROS_VERSION', '2'), ('CLOUDENV_ENVIRONMENT_ID', '344bab99-1d47-4655-88f7-fee790854045'), ('TERM', 'xterm'), ('ROS_LOCALHOST_ONLY', '0'), ('PATH', '/opt/ros/humble/bin:/usr/local/sbin:/usr/local/bin:/usr/sbin:/usr/bin:/sbin:/bin'), ('SHELL_LOGGED_IN', 'true'), ('DISPLAY', ':1'), ('LANG', 'C.UTF-8'), ('LS_COLORS', ''), ('GITHUB_REPOSITORY', 'mohammad-areeb/UON-CS-robotlab-simulation-container'), ('ROS_DOMAIN_ID', '30'), ('AMENT_PREFIX_PATH', '/workspaces/UON-CS-robotlab-simulation-container/install/turtlebot3:/workspaces/UON-CS-robotlab-simulation-container/install/turtlebot3_teleop:/workspaces/UON-CS-robotlab-simulation-container/install/turtlebot3_simulations:/workspaces/UON-CS-robotlab-simulation-container/install/turtlebot3_bringup:/workspaces/UON-CS-robotlab-simulation-container/install/turtlebot3_node:/workspaces/UON-CS-robotlab-simulation-container/install/turtlebot3_navigation2:/workspaces/UON-CS-robotlab-simulation-container/install/turtlebot3_fake_node:/workspaces/UON-CS-robotlab-simulation-container/install/turtlebot3_example:/workspaces/UON-CS-robotlab-simulation-container/install/turtlebot3_msgs:/workspaces/UON-CS-robotlab-simulation-container/install/turtlebot3_manipulation_gazebo:/workspaces/UON-CS-robotlab-simulation-container/install/turtlebot3_gazebo:/workspaces/UON-CS-robotlab-simulation-container/install/turtlebot3_description:/workspaces/UON-CS-robotlab-simulation-container/install/turtlebot3_cartographer:/workspaces/UON-CS-robotlab-simulation-container/install/dynamixel_sdk_examples:/workspaces/UON-CS-robotlab-simulation-container/install/dynamixel_sdk_custom_interfaces:/workspaces/UON-CS-robotlab-simulation-container/install/dynamixel_sdk:/opt/ros/humble'), ('DEBIAN_FRONTEND', 'noninteractive'), ('SHELL', '/bin/bash'), ('PWD', '/workspaces/UON-CS-robotlab-simulation-container/build/dynamixel_sdk'), ('INTERNAL_VSCS_TARGET_URL', 'https://uksouth.online.visualstudio.com'), ('TURTLEBOT3_MODEL', 'waffle'), ('LC_ALL', 'C.UTF-8'), ('GITHUB_SERVER_URL', 'https://github.com'), ('PYTHONPATH', '/workspaces/UON-CS-robotlab-simulation-container/build/turtlebot3_teleop:/workspaces/UON-CS-robotlab-simulation-container/install/turtlebot3_teleop/lib/python3.10/site-packages:/workspaces/UON-CS-robotlab-simulation-container/build/turtlebot3_example:/workspaces/UON-CS-robotlab-simulation-container/install/turtlebot3_example/lib/python3.10/site-packages:/workspaces/UON-CS-robotlab-simulation-container/install/turtlebot3_msgs/local/lib/python3.10/dist-packages:/workspaces/UON-CS-robotlab-simulation-container/install/dynamixel_sdk_custom_interfaces/local/lib/python3.10/dist-packages:/workspaces/UON-CS-robotlab-simulation-container/install/dynamixel_sdk/local/lib/python3.10/dist-packages:/opt/ros/humble/lib/python3.10/site-packages:/opt/ros/humble/local/lib/python3.10/dist-packages'), ('CODESPACE_NAME', 'urban-space-garbanzo-j7wwvprrjjp25j95'), ('COLCON', '1'), ('CMAKE_PREFIX_PATH', '/workspaces/UON-CS-robotlab-simulation-container/install/turtlebot3:/workspaces/UON-CS-robotlab-simulation-container/install/turtlebot3_simulations:/workspaces/UON-CS-robotlab-simulation-container/install/turtlebot3_bringup:/workspaces/UON-CS-robotlab-simulation-container/install/turtlebot3_node:/workspaces/UON-CS-robotlab-simulation-container/install/turtlebot3_navigation2:/workspaces/UON-CS-robotlab-simulation-container/install/turtlebot3_fake_node:/workspaces/UON-CS-robotlab-simulation-container/install/turtlebot3_msgs:/workspaces/UON-CS-robotlab-simulation-container/install/turtlebot3_manipulation_gazebo:/workspaces/UON-CS-robotlab-simulation-container/install/turtlebot3_gazebo:/workspaces/UON-CS-robotlab-simulation-container/install/turtlebot3_description:/workspaces/UON-CS-robotlab-simulation-container/install/turtlebot3_cartographer:/workspaces/UON-CS-robotlab-simulation-container/install/dynamixel_sdk_examples:/workspaces/UON-CS-robotlab-simulation-container/install/dynamixel_sdk_custom_interfaces:/workspaces/UON-CS-robotlab-simulation-container/install/dynamixel_sdk:/workspaces/UON-CS-robotlab-simulation-container/install/turtlebot3_teleop:/workspaces/UON-CS-robotlab-simulation-container/install/turtlebot3_example:/opt/ros/humble')]), 'shell': False}
[6.874942] (-) TimerEvent: {}
[6.921491] (dynamixel_sdk) StdoutLine: {'line': b'-- Install configuration: ""\n'}
[6.924388] (turtlebot3_msgs) StdoutLine: {'line': b'[ 47%] Built target turtlebot3_msgs__rosidl_typesupport_introspection_c\n'}
[6.929541] (dynamixel_sdk) StdoutLine: {'line': b'-- Execute custom install script\n'}
[6.961031] (dynamixel_sdk) StdoutLine: {'line': b'-- Up-to-date symlink: /workspaces/UON-CS-robotlab-simulation-container/install/dynamixel_sdk/include//dynamixel_sdk/dynamixel_sdk.h\n'}
[6.961274] (dynamixel_sdk) StdoutLine: {'line': b'-- Up-to-date symlink: /workspaces/UON-CS-robotlab-simulation-container/install/dynamixel_sdk/include//dynamixel_sdk/group_bulk_read.h\n'}
[6.983684] (dynamixel_sdk) StdoutLine: {'line': b'-- Up-to-date symlink: /workspaces/UON-CS-robotlab-simulation-container/install/dynamixel_sdk/include//dynamixel_sdk/group_bulk_write.h\n'}
[6.983953] (-) TimerEvent: {}
[6.984614] (dynamixel_sdk) StdoutLine: {'line': b'-- Up-to-date symlink: /workspaces/UON-CS-robotlab-simulation-container/install/dynamixel_sdk/include//dynamixel_sdk/group_fast_bulk_read.h\n'}
[6.985018] (dynamixel_sdk) StdoutLine: {'line': b'-- Up-to-date symlink: /workspaces/UON-CS-robotlab-simulation-container/install/dynamixel_sdk/include//dynamixel_sdk/group_fast_sync_read.h\n'}
[6.995031] (dynamixel_sdk) StdoutLine: {'line': b'-- Up-to-date symlink: /workspaces/UON-CS-robotlab-simulation-container/install/dynamixel_sdk/include//dynamixel_sdk/group_handler.h\n'}
[6.996712] (dynamixel_sdk) StdoutLine: {'line': b'-- Up-to-date symlink: /workspaces/UON-CS-robotlab-simulation-container/install/dynamixel_sdk/include//dynamixel_sdk/group_sync_read.h\n'}
[7.015869] (dynamixel_sdk) StdoutLine: {'line': b'-- Up-to-date symlink: /workspaces/UON-CS-robotlab-simulation-container/install/dynamixel_sdk/include//dynamixel_sdk/group_sync_write.h\n'}
[7.022412] (dynamixel_sdk) StdoutLine: {'line': b'-- Up-to-date symlink: /workspaces/UON-CS-robotlab-simulation-container/install/dynamixel_sdk/include//dynamixel_sdk/packet_handler.h\n'}
[7.035237] (dynamixel_sdk) StdoutLine: {'line': b'-- Up-to-date symlink: /workspaces/UON-CS-robotlab-simulation-container/install/dynamixel_sdk/include//dynamixel_sdk/port_handler.h\n'}
[7.057339] (dynamixel_sdk) StdoutLine: {'line': b'-- Up-to-date symlink: /workspaces/UON-CS-robotlab-simulation-container/install/dynamixel_sdk/include//dynamixel_sdk/port_handler_arduino.h\n'}
[7.058301] (dynamixel_sdk) StdoutLine: {'line': b'-- Up-to-date symlink: /workspaces/UON-CS-robotlab-simulation-container/install/dynamixel_sdk/include//dynamixel_sdk/port_handler_linux.h\n'}
[7.065436] (dynamixel_sdk) StdoutLine: {'line': b'-- Up-to-date symlink: /workspaces/UON-CS-robotlab-simulation-container/install/dynamixel_sdk/include//dynamixel_sdk/port_handler_mac.h\n'}
[7.074290] (dynamixel_sdk) StdoutLine: {'line': b'-- Up-to-date symlink: /workspaces/UON-CS-robotlab-simulation-container/install/dynamixel_sdk/include//dynamixel_sdk/port_handler_windows.h\n'}
[7.087001] (dynamixel_sdk) StdoutLine: {'line': b'-- Up-to-date symlink: /workspaces/UON-CS-robotlab-simulation-container/install/dynamixel_sdk/include//dynamixel_sdk/protocol1_packet_handler.h\n'}
[7.087263] (-) TimerEvent: {}
[7.087425] (dynamixel_sdk) StdoutLine: {'line': b'-- Up-to-date symlink: /workspaces/UON-CS-robotlab-simulation-container/install/dynamixel_sdk/include//dynamixel_sdk/protocol2_packet_handler.h\n'}
[7.098714] (dynamixel_sdk) StdoutLine: {'line': b'-- Up-to-date symlink: /workspaces/UON-CS-robotlab-simulation-container/install/dynamixel_sdk/share/dynamixel_sdk/environment/pythonpath.sh\n'}
[7.098953] (dynamixel_sdk) StdoutLine: {'line': b'-- Up-to-date symlink: /workspaces/UON-CS-robotlab-simulation-container/install/dynamixel_sdk/share/dynamixel_sdk/environment/pythonpath.dsv\n'}
[7.104891] (dynamixel_sdk) StdoutLine: {'line': b'-- Up-to-date symlink: /workspaces/UON-CS-robotlab-simulation-container/install/dynamixel_sdk/local/lib/python3.10/dist-packages/dynamixel_sdk-3.8.4-py3.10.egg-info/PKG-INFO\n'}
[7.112220] (dynamixel_sdk) StdoutLine: {'line': b'-- Up-to-date symlink: /workspaces/UON-CS-robotlab-simulation-container/install/dynamixel_sdk/local/lib/python3.10/dist-packages/dynamixel_sdk-3.8.4-py3.10.egg-info/SOURCES.txt\n'}
[7.125899] (dynamixel_sdk) StdoutLine: {'line': b'-- Up-to-date symlink: /workspaces/UON-CS-robotlab-simulation-container/install/dynamixel_sdk/local/lib/python3.10/dist-packages/dynamixel_sdk-3.8.4-py3.10.egg-info/dependency_links.txt\n'}
[7.132663] (dynamixel_sdk) StdoutLine: {'line': b'-- Up-to-date symlink: /workspaces/UON-CS-robotlab-simulation-container/install/dynamixel_sdk/local/lib/python3.10/dist-packages/dynamixel_sdk-3.8.4-py3.10.egg-info/top_level.txt\n'}
[7.150166] (dynamixel_sdk) StdoutLine: {'line': b'-- Up-to-date symlink: /workspaces/UON-CS-robotlab-simulation-container/install/dynamixel_sdk/local/lib/python3.10/dist-packages/dynamixel_sdk/__init__.py\n'}
[7.161196] (dynamixel_sdk) StdoutLine: {'line': b'-- Up-to-date symlink: /workspaces/UON-CS-robotlab-simulation-container/install/dynamixel_sdk/local/lib/python3.10/dist-packages/dynamixel_sdk/group_bulk_read.cpp\n'}
[7.161514] (dynamixel_sdk) StdoutLine: {'line': b'-- Up-to-date symlink: /workspaces/UON-CS-robotlab-simulation-container/install/dynamixel_sdk/local/lib/python3.10/dist-packages/dynamixel_sdk/group_bulk_read.py\n'}
[7.161652] (turtlebot3_msgs) StdoutLine: {'line': b'\x1b[35m\x1b[1mConsolidate compiler generated dependencies of target turtlebot3_msgs__rosidl_typesupport_c\x1b[0m\n'}
[7.163915] (dynamixel_sdk) StdoutLine: {'line': b'-- Up-to-date symlink: /workspaces/UON-CS-robotlab-simulation-container/install/dynamixel_sdk/local/lib/python3.10/dist-packages/dynamixel_sdk/group_bulk_write.cpp\n'}
[7.170742] (dynamixel_sdk) StdoutLine: {'line': b'-- Up-to-date symlink: /workspaces/UON-CS-robotlab-simulation-container/install/dynamixel_sdk/local/lib/python3.10/dist-packages/dynamixel_sdk/group_bulk_write.py\n'}
[7.187425] (-) TimerEvent: {}
[7.196066] (dynamixel_sdk) StdoutLine: {'line': b'-- Up-to-date symlink: /workspaces/UON-CS-robotlab-simulation-container/install/dynamixel_sdk/local/lib/python3.10/dist-packages/dynamixel_sdk/group_fast_bulk_read.cpp\n'}
[7.206892] (dynamixel_sdk) StdoutLine: {'line': b'-- Up-to-date symlink: /workspaces/UON-CS-robotlab-simulation-container/install/dynamixel_sdk/local/lib/python3.10/dist-packages/dynamixel_sdk/group_fast_sync_read.cpp\n'}
[7.228909] (dynamixel_sdk) StdoutLine: {'line': b'-- Up-to-date symlink: /workspaces/UON-CS-robotlab-simulation-container/install/dynamixel_sdk/local/lib/python3.10/dist-packages/dynamixel_sdk/group_handler.cpp\n'}
[7.256008] (dynamixel_sdk) StdoutLine: {'line': b'-- Up-to-date symlink: /workspaces/UON-CS-robotlab-simulation-container/install/dynamixel_sdk/local/lib/python3.10/dist-packages/dynamixel_sdk/group_sync_read.cpp\n'}
[7.263104] (dynamixel_sdk) StdoutLine: {'line': b'-- Up-to-date symlink: /workspaces/UON-CS-robotlab-simulation-container/install/dynamixel_sdk/local/lib/python3.10/dist-packages/dynamixel_sdk/group_sync_read.py\n'}
[7.266952] (dynamixel_sdk) StdoutLine: {'line': b'-- Up-to-date symlink: /workspaces/UON-CS-robotlab-simulation-container/install/dynamixel_sdk/local/lib/python3.10/dist-packages/dynamixel_sdk/group_sync_write.cpp\n'}
[7.288547] (-) TimerEvent: {}
[7.336123] (dynamixel_sdk) StdoutLine: {'line': b'-- Up-to-date symlink: /workspaces/UON-CS-robotlab-simulation-container/install/dynamixel_sdk/local/lib/python3.10/dist-packages/dynamixel_sdk/group_sync_write.py\n'}
[7.390073] (-) TimerEvent: {}
[7.417402] (dynamixel_sdk) StdoutLine: {'line': b'-- Up-to-date symlink: /workspaces/UON-CS-robotlab-simulation-container/install/dynamixel_sdk/local/lib/python3.10/dist-packages/dynamixel_sdk/packet_handler.cpp\n'}
[7.448158] (dynamixel_sdk) StdoutLine: {'line': b'-- Up-to-date symlink: /workspaces/UON-CS-robotlab-simulation-container/install/dynamixel_sdk/local/lib/python3.10/dist-packages/dynamixel_sdk/packet_handler.py\n'}
[7.490300] (-) TimerEvent: {}
[7.508083] (dynamixel_sdk) StdoutLine: {'line': b'-- Up-to-date symlink: /workspaces/UON-CS-robotlab-simulation-container/install/dynamixel_sdk/local/lib/python3.10/dist-packages/dynamixel_sdk/port_handler.cpp\n'}
[7.509254] (dynamixel_sdk) StdoutLine: {'line': b'-- Up-to-date symlink: /workspaces/UON-CS-robotlab-simulation-container/install/dynamixel_sdk/local/lib/python3.10/dist-packages/dynamixel_sdk/port_handler.py\n'}
[7.562573] (dynamixel_sdk) StdoutLine: {'line': b'-- Up-to-date symlink: /workspaces/UON-CS-robotlab-simulation-container/install/dynamixel_sdk/local/lib/python3.10/dist-packages/dynamixel_sdk/port_handler_arduino.cpp\n'}
[7.562862] (dynamixel_sdk) StdoutLine: {'line': b'-- Up-to-date symlink: /workspaces/UON-CS-robotlab-simulation-container/install/dynamixel_sdk/local/lib/python3.10/dist-packages/dynamixel_sdk/port_handler_linux.cpp\n'}
[7.562995] (dynamixel_sdk) StdoutLine: {'line': b'-- Up-to-date symlink: /workspaces/UON-CS-robotlab-simulation-container/install/dynamixel_sdk/local/lib/python3.10/dist-packages/dynamixel_sdk/port_handler_mac.cpp\n'}
[7.581559] (dynamixel_sdk) StdoutLine: {'line': b'-- Up-to-date symlink: /workspaces/UON-CS-robotlab-simulation-container/install/dynamixel_sdk/local/lib/python3.10/dist-packages/dynamixel_sdk/port_handler_windows.cpp\n'}
[7.581822] (dynamixel_sdk) StdoutLine: {'line': b'-- Up-to-date symlink: /workspaces/UON-CS-robotlab-simulation-container/install/dynamixel_sdk/local/lib/python3.10/dist-packages/dynamixel_sdk/protocol1_packet_handler.cpp\n'}
[7.588202] (turtlebot3_msgs) StdoutLine: {'line': b'[ 58%] Built target turtlebot3_msgs__rosidl_typesupport_c\n'}
[7.590814] (-) TimerEvent: {}
[7.616914] (dynamixel_sdk) StdoutLine: {'line': b'-- Up-to-date symlink: /workspaces/UON-CS-robotlab-simulation-container/install/dynamixel_sdk/local/lib/python3.10/dist-packages/dynamixel_sdk/protocol1_packet_handler.py\n'}
[7.641329] (dynamixel_sdk) StdoutLine: {'line': b'-- Up-to-date symlink: /workspaces/UON-CS-robotlab-simulation-container/install/dynamixel_sdk/local/lib/python3.10/dist-packages/dynamixel_sdk/protocol2_packet_handler.cpp\n'}
[7.664960] (dynamixel_sdk) StdoutLine: {'line': b'-- Up-to-date symlink: /workspaces/UON-CS-robotlab-simulation-container/install/dynamixel_sdk/local/lib/python3.10/dist-packages/dynamixel_sdk/protocol2_packet_handler.py\n'}
[7.694005] (dynamixel_sdk) StdoutLine: {'line': b'-- Up-to-date symlink: /workspaces/UON-CS-robotlab-simulation-container/install/dynamixel_sdk/local/lib/python3.10/dist-packages/dynamixel_sdk/robotis_def.py\n'}
[7.694233] (-) TimerEvent: {}
[7.757816] (dynamixel_sdk) StdoutLine: {'line': b'-- Up-to-date symlink: /workspaces/UON-CS-robotlab-simulation-container/install/dynamixel_sdk/share/dynamixel_sdk/environment/library_path.sh\n'}
[7.758209] (dynamixel_sdk) StdoutLine: {'line': b'-- Up-to-date symlink: /workspaces/UON-CS-robotlab-simulation-container/install/dynamixel_sdk/share/dynamixel_sdk/environment/library_path.dsv\n'}
[7.778647] (dynamixel_sdk) StdoutLine: {'line': b'-- Up-to-date symlink: /workspaces/UON-CS-robotlab-simulation-container/install/dynamixel_sdk/share/ament_index/resource_index/package_run_dependencies/dynamixel_sdk\n'}
[7.784423] (dynamixel_sdk) StdoutLine: {'line': b'-- Up-to-date symlink: /workspaces/UON-CS-robotlab-simulation-container/install/dynamixel_sdk/share/ament_index/resource_index/parent_prefix_path/dynamixel_sdk\n'}
[7.798515] (-) TimerEvent: {}
[7.800042] (dynamixel_sdk) StdoutLine: {'line': b'-- Up-to-date symlink: /workspaces/UON-CS-robotlab-simulation-container/install/dynamixel_sdk/share/dynamixel_sdk/environment/ament_prefix_path.sh\n'}
[7.800335] (dynamixel_sdk) StdoutLine: {'line': b'-- Up-to-date symlink: /workspaces/UON-CS-robotlab-simulation-container/install/dynamixel_sdk/share/dynamixel_sdk/environment/ament_prefix_path.dsv\n'}
[7.804104] (dynamixel_sdk) StdoutLine: {'line': b'-- Up-to-date symlink: /workspaces/UON-CS-robotlab-simulation-container/install/dynamixel_sdk/share/dynamixel_sdk/environment/path.sh\n'}
[7.804479] (dynamixel_sdk) StdoutLine: {'line': b'-- Up-to-date symlink: /workspaces/UON-CS-robotlab-simulation-container/install/dynamixel_sdk/share/dynamixel_sdk/environment/path.dsv\n'}
[7.820223] (dynamixel_sdk) StdoutLine: {'line': b'-- Up-to-date symlink: /workspaces/UON-CS-robotlab-simulation-container/install/dynamixel_sdk/share/dynamixel_sdk/local_setup.bash\n'}
[7.820407] (dynamixel_sdk) StdoutLine: {'line': b'-- Up-to-date symlink: /workspaces/UON-CS-robotlab-simulation-container/install/dynamixel_sdk/share/dynamixel_sdk/local_setup.sh\n'}
[7.827891] (dynamixel_sdk) StdoutLine: {'line': b'-- Up-to-date symlink: /workspaces/UON-CS-robotlab-simulation-container/install/dynamixel_sdk/share/dynamixel_sdk/local_setup.zsh\n'}
[7.829791] (dynamixel_sdk) StdoutLine: {'line': b'-- Up-to-date symlink: /workspaces/UON-CS-robotlab-simulation-container/install/dynamixel_sdk/share/dynamixel_sdk/local_setup.dsv\n'}
[7.830008] (dynamixel_sdk) StdoutLine: {'line': b'-- Symlinking: /workspaces/UON-CS-robotlab-simulation-container/install/dynamixel_sdk/share/dynamixel_sdk/package.dsv\n'}
[7.834010] (turtlebot3_msgs) StdoutLine: {'line': b'\x1b[35m\x1b[1mConsolidate compiler generated dependencies of target turtlebot3_msgs__rosidl_typesupport_introspection_cpp\x1b[0m\n'}
[7.902929] (-) TimerEvent: {}
[7.906160] (dynamixel_sdk) StdoutLine: {'line': b'-- Up-to-date symlink: /workspaces/UON-CS-robotlab-simulation-container/install/dynamixel_sdk/share/ament_index/resource_index/packages/dynamixel_sdk\n'}
[7.909052] (dynamixel_sdk) StdoutLine: {'line': b'-- Up-to-date symlink: /workspaces/UON-CS-robotlab-simulation-container/install/dynamixel_sdk/share/dynamixel_sdk/cmake/ament_cmake_export_targets-extras.cmake\n'}
[7.959475] (dynamixel_sdk) StdoutLine: {'line': b'-- Up-to-date symlink: /workspaces/UON-CS-robotlab-simulation-container/install/dynamixel_sdk/share/dynamixel_sdk/cmake/ament_cmake_export_include_directories-extras.cmake\n'}
[7.964311] (dynamixel_sdk) StdoutLine: {'line': b'-- Up-to-date symlink: /workspaces/UON-CS-robotlab-simulation-container/install/dynamixel_sdk/share/dynamixel_sdk/cmake/ament_cmake_export_libraries-extras.cmake\n'}
[7.967096] (dynamixel_sdk) StdoutLine: {'line': b'-- Up-to-date symlink: /workspaces/UON-CS-robotlab-simulation-container/install/dynamixel_sdk/share/dynamixel_sdk/cmake/dynamixel_sdkConfig.cmake\n'}
[7.970347] (dynamixel_sdk) StdoutLine: {'line': b'-- Up-to-date symlink: /workspaces/UON-CS-robotlab-simulation-container/install/dynamixel_sdk/share/dynamixel_sdk/cmake/dynamixel_sdkConfig-version.cmake\n'}
[7.978885] (dynamixel_sdk) StdoutLine: {'line': b'-- Up-to-date symlink: /workspaces/UON-CS-robotlab-simulation-container/install/dynamixel_sdk/share/dynamixel_sdk/package.xml\n'}
[8.006899] (-) TimerEvent: {}
[8.108932] (-) TimerEvent: {}
[8.215928] (-) TimerEvent: {}
[8.267885] (turtlebot3_msgs) StdoutLine: {'line': b'[ 70%] Built target turtlebot3_msgs__rosidl_typesupport_introspection_cpp\n'}
[8.319915] (-) TimerEvent: {}
[8.421429] (-) TimerEvent: {}
[8.523104] (-) TimerEvent: {}
[8.624171] (-) TimerEvent: {}
[8.734226] (-) TimerEvent: {}
[8.768320] (dynamixel_sdk) StdoutLine: {'line': b'-- Up-to-date: /workspaces/UON-CS-robotlab-simulation-container/install/dynamixel_sdk/lib/libdynamixel_sdk.so\n'}
[8.834326] (-) TimerEvent: {}
[8.843513] (turtlebot3_msgs) StdoutLine: {'line': b'\x1b[35m\x1b[1mConsolidate compiler generated dependencies of target turtlebot3_msgs__rosidl_typesupport_cpp\x1b[0m\n'}
[8.938516] (-) TimerEvent: {}
[9.019721] (turtlebot3_msgs) StdoutLine: {'line': b'[ 81%] Built target turtlebot3_msgs__rosidl_typesupport_cpp\n'}
[9.021989] (dynamixel_sdk) StdoutLine: {'line': b"Listing '/workspaces/UON-CS-robotlab-simulation-container/install/dynamixel_sdk/local/lib/python3.10/dist-packages/dynamixel_sdk'...\n"}
[9.043907] (-) TimerEvent: {}
[9.053701] (dynamixel_sdk) StdoutLine: {'line': b'-- Up-to-date: /workspaces/UON-CS-robotlab-simulation-container/install/dynamixel_sdk/share/dynamixel_sdk/cmake/dynamixel_sdkExport.cmake\n'}
[9.054257] (dynamixel_sdk) StdoutLine: {'line': b'-- Up-to-date: /workspaces/UON-CS-robotlab-simulation-container/install/dynamixel_sdk/share/dynamixel_sdk/cmake/dynamixel_sdkExport-noconfig.cmake\n'}
[9.074921] (dynamixel_sdk) CommandEnded: {'returncode': 0}
[9.145903] (-) TimerEvent: {}
[9.266734] (-) TimerEvent: {}
[9.369600] (-) TimerEvent: {}
[9.480929] (-) TimerEvent: {}
[9.581871] (-) TimerEvent: {}
[9.638901] (dynamixel_sdk) JobEnded: {'identifier': 'dynamixel_sdk', 'rc': 0}
[9.639408] (turtlebot3_description) JobStarted: {'identifier': 'turtlebot3_description'}
[9.685525] (-) TimerEvent: {}
[9.715980] (turtlebot3_description) JobProgress: {'identifier': 'turtlebot3_description', 'progress': 'cmake'}
[9.756963] (turtlebot3_description) JobProgress: {'identifier': 'turtlebot3_description', 'progress': 'build'}
[9.757069] (turtlebot3_description) Command: {'cmd': ['/usr/bin/cmake', '--build', '/workspaces/UON-CS-robotlab-simulation-container/build/turtlebot3_description', '--', '-j2', '-l2'], 'cwd': '/workspaces/UON-CS-robotlab-simulation-container/build/turtlebot3_description', 'env': OrderedDict([('GITHUB_TOKEN', 'ghu_B4O6CZhcVLRE0OX7B0pYH9Kn8C5gJq2RIGly'), ('GITHUB_CODESPACE_TOKEN', 'AOKRK4WKUJC5CQRMWNS6OXDKNJSNPANCNFSM4AXFRYHA'), ('FEATURE_SPARK_POST_COMMIT_CREATE_ITERATION', 'true'), ('HOSTNAME', 'codespaces-ad2f20'), ('GITHUB_CODESPACES_PORT_FORWARDING_DOMAIN', 'app.github.dev'), ('SHLVL', '2'), ('LD_LIBRARY_PATH', '/workspaces/UON-CS-robotlab-simulation-container/install/turtlebot3_msgs/lib:/workspaces/UON-CS-robotlab-simulation-container/install/dynamixel_sdk_custom_interfaces/lib:/workspaces/UON-CS-robotlab-simulation-container/install/dynamixel_sdk/lib:/usr/lib/x86_64-linux-gnu/gazebo-11/plugins:/opt/ros/humble/opt/rviz_ogre_vendor/lib:/opt/ros/humble/lib/x86_64-linux-gnu:/opt/ros/humble/lib'), ('HOME', '/home/vscode'), ('OLDPWD', '/workspaces/UON-CS-robotlab-simulation-container'), ('CODESPACES', 'true'), ('ROS_PYTHON_VERSION', '3'), ('GITHUB_USER', 'mohammad-areeb'), ('GITHUB_GRAPHQL_URL', 'https://api.github.com/graphql'), ('COLCON_PREFIX_PATH', '/workspaces/UON-CS-robotlab-simulation-container/install'), ('ROS_DISTRO', 'humble'), ('ContainerVersion', '13'), ('GITHUB_API_URL', 'https://api.github.com'), ('RepositoryName', 'UON-CS-robotlab-simulation-container'), ('_', '/usr/bin/colcon'), ('ROS_VERSION', '2'), ('CLOUDENV_ENVIRONMENT_ID', '344bab99-1d47-4655-88f7-fee790854045'), ('TERM', 'xterm'), ('ROS_LOCALHOST_ONLY', '0'), ('PATH', '/opt/ros/humble/bin:/usr/local/sbin:/usr/local/bin:/usr/sbin:/usr/bin:/sbin:/bin'), ('SHELL_LOGGED_IN', 'true'), ('DISPLAY', ':1'), ('LANG', 'C.UTF-8'), ('LS_COLORS', ''), ('GITHUB_REPOSITORY', 'mohammad-areeb/UON-CS-robotlab-simulation-container'), ('ROS_DOMAIN_ID', '30'), ('AMENT_PREFIX_PATH', '/workspaces/UON-CS-robotlab-simulation-container/install/turtlebot3:/workspaces/UON-CS-robotlab-simulation-container/install/turtlebot3_teleop:/workspaces/UON-CS-robotlab-simulation-container/install/turtlebot3_simulations:/workspaces/UON-CS-robotlab-simulation-container/install/turtlebot3_bringup:/workspaces/UON-CS-robotlab-simulation-container/install/turtlebot3_node:/workspaces/UON-CS-robotlab-simulation-container/install/turtlebot3_navigation2:/workspaces/UON-CS-robotlab-simulation-container/install/turtlebot3_fake_node:/workspaces/UON-CS-robotlab-simulation-container/install/turtlebot3_example:/workspaces/UON-CS-robotlab-simulation-container/install/turtlebot3_msgs:/workspaces/UON-CS-robotlab-simulation-container/install/turtlebot3_manipulation_gazebo:/workspaces/UON-CS-robotlab-simulation-container/install/turtlebot3_gazebo:/workspaces/UON-CS-robotlab-simulation-container/install/turtlebot3_description:/workspaces/UON-CS-robotlab-simulation-container/install/turtlebot3_cartographer:/workspaces/UON-CS-robotlab-simulation-container/install/dynamixel_sdk_examples:/workspaces/UON-CS-robotlab-simulation-container/install/dynamixel_sdk_custom_interfaces:/workspaces/UON-CS-robotlab-simulation-container/install/dynamixel_sdk:/opt/ros/humble'), ('DEBIAN_FRONTEND', 'noninteractive'), ('SHELL', '/bin/bash'), ('PWD', '/workspaces/UON-CS-robotlab-simulation-container/build/turtlebot3_description'), ('INTERNAL_VSCS_TARGET_URL', 'https://uksouth.online.visualstudio.com'), ('TURTLEBOT3_MODEL', 'waffle'), ('LC_ALL', 'C.UTF-8'), ('GITHUB_SERVER_URL', 'https://github.com'), ('PYTHONPATH', '/workspaces/UON-CS-robotlab-simulation-container/build/turtlebot3_teleop:/workspaces/UON-CS-robotlab-simulation-container/install/turtlebot3_teleop/lib/python3.10/site-packages:/workspaces/UON-CS-robotlab-simulation-container/build/turtlebot3_example:/workspaces/UON-CS-robotlab-simulation-container/install/turtlebot3_example/lib/python3.10/site-packages:/workspaces/UON-CS-robotlab-simulation-container/install/turtlebot3_msgs/local/lib/python3.10/dist-packages:/workspaces/UON-CS-robotlab-simulation-container/install/dynamixel_sdk_custom_interfaces/local/lib/python3.10/dist-packages:/workspaces/UON-CS-robotlab-simulation-container/install/dynamixel_sdk/local/lib/python3.10/dist-packages:/opt/ros/humble/lib/python3.10/site-packages:/opt/ros/humble/local/lib/python3.10/dist-packages'), ('CODESPACE_NAME', 'urban-space-garbanzo-j7wwvprrjjp25j95'), ('COLCON', '1'), ('CMAKE_PREFIX_PATH', '/workspaces/UON-CS-robotlab-simulation-container/install/turtlebot3:/workspaces/UON-CS-robotlab-simulation-container/install/turtlebot3_simulations:/workspaces/UON-CS-robotlab-simulation-container/install/turtlebot3_bringup:/workspaces/UON-CS-robotlab-simulation-container/install/turtlebot3_node:/workspaces/UON-CS-robotlab-simulation-container/install/turtlebot3_navigation2:/workspaces/UON-CS-robotlab-simulation-container/install/turtlebot3_fake_node:/workspaces/UON-CS-robotlab-simulation-container/install/turtlebot3_msgs:/workspaces/UON-CS-robotlab-simulation-container/install/turtlebot3_manipulation_gazebo:/workspaces/UON-CS-robotlab-simulation-container/install/turtlebot3_gazebo:/workspaces/UON-CS-robotlab-simulation-container/install/turtlebot3_description:/workspaces/UON-CS-robotlab-simulation-container/install/turtlebot3_cartographer:/workspaces/UON-CS-robotlab-simulation-container/install/dynamixel_sdk_examples:/workspaces/UON-CS-robotlab-simulation-container/install/dynamixel_sdk_custom_interfaces:/workspaces/UON-CS-robotlab-simulation-container/install/dynamixel_sdk:/workspaces/UON-CS-robotlab-simulation-container/install/turtlebot3_teleop:/workspaces/UON-CS-robotlab-simulation-container/install/turtlebot3_example:/opt/ros/humble')]), 'shell': False}
[9.790925] (-) TimerEvent: {}
[9.893913] (-) TimerEvent: {}
[9.999958] (-) TimerEvent: {}
[10.100317] (-) TimerEvent: {}
[10.203903] (turtlebot3_description) CommandEnded: {'returncode': 0}
[10.204412] (-) TimerEvent: {}
[10.238954] (turtlebot3_description) JobProgress: {'identifier': 'turtlebot3_description', 'progress': 'install'}
[10.239033] (turtlebot3_description) Command: {'cmd': ['/usr/bin/cmake', '--install', '/workspaces/UON-CS-robotlab-simulation-container/build/turtlebot3_description'], 'cwd': '/workspaces/UON-CS-robotlab-simulation-container/build/turtlebot3_description', 'env': OrderedDict([('GITHUB_TOKEN', 'ghu_B4O6CZhcVLRE0OX7B0pYH9Kn8C5gJq2RIGly'), ('GITHUB_CODESPACE_TOKEN', 'AOKRK4WKUJC5CQRMWNS6OXDKNJSNPANCNFSM4AXFRYHA'), ('FEATURE_SPARK_POST_COMMIT_CREATE_ITERATION', 'true'), ('HOSTNAME', 'codespaces-ad2f20'), ('GITHUB_CODESPACES_PORT_FORWARDING_DOMAIN', 'app.github.dev'), ('SHLVL', '2'), ('LD_LIBRARY_PATH', '/workspaces/UON-CS-robotlab-simulation-container/install/turtlebot3_msgs/lib:/workspaces/UON-CS-robotlab-simulation-container/install/dynamixel_sdk_custom_interfaces/lib:/workspaces/UON-CS-robotlab-simulation-container/install/dynamixel_sdk/lib:/usr/lib/x86_64-linux-gnu/gazebo-11/plugins:/opt/ros/humble/opt/rviz_ogre_vendor/lib:/opt/ros/humble/lib/x86_64-linux-gnu:/opt/ros/humble/lib'), ('HOME', '/home/vscode'), ('OLDPWD', '/workspaces/UON-CS-robotlab-simulation-container'), ('CODESPACES', 'true'), ('ROS_PYTHON_VERSION', '3'), ('GITHUB_USER', 'mohammad-areeb'), ('GITHUB_GRAPHQL_URL', 'https://api.github.com/graphql'), ('COLCON_PREFIX_PATH', '/workspaces/UON-CS-robotlab-simulation-container/install'), ('ROS_DISTRO', 'humble'), ('ContainerVersion', '13'), ('GITHUB_API_URL', 'https://api.github.com'), ('RepositoryName', 'UON-CS-robotlab-simulation-container'), ('_', '/usr/bin/colcon'), ('ROS_VERSION', '2'), ('CLOUDENV_ENVIRONMENT_ID', '344bab99-1d47-4655-88f7-fee790854045'), ('TERM', 'xterm'), ('ROS_LOCALHOST_ONLY', '0'), ('PATH', '/opt/ros/humble/bin:/usr/local/sbin:/usr/local/bin:/usr/sbin:/usr/bin:/sbin:/bin'), ('SHELL_LOGGED_IN', 'true'), ('DISPLAY', ':1'), ('LANG', 'C.UTF-8'), ('LS_COLORS', ''), ('GITHUB_REPOSITORY', 'mohammad-areeb/UON-CS-robotlab-simulation-container'), ('ROS_DOMAIN_ID', '30'), ('AMENT_PREFIX_PATH', '/workspaces/UON-CS-robotlab-simulation-container/install/turtlebot3:/workspaces/UON-CS-robotlab-simulation-container/install/turtlebot3_teleop:/workspaces/UON-CS-robotlab-simulation-container/install/turtlebot3_simulations:/workspaces/UON-CS-robotlab-simulation-container/install/turtlebot3_bringup:/workspaces/UON-CS-robotlab-simulation-container/install/turtlebot3_node:/workspaces/UON-CS-robotlab-simulation-container/install/turtlebot3_navigation2:/workspaces/UON-CS-robotlab-simulation-container/install/turtlebot3_fake_node:/workspaces/UON-CS-robotlab-simulation-container/install/turtlebot3_example:/workspaces/UON-CS-robotlab-simulation-container/install/turtlebot3_msgs:/workspaces/UON-CS-robotlab-simulation-container/install/turtlebot3_manipulation_gazebo:/workspaces/UON-CS-robotlab-simulation-container/install/turtlebot3_gazebo:/workspaces/UON-CS-robotlab-simulation-container/install/turtlebot3_description:/workspaces/UON-CS-robotlab-simulation-container/install/turtlebot3_cartographer:/workspaces/UON-CS-robotlab-simulation-container/install/dynamixel_sdk_examples:/workspaces/UON-CS-robotlab-simulation-container/install/dynamixel_sdk_custom_interfaces:/workspaces/UON-CS-robotlab-simulation-container/install/dynamixel_sdk:/opt/ros/humble'), ('DEBIAN_FRONTEND', 'noninteractive'), ('SHELL', '/bin/bash'), ('PWD', '/workspaces/UON-CS-robotlab-simulation-container/build/turtlebot3_description'), ('INTERNAL_VSCS_TARGET_URL', 'https://uksouth.online.visualstudio.com'), ('TURTLEBOT3_MODEL', 'waffle'), ('LC_ALL', 'C.UTF-8'), ('GITHUB_SERVER_URL', 'https://github.com'), ('PYTHONPATH', '/workspaces/UON-CS-robotlab-simulation-container/build/turtlebot3_teleop:/workspaces/UON-CS-robotlab-simulation-container/install/turtlebot3_teleop/lib/python3.10/site-packages:/workspaces/UON-CS-robotlab-simulation-container/build/turtlebot3_example:/workspaces/UON-CS-robotlab-simulation-container/install/turtlebot3_example/lib/python3.10/site-packages:/workspaces/UON-CS-robotlab-simulation-container/install/turtlebot3_msgs/local/lib/python3.10/dist-packages:/workspaces/UON-CS-robotlab-simulation-container/install/dynamixel_sdk_custom_interfaces/local/lib/python3.10/dist-packages:/workspaces/UON-CS-robotlab-simulation-container/install/dynamixel_sdk/local/lib/python3.10/dist-packages:/opt/ros/humble/lib/python3.10/site-packages:/opt/ros/humble/local/lib/python3.10/dist-packages'), ('CODESPACE_NAME', 'urban-space-garbanzo-j7wwvprrjjp25j95'), ('COLCON', '1'), ('CMAKE_PREFIX_PATH', '/workspaces/UON-CS-robotlab-simulation-container/install/turtlebot3:/workspaces/UON-CS-robotlab-simulation-container/install/turtlebot3_simulations:/workspaces/UON-CS-robotlab-simulation-container/install/turtlebot3_bringup:/workspaces/UON-CS-robotlab-simulation-container/install/turtlebot3_node:/workspaces/UON-CS-robotlab-simulation-container/install/turtlebot3_navigation2:/workspaces/UON-CS-robotlab-simulation-container/install/turtlebot3_fake_node:/workspaces/UON-CS-robotlab-simulation-container/install/turtlebot3_msgs:/workspaces/UON-CS-robotlab-simulation-container/install/turtlebot3_manipulation_gazebo:/workspaces/UON-CS-robotlab-simulation-container/install/turtlebot3_gazebo:/workspaces/UON-CS-robotlab-simulation-container/install/turtlebot3_description:/workspaces/UON-CS-robotlab-simulation-container/install/turtlebot3_cartographer:/workspaces/UON-CS-robotlab-simulation-container/install/dynamixel_sdk_examples:/workspaces/UON-CS-robotlab-simulation-container/install/dynamixel_sdk_custom_interfaces:/workspaces/UON-CS-robotlab-simulation-container/install/dynamixel_sdk:/workspaces/UON-CS-robotlab-simulation-container/install/turtlebot3_teleop:/workspaces/UON-CS-robotlab-simulation-container/install/turtlebot3_example:/opt/ros/humble')]), 'shell': False}
[10.311100] (-) TimerEvent: {}
[10.405117] (turtlebot3_description) StdoutLine: {'line': b'-- Install configuration: ""\n'}
[10.412589] (-) TimerEvent: {}
[10.442224] (turtlebot3_description) StdoutLine: {'line': b'-- Execute custom install script\n'}
[10.481164] (turtlebot3_description) StdoutLine: {'line': b'-- Up-to-date symlink: /workspaces/UON-CS-robotlab-simulation-container/install/turtlebot3_description/share/turtlebot3_description/meshes/bases/burger_base.stl\n'}
[10.497618] (turtlebot3_description) StdoutLine: {'line': b'-- Up-to-date symlink: /workspaces/UON-CS-robotlab-simulation-container/install/turtlebot3_description/share/turtlebot3_description/meshes/bases/waffle_base.stl\n'}
[10.517341] (turtlebot3_description) StdoutLine: {'line': b'-- Up-to-date symlink: /workspaces/UON-CS-robotlab-simulation-container/install/turtlebot3_description/share/turtlebot3_description/meshes/bases/waffle_pi_base.stl\n'}
[10.517578] (-) TimerEvent: {}
[10.535089] (turtlebot3_description) StdoutLine: {'line': b'-- Up-to-date symlink: /workspaces/UON-CS-robotlab-simulation-container/install/turtlebot3_description/share/turtlebot3_description/meshes/sensors/astra.dae\n'}
[10.588144] (turtlebot3_description) StdoutLine: {'line': b'-- Up-to-date symlink: /workspaces/UON-CS-robotlab-simulation-container/install/turtlebot3_description/share/turtlebot3_description/meshes/sensors/astra.jpg\n'}
[10.619332] (-) TimerEvent: {}
[10.648985] (turtlebot3_description) StdoutLine: {'line': b'-- Up-to-date symlink: /workspaces/UON-CS-robotlab-simulation-container/install/turtlebot3_description/share/turtlebot3_description/meshes/sensors/lds.stl\n'}
[10.685398] (turtlebot3_description) StdoutLine: {'line': b'-- Up-to-date symlink: /workspaces/UON-CS-robotlab-simulation-container/install/turtlebot3_description/share/turtlebot3_description/meshes/sensors/r200.dae\n'}
[10.725930] (-) TimerEvent: {}
[10.826798] (-) TimerEvent: {}
[10.843961] (turtlebot3_description) StdoutLine: {'line': b'-- Up-to-date symlink: /workspaces/UON-CS-robotlab-simulation-container/install/turtlebot3_description/share/turtlebot3_description/meshes/sensors/r200.jpg\n'}
[10.853948] (turtlebot3_description) StdoutLine: {'line': b'-- Up-to-date symlink: /workspaces/UON-CS-robotlab-simulation-container/install/turtlebot3_description/share/turtlebot3_description/meshes/wheels/left_tire.stl\n'}
[10.855910] (turtlebot3_description) StdoutLine: {'line': b'-- Up-to-date symlink: /workspaces/UON-CS-robotlab-simulation-container/install/turtlebot3_description/share/turtlebot3_description/meshes/wheels/right_tire.stl\n'}
[10.874928] (turtlebot3_description) StdoutLine: {'line': b'-- Up-to-date symlink: /workspaces/UON-CS-robotlab-simulation-container/install/turtlebot3_description/share/turtlebot3_description/rviz/model.rviz\n'}
[10.889881] (turtlebot3_description) StdoutLine: {'line': b'-- Up-to-date symlink: /workspaces/UON-CS-robotlab-simulation-container/install/turtlebot3_description/share/turtlebot3_description/urdf/common_properties.urdf\n'}
[10.892130] (turtlebot3_description) StdoutLine: {'line': b'-- Up-to-date symlink: /workspaces/UON-CS-robotlab-simulation-container/install/turtlebot3_description/share/turtlebot3_description/urdf/turtlebot3_burger.urdf\n'}
[10.897144] (turtlebot3_description) StdoutLine: {'line': b'-- Up-to-date symlink: /workspaces/UON-CS-robotlab-simulation-container/install/turtlebot3_description/share/turtlebot3_description/urdf/turtlebot3_waffle.urdf\n'}
[10.898359] (turtlebot3_description) StdoutLine: {'line': b'-- Up-to-date symlink: /workspaces/UON-CS-robotlab-simulation-container/install/turtlebot3_description/share/turtlebot3_description/urdf/turtlebot3_waffle_pi.urdf\n'}
[10.917096] (turtlebot3_description) StdoutLine: {'line': b'-- Up-to-date symlink: /workspaces/UON-CS-robotlab-simulation-container/install/turtlebot3_description/share/ament_index/resource_index/package_run_dependencies/turtlebot3_description\n'}
[10.917415] (turtlebot3_description) StdoutLine: {'line': b'-- Up-to-date symlink: /workspaces/UON-CS-robotlab-simulation-container/install/turtlebot3_description/share/ament_index/resource_index/parent_prefix_path/turtlebot3_description\n'}
[10.935990] (turtlebot3_description) StdoutLine: {'line': b'-- Up-to-date symlink: /workspaces/UON-CS-robotlab-simulation-container/install/turtlebot3_description/share/turtlebot3_description/environment/ament_prefix_path.sh\n'}
[10.936183] (-) TimerEvent: {}
[10.936637] (turtlebot3_description) StdoutLine: {'line': b'-- Up-to-date symlink: /workspaces/UON-CS-robotlab-simulation-container/install/turtlebot3_description/share/turtlebot3_description/environment/ament_prefix_path.dsv\n'}
[11.010559] (turtlebot3_description) StdoutLine: {'line': b'-- Up-to-date symlink: /workspaces/UON-CS-robotlab-simulation-container/install/turtlebot3_description/share/turtlebot3_description/environment/path.sh\n'}
[11.018897] (turtlebot3_description) StdoutLine: {'line': b'-- Up-to-date symlink: /workspaces/UON-CS-robotlab-simulation-container/install/turtlebot3_description/share/turtlebot3_description/environment/path.dsv\n'}
[11.024740] (turtlebot3_description) StdoutLine: {'line': b'-- Up-to-date symlink: /workspaces/UON-CS-robotlab-simulation-container/install/turtlebot3_description/share/turtlebot3_description/local_setup.bash\n'}
[11.039398] (-) TimerEvent: {}
[11.046194] (turtlebot3_description) StdoutLine: {'line': b'-- Up-to-date symlink: /workspaces/UON-CS-robotlab-simulation-container/install/turtlebot3_description/share/turtlebot3_description/local_setup.sh\n'}
[11.047048] (turtlebot3_description) StdoutLine: {'line': b'-- Up-to-date symlink: /workspaces/UON-CS-robotlab-simulation-container/install/turtlebot3_description/share/turtlebot3_description/local_setup.zsh\n'}
[11.047411] (turtlebot3_description) StdoutLine: {'line': b'-- Up-to-date symlink: /workspaces/UON-CS-robotlab-simulation-container/install/turtlebot3_description/share/turtlebot3_description/local_setup.dsv\n'}
[11.049249] (turtlebot3_description) StdoutLine: {'line': b'-- Symlinking: /workspaces/UON-CS-robotlab-simulation-container/install/turtlebot3_description/share/turtlebot3_description/package.dsv\n'}
[11.127958] (turtlebot3_description) StdoutLine: {'line': b'-- Up-to-date symlink: /workspaces/UON-CS-robotlab-simulation-container/install/turtlebot3_description/share/ament_index/resource_index/packages/turtlebot3_description\n'}
[11.129885] (turtlebot3_description) StdoutLine: {'line': b'-- Up-to-date symlink: /workspaces/UON-CS-robotlab-simulation-container/install/turtlebot3_description/share/turtlebot3_description/cmake/turtlebot3_descriptionConfig.cmake\n'}
[11.130949] (turtlebot3_description) StdoutLine: {'line': b'-- Up-to-date symlink: /workspaces/UON-CS-robotlab-simulation-container/install/turtlebot3_description/share/turtlebot3_description/cmake/turtlebot3_descriptionConfig-version.cmake\n'}
[11.141685] (-) TimerEvent: {}
[11.226010] (turtlebot3_description) StdoutLine: {'line': b'-- Up-to-date symlink: /workspaces/UON-CS-robotlab-simulation-container/install/turtlebot3_description/share/turtlebot3_description/package.xml\n'}
[11.236564] (turtlebot3_description) CommandEnded: {'returncode': 0}
[11.251909] (-) TimerEvent: {}
[11.354254] (-) TimerEvent: {}
[11.426231] (turtlebot3_description) JobEnded: {'identifier': 'turtlebot3_description', 'rc': 0}
[11.436243] (dynamixel_sdk_custom_interfaces) JobStarted: {'identifier': 'dynamixel_sdk_custom_interfaces'}
[11.468590] (-) TimerEvent: {}
[11.489749] (dynamixel_sdk_custom_interfaces) JobProgress: {'identifier': 'dynamixel_sdk_custom_interfaces', 'progress': 'cmake'}
[11.543893] (dynamixel_sdk_custom_interfaces) JobProgress: {'identifier': 'dynamixel_sdk_custom_interfaces', 'progress': 'build'}
[11.545930] (dynamixel_sdk_custom_interfaces) Command: {'cmd': ['/usr/bin/cmake', '--build', '/workspaces/UON-CS-robotlab-simulation-container/build/dynamixel_sdk_custom_interfaces', '--', '-j2', '-l2'], 'cwd': '/workspaces/UON-CS-robotlab-simulation-container/build/dynamixel_sdk_custom_interfaces', 'env': OrderedDict([('GITHUB_TOKEN', 'ghu_B4O6CZhcVLRE0OX7B0pYH9Kn8C5gJq2RIGly'), ('GITHUB_CODESPACE_TOKEN', 'AOKRK4WKUJC5CQRMWNS6OXDKNJSNPANCNFSM4AXFRYHA'), ('FEATURE_SPARK_POST_COMMIT_CREATE_ITERATION', 'true'), ('HOSTNAME', 'codespaces-ad2f20'), ('GITHUB_CODESPACES_PORT_FORWARDING_DOMAIN', 'app.github.dev'), ('SHLVL', '2'), ('LD_LIBRARY_PATH', '/workspaces/UON-CS-robotlab-simulation-container/install/turtlebot3_msgs/lib:/workspaces/UON-CS-robotlab-simulation-container/install/dynamixel_sdk_custom_interfaces/lib:/workspaces/UON-CS-robotlab-simulation-container/install/dynamixel_sdk/lib:/usr/lib/x86_64-linux-gnu/gazebo-11/plugins:/opt/ros/humble/opt/rviz_ogre_vendor/lib:/opt/ros/humble/lib/x86_64-linux-gnu:/opt/ros/humble/lib'), ('HOME', '/home/vscode'), ('OLDPWD', '/workspaces/UON-CS-robotlab-simulation-container'), ('CODESPACES', 'true'), ('ROS_PYTHON_VERSION', '3'), ('GITHUB_USER', 'mohammad-areeb'), ('GITHUB_GRAPHQL_URL', 'https://api.github.com/graphql'), ('COLCON_PREFIX_PATH', '/workspaces/UON-CS-robotlab-simulation-container/install'), ('ROS_DISTRO', 'humble'), ('ContainerVersion', '13'), ('GITHUB_API_URL', 'https://api.github.com'), ('RepositoryName', 'UON-CS-robotlab-simulation-container'), ('_', '/usr/bin/colcon'), ('ROS_VERSION', '2'), ('CLOUDENV_ENVIRONMENT_ID', '344bab99-1d47-4655-88f7-fee790854045'), ('TERM', 'xterm'), ('ROS_LOCALHOST_ONLY', '0'), ('PATH', '/opt/ros/humble/bin:/usr/local/sbin:/usr/local/bin:/usr/sbin:/usr/bin:/sbin:/bin'), ('SHELL_LOGGED_IN', 'true'), ('DISPLAY', ':1'), ('LANG', 'C.UTF-8'), ('LS_COLORS', ''), ('GITHUB_REPOSITORY', 'mohammad-areeb/UON-CS-robotlab-simulation-container'), ('ROS_DOMAIN_ID', '30'), ('AMENT_PREFIX_PATH', '/workspaces/UON-CS-robotlab-simulation-container/install/turtlebot3:/workspaces/UON-CS-robotlab-simulation-container/install/turtlebot3_teleop:/workspaces/UON-CS-robotlab-simulation-container/install/turtlebot3_simulations:/workspaces/UON-CS-robotlab-simulation-container/install/turtlebot3_bringup:/workspaces/UON-CS-robotlab-simulation-container/install/turtlebot3_node:/workspaces/UON-CS-robotlab-simulation-container/install/turtlebot3_navigation2:/workspaces/UON-CS-robotlab-simulation-container/install/turtlebot3_fake_node:/workspaces/UON-CS-robotlab-simulation-container/install/turtlebot3_example:/workspaces/UON-CS-robotlab-simulation-container/install/turtlebot3_msgs:/workspaces/UON-CS-robotlab-simulation-container/install/turtlebot3_manipulation_gazebo:/workspaces/UON-CS-robotlab-simulation-container/install/turtlebot3_gazebo:/workspaces/UON-CS-robotlab-simulation-container/install/turtlebot3_description:/workspaces/UON-CS-robotlab-simulation-container/install/turtlebot3_cartographer:/workspaces/UON-CS-robotlab-simulation-container/install/dynamixel_sdk_examples:/workspaces/UON-CS-robotlab-simulation-container/install/dynamixel_sdk_custom_interfaces:/workspaces/UON-CS-robotlab-simulation-container/install/dynamixel_sdk:/opt/ros/humble'), ('DEBIAN_FRONTEND', 'noninteractive'), ('SHELL', '/bin/bash'), ('PWD', '/workspaces/UON-CS-robotlab-simulation-container/build/dynamixel_sdk_custom_interfaces'), ('INTERNAL_VSCS_TARGET_URL', 'https://uksouth.online.visualstudio.com'), ('TURTLEBOT3_MODEL', 'waffle'), ('LC_ALL', 'C.UTF-8'), ('GITHUB_SERVER_URL', 'https://github.com'), ('PYTHONPATH', '/workspaces/UON-CS-robotlab-simulation-container/build/turtlebot3_teleop:/workspaces/UON-CS-robotlab-simulation-container/install/turtlebot3_teleop/lib/python3.10/site-packages:/workspaces/UON-CS-robotlab-simulation-container/build/turtlebot3_example:/workspaces/UON-CS-robotlab-simulation-container/install/turtlebot3_example/lib/python3.10/site-packages:/workspaces/UON-CS-robotlab-simulation-container/install/turtlebot3_msgs/local/lib/python3.10/dist-packages:/workspaces/UON-CS-robotlab-simulation-container/install/dynamixel_sdk_custom_interfaces/local/lib/python3.10/dist-packages:/workspaces/UON-CS-robotlab-simulation-container/install/dynamixel_sdk/local/lib/python3.10/dist-packages:/opt/ros/humble/lib/python3.10/site-packages:/opt/ros/humble/local/lib/python3.10/dist-packages'), ('CODESPACE_NAME', 'urban-space-garbanzo-j7wwvprrjjp25j95'), ('COLCON', '1'), ('CMAKE_PREFIX_PATH', '/workspaces/UON-CS-robotlab-simulation-container/install/turtlebot3:/workspaces/UON-CS-robotlab-simulation-container/install/turtlebot3_simulations:/workspaces/UON-CS-robotlab-simulation-container/install/turtlebot3_bringup:/workspaces/UON-CS-robotlab-simulation-container/install/turtlebot3_node:/workspaces/UON-CS-robotlab-simulation-container/install/turtlebot3_navigation2:/workspaces/UON-CS-robotlab-simulation-container/install/turtlebot3_fake_node:/workspaces/UON-CS-robotlab-simulation-container/install/turtlebot3_msgs:/workspaces/UON-CS-robotlab-simulation-container/install/turtlebot3_manipulation_gazebo:/workspaces/UON-CS-robotlab-simulation-container/install/turtlebot3_gazebo:/workspaces/UON-CS-robotlab-simulation-container/install/turtlebot3_description:/workspaces/UON-CS-robotlab-simulation-container/install/turtlebot3_cartographer:/workspaces/UON-CS-robotlab-simulation-container/install/dynamixel_sdk_examples:/workspaces/UON-CS-robotlab-simulation-container/install/dynamixel_sdk_custom_interfaces:/workspaces/UON-CS-robotlab-simulation-container/install/dynamixel_sdk:/workspaces/UON-CS-robotlab-simulation-container/install/turtlebot3_teleop:/workspaces/UON-CS-robotlab-simulation-container/install/turtlebot3_example:/opt/ros/humble')]), 'shell': False}
[11.573894] (-) TimerEvent: {}
[11.674330] (-) TimerEvent: {}
[11.774722] (-) TimerEvent: {}
[11.891188] (-) TimerEvent: {}
[11.991730] (-) TimerEvent: {}
[12.092241] (-) TimerEvent: {}
[12.206947] (dynamixel_sdk_custom_interfaces) StdoutLine: {'line': b'[  2%] Built target dynamixel_sdk_custom_interfaces__rs\n'}
[12.207243] (-) TimerEvent: {}
[12.309913] (-) TimerEvent: {}
[12.411183] (-) TimerEvent: {}
[12.440925] (dynamixel_sdk_custom_interfaces) StdoutLine: {'line': b'[  5%] Built target dynamixel_sdk_custom_interfaces__cpp\n'}
[12.518913] (-) TimerEvent: {}
[12.586915] (dynamixel_sdk_custom_interfaces) StdoutLine: {'line': b'\x1b[35m\x1b[1mConsolidate compiler generated dependencies of target dynamixel_sdk_custom_interfaces__rosidl_generator_c\x1b[0m\n'}
[12.622615] (-) TimerEvent: {}
[12.726907] (-) TimerEvent: {}
[12.747893] (dynamixel_sdk_custom_interfaces) StdoutLine: {'line': b'[ 15%] Built target dynamixel_sdk_custom_interfaces__rosidl_generator_c\n'}
[12.827915] (-) TimerEvent: {}
[12.879243] (turtlebot3_msgs) StdoutLine: {'line': b'running egg_info\n'}
[12.888194] (turtlebot3_msgs) StdoutLine: {'line': b'writing turtlebot3_msgs.egg-info/PKG-INFO\n'}
[12.896523] (turtlebot3_msgs) StdoutLine: {'line': b'writing dependency_links to turtlebot3_msgs.egg-info/dependency_links.txt\n'}
[12.896750] (turtlebot3_msgs) StdoutLine: {'line': b'writing top-level names to turtlebot3_msgs.egg-info/top_level.txt\n'}
[12.936919] (-) TimerEvent: {}
[12.963275] (turtlebot3_msgs) StdoutLine: {'line': b"reading manifest file 'turtlebot3_msgs.egg-info/SOURCES.txt'\n"}
[12.986982] (turtlebot3_msgs) StdoutLine: {'line': b"writing manifest file 'turtlebot3_msgs.egg-info/SOURCES.txt'\n"}
[13.038927] (-) TimerEvent: {}
[13.115924] (dynamixel_sdk_custom_interfaces) StdoutLine: {'line': b'[ 15%] Built target ament_cmake_python_symlink_dynamixel_sdk_custom_interfaces\n'}
[13.141143] (-) TimerEvent: {}
[13.245934] (-) TimerEvent: {}
[13.265995] (dynamixel_sdk_custom_interfaces) StdoutLine: {'line': b'\x1b[35m\x1b[1mConsolidate compiler generated dependencies of target dynamixel_sdk_custom_interfaces__rosidl_typesupport_fastrtps_cpp\x1b[0m\n'}
[13.348915] (-) TimerEvent: {}
[13.383960] (turtlebot3_msgs) StdoutLine: {'line': b'[ 81%] Built target ament_cmake_python_build_turtlebot3_msgs_egg\n'}
[13.450919] (-) TimerEvent: {}
[13.485909] (dynamixel_sdk_custom_interfaces) StdoutLine: {'line': b'[ 25%] Built target dynamixel_sdk_custom_interfaces__rosidl_typesupport_fastrtps_cpp\n'}
[13.551964] (-) TimerEvent: {}
[13.631924] (turtlebot3_msgs) StdoutLine: {'line': b'[ 81%] Built target turtlebot3_msgs\n'}
[13.640264] (dynamixel_sdk_custom_interfaces) StdoutLine: {'line': b'\x1b[35m\x1b[1mConsolidate compiler generated dependencies of target dynamixel_sdk_custom_interfaces__rosidl_typesupport_introspection_c\x1b[0m\n'}
[13.656177] (-) TimerEvent: {}
[13.760213] (-) TimerEvent: {}
[13.791898] (dynamixel_sdk_custom_interfaces) StdoutLine: {'line': b'[ 35%] Built target dynamixel_sdk_custom_interfaces__rosidl_typesupport_introspection_c\n'}
[13.865987] (-) TimerEvent: {}
[13.905945] (turtlebot3_msgs) StdoutLine: {'line': b'[ 82%] Built target turtlebot3_msgs__py\n'}
[13.923135] (dynamixel_sdk_custom_interfaces) StdoutLine: {'line': b'\x1b[35m\x1b[1mConsolidate compiler generated dependencies of target dynamixel_sdk_custom_interfaces__rosidl_typesupport_c\x1b[0m\n'}
[13.969970] (-) TimerEvent: {}
[14.054638] (turtlebot3_msgs) StdoutLine: {'line': b'\x1b[35m\x1b[1mConsolidate compiler generated dependencies of target turtlebot3_msgs__rosidl_generator_py\x1b[0m\n'}
[14.071175] (dynamixel_sdk_custom_interfaces) StdoutLine: {'line': b'[ 45%] Built target dynamixel_sdk_custom_interfaces__rosidl_typesupport_c\n'}
[14.071456] (-) TimerEvent: {}
[14.176019] (-) TimerEvent: {}
[14.223997] (turtlebot3_msgs) StdoutLine: {'line': b'[ 92%] Built target turtlebot3_msgs__rosidl_generator_py\n'}
[14.224470] (dynamixel_sdk_custom_interfaces) StdoutLine: {'line': b'\x1b[35m\x1b[1mConsolidate compiler generated dependencies of target dynamixel_sdk_custom_interfaces__rosidl_typesupport_introspection_cpp\x1b[0m\n'}
[14.281114] (-) TimerEvent: {}
[14.344651] (turtlebot3_msgs) StdoutLine: {'line': b'\x1b[35m\x1b[1mConsolidate compiler generated dependencies of target turtlebot3_msgs__rosidl_typesupport_fastrtps_c__pyext\x1b[0m\n'}
[14.383921] (-) TimerEvent: {}
[14.414056] (dynamixel_sdk_custom_interfaces) StdoutLine: {'line': b'[ 55%] Built target dynamixel_sdk_custom_interfaces__rosidl_typesupport_introspection_cpp\n'}
[14.487370] (-) TimerEvent: {}
[14.510970] (turtlebot3_msgs) StdoutLine: {'line': b'[ 95%] Built target turtlebot3_msgs__rosidl_typesupport_fastrtps_c__pyext\n'}
[14.525491] (dynamixel_sdk_custom_interfaces) StdoutLine: {'line': b'\x1b[35m\x1b[1mConsolidate compiler generated dependencies of target dynamixel_sdk_custom_interfaces__rosidl_typesupport_fastrtps_c\x1b[0m\n'}
[14.590920] (-) TimerEvent: {}
[14.648599] (turtlebot3_msgs) StdoutLine: {'line': b'\x1b[35m\x1b[1mConsolidate compiler generated dependencies of target turtlebot3_msgs__rosidl_typesupport_introspection_c__pyext\x1b[0m\n'}
[14.698987] (-) TimerEvent: {}
[14.708902] (dynamixel_sdk_custom_interfaces) StdoutLine: {'line': b'[ 65%] Built target dynamixel_sdk_custom_interfaces__rosidl_typesupport_fastrtps_c\n'}
[14.801926] (-) TimerEvent: {}
[14.822904] (turtlebot3_msgs) StdoutLine: {'line': b'[ 97%] Built target turtlebot3_msgs__rosidl_typesupport_introspection_c__pyext\n'}
[14.838775] (dynamixel_sdk_custom_interfaces) StdoutLine: {'line': b'\x1b[35m\x1b[1mConsolidate compiler generated dependencies of target dynamixel_sdk_custom_interfaces__rosidl_typesupport_cpp\x1b[0m\n'}
[14.905917] (-) TimerEvent: {}
[14.937022] (turtlebot3_msgs) StdoutLine: {'line': b'\x1b[35m\x1b[1mConsolidate compiler generated dependencies of target turtlebot3_msgs__rosidl_typesupport_c__pyext\x1b[0m\n'}
[15.001909] (dynamixel_sdk_custom_interfaces) StdoutLine: {'line': b'[ 75%] Built target dynamixel_sdk_custom_interfaces__rosidl_typesupport_cpp\n'}
[15.006898] (-) TimerEvent: {}
[15.111918] (-) TimerEvent: {}
[15.128901] (turtlebot3_msgs) StdoutLine: {'line': b'[100%] Built target turtlebot3_msgs__rosidl_typesupport_c__pyext\n'}
[15.212912] (-) TimerEvent: {}
[15.313858] (turtlebot3_msgs) CommandEnded: {'returncode': 0}
[15.319275] (-) TimerEvent: {}
[15.331131] (turtlebot3_msgs) JobProgress: {'identifier': 'turtlebot3_msgs', 'progress': 'install'}
[15.350915] (turtlebot3_msgs) Command: {'cmd': ['/usr/bin/cmake', '--install', '/workspaces/UON-CS-robotlab-simulation-container/build/turtlebot3_msgs'], 'cwd': '/workspaces/UON-CS-robotlab-simulation-container/build/turtlebot3_msgs', 'env': OrderedDict([('GITHUB_TOKEN', 'ghu_B4O6CZhcVLRE0OX7B0pYH9Kn8C5gJq2RIGly'), ('GITHUB_CODESPACE_TOKEN', 'AOKRK4WKUJC5CQRMWNS6OXDKNJSNPANCNFSM4AXFRYHA'), ('FEATURE_SPARK_POST_COMMIT_CREATE_ITERATION', 'true'), ('HOSTNAME', 'codespaces-ad2f20'), ('GITHUB_CODESPACES_PORT_FORWARDING_DOMAIN', 'app.github.dev'), ('SHLVL', '2'), ('LD_LIBRARY_PATH', '/workspaces/UON-CS-robotlab-simulation-container/install/turtlebot3_msgs/lib:/workspaces/UON-CS-robotlab-simulation-container/install/dynamixel_sdk_custom_interfaces/lib:/workspaces/UON-CS-robotlab-simulation-container/install/dynamixel_sdk/lib:/usr/lib/x86_64-linux-gnu/gazebo-11/plugins:/opt/ros/humble/opt/rviz_ogre_vendor/lib:/opt/ros/humble/lib/x86_64-linux-gnu:/opt/ros/humble/lib'), ('HOME', '/home/vscode'), ('OLDPWD', '/workspaces/UON-CS-robotlab-simulation-container'), ('CODESPACES', 'true'), ('ROS_PYTHON_VERSION', '3'), ('GITHUB_USER', 'mohammad-areeb'), ('GITHUB_GRAPHQL_URL', 'https://api.github.com/graphql'), ('COLCON_PREFIX_PATH', '/workspaces/UON-CS-robotlab-simulation-container/install'), ('ROS_DISTRO', 'humble'), ('ContainerVersion', '13'), ('GITHUB_API_URL', 'https://api.github.com'), ('RepositoryName', 'UON-CS-robotlab-simulation-container'), ('_', '/usr/bin/colcon'), ('ROS_VERSION', '2'), ('CLOUDENV_ENVIRONMENT_ID', '344bab99-1d47-4655-88f7-fee790854045'), ('TERM', 'xterm'), ('ROS_LOCALHOST_ONLY', '0'), ('PATH', '/opt/ros/humble/bin:/usr/local/sbin:/usr/local/bin:/usr/sbin:/usr/bin:/sbin:/bin'), ('SHELL_LOGGED_IN', 'true'), ('DISPLAY', ':1'), ('LANG', 'C.UTF-8'), ('LS_COLORS', ''), ('GITHUB_REPOSITORY', 'mohammad-areeb/UON-CS-robotlab-simulation-container'), ('ROS_DOMAIN_ID', '30'), ('AMENT_PREFIX_PATH', '/workspaces/UON-CS-robotlab-simulation-container/install/turtlebot3:/workspaces/UON-CS-robotlab-simulation-container/install/turtlebot3_teleop:/workspaces/UON-CS-robotlab-simulation-container/install/turtlebot3_simulations:/workspaces/UON-CS-robotlab-simulation-container/install/turtlebot3_bringup:/workspaces/UON-CS-robotlab-simulation-container/install/turtlebot3_node:/workspaces/UON-CS-robotlab-simulation-container/install/turtlebot3_navigation2:/workspaces/UON-CS-robotlab-simulation-container/install/turtlebot3_fake_node:/workspaces/UON-CS-robotlab-simulation-container/install/turtlebot3_example:/workspaces/UON-CS-robotlab-simulation-container/install/turtlebot3_msgs:/workspaces/UON-CS-robotlab-simulation-container/install/turtlebot3_manipulation_gazebo:/workspaces/UON-CS-robotlab-simulation-container/install/turtlebot3_gazebo:/workspaces/UON-CS-robotlab-simulation-container/install/turtlebot3_description:/workspaces/UON-CS-robotlab-simulation-container/install/turtlebot3_cartographer:/workspaces/UON-CS-robotlab-simulation-container/install/dynamixel_sdk_examples:/workspaces/UON-CS-robotlab-simulation-container/install/dynamixel_sdk_custom_interfaces:/workspaces/UON-CS-robotlab-simulation-container/install/dynamixel_sdk:/opt/ros/humble'), ('DEBIAN_FRONTEND', 'noninteractive'), ('SHELL', '/bin/bash'), ('PWD', '/workspaces/UON-CS-robotlab-simulation-container/build/turtlebot3_msgs'), ('INTERNAL_VSCS_TARGET_URL', 'https://uksouth.online.visualstudio.com'), ('TURTLEBOT3_MODEL', 'waffle'), ('LC_ALL', 'C.UTF-8'), ('GITHUB_SERVER_URL', 'https://github.com'), ('PYTHONPATH', '/workspaces/UON-CS-robotlab-simulation-container/build/turtlebot3_teleop:/workspaces/UON-CS-robotlab-simulation-container/install/turtlebot3_teleop/lib/python3.10/site-packages:/workspaces/UON-CS-robotlab-simulation-container/build/turtlebot3_example:/workspaces/UON-CS-robotlab-simulation-container/install/turtlebot3_example/lib/python3.10/site-packages:/workspaces/UON-CS-robotlab-simulation-container/install/turtlebot3_msgs/local/lib/python3.10/dist-packages:/workspaces/UON-CS-robotlab-simulation-container/install/dynamixel_sdk_custom_interfaces/local/lib/python3.10/dist-packages:/workspaces/UON-CS-robotlab-simulation-container/install/dynamixel_sdk/local/lib/python3.10/dist-packages:/opt/ros/humble/lib/python3.10/site-packages:/opt/ros/humble/local/lib/python3.10/dist-packages'), ('CODESPACE_NAME', 'urban-space-garbanzo-j7wwvprrjjp25j95'), ('COLCON', '1'), ('CMAKE_PREFIX_PATH', '/workspaces/UON-CS-robotlab-simulation-container/install/turtlebot3:/workspaces/UON-CS-robotlab-simulation-container/install/turtlebot3_simulations:/workspaces/UON-CS-robotlab-simulation-container/install/turtlebot3_bringup:/workspaces/UON-CS-robotlab-simulation-container/install/turtlebot3_node:/workspaces/UON-CS-robotlab-simulation-container/install/turtlebot3_navigation2:/workspaces/UON-CS-robotlab-simulation-container/install/turtlebot3_fake_node:/workspaces/UON-CS-robotlab-simulation-container/install/turtlebot3_msgs:/workspaces/UON-CS-robotlab-simulation-container/install/turtlebot3_manipulation_gazebo:/workspaces/UON-CS-robotlab-simulation-container/install/turtlebot3_gazebo:/workspaces/UON-CS-robotlab-simulation-container/install/turtlebot3_description:/workspaces/UON-CS-robotlab-simulation-container/install/turtlebot3_cartographer:/workspaces/UON-CS-robotlab-simulation-container/install/dynamixel_sdk_examples:/workspaces/UON-CS-robotlab-simulation-container/install/dynamixel_sdk_custom_interfaces:/workspaces/UON-CS-robotlab-simulation-container/install/dynamixel_sdk:/workspaces/UON-CS-robotlab-simulation-container/install/turtlebot3_teleop:/workspaces/UON-CS-robotlab-simulation-container/install/turtlebot3_example:/opt/ros/humble')]), 'shell': False}
[15.423918] (-) TimerEvent: {}
[15.457905] (turtlebot3_msgs) StdoutLine: {'line': b'-- Install configuration: ""\n'}
[15.465219] (turtlebot3_msgs) StdoutLine: {'line': b'-- Execute custom install script\n'}
[15.483901] (turtlebot3_msgs) StdoutLine: {'line': b'-- Up-to-date symlink: /workspaces/UON-CS-robotlab-simulation-container/install/turtlebot3_msgs/share/ament_index/resource_index/rosidl_interfaces/turtlebot3_msgs\n'}
[15.487091] (turtlebot3_msgs) StdoutLine: {'line': b'-- Up-to-date symlink: /workspaces/UON-CS-robotlab-simulation-container/install/turtlebot3_msgs/include/turtlebot3_msgs/turtlebot3_msgs/action/detail/patrol__functions.h\n'}
[15.492923] (turtlebot3_msgs) StdoutLine: {'line': b'-- Up-to-date symlink: /workspaces/UON-CS-robotlab-simulation-container/install/turtlebot3_msgs/include/turtlebot3_msgs/turtlebot3_msgs/action/detail/patrol__struct.h\n'}
[15.497058] (turtlebot3_msgs) StdoutLine: {'line': b'-- Up-to-date symlink: /workspaces/UON-CS-robotlab-simulation-container/install/turtlebot3_msgs/include/turtlebot3_msgs/turtlebot3_msgs/action/detail/patrol__type_support.h\n'}
[15.501234] (turtlebot3_msgs) StdoutLine: {'line': b'-- Up-to-date symlink: /workspaces/UON-CS-robotlab-simulation-container/install/turtlebot3_msgs/include/turtlebot3_msgs/turtlebot3_msgs/action/patrol.h\n'}
[15.502882] (turtlebot3_msgs) StdoutLine: {'line': b'-- Up-to-date symlink: /workspaces/UON-CS-robotlab-simulation-container/install/turtlebot3_msgs/include/turtlebot3_msgs/turtlebot3_msgs/msg/detail/sensor_state__functions.h\n'}
[15.503097] (turtlebot3_msgs) StdoutLine: {'line': b'-- Up-to-date symlink: /workspaces/UON-CS-robotlab-simulation-container/install/turtlebot3_msgs/include/turtlebot3_msgs/turtlebot3_msgs/msg/detail/sensor_state__struct.h\n'}
[15.506288] (turtlebot3_msgs) StdoutLine: {'line': b'-- Up-to-date symlink: /workspaces/UON-CS-robotlab-simulation-container/install/turtlebot3_msgs/include/turtlebot3_msgs/turtlebot3_msgs/msg/detail/sensor_state__type_support.h\n'}
[15.506544] (turtlebot3_msgs) StdoutLine: {'line': b'-- Up-to-date symlink: /workspaces/UON-CS-robotlab-simulation-container/install/turtlebot3_msgs/include/turtlebot3_msgs/turtlebot3_msgs/msg/detail/sound__functions.h\n'}
[15.506848] (turtlebot3_msgs) StdoutLine: {'line': b'-- Up-to-date symlink: /workspaces/UON-CS-robotlab-simulation-container/install/turtlebot3_msgs/include/turtlebot3_msgs/turtlebot3_msgs/msg/detail/sound__struct.h\n'}
[15.507005] (turtlebot3_msgs) StdoutLine: {'line': b'-- Up-to-date symlink: /workspaces/UON-CS-robotlab-simulation-container/install/turtlebot3_msgs/include/turtlebot3_msgs/turtlebot3_msgs/msg/detail/sound__type_support.h\n'}
[15.509017] (turtlebot3_msgs) StdoutLine: {'line': b'-- Up-to-date symlink: /workspaces/UON-CS-robotlab-simulation-container/install/turtlebot3_msgs/include/turtlebot3_msgs/turtlebot3_msgs/msg/detail/version_info__functions.h\n'}
[15.509181] (turtlebot3_msgs) StdoutLine: {'line': b'-- Up-to-date symlink: /workspaces/UON-CS-robotlab-simulation-container/install/turtlebot3_msgs/include/turtlebot3_msgs/turtlebot3_msgs/msg/detail/version_info__struct.h\n'}
[15.509319] (turtlebot3_msgs) StdoutLine: {'line': b'-- Up-to-date symlink: /workspaces/UON-CS-robotlab-simulation-container/install/turtlebot3_msgs/include/turtlebot3_msgs/turtlebot3_msgs/msg/detail/version_info__type_support.h\n'}
[15.509452] (turtlebot3_msgs) StdoutLine: {'line': b'-- Up-to-date symlink: /workspaces/UON-CS-robotlab-simulation-container/install/turtlebot3_msgs/include/turtlebot3_msgs/turtlebot3_msgs/msg/rosidl_generator_c__visibility_control.h\n'}
[15.511986] (turtlebot3_msgs) StdoutLine: {'line': b'-- Up-to-date symlink: /workspaces/UON-CS-robotlab-simulation-container/install/turtlebot3_msgs/include/turtlebot3_msgs/turtlebot3_msgs/msg/sensor_state.h\n'}
[15.512151] (turtlebot3_msgs) StdoutLine: {'line': b'-- Up-to-date symlink: /workspaces/UON-CS-robotlab-simulation-container/install/turtlebot3_msgs/include/turtlebot3_msgs/turtlebot3_msgs/msg/sound.h\n'}
[15.522023] (turtlebot3_msgs) StdoutLine: {'line': b'-- Up-to-date symlink: /workspaces/UON-CS-robotlab-simulation-container/install/turtlebot3_msgs/include/turtlebot3_msgs/turtlebot3_msgs/msg/version_info.h\n'}
[15.522217] (turtlebot3_msgs) StdoutLine: {'line': b'-- Up-to-date symlink: /workspaces/UON-CS-robotlab-simulation-container/install/turtlebot3_msgs/include/turtlebot3_msgs/turtlebot3_msgs/srv/detail/dqn__functions.h\n'}
[15.522371] (turtlebot3_msgs) StdoutLine: {'line': b'-- Up-to-date symlink: /workspaces/UON-CS-robotlab-simulation-container/install/turtlebot3_msgs/include/turtlebot3_msgs/turtlebot3_msgs/srv/detail/dqn__struct.h\n'}
[15.526032] (turtlebot3_msgs) StdoutLine: {'line': b'-- Up-to-date symlink: /workspaces/UON-CS-robotlab-simulation-container/install/turtlebot3_msgs/include/turtlebot3_msgs/turtlebot3_msgs/srv/detail/dqn__type_support.h\n'}
[15.526248] (-) TimerEvent: {}
[15.526583] (turtlebot3_msgs) StdoutLine: {'line': b'-- Up-to-date symlink: /workspaces/UON-CS-robotlab-simulation-container/install/turtlebot3_msgs/include/turtlebot3_msgs/turtlebot3_msgs/srv/detail/goal__functions.h\n'}
[15.528969] (turtlebot3_msgs) StdoutLine: {'line': b'-- Up-to-date symlink: /workspaces/UON-CS-robotlab-simulation-container/install/turtlebot3_msgs/include/turtlebot3_msgs/turtlebot3_msgs/srv/detail/goal__struct.h\n'}
[15.540664] (turtlebot3_msgs) StdoutLine: {'line': b'-- Up-to-date symlink: /workspaces/UON-CS-robotlab-simulation-container/install/turtlebot3_msgs/include/turtlebot3_msgs/turtlebot3_msgs/srv/detail/goal__type_support.h\n'}
[15.540920] (turtlebot3_msgs) StdoutLine: {'line': b'-- Up-to-date symlink: /workspaces/UON-CS-robotlab-simulation-container/install/turtlebot3_msgs/include/turtlebot3_msgs/turtlebot3_msgs/srv/detail/sound__functions.h\n'}
[15.541091] (turtlebot3_msgs) StdoutLine: {'line': b'-- Up-to-date symlink: /workspaces/UON-CS-robotlab-simulation-container/install/turtlebot3_msgs/include/turtlebot3_msgs/turtlebot3_msgs/srv/detail/sound__struct.h\n'}
[15.541242] (turtlebot3_msgs) StdoutLine: {'line': b'-- Up-to-date symlink: /workspaces/UON-CS-robotlab-simulation-container/install/turtlebot3_msgs/include/turtlebot3_msgs/turtlebot3_msgs/srv/detail/sound__type_support.h\n'}
[15.543046] (turtlebot3_msgs) StdoutLine: {'line': b'-- Up-to-date symlink: /workspaces/UON-CS-robotlab-simulation-container/install/turtlebot3_msgs/include/turtlebot3_msgs/turtlebot3_msgs/srv/dqn.h\n'}
[15.544468] (turtlebot3_msgs) StdoutLine: {'line': b'-- Up-to-date symlink: /workspaces/UON-CS-robotlab-simulation-container/install/turtlebot3_msgs/include/turtlebot3_msgs/turtlebot3_msgs/srv/goal.h\n'}
[15.544638] (turtlebot3_msgs) StdoutLine: {'line': b'-- Up-to-date symlink: /workspaces/UON-CS-robotlab-simulation-container/install/turtlebot3_msgs/include/turtlebot3_msgs/turtlebot3_msgs/srv/sound.h\n'}
[15.556881] (turtlebot3_msgs) StdoutLine: {'line': b'-- Up-to-date symlink: /workspaces/UON-CS-robotlab-simulation-container/install/turtlebot3_msgs/share/turtlebot3_msgs/environment/library_path.sh\n'}
[15.557127] (turtlebot3_msgs) StdoutLine: {'line': b'-- Up-to-date symlink: /workspaces/UON-CS-robotlab-simulation-container/install/turtlebot3_msgs/share/turtlebot3_msgs/environment/library_path.dsv\n'}
[15.573439] (turtlebot3_msgs) StdoutLine: {'line': b'-- Up-to-date symlink: /workspaces/UON-CS-robotlab-simulation-container/install/turtlebot3_msgs/include/turtlebot3_msgs/turtlebot3_msgs/action/detail/patrol__rosidl_typesupport_fastrtps_c.h\n'}
[15.573674] (turtlebot3_msgs) StdoutLine: {'line': b'-- Up-to-date symlink: /workspaces/UON-CS-robotlab-simulation-container/install/turtlebot3_msgs/include/turtlebot3_msgs/turtlebot3_msgs/msg/detail/sensor_state__rosidl_typesupport_fastrtps_c.h\n'}
[15.573942] (turtlebot3_msgs) StdoutLine: {'line': b'-- Up-to-date symlink: /workspaces/UON-CS-robotlab-simulation-container/install/turtlebot3_msgs/include/turtlebot3_msgs/turtlebot3_msgs/msg/detail/sound__rosidl_typesupport_fastrtps_c.h\n'}
[15.574080] (turtlebot3_msgs) StdoutLine: {'line': b'-- Up-to-date symlink: /workspaces/UON-CS-robotlab-simulation-container/install/turtlebot3_msgs/include/turtlebot3_msgs/turtlebot3_msgs/msg/detail/version_info__rosidl_typesupport_fastrtps_c.h\n'}
[15.574202] (turtlebot3_msgs) StdoutLine: {'line': b'-- Up-to-date symlink: /workspaces/UON-CS-robotlab-simulation-container/install/turtlebot3_msgs/include/turtlebot3_msgs/turtlebot3_msgs/msg/rosidl_typesupport_fastrtps_c__visibility_control.h\n'}
[15.581062] (turtlebot3_msgs) StdoutLine: {'line': b'-- Up-to-date symlink: /workspaces/UON-CS-robotlab-simulation-container/install/turtlebot3_msgs/include/turtlebot3_msgs/turtlebot3_msgs/srv/detail/dqn__rosidl_typesupport_fastrtps_c.h\n'}
[15.589331] (turtlebot3_msgs) StdoutLine: {'line': b'-- Up-to-date symlink: /workspaces/UON-CS-robotlab-simulation-container/install/turtlebot3_msgs/include/turtlebot3_msgs/turtlebot3_msgs/srv/detail/goal__rosidl_typesupport_fastrtps_c.h\n'}
[15.589588] (turtlebot3_msgs) StdoutLine: {'line': b'-- Up-to-date symlink: /workspaces/UON-CS-robotlab-simulation-container/install/turtlebot3_msgs/include/turtlebot3_msgs/turtlebot3_msgs/srv/detail/sound__rosidl_typesupport_fastrtps_c.h\n'}
[15.598396] (turtlebot3_msgs) StdoutLine: {'line': b'-- Up-to-date symlink: /workspaces/UON-CS-robotlab-simulation-container/install/turtlebot3_msgs/include/turtlebot3_msgs/turtlebot3_msgs/action/detail/patrol__builder.hpp\n'}
[15.602900] (turtlebot3_msgs) StdoutLine: {'line': b'-- Up-to-date symlink: /workspaces/UON-CS-robotlab-simulation-container/install/turtlebot3_msgs/include/turtlebot3_msgs/turtlebot3_msgs/action/detail/patrol__struct.hpp\n'}
[15.605064] (turtlebot3_msgs) StdoutLine: {'line': b'-- Up-to-date symlink: /workspaces/UON-CS-robotlab-simulation-container/install/turtlebot3_msgs/include/turtlebot3_msgs/turtlebot3_msgs/action/detail/patrol__traits.hpp\n'}
[15.606176] (turtlebot3_msgs) StdoutLine: {'line': b'-- Up-to-date symlink: /workspaces/UON-CS-robotlab-simulation-container/install/turtlebot3_msgs/include/turtlebot3_msgs/turtlebot3_msgs/action/detail/patrol__type_support.hpp\n'}
[15.606424] (turtlebot3_msgs) StdoutLine: {'line': b'-- Up-to-date symlink: /workspaces/UON-CS-robotlab-simulation-container/install/turtlebot3_msgs/include/turtlebot3_msgs/turtlebot3_msgs/action/patrol.hpp\n'}
[15.606653] (turtlebot3_msgs) StdoutLine: {'line': b'-- Up-to-date symlink: /workspaces/UON-CS-robotlab-simulation-container/install/turtlebot3_msgs/include/turtlebot3_msgs/turtlebot3_msgs/msg/detail/sensor_state__builder.hpp\n'}
[15.616069] (turtlebot3_msgs) StdoutLine: {'line': b'-- Up-to-date symlink: /workspaces/UON-CS-robotlab-simulation-container/install/turtlebot3_msgs/include/turtlebot3_msgs/turtlebot3_msgs/msg/detail/sensor_state__struct.hpp\n'}
[15.616298] (turtlebot3_msgs) StdoutLine: {'line': b'-- Up-to-date symlink: /workspaces/UON-CS-robotlab-simulation-container/install/turtlebot3_msgs/include/turtlebot3_msgs/turtlebot3_msgs/msg/detail/sensor_state__traits.hpp\n'}
[15.617035] (turtlebot3_msgs) StdoutLine: {'line': b'-- Up-to-date symlink: /workspaces/UON-CS-robotlab-simulation-container/install/turtlebot3_msgs/include/turtlebot3_msgs/turtlebot3_msgs/msg/detail/sensor_state__type_support.hpp\n'}
[15.617199] (turtlebot3_msgs) StdoutLine: {'line': b'-- Up-to-date symlink: /workspaces/UON-CS-robotlab-simulation-container/install/turtlebot3_msgs/include/turtlebot3_msgs/turtlebot3_msgs/msg/detail/sound__builder.hpp\n'}
[15.617360] (turtlebot3_msgs) StdoutLine: {'line': b'-- Up-to-date symlink: /workspaces/UON-CS-robotlab-simulation-container/install/turtlebot3_msgs/include/turtlebot3_msgs/turtlebot3_msgs/msg/detail/sound__struct.hpp\n'}
[15.619945] (turtlebot3_msgs) StdoutLine: {'line': b'-- Up-to-date symlink: /workspaces/UON-CS-robotlab-simulation-container/install/turtlebot3_msgs/include/turtlebot3_msgs/turtlebot3_msgs/msg/detail/sound__traits.hpp\n'}
[15.622295] (turtlebot3_msgs) StdoutLine: {'line': b'-- Up-to-date symlink: /workspaces/UON-CS-robotlab-simulation-container/install/turtlebot3_msgs/include/turtlebot3_msgs/turtlebot3_msgs/msg/detail/sound__type_support.hpp\n'}
[15.630976] (turtlebot3_msgs) StdoutLine: {'line': b'-- Up-to-date symlink: /workspaces/UON-CS-robotlab-simulation-container/install/turtlebot3_msgs/include/turtlebot3_msgs/turtlebot3_msgs/msg/detail/version_info__builder.hpp\n'}
[15.631168] (-) TimerEvent: {}
[15.631367] (turtlebot3_msgs) StdoutLine: {'line': b'-- Up-to-date symlink: /workspaces/UON-CS-robotlab-simulation-container/install/turtlebot3_msgs/include/turtlebot3_msgs/turtlebot3_msgs/msg/detail/version_info__struct.hpp\n'}
[15.631728] (turtlebot3_msgs) StdoutLine: {'line': b'-- Up-to-date symlink: /workspaces/UON-CS-robotlab-simulation-container/install/turtlebot3_msgs/include/turtlebot3_msgs/turtlebot3_msgs/msg/detail/version_info__traits.hpp\n'}
[15.631894] (turtlebot3_msgs) StdoutLine: {'line': b'-- Up-to-date symlink: /workspaces/UON-CS-robotlab-simulation-container/install/turtlebot3_msgs/include/turtlebot3_msgs/turtlebot3_msgs/msg/detail/version_info__type_support.hpp\n'}
[15.632041] (turtlebot3_msgs) StdoutLine: {'line': b'-- Up-to-date symlink: /workspaces/UON-CS-robotlab-simulation-container/install/turtlebot3_msgs/include/turtlebot3_msgs/turtlebot3_msgs/msg/rosidl_generator_cpp__visibility_control.hpp\n'}
[15.638922] (turtlebot3_msgs) StdoutLine: {'line': b'-- Up-to-date symlink: /workspaces/UON-CS-robotlab-simulation-container/install/turtlebot3_msgs/include/turtlebot3_msgs/turtlebot3_msgs/msg/sensor_state.hpp\n'}
[15.639140] (turtlebot3_msgs) StdoutLine: {'line': b'-- Up-to-date symlink: /workspaces/UON-CS-robotlab-simulation-container/install/turtlebot3_msgs/include/turtlebot3_msgs/turtlebot3_msgs/msg/sound.hpp\n'}
[15.649192] (turtlebot3_msgs) StdoutLine: {'line': b'-- Up-to-date symlink: /workspaces/UON-CS-robotlab-simulation-container/install/turtlebot3_msgs/include/turtlebot3_msgs/turtlebot3_msgs/msg/version_info.hpp\n'}
[15.650521] (turtlebot3_msgs) StdoutLine: {'line': b'-- Up-to-date symlink: /workspaces/UON-CS-robotlab-simulation-container/install/turtlebot3_msgs/include/turtlebot3_msgs/turtlebot3_msgs/srv/detail/dqn__builder.hpp\n'}
[15.650707] (turtlebot3_msgs) StdoutLine: {'line': b'-- Up-to-date symlink: /workspaces/UON-CS-robotlab-simulation-container/install/turtlebot3_msgs/include/turtlebot3_msgs/turtlebot3_msgs/srv/detail/dqn__struct.hpp\n'}
[15.650869] (turtlebot3_msgs) StdoutLine: {'line': b'-- Up-to-date symlink: /workspaces/UON-CS-robotlab-simulation-container/install/turtlebot3_msgs/include/turtlebot3_msgs/turtlebot3_msgs/srv/detail/dqn__traits.hpp\n'}
[15.651003] (turtlebot3_msgs) StdoutLine: {'line': b'-- Up-to-date symlink: /workspaces/UON-CS-robotlab-simulation-container/install/turtlebot3_msgs/include/turtlebot3_msgs/turtlebot3_msgs/srv/detail/dqn__type_support.hpp\n'}
[15.659152] (turtlebot3_msgs) StdoutLine: {'line': b'-- Up-to-date symlink: /workspaces/UON-CS-robotlab-simulation-container/install/turtlebot3_msgs/include/turtlebot3_msgs/turtlebot3_msgs/srv/detail/goal__builder.hpp\n'}
[15.659354] (turtlebot3_msgs) StdoutLine: {'line': b'-- Up-to-date symlink: /workspaces/UON-CS-robotlab-simulation-container/install/turtlebot3_msgs/include/turtlebot3_msgs/turtlebot3_msgs/srv/detail/goal__struct.hpp\n'}
[15.659518] (turtlebot3_msgs) StdoutLine: {'line': b'-- Up-to-date symlink: /workspaces/UON-CS-robotlab-simulation-container/install/turtlebot3_msgs/include/turtlebot3_msgs/turtlebot3_msgs/srv/detail/goal__traits.hpp\n'}
[15.667255] (turtlebot3_msgs) StdoutLine: {'line': b'-- Up-to-date symlink: /workspaces/UON-CS-robotlab-simulation-container/install/turtlebot3_msgs/include/turtlebot3_msgs/turtlebot3_msgs/srv/detail/goal__type_support.hpp\n'}
[15.667441] (turtlebot3_msgs) StdoutLine: {'line': b'-- Up-to-date symlink: /workspaces/UON-CS-robotlab-simulation-container/install/turtlebot3_msgs/include/turtlebot3_msgs/turtlebot3_msgs/srv/detail/sound__builder.hpp\n'}
[15.667567] (turtlebot3_msgs) StdoutLine: {'line': b'-- Up-to-date symlink: /workspaces/UON-CS-robotlab-simulation-container/install/turtlebot3_msgs/include/turtlebot3_msgs/turtlebot3_msgs/srv/detail/sound__struct.hpp\n'}
[15.668874] (turtlebot3_msgs) StdoutLine: {'line': b'-- Up-to-date symlink: /workspaces/UON-CS-robotlab-simulation-container/install/turtlebot3_msgs/include/turtlebot3_msgs/turtlebot3_msgs/srv/detail/sound__traits.hpp\n'}
[15.671175] (turtlebot3_msgs) StdoutLine: {'line': b'-- Up-to-date symlink: /workspaces/UON-CS-robotlab-simulation-container/install/turtlebot3_msgs/include/turtlebot3_msgs/turtlebot3_msgs/srv/detail/sound__type_support.hpp\n'}
[15.672337] (turtlebot3_msgs) StdoutLine: {'line': b'-- Up-to-date symlink: /workspaces/UON-CS-robotlab-simulation-container/install/turtlebot3_msgs/include/turtlebot3_msgs/turtlebot3_msgs/srv/dqn.hpp\n'}
[15.673307] (turtlebot3_msgs) StdoutLine: {'line': b'-- Up-to-date symlink: /workspaces/UON-CS-robotlab-simulation-container/install/turtlebot3_msgs/include/turtlebot3_msgs/turtlebot3_msgs/srv/goal.hpp\n'}
[15.673504] (turtlebot3_msgs) StdoutLine: {'line': b'-- Up-to-date symlink: /workspaces/UON-CS-robotlab-simulation-container/install/turtlebot3_msgs/include/turtlebot3_msgs/turtlebot3_msgs/srv/sound.hpp\n'}
[15.701878] (turtlebot3_msgs) StdoutLine: {'line': b'-- Up-to-date symlink: /workspaces/UON-CS-robotlab-simulation-container/install/turtlebot3_msgs/include/turtlebot3_msgs/turtlebot3_msgs/action/detail/patrol__rosidl_typesupport_fastrtps_cpp.hpp\n'}
[15.702105] (turtlebot3_msgs) StdoutLine: {'line': b'-- Up-to-date symlink: /workspaces/UON-CS-robotlab-simulation-container/install/turtlebot3_msgs/include/turtlebot3_msgs/turtlebot3_msgs/msg/detail/sensor_state__rosidl_typesupport_fastrtps_cpp.hpp\n'}
[15.702327] (turtlebot3_msgs) StdoutLine: {'line': b'-- Up-to-date symlink: /workspaces/UON-CS-robotlab-simulation-container/install/turtlebot3_msgs/include/turtlebot3_msgs/turtlebot3_msgs/msg/detail/sound__rosidl_typesupport_fastrtps_cpp.hpp\n'}
[15.702472] (turtlebot3_msgs) StdoutLine: {'line': b'-- Up-to-date symlink: /workspaces/UON-CS-robotlab-simulation-container/install/turtlebot3_msgs/include/turtlebot3_msgs/turtlebot3_msgs/msg/detail/version_info__rosidl_typesupport_fastrtps_cpp.hpp\n'}
[15.704996] (turtlebot3_msgs) StdoutLine: {'line': b'-- Up-to-date symlink: /workspaces/UON-CS-robotlab-simulation-container/install/turtlebot3_msgs/include/turtlebot3_msgs/turtlebot3_msgs/msg/rosidl_typesupport_fastrtps_cpp__visibility_control.h\n'}
[15.706889] (turtlebot3_msgs) StdoutLine: {'line': b'-- Up-to-date symlink: /workspaces/UON-CS-robotlab-simulation-container/install/turtlebot3_msgs/include/turtlebot3_msgs/turtlebot3_msgs/srv/detail/dqn__rosidl_typesupport_fastrtps_cpp.hpp\n'}
[15.707112] (turtlebot3_msgs) StdoutLine: {'line': b'-- Up-to-date symlink: /workspaces/UON-CS-robotlab-simulation-container/install/turtlebot3_msgs/include/turtlebot3_msgs/turtlebot3_msgs/srv/detail/goal__rosidl_typesupport_fastrtps_cpp.hpp\n'}
[15.714274] (turtlebot3_msgs) StdoutLine: {'line': b'-- Up-to-date symlink: /workspaces/UON-CS-robotlab-simulation-container/install/turtlebot3_msgs/include/turtlebot3_msgs/turtlebot3_msgs/srv/detail/sound__rosidl_typesupport_fastrtps_cpp.hpp\n'}
[15.720528] (turtlebot3_msgs) StdoutLine: {'line': b'-- Up-to-date symlink: /workspaces/UON-CS-robotlab-simulation-container/install/turtlebot3_msgs/include/turtlebot3_msgs/turtlebot3_msgs/action/detail/patrol__rosidl_typesupport_introspection_c.h\n'}
[15.720735] (turtlebot3_msgs) StdoutLine: {'line': b'-- Up-to-date symlink: /workspaces/UON-CS-robotlab-simulation-container/install/turtlebot3_msgs/include/turtlebot3_msgs/turtlebot3_msgs/msg/detail/sensor_state__rosidl_typesupport_introspection_c.h\n'}
[15.720891] (turtlebot3_msgs) StdoutLine: {'line': b'-- Up-to-date symlink: /workspaces/UON-CS-robotlab-simulation-container/install/turtlebot3_msgs/include/turtlebot3_msgs/turtlebot3_msgs/msg/detail/sound__rosidl_typesupport_introspection_c.h\n'}
[15.728160] (turtlebot3_msgs) StdoutLine: {'line': b'-- Up-to-date symlink: /workspaces/UON-CS-robotlab-simulation-container/install/turtlebot3_msgs/include/turtlebot3_msgs/turtlebot3_msgs/msg/detail/version_info__rosidl_typesupport_introspection_c.h\n'}
[15.728370] (turtlebot3_msgs) StdoutLine: {'line': b'-- Up-to-date symlink: /workspaces/UON-CS-robotlab-simulation-container/install/turtlebot3_msgs/include/turtlebot3_msgs/turtlebot3_msgs/msg/rosidl_typesupport_introspection_c__visibility_control.h\n'}
[15.728527] (turtlebot3_msgs) StdoutLine: {'line': b'-- Up-to-date symlink: /workspaces/UON-CS-robotlab-simulation-container/install/turtlebot3_msgs/include/turtlebot3_msgs/turtlebot3_msgs/srv/detail/dqn__rosidl_typesupport_introspection_c.h\n'}
[15.728677] (turtlebot3_msgs) StdoutLine: {'line': b'-- Up-to-date symlink: /workspaces/UON-CS-robotlab-simulation-container/install/turtlebot3_msgs/include/turtlebot3_msgs/turtlebot3_msgs/srv/detail/goal__rosidl_typesupport_introspection_c.h\n'}
[15.735333] (-) TimerEvent: {}
[15.739596] (turtlebot3_msgs) StdoutLine: {'line': b'-- Up-to-date symlink: /workspaces/UON-CS-robotlab-simulation-container/install/turtlebot3_msgs/include/turtlebot3_msgs/turtlebot3_msgs/srv/detail/sound__rosidl_typesupport_introspection_c.h\n'}
[15.751891] (turtlebot3_msgs) StdoutLine: {'line': b'-- Up-to-date symlink: /workspaces/UON-CS-robotlab-simulation-container/install/turtlebot3_msgs/include/turtlebot3_msgs/turtlebot3_msgs/action/detail/patrol__rosidl_typesupport_introspection_cpp.hpp\n'}
[15.766883] (turtlebot3_msgs) StdoutLine: {'line': b'-- Up-to-date symlink: /workspaces/UON-CS-robotlab-simulation-container/install/turtlebot3_msgs/include/turtlebot3_msgs/turtlebot3_msgs/msg/detail/sensor_state__rosidl_typesupport_introspection_cpp.hpp\n'}
[15.767125] (turtlebot3_msgs) StdoutLine: {'line': b'-- Up-to-date symlink: /workspaces/UON-CS-robotlab-simulation-container/install/turtlebot3_msgs/include/turtlebot3_msgs/turtlebot3_msgs/msg/detail/sound__rosidl_typesupport_introspection_cpp.hpp\n'}
[15.767291] (turtlebot3_msgs) StdoutLine: {'line': b'-- Up-to-date symlink: /workspaces/UON-CS-robotlab-simulation-container/install/turtlebot3_msgs/include/turtlebot3_msgs/turtlebot3_msgs/msg/detail/version_info__rosidl_typesupport_introspection_cpp.hpp\n'}
[15.767440] (turtlebot3_msgs) StdoutLine: {'line': b'-- Up-to-date symlink: /workspaces/UON-CS-robotlab-simulation-container/install/turtlebot3_msgs/include/turtlebot3_msgs/turtlebot3_msgs/srv/detail/dqn__rosidl_typesupport_introspection_cpp.hpp\n'}
[15.767577] (turtlebot3_msgs) StdoutLine: {'line': b'-- Up-to-date symlink: /workspaces/UON-CS-robotlab-simulation-container/install/turtlebot3_msgs/include/turtlebot3_msgs/turtlebot3_msgs/srv/detail/goal__rosidl_typesupport_introspection_cpp.hpp\n'}
[15.770007] (turtlebot3_msgs) StdoutLine: {'line': b'-- Up-to-date symlink: /workspaces/UON-CS-robotlab-simulation-container/install/turtlebot3_msgs/include/turtlebot3_msgs/turtlebot3_msgs/srv/detail/sound__rosidl_typesupport_introspection_cpp.hpp\n'}
[15.779928] (turtlebot3_msgs) StdoutLine: {'line': b'-- Up-to-date symlink: /workspaces/UON-CS-robotlab-simulation-container/install/turtlebot3_msgs/share/turtlebot3_msgs/environment/pythonpath.sh\n'}
[15.780121] (turtlebot3_msgs) StdoutLine: {'line': b'-- Up-to-date symlink: /workspaces/UON-CS-robotlab-simulation-container/install/turtlebot3_msgs/share/turtlebot3_msgs/environment/pythonpath.dsv\n'}
[15.780235] (turtlebot3_msgs) StdoutLine: {'line': b'-- Up-to-date symlink: /workspaces/UON-CS-robotlab-simulation-container/install/turtlebot3_msgs/local/lib/python3.10/dist-packages/turtlebot3_msgs-2.4.0-py3.10.egg-info/PKG-INFO\n'}
[15.784155] (turtlebot3_msgs) StdoutLine: {'line': b'-- Up-to-date symlink: /workspaces/UON-CS-robotlab-simulation-container/install/turtlebot3_msgs/local/lib/python3.10/dist-packages/turtlebot3_msgs-2.4.0-py3.10.egg-info/SOURCES.txt\n'}
[15.784355] (turtlebot3_msgs) StdoutLine: {'line': b'-- Up-to-date symlink: /workspaces/UON-CS-robotlab-simulation-container/install/turtlebot3_msgs/local/lib/python3.10/dist-packages/turtlebot3_msgs-2.4.0-py3.10.egg-info/dependency_links.txt\n'}
[15.787004] (turtlebot3_msgs) StdoutLine: {'line': b'-- Up-to-date symlink: /workspaces/UON-CS-robotlab-simulation-container/install/turtlebot3_msgs/local/lib/python3.10/dist-packages/turtlebot3_msgs-2.4.0-py3.10.egg-info/top_level.txt\n'}
[15.802483] (turtlebot3_msgs) StdoutLine: {'line': b'-- Up-to-date symlink: /workspaces/UON-CS-robotlab-simulation-container/install/turtlebot3_msgs/local/lib/python3.10/dist-packages/turtlebot3_msgs/__init__.py\n'}
[15.802949] (turtlebot3_msgs) StdoutLine: {'line': b'-- Up-to-date symlink: /workspaces/UON-CS-robotlab-simulation-container/install/turtlebot3_msgs/local/lib/python3.10/dist-packages/turtlebot3_msgs/_turtlebot3_msgs_s.ep.rosidl_typesupport_c.c\n'}
[15.803065] (turtlebot3_msgs) StdoutLine: {'line': b'-- Up-to-date symlink: /workspaces/UON-CS-robotlab-simulation-container/install/turtlebot3_msgs/local/lib/python3.10/dist-packages/turtlebot3_msgs/_turtlebot3_msgs_s.ep.rosidl_typesupport_fastrtps_c.c\n'}
[15.812861] (turtlebot3_msgs) StdoutLine: {'line': b'-- Up-to-date symlink: /workspaces/UON-CS-robotlab-simulation-container/install/turtlebot3_msgs/local/lib/python3.10/dist-packages/turtlebot3_msgs/_turtlebot3_msgs_s.ep.rosidl_typesupport_introspection_c.c\n'}
[15.813092] (turtlebot3_msgs) StdoutLine: {'line': b'-- Up-to-date symlink: /workspaces/UON-CS-robotlab-simulation-container/install/turtlebot3_msgs/local/lib/python3.10/dist-packages/turtlebot3_msgs/action/__init__.py\n'}
[15.813240] (turtlebot3_msgs) StdoutLine: {'line': b'-- Up-to-date symlink: /workspaces/UON-CS-robotlab-simulation-container/install/turtlebot3_msgs/local/lib/python3.10/dist-packages/turtlebot3_msgs/action/_patrol.py\n'}
[15.817163] (turtlebot3_msgs) StdoutLine: {'line': b'-- Up-to-date symlink: /workspaces/UON-CS-robotlab-simulation-container/install/turtlebot3_msgs/local/lib/python3.10/dist-packages/turtlebot3_msgs/action/_patrol_s.c\n'}
[15.817377] (turtlebot3_msgs) StdoutLine: {'line': b'-- Up-to-date symlink: /workspaces/UON-CS-robotlab-simulation-container/install/turtlebot3_msgs/local/lib/python3.10/dist-packages/turtlebot3_msgs/libturtlebot3_msgs__rosidl_generator_py.so\n'}
[15.821164] (turtlebot3_msgs) StdoutLine: {'line': b'-- Up-to-date symlink: /workspaces/UON-CS-robotlab-simulation-container/install/turtlebot3_msgs/local/lib/python3.10/dist-packages/turtlebot3_msgs/msg/__init__.py\n'}
[15.821363] (turtlebot3_msgs) StdoutLine: {'line': b'-- Up-to-date symlink: /workspaces/UON-CS-robotlab-simulation-container/install/turtlebot3_msgs/local/lib/python3.10/dist-packages/turtlebot3_msgs/msg/_sensor_state.py\n'}
[15.823882] (turtlebot3_msgs) StdoutLine: {'line': b'-- Up-to-date symlink: /workspaces/UON-CS-robotlab-simulation-container/install/turtlebot3_msgs/local/lib/python3.10/dist-packages/turtlebot3_msgs/msg/_sensor_state_s.c\n'}
[15.828952] (turtlebot3_msgs) StdoutLine: {'line': b'-- Up-to-date symlink: /workspaces/UON-CS-robotlab-simulation-container/install/turtlebot3_msgs/local/lib/python3.10/dist-packages/turtlebot3_msgs/msg/_sound.py\n'}
[15.829176] (turtlebot3_msgs) StdoutLine: {'line': b'-- Up-to-date symlink: /workspaces/UON-CS-robotlab-simulation-container/install/turtlebot3_msgs/local/lib/python3.10/dist-packages/turtlebot3_msgs/msg/_sound_s.c\n'}
[15.833845] (turtlebot3_msgs) StdoutLine: {'line': b'-- Up-to-date symlink: /workspaces/UON-CS-robotlab-simulation-container/install/turtlebot3_msgs/local/lib/python3.10/dist-packages/turtlebot3_msgs/msg/_version_info.py\n'}
[15.834046] (turtlebot3_msgs) StdoutLine: {'line': b'-- Up-to-date symlink: /workspaces/UON-CS-robotlab-simulation-container/install/turtlebot3_msgs/local/lib/python3.10/dist-packages/turtlebot3_msgs/msg/_version_info_s.c\n'}
[15.836419] (turtlebot3_msgs) StdoutLine: {'line': b'-- Up-to-date symlink: /workspaces/UON-CS-robotlab-simulation-container/install/turtlebot3_msgs/local/lib/python3.10/dist-packages/turtlebot3_msgs/srv/__init__.py\n'}
[15.836609] (-) TimerEvent: {}
[15.836765] (turtlebot3_msgs) StdoutLine: {'line': b'-- Up-to-date symlink: /workspaces/UON-CS-robotlab-simulation-container/install/turtlebot3_msgs/local/lib/python3.10/dist-packages/turtlebot3_msgs/srv/_dqn.py\n'}
[15.840028] (turtlebot3_msgs) StdoutLine: {'line': b'-- Up-to-date symlink: /workspaces/UON-CS-robotlab-simulation-container/install/turtlebot3_msgs/local/lib/python3.10/dist-packages/turtlebot3_msgs/srv/_dqn_s.c\n'}
[15.840366] (turtlebot3_msgs) StdoutLine: {'line': b'-- Up-to-date symlink: /workspaces/UON-CS-robotlab-simulation-container/install/turtlebot3_msgs/local/lib/python3.10/dist-packages/turtlebot3_msgs/srv/_goal.py\n'}
[15.849879] (turtlebot3_msgs) StdoutLine: {'line': b'-- Up-to-date symlink: /workspaces/UON-CS-robotlab-simulation-container/install/turtlebot3_msgs/local/lib/python3.10/dist-packages/turtlebot3_msgs/srv/_goal_s.c\n'}
[15.850069] (turtlebot3_msgs) StdoutLine: {'line': b'-- Up-to-date symlink: /workspaces/UON-CS-robotlab-simulation-container/install/turtlebot3_msgs/local/lib/python3.10/dist-packages/turtlebot3_msgs/srv/_sound.py\n'}
[15.850189] (turtlebot3_msgs) StdoutLine: {'line': b'-- Up-to-date symlink: /workspaces/UON-CS-robotlab-simulation-container/install/turtlebot3_msgs/local/lib/python3.10/dist-packages/turtlebot3_msgs/srv/_sound_s.c\n'}
[15.851368] (turtlebot3_msgs) StdoutLine: {'line': b'-- Up-to-date symlink: /workspaces/UON-CS-robotlab-simulation-container/install/turtlebot3_msgs/local/lib/python3.10/dist-packages/turtlebot3_msgs/turtlebot3_msgs_s__rosidl_typesupport_c.cpython-310-x86_64-linux-gnu.so\n'}
[15.862884] (turtlebot3_msgs) StdoutLine: {'line': b'-- Up-to-date symlink: /workspaces/UON-CS-robotlab-simulation-container/install/turtlebot3_msgs/local/lib/python3.10/dist-packages/turtlebot3_msgs/turtlebot3_msgs_s__rosidl_typesupport_fastrtps_c.cpython-310-x86_64-linux-gnu.so\n'}
[15.863109] (turtlebot3_msgs) StdoutLine: {'line': b'-- Up-to-date symlink: /workspaces/UON-CS-robotlab-simulation-container/install/turtlebot3_msgs/local/lib/python3.10/dist-packages/turtlebot3_msgs/turtlebot3_msgs_s__rosidl_typesupport_introspection_c.cpython-310-x86_64-linux-gnu.so\n'}
[15.865894] (turtlebot3_msgs) StdoutLine: {'line': b'-- Up-to-date symlink: /workspaces/UON-CS-robotlab-simulation-container/install/turtlebot3_msgs/local/lib/python3.10/dist-packages/turtlebot3_msgs/turtlebot3_msgs_s__rosidl_typesupport_fastrtps_c.cpython-310-x86_64-linux-gnu.so\n'}
[15.866662] (turtlebot3_msgs) StdoutLine: {'line': b'-- Up-to-date symlink: /workspaces/UON-CS-robotlab-simulation-container/install/turtlebot3_msgs/local/lib/python3.10/dist-packages/turtlebot3_msgs/turtlebot3_msgs_s__rosidl_typesupport_introspection_c.cpython-310-x86_64-linux-gnu.so\n'}
[15.875902] (turtlebot3_msgs) StdoutLine: {'line': b'-- Up-to-date symlink: /workspaces/UON-CS-robotlab-simulation-container/install/turtlebot3_msgs/local/lib/python3.10/dist-packages/turtlebot3_msgs/turtlebot3_msgs_s__rosidl_typesupport_c.cpython-310-x86_64-linux-gnu.so\n'}
[15.876888] (turtlebot3_msgs) StdoutLine: {'line': b'-- Up-to-date symlink: /workspaces/UON-CS-robotlab-simulation-container/install/turtlebot3_msgs/share/ament_index/resource_index/rust_packages/turtlebot3_msgs\n'}
[15.880128] (turtlebot3_msgs) StdoutLine: {'line': b'-- Up-to-date symlink: /workspaces/UON-CS-robotlab-simulation-container/install/turtlebot3_msgs/share/turtlebot3_msgs/rust/Cargo.toml\n'}
[15.891884] (turtlebot3_msgs) StdoutLine: {'line': b'-- Up-to-date symlink: /workspaces/UON-CS-robotlab-simulation-container/install/turtlebot3_msgs/share/turtlebot3_msgs/rust/build.rs\n'}
[15.892113] (turtlebot3_msgs) StdoutLine: {'line': b'-- Up-to-date symlink: /workspaces/UON-CS-robotlab-simulation-container/install/turtlebot3_msgs/share/turtlebot3_msgs/rust/src/action.rs\n'}
[15.897871] (turtlebot3_msgs) StdoutLine: {'line': b'-- Up-to-date symlink: /workspaces/UON-CS-robotlab-simulation-container/install/turtlebot3_msgs/share/turtlebot3_msgs/rust/src/action/rmw.rs\n'}
[15.898082] (turtlebot3_msgs) StdoutLine: {'line': b'-- Up-to-date symlink: /workspaces/UON-CS-robotlab-simulation-container/install/turtlebot3_msgs/share/turtlebot3_msgs/rust/src/lib.rs\n'}
[15.898519] (turtlebot3_msgs) StdoutLine: {'line': b'-- Up-to-date symlink: /workspaces/UON-CS-robotlab-simulation-container/install/turtlebot3_msgs/share/turtlebot3_msgs/rust/src/msg.rs\n'}
[15.902891] (turtlebot3_msgs) StdoutLine: {'line': b'-- Up-to-date symlink: /workspaces/UON-CS-robotlab-simulation-container/install/turtlebot3_msgs/share/turtlebot3_msgs/rust/src/msg/rmw.rs\n'}
[15.907883] (turtlebot3_msgs) StdoutLine: {'line': b'-- Up-to-date symlink: /workspaces/UON-CS-robotlab-simulation-container/install/turtlebot3_msgs/share/turtlebot3_msgs/rust/src/srv.rs\n'}
[15.911875] (turtlebot3_msgs) StdoutLine: {'line': b'-- Up-to-date symlink: /workspaces/UON-CS-robotlab-simulation-container/install/turtlebot3_msgs/share/turtlebot3_msgs/rust/src/srv/rmw.rs\n'}
[15.914238] (turtlebot3_msgs) StdoutLine: {'line': b'-- Up-to-date symlink: /workspaces/UON-CS-robotlab-simulation-container/install/turtlebot3_msgs/share/turtlebot3_msgs/msg/SensorState.idl\n'}
[15.929881] (turtlebot3_msgs) StdoutLine: {'line': b'-- Up-to-date symlink: /workspaces/UON-CS-robotlab-simulation-container/install/turtlebot3_msgs/share/turtlebot3_msgs/msg/Sound.idl\n'}
[15.930101] (turtlebot3_msgs) StdoutLine: {'line': b'-- Up-to-date symlink: /workspaces/UON-CS-robotlab-simulation-container/install/turtlebot3_msgs/share/turtlebot3_msgs/msg/VersionInfo.idl\n'}
[15.935262] (turtlebot3_msgs) StdoutLine: {'line': b'-- Up-to-date symlink: /workspaces/UON-CS-robotlab-simulation-container/install/turtlebot3_msgs/share/turtlebot3_msgs/srv/Sound.idl\n'}
[15.935459] (turtlebot3_msgs) StdoutLine: {'line': b'-- Up-to-date symlink: /workspaces/UON-CS-robotlab-simulation-container/install/turtlebot3_msgs/share/turtlebot3_msgs/srv/Dqn.idl\n'}
[15.942282] (-) TimerEvent: {}
[15.944083] (turtlebot3_msgs) StdoutLine: {'line': b'-- Up-to-date symlink: /workspaces/UON-CS-robotlab-simulation-container/install/turtlebot3_msgs/share/turtlebot3_msgs/srv/Goal.idl\n'}
[15.944304] (turtlebot3_msgs) StdoutLine: {'line': b'-- Up-to-date symlink: /workspaces/UON-CS-robotlab-simulation-container/install/turtlebot3_msgs/share/turtlebot3_msgs/action/Patrol.idl\n'}
[15.947022] (turtlebot3_msgs) StdoutLine: {'line': b'-- Up-to-date symlink: /workspaces/UON-CS-robotlab-simulation-container/install/turtlebot3_msgs/share/turtlebot3_msgs/msg/SensorState.msg\n'}
[15.962425] (turtlebot3_msgs) StdoutLine: {'line': b'-- Up-to-date symlink: /workspaces/UON-CS-robotlab-simulation-container/install/turtlebot3_msgs/share/turtlebot3_msgs/msg/Sound.msg\n'}
[15.962704] (turtlebot3_msgs) StdoutLine: {'line': b'-- Up-to-date symlink: /workspaces/UON-CS-robotlab-simulation-container/install/turtlebot3_msgs/share/turtlebot3_msgs/msg/VersionInfo.msg\n'}
[15.972928] (turtlebot3_msgs) StdoutLine: {'line': b'-- Up-to-date symlink: /workspaces/UON-CS-robotlab-simulation-container/install/turtlebot3_msgs/share/turtlebot3_msgs/srv/Sound.srv\n'}
[15.973174] (turtlebot3_msgs) StdoutLine: {'line': b'-- Up-to-date symlink: /workspaces/UON-CS-robotlab-simulation-container/install/turtlebot3_msgs/share/turtlebot3_msgs/srv/Sound_Request.msg\n'}
[15.975881] (turtlebot3_msgs) StdoutLine: {'line': b'-- Up-to-date symlink: /workspaces/UON-CS-robotlab-simulation-container/install/turtlebot3_msgs/share/turtlebot3_msgs/srv/Sound_Response.msg\n'}
[15.976455] (turtlebot3_msgs) StdoutLine: {'line': b'-- Up-to-date symlink: /workspaces/UON-CS-robotlab-simulation-container/install/turtlebot3_msgs/share/turtlebot3_msgs/srv/Dqn.srv\n'}
[15.980886] (turtlebot3_msgs) StdoutLine: {'line': b'-- Up-to-date symlink: /workspaces/UON-CS-robotlab-simulation-container/install/turtlebot3_msgs/share/turtlebot3_msgs/srv/Dqn_Request.msg\n'}
[15.988884] (turtlebot3_msgs) StdoutLine: {'line': b'-- Up-to-date symlink: /workspaces/UON-CS-robotlab-simulation-container/install/turtlebot3_msgs/share/turtlebot3_msgs/srv/Dqn_Response.msg\n'}
[15.989059] (turtlebot3_msgs) StdoutLine: {'line': b'-- Up-to-date symlink: /workspaces/UON-CS-robotlab-simulation-container/install/turtlebot3_msgs/share/turtlebot3_msgs/srv/Goal.srv\n'}
[15.992939] (turtlebot3_msgs) StdoutLine: {'line': b'-- Up-to-date symlink: /workspaces/UON-CS-robotlab-simulation-container/install/turtlebot3_msgs/share/turtlebot3_msgs/srv/Goal_Request.msg\n'}
[15.993145] (turtlebot3_msgs) StdoutLine: {'line': b'-- Up-to-date symlink: /workspaces/UON-CS-robotlab-simulation-container/install/turtlebot3_msgs/share/turtlebot3_msgs/srv/Goal_Response.msg\n'}
[15.995882] (turtlebot3_msgs) StdoutLine: {'line': b'-- Up-to-date symlink: /workspaces/UON-CS-robotlab-simulation-container/install/turtlebot3_msgs/share/turtlebot3_msgs/action/Patrol.action\n'}
[16.027910] (turtlebot3_msgs) StdoutLine: {'line': b'-- Up-to-date symlink: /workspaces/UON-CS-robotlab-simulation-container/install/turtlebot3_msgs/share/ament_index/resource_index/package_run_dependencies/turtlebot3_msgs\n'}
[16.034901] (turtlebot3_msgs) StdoutLine: {'line': b'-- Up-to-date symlink: /workspaces/UON-CS-robotlab-simulation-container/install/turtlebot3_msgs/share/ament_index/resource_index/parent_prefix_path/turtlebot3_msgs\n'}
[16.035178] (turtlebot3_msgs) StdoutLine: {'line': b'-- Up-to-date symlink: /workspaces/UON-CS-robotlab-simulation-container/install/turtlebot3_msgs/share/turtlebot3_msgs/environment/ament_prefix_path.sh\n'}
[16.035352] (turtlebot3_msgs) StdoutLine: {'line': b'-- Up-to-date symlink: /workspaces/UON-CS-robotlab-simulation-container/install/turtlebot3_msgs/share/turtlebot3_msgs/environment/ament_prefix_path.dsv\n'}
[16.047000] (turtlebot3_msgs) StdoutLine: {'line': b'-- Up-to-date symlink: /workspaces/UON-CS-robotlab-simulation-container/install/turtlebot3_msgs/share/turtlebot3_msgs/environment/path.sh\n'}
[16.047249] (-) TimerEvent: {}
[16.047454] (turtlebot3_msgs) StdoutLine: {'line': b'-- Up-to-date symlink: /workspaces/UON-CS-robotlab-simulation-container/install/turtlebot3_msgs/share/turtlebot3_msgs/environment/path.dsv\n'}
[16.059894] (turtlebot3_msgs) StdoutLine: {'line': b'-- Up-to-date symlink: /workspaces/UON-CS-robotlab-simulation-container/install/turtlebot3_msgs/share/turtlebot3_msgs/local_setup.bash\n'}
[16.060115] (turtlebot3_msgs) StdoutLine: {'line': b'-- Up-to-date symlink: /workspaces/UON-CS-robotlab-simulation-container/install/turtlebot3_msgs/share/turtlebot3_msgs/local_setup.sh\n'}
[16.064743] (turtlebot3_msgs) StdoutLine: {'line': b'-- Up-to-date symlink: /workspaces/UON-CS-robotlab-simulation-container/install/turtlebot3_msgs/share/turtlebot3_msgs/local_setup.zsh\n'}
[16.064993] (turtlebot3_msgs) StdoutLine: {'line': b'-- Up-to-date symlink: /workspaces/UON-CS-robotlab-simulation-container/install/turtlebot3_msgs/share/turtlebot3_msgs/local_setup.dsv\n'}
[16.065158] (turtlebot3_msgs) StdoutLine: {'line': b'-- Symlinking: /workspaces/UON-CS-robotlab-simulation-container/install/turtlebot3_msgs/share/turtlebot3_msgs/package.dsv\n'}
[16.152910] (-) TimerEvent: {}
[16.214304] (turtlebot3_msgs) StdoutLine: {'line': b'-- Up-to-date symlink: /workspaces/UON-CS-robotlab-simulation-container/install/turtlebot3_msgs/share/ament_index/resource_index/packages/turtlebot3_msgs\n'}
[16.217889] (turtlebot3_msgs) StdoutLine: {'line': b'-- Up-to-date symlink: /workspaces/UON-CS-robotlab-simulation-container/install/turtlebot3_msgs/share/turtlebot3_msgs/cmake/rosidl_cmake-extras.cmake\n'}
[16.255105] (turtlebot3_msgs) StdoutLine: {'line': b'-- Up-to-date symlink: /workspaces/UON-CS-robotlab-simulation-container/install/turtlebot3_msgs/share/turtlebot3_msgs/cmake/ament_cmake_export_dependencies-extras.cmake\n'}
[16.255410] (-) TimerEvent: {}
[16.256402] (turtlebot3_msgs) StdoutLine: {'line': b'-- Up-to-date symlink: /workspaces/UON-CS-robotlab-simulation-container/install/turtlebot3_msgs/share/turtlebot3_msgs/cmake/ament_cmake_export_include_directories-extras.cmake\n'}
[16.258574] (turtlebot3_msgs) StdoutLine: {'line': b'-- Up-to-date symlink: /workspaces/UON-CS-robotlab-simulation-container/install/turtlebot3_msgs/share/turtlebot3_msgs/cmake/ament_cmake_export_libraries-extras.cmake\n'}
[16.258808] (turtlebot3_msgs) StdoutLine: {'line': b'-- Up-to-date symlink: /workspaces/UON-CS-robotlab-simulation-container/install/turtlebot3_msgs/share/turtlebot3_msgs/cmake/ament_cmake_export_targets-extras.cmake\n'}
[16.274762] (turtlebot3_msgs) StdoutLine: {'line': b'-- Up-to-date symlink: /workspaces/UON-CS-robotlab-simulation-container/install/turtlebot3_msgs/share/turtlebot3_msgs/cmake/rosidl_cmake_export_typesupport_targets-extras.cmake\n'}
[16.275052] (turtlebot3_msgs) StdoutLine: {'line': b'-- Up-to-date symlink: /workspaces/UON-CS-robotlab-simulation-container/install/turtlebot3_msgs/share/turtlebot3_msgs/cmake/rosidl_cmake_export_typesupport_libraries-extras.cmake\n'}
[16.276909] (turtlebot3_msgs) StdoutLine: {'line': b'-- Up-to-date symlink: /workspaces/UON-CS-robotlab-simulation-container/install/turtlebot3_msgs/share/turtlebot3_msgs/cmake/turtlebot3_msgsConfig.cmake\n'}
[16.279725] (turtlebot3_msgs) StdoutLine: {'line': b'-- Up-to-date symlink: /workspaces/UON-CS-robotlab-simulation-container/install/turtlebot3_msgs/share/turtlebot3_msgs/cmake/turtlebot3_msgsConfig-version.cmake\n'}
[16.291874] (turtlebot3_msgs) StdoutLine: {'line': b'-- Up-to-date symlink: /workspaces/UON-CS-robotlab-simulation-container/install/turtlebot3_msgs/share/turtlebot3_msgs/package.xml\n'}
[16.294891] (turtlebot3_msgs) StdoutLine: {'line': b'-- Up-to-date: /workspaces/UON-CS-robotlab-simulation-container/install/turtlebot3_msgs/lib/libturtlebot3_msgs__rosidl_generator_c.so\n'}
[16.311980] (turtlebot3_msgs) StdoutLine: {'line': b'-- Up-to-date: /workspaces/UON-CS-robotlab-simulation-container/install/turtlebot3_msgs/lib/libturtlebot3_msgs__rosidl_typesupport_fastrtps_c.so\n'}
[16.313439] (turtlebot3_msgs) StdoutLine: {'line': b'-- Up-to-date: /workspaces/UON-CS-robotlab-simulation-container/install/turtlebot3_msgs/lib/libturtlebot3_msgs__rosidl_typesupport_fastrtps_cpp.so\n'}
[16.356902] (turtlebot3_msgs) StdoutLine: {'line': b'-- Up-to-date: /workspaces/UON-CS-robotlab-simulation-container/install/turtlebot3_msgs/lib/libturtlebot3_msgs__rosidl_typesupport_introspection_c.so\n'}
[16.357198] (-) TimerEvent: {}
[16.360418] (turtlebot3_msgs) StdoutLine: {'line': b'-- Up-to-date: /workspaces/UON-CS-robotlab-simulation-container/install/turtlebot3_msgs/lib/libturtlebot3_msgs__rosidl_typesupport_c.so\n'}
[16.376068] (turtlebot3_msgs) StdoutLine: {'line': b'-- Up-to-date: /workspaces/UON-CS-robotlab-simulation-container/install/turtlebot3_msgs/lib/libturtlebot3_msgs__rosidl_typesupport_introspection_cpp.so\n'}
[16.376312] (turtlebot3_msgs) StdoutLine: {'line': b'-- Up-to-date: /workspaces/UON-CS-robotlab-simulation-container/install/turtlebot3_msgs/lib/libturtlebot3_msgs__rosidl_typesupport_cpp.so\n'}
[16.464903] (-) TimerEvent: {}
[16.565412] (-) TimerEvent: {}
[16.668915] (-) TimerEvent: {}
[16.771919] (-) TimerEvent: {}
[16.876117] (-) TimerEvent: {}
[16.892055] (turtlebot3_msgs) StdoutLine: {'line': b"Listing '/workspaces/UON-CS-robotlab-simulation-container/install/turtlebot3_msgs/local/lib/python3.10/dist-packages/turtlebot3_msgs'...\n"}
[16.892381] (turtlebot3_msgs) StdoutLine: {'line': b"Listing '/workspaces/UON-CS-robotlab-simulation-container/install/turtlebot3_msgs/local/lib/python3.10/dist-packages/turtlebot3_msgs/action'...\n"}
[16.892550] (turtlebot3_msgs) StdoutLine: {'line': b"Listing '/workspaces/UON-CS-robotlab-simulation-container/install/turtlebot3_msgs/local/lib/python3.10/dist-packages/turtlebot3_msgs/msg'...\n"}
[16.892703] (turtlebot3_msgs) StdoutLine: {'line': b"Listing '/workspaces/UON-CS-robotlab-simulation-container/install/turtlebot3_msgs/local/lib/python3.10/dist-packages/turtlebot3_msgs/srv'...\n"}
[16.941607] (turtlebot3_msgs) StdoutLine: {'line': b'-- Up-to-date: /workspaces/UON-CS-robotlab-simulation-container/install/turtlebot3_msgs/lib/libturtlebot3_msgs__rosidl_generator_py.so\n'}
[16.942334] (turtlebot3_msgs) StdoutLine: {'line': b'-- Up-to-date: /workspaces/UON-CS-robotlab-simulation-container/install/turtlebot3_msgs/share/turtlebot3_msgs/cmake/export_turtlebot3_msgs__rosidl_generator_cExport.cmake\n'}
[16.942514] (turtlebot3_msgs) StdoutLine: {'line': b'-- Up-to-date: /workspaces/UON-CS-robotlab-simulation-container/install/turtlebot3_msgs/share/turtlebot3_msgs/cmake/export_turtlebot3_msgs__rosidl_generator_cExport-noconfig.cmake\n'}
[16.942653] (turtlebot3_msgs) StdoutLine: {'line': b'-- Up-to-date: /workspaces/UON-CS-robotlab-simulation-container/install/turtlebot3_msgs/share/turtlebot3_msgs/cmake/export_turtlebot3_msgs__rosidl_typesupport_fastrtps_cExport.cmake\n'}
[16.945075] (turtlebot3_msgs) StdoutLine: {'line': b'-- Up-to-date: /workspaces/UON-CS-robotlab-simulation-container/install/turtlebot3_msgs/share/turtlebot3_msgs/cmake/export_turtlebot3_msgs__rosidl_typesupport_fastrtps_cExport-noconfig.cmake\n'}
[16.951878] (turtlebot3_msgs) StdoutLine: {'line': b'-- Up-to-date: /workspaces/UON-CS-robotlab-simulation-container/install/turtlebot3_msgs/share/turtlebot3_msgs/cmake/export_turtlebot3_msgs__rosidl_generator_cppExport.cmake\n'}
[16.952216] (turtlebot3_msgs) StdoutLine: {'line': b'-- Up-to-date: /workspaces/UON-CS-robotlab-simulation-container/install/turtlebot3_msgs/share/turtlebot3_msgs/cmake/export_turtlebot3_msgs__rosidl_typesupport_fastrtps_cppExport.cmake\n'}
[16.952361] (turtlebot3_msgs) StdoutLine: {'line': b'-- Up-to-date: /workspaces/UON-CS-robotlab-simulation-container/install/turtlebot3_msgs/share/turtlebot3_msgs/cmake/export_turtlebot3_msgs__rosidl_typesupport_fastrtps_cppExport-noconfig.cmake\n'}
[16.961270] (turtlebot3_msgs) StdoutLine: {'line': b'-- Up-to-date: /workspaces/UON-CS-robotlab-simulation-container/install/turtlebot3_msgs/share/turtlebot3_msgs/cmake/turtlebot3_msgs__rosidl_typesupport_introspection_cExport.cmake\n'}
[16.961684] (turtlebot3_msgs) StdoutLine: {'line': b'-- Up-to-date: /workspaces/UON-CS-robotlab-simulation-container/install/turtlebot3_msgs/share/turtlebot3_msgs/cmake/turtlebot3_msgs__rosidl_typesupport_introspection_cExport-noconfig.cmake\n'}
[16.961998] (turtlebot3_msgs) StdoutLine: {'line': b'-- Up-to-date: /workspaces/UON-CS-robotlab-simulation-container/install/turtlebot3_msgs/share/turtlebot3_msgs/cmake/turtlebot3_msgs__rosidl_typesupport_cExport.cmake\n'}
[16.962638] (turtlebot3_msgs) StdoutLine: {'line': b'-- Up-to-date: /workspaces/UON-CS-robotlab-simulation-container/install/turtlebot3_msgs/share/turtlebot3_msgs/cmake/turtlebot3_msgs__rosidl_typesupport_cExport-noconfig.cmake\n'}
[16.967024] (turtlebot3_msgs) StdoutLine: {'line': b'-- Up-to-date: /workspaces/UON-CS-robotlab-simulation-container/install/turtlebot3_msgs/share/turtlebot3_msgs/cmake/turtlebot3_msgs__rosidl_typesupport_introspection_cppExport.cmake\n'}
[16.967163] (turtlebot3_msgs) StdoutLine: {'line': b'-- Up-to-date: /workspaces/UON-CS-robotlab-simulation-container/install/turtlebot3_msgs/share/turtlebot3_msgs/cmake/turtlebot3_msgs__rosidl_typesupport_introspection_cppExport-noconfig.cmake\n'}
[16.967271] (turtlebot3_msgs) StdoutLine: {'line': b'-- Up-to-date: /workspaces/UON-CS-robotlab-simulation-container/install/turtlebot3_msgs/share/turtlebot3_msgs/cmake/turtlebot3_msgs__rosidl_typesupport_cppExport.cmake\n'}
[16.968012] (turtlebot3_msgs) StdoutLine: {'line': b'-- Up-to-date: /workspaces/UON-CS-robotlab-simulation-container/install/turtlebot3_msgs/share/turtlebot3_msgs/cmake/turtlebot3_msgs__rosidl_typesupport_cppExport-noconfig.cmake\n'}
[16.968271] (turtlebot3_msgs) StdoutLine: {'line': b'-- Up-to-date: /workspaces/UON-CS-robotlab-simulation-container/install/turtlebot3_msgs/share/turtlebot3_msgs/cmake/export_turtlebot3_msgs__rosidl_generator_pyExport.cmake\n'}
[16.968462] (turtlebot3_msgs) StdoutLine: {'line': b'-- Up-to-date: /workspaces/UON-CS-robotlab-simulation-container/install/turtlebot3_msgs/share/turtlebot3_msgs/cmake/export_turtlebot3_msgs__rosidl_generator_pyExport-noconfig.cmake\n'}
[16.976992] (-) TimerEvent: {}
[16.989405] (turtlebot3_msgs) CommandEnded: {'returncode': 0}
[17.077457] (-) TimerEvent: {}
[17.194046] (-) TimerEvent: {}
[17.243982] (turtlebot3_msgs) JobEnded: {'identifier': 'turtlebot3_msgs', 'rc': 0}
[17.247936] (turtlebot3_node) JobStarted: {'identifier': 'turtlebot3_node'}
[17.300400] (-) TimerEvent: {}
[17.404909] (-) TimerEvent: {}
[17.464891] (turtlebot3_node) JobProgress: {'identifier': 'turtlebot3_node', 'progress': 'cmake'}
[17.501953] (turtlebot3_node) JobProgress: {'identifier': 'turtlebot3_node', 'progress': 'build'}
[17.502061] (turtlebot3_node) Command: {'cmd': ['/usr/bin/cmake', '--build', '/workspaces/UON-CS-robotlab-simulation-container/build/turtlebot3_node', '--', '-j2', '-l2'], 'cwd': '/workspaces/UON-CS-robotlab-simulation-container/build/turtlebot3_node', 'env': OrderedDict([('GITHUB_TOKEN', 'ghu_B4O6CZhcVLRE0OX7B0pYH9Kn8C5gJq2RIGly'), ('GITHUB_CODESPACE_TOKEN', 'AOKRK4WKUJC5CQRMWNS6OXDKNJSNPANCNFSM4AXFRYHA'), ('FEATURE_SPARK_POST_COMMIT_CREATE_ITERATION', 'true'), ('HOSTNAME', 'codespaces-ad2f20'), ('GITHUB_CODESPACES_PORT_FORWARDING_DOMAIN', 'app.github.dev'), ('SHLVL', '2'), ('LD_LIBRARY_PATH', '/workspaces/UON-CS-robotlab-simulation-container/install/turtlebot3_msgs/lib:/workspaces/UON-CS-robotlab-simulation-container/install/dynamixel_sdk/lib:/workspaces/UON-CS-robotlab-simulation-container/install/dynamixel_sdk_custom_interfaces/lib:/usr/lib/x86_64-linux-gnu/gazebo-11/plugins:/opt/ros/humble/opt/rviz_ogre_vendor/lib:/opt/ros/humble/lib/x86_64-linux-gnu:/opt/ros/humble/lib'), ('HOME', '/home/vscode'), ('OLDPWD', '/workspaces/UON-CS-robotlab-simulation-container'), ('CODESPACES', 'true'), ('ROS_PYTHON_VERSION', '3'), ('GITHUB_USER', 'mohammad-areeb'), ('GITHUB_GRAPHQL_URL', 'https://api.github.com/graphql'), ('COLCON_PREFIX_PATH', '/workspaces/UON-CS-robotlab-simulation-container/install'), ('ROS_DISTRO', 'humble'), ('ContainerVersion', '13'), ('GITHUB_API_URL', 'https://api.github.com'), ('RepositoryName', 'UON-CS-robotlab-simulation-container'), ('_', '/usr/bin/colcon'), ('ROS_VERSION', '2'), ('CLOUDENV_ENVIRONMENT_ID', '344bab99-1d47-4655-88f7-fee790854045'), ('TERM', 'xterm'), ('ROS_LOCALHOST_ONLY', '0'), ('PATH', '/opt/ros/humble/bin:/usr/local/sbin:/usr/local/bin:/usr/sbin:/usr/bin:/sbin:/bin'), ('SHELL_LOGGED_IN', 'true'), ('DISPLAY', ':1'), ('LANG', 'C.UTF-8'), ('LS_COLORS', ''), ('GITHUB_REPOSITORY', 'mohammad-areeb/UON-CS-robotlab-simulation-container'), ('ROS_DOMAIN_ID', '30'), ('AMENT_PREFIX_PATH', '/workspaces/UON-CS-robotlab-simulation-container/install/turtlebot3:/workspaces/UON-CS-robotlab-simulation-container/install/turtlebot3_teleop:/workspaces/UON-CS-robotlab-simulation-container/install/turtlebot3_simulations:/workspaces/UON-CS-robotlab-simulation-container/install/turtlebot3_bringup:/workspaces/UON-CS-robotlab-simulation-container/install/turtlebot3_node:/workspaces/UON-CS-robotlab-simulation-container/install/turtlebot3_navigation2:/workspaces/UON-CS-robotlab-simulation-container/install/turtlebot3_fake_node:/workspaces/UON-CS-robotlab-simulation-container/install/turtlebot3_example:/workspaces/UON-CS-robotlab-simulation-container/install/turtlebot3_msgs:/workspaces/UON-CS-robotlab-simulation-container/install/turtlebot3_manipulation_gazebo:/workspaces/UON-CS-robotlab-simulation-container/install/turtlebot3_gazebo:/workspaces/UON-CS-robotlab-simulation-container/install/turtlebot3_description:/workspaces/UON-CS-robotlab-simulation-container/install/turtlebot3_cartographer:/workspaces/UON-CS-robotlab-simulation-container/install/dynamixel_sdk_examples:/workspaces/UON-CS-robotlab-simulation-container/install/dynamixel_sdk_custom_interfaces:/workspaces/UON-CS-robotlab-simulation-container/install/dynamixel_sdk:/opt/ros/humble'), ('DEBIAN_FRONTEND', 'noninteractive'), ('SHELL', '/bin/bash'), ('PWD', '/workspaces/UON-CS-robotlab-simulation-container/build/turtlebot3_node'), ('INTERNAL_VSCS_TARGET_URL', 'https://uksouth.online.visualstudio.com'), ('TURTLEBOT3_MODEL', 'waffle'), ('LC_ALL', 'C.UTF-8'), ('GITHUB_SERVER_URL', 'https://github.com'), ('PYTHONPATH', '/workspaces/UON-CS-robotlab-simulation-container/build/turtlebot3_teleop:/workspaces/UON-CS-robotlab-simulation-container/install/turtlebot3_teleop/lib/python3.10/site-packages:/workspaces/UON-CS-robotlab-simulation-container/build/turtlebot3_example:/workspaces/UON-CS-robotlab-simulation-container/install/turtlebot3_example/lib/python3.10/site-packages:/workspaces/UON-CS-robotlab-simulation-container/install/turtlebot3_msgs/local/lib/python3.10/dist-packages:/workspaces/UON-CS-robotlab-simulation-container/install/dynamixel_sdk_custom_interfaces/local/lib/python3.10/dist-packages:/workspaces/UON-CS-robotlab-simulation-container/install/dynamixel_sdk/local/lib/python3.10/dist-packages:/opt/ros/humble/lib/python3.10/site-packages:/opt/ros/humble/local/lib/python3.10/dist-packages'), ('CODESPACE_NAME', 'urban-space-garbanzo-j7wwvprrjjp25j95'), ('COLCON', '1'), ('CMAKE_PREFIX_PATH', '/workspaces/UON-CS-robotlab-simulation-container/install/turtlebot3_msgs:/workspaces/UON-CS-robotlab-simulation-container/install/dynamixel_sdk:/workspaces/UON-CS-robotlab-simulation-container/install/turtlebot3:/workspaces/UON-CS-robotlab-simulation-container/install/turtlebot3_simulations:/workspaces/UON-CS-robotlab-simulation-container/install/turtlebot3_bringup:/workspaces/UON-CS-robotlab-simulation-container/install/turtlebot3_node:/workspaces/UON-CS-robotlab-simulation-container/install/turtlebot3_navigation2:/workspaces/UON-CS-robotlab-simulation-container/install/turtlebot3_fake_node:/workspaces/UON-CS-robotlab-simulation-container/install/turtlebot3_manipulation_gazebo:/workspaces/UON-CS-robotlab-simulation-container/install/turtlebot3_gazebo:/workspaces/UON-CS-robotlab-simulation-container/install/turtlebot3_description:/workspaces/UON-CS-robotlab-simulation-container/install/turtlebot3_cartographer:/workspaces/UON-CS-robotlab-simulation-container/install/dynamixel_sdk_examples:/workspaces/UON-CS-robotlab-simulation-container/install/dynamixel_sdk_custom_interfaces:/workspaces/UON-CS-robotlab-simulation-container/install/turtlebot3_teleop:/workspaces/UON-CS-robotlab-simulation-container/install/turtlebot3_example:/opt/ros/humble')]), 'shell': False}
[17.510324] (-) TimerEvent: {}
[17.610681] (-) TimerEvent: {}
[17.711179] (-) TimerEvent: {}
[17.814040] (-) TimerEvent: {}
[17.915399] (-) TimerEvent: {}
[18.017911] (-) TimerEvent: {}
[18.121546] (-) TimerEvent: {}
[18.225321] (dynamixel_sdk_custom_interfaces) StdoutLine: {'line': b'running egg_info\n'}
[18.225557] (-) TimerEvent: {}
[18.228135] (dynamixel_sdk_custom_interfaces) StdoutLine: {'line': b'writing dynamixel_sdk_custom_interfaces.egg-info/PKG-INFO\n'}
[18.237285] (dynamixel_sdk_custom_interfaces) StdoutLine: {'line': b'writing dependency_links to dynamixel_sdk_custom_interfaces.egg-info/dependency_links.txt\n'}
[18.237474] (dynamixel_sdk_custom_interfaces) StdoutLine: {'line': b'writing top-level names to dynamixel_sdk_custom_interfaces.egg-info/top_level.txt\n'}
[18.257995] (dynamixel_sdk_custom_interfaces) StdoutLine: {'line': b"reading manifest file 'dynamixel_sdk_custom_interfaces.egg-info/SOURCES.txt'\n"}
[18.302968] (dynamixel_sdk_custom_interfaces) StdoutLine: {'line': b"writing manifest file 'dynamixel_sdk_custom_interfaces.egg-info/SOURCES.txt'\n"}
[18.326977] (-) TimerEvent: {}
[18.428936] (-) TimerEvent: {}
[18.482944] (turtlebot3_node) StdoutLine: {'line': b'\x1b[35m\x1b[1mConsolidate compiler generated dependencies of target turtlebot3_node_lib\x1b[0m\n'}
[18.531418] (-) TimerEvent: {}
[18.542951] (dynamixel_sdk_custom_interfaces) StdoutLine: {'line': b'[ 75%] Built target ament_cmake_python_build_dynamixel_sdk_custom_interfaces_egg\n'}
[18.634988] (-) TimerEvent: {}
[18.736960] (-) TimerEvent: {}
[18.763822] (dynamixel_sdk_custom_interfaces) StdoutLine: {'line': b'[ 75%] Built target dynamixel_sdk_custom_interfaces\n'}
[18.837088] (-) TimerEvent: {}
[18.937676] (-) TimerEvent: {}
[18.981491] (dynamixel_sdk_custom_interfaces) StdoutLine: {'line': b'[ 77%] Built target dynamixel_sdk_custom_interfaces__py\n'}
[19.038032] (-) TimerEvent: {}
[19.110270] (dynamixel_sdk_custom_interfaces) StdoutLine: {'line': b'\x1b[35m\x1b[1mConsolidate compiler generated dependencies of target dynamixel_sdk_custom_interfaces__rosidl_generator_py\x1b[0m\n'}
[19.141927] (-) TimerEvent: {}
[19.200139] (turtlebot3_node) StdoutLine: {'line': b'[ 85%] Built target turtlebot3_node_lib\n'}
[19.249537] (-) TimerEvent: {}
[19.289323] (dynamixel_sdk_custom_interfaces) StdoutLine: {'line': b'[ 85%] Built target dynamixel_sdk_custom_interfaces__rosidl_generator_py\n'}
[19.349479] (turtlebot3_node) StdoutLine: {'line': b'\x1b[35m\x1b[1mConsolidate compiler generated dependencies of target turtlebot3_ros\x1b[0m\n'}
[19.349703] (-) TimerEvent: {}
[19.399350] (dynamixel_sdk_custom_interfaces) StdoutLine: {'line': b'\x1b[35m\x1b[1mConsolidate compiler generated dependencies of target dynamixel_sdk_custom_interfaces__rosidl_typesupport_fastrtps_c__pyext\x1b[0m\n'}
[19.453923] (-) TimerEvent: {}
[19.536127] (dynamixel_sdk_custom_interfaces) StdoutLine: {'line': b'[ 90%] Built target dynamixel_sdk_custom_interfaces__rosidl_typesupport_fastrtps_c__pyext\n'}
[19.554957] (-) TimerEvent: {}
[19.578419] (turtlebot3_node) StdoutLine: {'line': b'[100%] Built target turtlebot3_ros\n'}
[19.642956] (turtlebot3_node) CommandEnded: {'returncode': 0}
[19.652723] (dynamixel_sdk_custom_interfaces) StdoutLine: {'line': b'\x1b[35m\x1b[1mConsolidate compiler generated dependencies of target dynamixel_sdk_custom_interfaces__rosidl_typesupport_introspection_c__pyext\x1b[0m\n'}
[19.655040] (-) TimerEvent: {}
[19.696438] (turtlebot3_node) JobProgress: {'identifier': 'turtlebot3_node', 'progress': 'install'}
[19.696577] (turtlebot3_node) Command: {'cmd': ['/usr/bin/cmake', '--install', '/workspaces/UON-CS-robotlab-simulation-container/build/turtlebot3_node'], 'cwd': '/workspaces/UON-CS-robotlab-simulation-container/build/turtlebot3_node', 'env': OrderedDict([('GITHUB_TOKEN', 'ghu_B4O6CZhcVLRE0OX7B0pYH9Kn8C5gJq2RIGly'), ('GITHUB_CODESPACE_TOKEN', 'AOKRK4WKUJC5CQRMWNS6OXDKNJSNPANCNFSM4AXFRYHA'), ('FEATURE_SPARK_POST_COMMIT_CREATE_ITERATION', 'true'), ('HOSTNAME', 'codespaces-ad2f20'), ('GITHUB_CODESPACES_PORT_FORWARDING_DOMAIN', 'app.github.dev'), ('SHLVL', '2'), ('LD_LIBRARY_PATH', '/workspaces/UON-CS-robotlab-simulation-container/install/turtlebot3_msgs/lib:/workspaces/UON-CS-robotlab-simulation-container/install/dynamixel_sdk/lib:/workspaces/UON-CS-robotlab-simulation-container/install/dynamixel_sdk_custom_interfaces/lib:/usr/lib/x86_64-linux-gnu/gazebo-11/plugins:/opt/ros/humble/opt/rviz_ogre_vendor/lib:/opt/ros/humble/lib/x86_64-linux-gnu:/opt/ros/humble/lib'), ('HOME', '/home/vscode'), ('OLDPWD', '/workspaces/UON-CS-robotlab-simulation-container'), ('CODESPACES', 'true'), ('ROS_PYTHON_VERSION', '3'), ('GITHUB_USER', 'mohammad-areeb'), ('GITHUB_GRAPHQL_URL', 'https://api.github.com/graphql'), ('COLCON_PREFIX_PATH', '/workspaces/UON-CS-robotlab-simulation-container/install'), ('ROS_DISTRO', 'humble'), ('ContainerVersion', '13'), ('GITHUB_API_URL', 'https://api.github.com'), ('RepositoryName', 'UON-CS-robotlab-simulation-container'), ('_', '/usr/bin/colcon'), ('ROS_VERSION', '2'), ('CLOUDENV_ENVIRONMENT_ID', '344bab99-1d47-4655-88f7-fee790854045'), ('TERM', 'xterm'), ('ROS_LOCALHOST_ONLY', '0'), ('PATH', '/opt/ros/humble/bin:/usr/local/sbin:/usr/local/bin:/usr/sbin:/usr/bin:/sbin:/bin'), ('SHELL_LOGGED_IN', 'true'), ('DISPLAY', ':1'), ('LANG', 'C.UTF-8'), ('LS_COLORS', ''), ('GITHUB_REPOSITORY', 'mohammad-areeb/UON-CS-robotlab-simulation-container'), ('ROS_DOMAIN_ID', '30'), ('AMENT_PREFIX_PATH', '/workspaces/UON-CS-robotlab-simulation-container/install/turtlebot3:/workspaces/UON-CS-robotlab-simulation-container/install/turtlebot3_teleop:/workspaces/UON-CS-robotlab-simulation-container/install/turtlebot3_simulations:/workspaces/UON-CS-robotlab-simulation-container/install/turtlebot3_bringup:/workspaces/UON-CS-robotlab-simulation-container/install/turtlebot3_node:/workspaces/UON-CS-robotlab-simulation-container/install/turtlebot3_navigation2:/workspaces/UON-CS-robotlab-simulation-container/install/turtlebot3_fake_node:/workspaces/UON-CS-robotlab-simulation-container/install/turtlebot3_example:/workspaces/UON-CS-robotlab-simulation-container/install/turtlebot3_msgs:/workspaces/UON-CS-robotlab-simulation-container/install/turtlebot3_manipulation_gazebo:/workspaces/UON-CS-robotlab-simulation-container/install/turtlebot3_gazebo:/workspaces/UON-CS-robotlab-simulation-container/install/turtlebot3_description:/workspaces/UON-CS-robotlab-simulation-container/install/turtlebot3_cartographer:/workspaces/UON-CS-robotlab-simulation-container/install/dynamixel_sdk_examples:/workspaces/UON-CS-robotlab-simulation-container/install/dynamixel_sdk_custom_interfaces:/workspaces/UON-CS-robotlab-simulation-container/install/dynamixel_sdk:/opt/ros/humble'), ('DEBIAN_FRONTEND', 'noninteractive'), ('SHELL', '/bin/bash'), ('PWD', '/workspaces/UON-CS-robotlab-simulation-container/build/turtlebot3_node'), ('INTERNAL_VSCS_TARGET_URL', 'https://uksouth.online.visualstudio.com'), ('TURTLEBOT3_MODEL', 'waffle'), ('LC_ALL', 'C.UTF-8'), ('GITHUB_SERVER_URL', 'https://github.com'), ('PYTHONPATH', '/workspaces/UON-CS-robotlab-simulation-container/build/turtlebot3_teleop:/workspaces/UON-CS-robotlab-simulation-container/install/turtlebot3_teleop/lib/python3.10/site-packages:/workspaces/UON-CS-robotlab-simulation-container/build/turtlebot3_example:/workspaces/UON-CS-robotlab-simulation-container/install/turtlebot3_example/lib/python3.10/site-packages:/workspaces/UON-CS-robotlab-simulation-container/install/turtlebot3_msgs/local/lib/python3.10/dist-packages:/workspaces/UON-CS-robotlab-simulation-container/install/dynamixel_sdk_custom_interfaces/local/lib/python3.10/dist-packages:/workspaces/UON-CS-robotlab-simulation-container/install/dynamixel_sdk/local/lib/python3.10/dist-packages:/opt/ros/humble/lib/python3.10/site-packages:/opt/ros/humble/local/lib/python3.10/dist-packages'), ('CODESPACE_NAME', 'urban-space-garbanzo-j7wwvprrjjp25j95'), ('COLCON', '1'), ('CMAKE_PREFIX_PATH', '/workspaces/UON-CS-robotlab-simulation-container/install/turtlebot3_msgs:/workspaces/UON-CS-robotlab-simulation-container/install/dynamixel_sdk:/workspaces/UON-CS-robotlab-simulation-container/install/turtlebot3:/workspaces/UON-CS-robotlab-simulation-container/install/turtlebot3_simulations:/workspaces/UON-CS-robotlab-simulation-container/install/turtlebot3_bringup:/workspaces/UON-CS-robotlab-simulation-container/install/turtlebot3_node:/workspaces/UON-CS-robotlab-simulation-container/install/turtlebot3_navigation2:/workspaces/UON-CS-robotlab-simulation-container/install/turtlebot3_fake_node:/workspaces/UON-CS-robotlab-simulation-container/install/turtlebot3_manipulation_gazebo:/workspaces/UON-CS-robotlab-simulation-container/install/turtlebot3_gazebo:/workspaces/UON-CS-robotlab-simulation-container/install/turtlebot3_description:/workspaces/UON-CS-robotlab-simulation-container/install/turtlebot3_cartographer:/workspaces/UON-CS-robotlab-simulation-container/install/dynamixel_sdk_examples:/workspaces/UON-CS-robotlab-simulation-container/install/dynamixel_sdk_custom_interfaces:/workspaces/UON-CS-robotlab-simulation-container/install/turtlebot3_teleop:/workspaces/UON-CS-robotlab-simulation-container/install/turtlebot3_example:/opt/ros/humble')]), 'shell': False}
[19.715871] (dynamixel_sdk_custom_interfaces) StdoutLine: {'line': b'[ 95%] Built target dynamixel_sdk_custom_interfaces__rosidl_typesupport_introspection_c__pyext\n'}
[19.729896] (turtlebot3_node) StdoutLine: {'line': b'-- Install configuration: ""\n'}
[19.731758] (turtlebot3_node) StdoutLine: {'line': b'-- Execute custom install script\n'}
[19.741890] (turtlebot3_node) StdoutLine: {'line': b'-- Up-to-date symlink: /workspaces/UON-CS-robotlab-simulation-container/install/turtlebot3_node/share/turtlebot3_node/param/burger.yaml\n'}
[19.746094] (turtlebot3_node) StdoutLine: {'line': b'-- Up-to-date symlink: /workspaces/UON-CS-robotlab-simulation-container/install/turtlebot3_node/share/turtlebot3_node/param/waffle.yaml\n'}
[19.748396] (turtlebot3_node) StdoutLine: {'line': b'-- Up-to-date symlink: /workspaces/UON-CS-robotlab-simulation-container/install/turtlebot3_node/share/turtlebot3_node/param/waffle_pi.yaml\n'}
[19.748910] (turtlebot3_node) StdoutLine: {'line': b'-- Up-to-date symlink: /workspaces/UON-CS-robotlab-simulation-container/install/turtlebot3_node/lib/turtlebot3_node/turtlebot3_ros\n'}
[19.749593] (turtlebot3_node) StdoutLine: {'line': b'-- Up-to-date symlink: /workspaces/UON-CS-robotlab-simulation-container/install/turtlebot3_node/share/ament_index/resource_index/package_run_dependencies/turtlebot3_node\n'}
[19.752457] (turtlebot3_node) StdoutLine: {'line': b'-- Up-to-date symlink: /workspaces/UON-CS-robotlab-simulation-container/install/turtlebot3_node/share/ament_index/resource_index/parent_prefix_path/turtlebot3_node\n'}
[19.755374] (-) TimerEvent: {}
[19.765366] (turtlebot3_node) StdoutLine: {'line': b'-- Up-to-date symlink: /workspaces/UON-CS-robotlab-simulation-container/install/turtlebot3_node/share/turtlebot3_node/environment/ament_prefix_path.sh\n'}
[19.768929] (turtlebot3_node) StdoutLine: {'line': b'-- Up-to-date symlink: /workspaces/UON-CS-robotlab-simulation-container/install/turtlebot3_node/share/turtlebot3_node/environment/ament_prefix_path.dsv\n'}
[19.769484] (turtlebot3_node) StdoutLine: {'line': b'-- Up-to-date symlink: /workspaces/UON-CS-robotlab-simulation-container/install/turtlebot3_node/share/turtlebot3_node/environment/path.sh\n'}
[19.769746] (turtlebot3_node) StdoutLine: {'line': b'-- Up-to-date symlink: /workspaces/UON-CS-robotlab-simulation-container/install/turtlebot3_node/share/turtlebot3_node/environment/path.dsv\n'}
[19.770320] (turtlebot3_node) StdoutLine: {'line': b'-- Up-to-date symlink: /workspaces/UON-CS-robotlab-simulation-container/install/turtlebot3_node/share/turtlebot3_node/local_setup.bash\n'}
[19.770919] (turtlebot3_node) StdoutLine: {'line': b'-- Up-to-date symlink: /workspaces/UON-CS-robotlab-simulation-container/install/turtlebot3_node/share/turtlebot3_node/local_setup.sh\n'}
[19.776029] (turtlebot3_node) StdoutLine: {'line': b'-- Up-to-date symlink: /workspaces/UON-CS-robotlab-simulation-container/install/turtlebot3_node/share/turtlebot3_node/local_setup.zsh\n'}
[19.780068] (turtlebot3_node) StdoutLine: {'line': b'-- Up-to-date symlink: /workspaces/UON-CS-robotlab-simulation-container/install/turtlebot3_node/share/turtlebot3_node/local_setup.dsv\n'}
[19.786780] (turtlebot3_node) StdoutLine: {'line': b'-- Symlinking: /workspaces/UON-CS-robotlab-simulation-container/install/turtlebot3_node/share/turtlebot3_node/package.dsv\n'}
[19.792235] (dynamixel_sdk_custom_interfaces) StdoutLine: {'line': b'\x1b[35m\x1b[1mConsolidate compiler generated dependencies of target dynamixel_sdk_custom_interfaces__rosidl_typesupport_c__pyext\x1b[0m\n'}
[19.843824] (turtlebot3_node) StdoutLine: {'line': b'-- Up-to-date symlink: /workspaces/UON-CS-robotlab-simulation-container/install/turtlebot3_node/share/ament_index/resource_index/packages/turtlebot3_node\n'}
[19.845815] (turtlebot3_node) StdoutLine: {'line': b'-- Up-to-date symlink: /workspaces/UON-CS-robotlab-simulation-container/install/turtlebot3_node/share/turtlebot3_node/cmake/ament_cmake_export_dependencies-extras.cmake\n'}
[19.846207] (turtlebot3_node) StdoutLine: {'line': b'-- Up-to-date symlink: /workspaces/UON-CS-robotlab-simulation-container/install/turtlebot3_node/share/turtlebot3_node/cmake/ament_cmake_export_include_directories-extras.cmake\n'}
[19.846320] (dynamixel_sdk_custom_interfaces) StdoutLine: {'line': b'[100%] Built target dynamixel_sdk_custom_interfaces__rosidl_typesupport_c__pyext\n'}
[19.853267] (turtlebot3_node) StdoutLine: {'line': b'-- Up-to-date symlink: /workspaces/UON-CS-robotlab-simulation-container/install/turtlebot3_node/share/turtlebot3_node/cmake/turtlebot3_nodeConfig.cmake\n'}
[19.853438] (turtlebot3_node) StdoutLine: {'line': b'-- Up-to-date symlink: /workspaces/UON-CS-robotlab-simulation-container/install/turtlebot3_node/share/turtlebot3_node/cmake/turtlebot3_nodeConfig-version.cmake\n'}
[19.856725] (turtlebot3_node) StdoutLine: {'line': b'-- Up-to-date symlink: /workspaces/UON-CS-robotlab-simulation-container/install/turtlebot3_node/share/turtlebot3_node/package.xml\n'}
[19.856928] (-) TimerEvent: {}
[19.863976] (turtlebot3_node) CommandEnded: {'returncode': 0}
[19.916604] (turtlebot3_node) JobEnded: {'identifier': 'turtlebot3_node', 'rc': 0}
[19.918892] (turtlebot3_cartographer) JobStarted: {'identifier': 'turtlebot3_cartographer'}
[19.931280] (dynamixel_sdk_custom_interfaces) CommandEnded: {'returncode': 0}
[19.935108] (dynamixel_sdk_custom_interfaces) JobProgress: {'identifier': 'dynamixel_sdk_custom_interfaces', 'progress': 'install'}
[19.935190] (dynamixel_sdk_custom_interfaces) Command: {'cmd': ['/usr/bin/cmake', '--install', '/workspaces/UON-CS-robotlab-simulation-container/build/dynamixel_sdk_custom_interfaces'], 'cwd': '/workspaces/UON-CS-robotlab-simulation-container/build/dynamixel_sdk_custom_interfaces', 'env': OrderedDict([('GITHUB_TOKEN', 'ghu_B4O6CZhcVLRE0OX7B0pYH9Kn8C5gJq2RIGly'), ('GITHUB_CODESPACE_TOKEN', 'AOKRK4WKUJC5CQRMWNS6OXDKNJSNPANCNFSM4AXFRYHA'), ('FEATURE_SPARK_POST_COMMIT_CREATE_ITERATION', 'true'), ('HOSTNAME', 'codespaces-ad2f20'), ('GITHUB_CODESPACES_PORT_FORWARDING_DOMAIN', 'app.github.dev'), ('SHLVL', '2'), ('LD_LIBRARY_PATH', '/workspaces/UON-CS-robotlab-simulation-container/install/turtlebot3_msgs/lib:/workspaces/UON-CS-robotlab-simulation-container/install/dynamixel_sdk_custom_interfaces/lib:/workspaces/UON-CS-robotlab-simulation-container/install/dynamixel_sdk/lib:/usr/lib/x86_64-linux-gnu/gazebo-11/plugins:/opt/ros/humble/opt/rviz_ogre_vendor/lib:/opt/ros/humble/lib/x86_64-linux-gnu:/opt/ros/humble/lib'), ('HOME', '/home/vscode'), ('OLDPWD', '/workspaces/UON-CS-robotlab-simulation-container'), ('CODESPACES', 'true'), ('ROS_PYTHON_VERSION', '3'), ('GITHUB_USER', 'mohammad-areeb'), ('GITHUB_GRAPHQL_URL', 'https://api.github.com/graphql'), ('COLCON_PREFIX_PATH', '/workspaces/UON-CS-robotlab-simulation-container/install'), ('ROS_DISTRO', 'humble'), ('ContainerVersion', '13'), ('GITHUB_API_URL', 'https://api.github.com'), ('RepositoryName', 'UON-CS-robotlab-simulation-container'), ('_', '/usr/bin/colcon'), ('ROS_VERSION', '2'), ('CLOUDENV_ENVIRONMENT_ID', '344bab99-1d47-4655-88f7-fee790854045'), ('TERM', 'xterm'), ('ROS_LOCALHOST_ONLY', '0'), ('PATH', '/opt/ros/humble/bin:/usr/local/sbin:/usr/local/bin:/usr/sbin:/usr/bin:/sbin:/bin'), ('SHELL_LOGGED_IN', 'true'), ('DISPLAY', ':1'), ('LANG', 'C.UTF-8'), ('LS_COLORS', ''), ('GITHUB_REPOSITORY', 'mohammad-areeb/UON-CS-robotlab-simulation-container'), ('ROS_DOMAIN_ID', '30'), ('AMENT_PREFIX_PATH', '/workspaces/UON-CS-robotlab-simulation-container/install/turtlebot3:/workspaces/UON-CS-robotlab-simulation-container/install/turtlebot3_teleop:/workspaces/UON-CS-robotlab-simulation-container/install/turtlebot3_simulations:/workspaces/UON-CS-robotlab-simulation-container/install/turtlebot3_bringup:/workspaces/UON-CS-robotlab-simulation-container/install/turtlebot3_node:/workspaces/UON-CS-robotlab-simulation-container/install/turtlebot3_navigation2:/workspaces/UON-CS-robotlab-simulation-container/install/turtlebot3_fake_node:/workspaces/UON-CS-robotlab-simulation-container/install/turtlebot3_example:/workspaces/UON-CS-robotlab-simulation-container/install/turtlebot3_msgs:/workspaces/UON-CS-robotlab-simulation-container/install/turtlebot3_manipulation_gazebo:/workspaces/UON-CS-robotlab-simulation-container/install/turtlebot3_gazebo:/workspaces/UON-CS-robotlab-simulation-container/install/turtlebot3_description:/workspaces/UON-CS-robotlab-simulation-container/install/turtlebot3_cartographer:/workspaces/UON-CS-robotlab-simulation-container/install/dynamixel_sdk_examples:/workspaces/UON-CS-robotlab-simulation-container/install/dynamixel_sdk_custom_interfaces:/workspaces/UON-CS-robotlab-simulation-container/install/dynamixel_sdk:/opt/ros/humble'), ('DEBIAN_FRONTEND', 'noninteractive'), ('SHELL', '/bin/bash'), ('PWD', '/workspaces/UON-CS-robotlab-simulation-container/build/dynamixel_sdk_custom_interfaces'), ('INTERNAL_VSCS_TARGET_URL', 'https://uksouth.online.visualstudio.com'), ('TURTLEBOT3_MODEL', 'waffle'), ('LC_ALL', 'C.UTF-8'), ('GITHUB_SERVER_URL', 'https://github.com'), ('PYTHONPATH', '/workspaces/UON-CS-robotlab-simulation-container/build/turtlebot3_teleop:/workspaces/UON-CS-robotlab-simulation-container/install/turtlebot3_teleop/lib/python3.10/site-packages:/workspaces/UON-CS-robotlab-simulation-container/build/turtlebot3_example:/workspaces/UON-CS-robotlab-simulation-container/install/turtlebot3_example/lib/python3.10/site-packages:/workspaces/UON-CS-robotlab-simulation-container/install/turtlebot3_msgs/local/lib/python3.10/dist-packages:/workspaces/UON-CS-robotlab-simulation-container/install/dynamixel_sdk_custom_interfaces/local/lib/python3.10/dist-packages:/workspaces/UON-CS-robotlab-simulation-container/install/dynamixel_sdk/local/lib/python3.10/dist-packages:/opt/ros/humble/lib/python3.10/site-packages:/opt/ros/humble/local/lib/python3.10/dist-packages'), ('CODESPACE_NAME', 'urban-space-garbanzo-j7wwvprrjjp25j95'), ('COLCON', '1'), ('CMAKE_PREFIX_PATH', '/workspaces/UON-CS-robotlab-simulation-container/install/turtlebot3:/workspaces/UON-CS-robotlab-simulation-container/install/turtlebot3_simulations:/workspaces/UON-CS-robotlab-simulation-container/install/turtlebot3_bringup:/workspaces/UON-CS-robotlab-simulation-container/install/turtlebot3_node:/workspaces/UON-CS-robotlab-simulation-container/install/turtlebot3_navigation2:/workspaces/UON-CS-robotlab-simulation-container/install/turtlebot3_fake_node:/workspaces/UON-CS-robotlab-simulation-container/install/turtlebot3_msgs:/workspaces/UON-CS-robotlab-simulation-container/install/turtlebot3_manipulation_gazebo:/workspaces/UON-CS-robotlab-simulation-container/install/turtlebot3_gazebo:/workspaces/UON-CS-robotlab-simulation-container/install/turtlebot3_description:/workspaces/UON-CS-robotlab-simulation-container/install/turtlebot3_cartographer:/workspaces/UON-CS-robotlab-simulation-container/install/dynamixel_sdk_examples:/workspaces/UON-CS-robotlab-simulation-container/install/dynamixel_sdk_custom_interfaces:/workspaces/UON-CS-robotlab-simulation-container/install/dynamixel_sdk:/workspaces/UON-CS-robotlab-simulation-container/install/turtlebot3_teleop:/workspaces/UON-CS-robotlab-simulation-container/install/turtlebot3_example:/opt/ros/humble')]), 'shell': False}
[19.944022] (turtlebot3_cartographer) JobProgress: {'identifier': 'turtlebot3_cartographer', 'progress': 'cmake'}
[19.958599] (-) TimerEvent: {}
[19.968907] (turtlebot3_cartographer) JobProgress: {'identifier': 'turtlebot3_cartographer', 'progress': 'build'}
[19.975419] (dynamixel_sdk_custom_interfaces) StdoutLine: {'line': b'-- Install configuration: ""\n'}
[19.975669] (turtlebot3_cartographer) Command: {'cmd': ['/usr/bin/cmake', '--build', '/workspaces/UON-CS-robotlab-simulation-container/build/turtlebot3_cartographer', '--', '-j2', '-l2'], 'cwd': '/workspaces/UON-CS-robotlab-simulation-container/build/turtlebot3_cartographer', 'env': OrderedDict([('GITHUB_TOKEN', 'ghu_B4O6CZhcVLRE0OX7B0pYH9Kn8C5gJq2RIGly'), ('GITHUB_CODESPACE_TOKEN', 'AOKRK4WKUJC5CQRMWNS6OXDKNJSNPANCNFSM4AXFRYHA'), ('FEATURE_SPARK_POST_COMMIT_CREATE_ITERATION', 'true'), ('HOSTNAME', 'codespaces-ad2f20'), ('GITHUB_CODESPACES_PORT_FORWARDING_DOMAIN', 'app.github.dev'), ('SHLVL', '2'), ('LD_LIBRARY_PATH', '/workspaces/UON-CS-robotlab-simulation-container/install/turtlebot3_msgs/lib:/workspaces/UON-CS-robotlab-simulation-container/install/dynamixel_sdk_custom_interfaces/lib:/workspaces/UON-CS-robotlab-simulation-container/install/dynamixel_sdk/lib:/usr/lib/x86_64-linux-gnu/gazebo-11/plugins:/opt/ros/humble/opt/rviz_ogre_vendor/lib:/opt/ros/humble/lib/x86_64-linux-gnu:/opt/ros/humble/lib'), ('HOME', '/home/vscode'), ('OLDPWD', '/workspaces/UON-CS-robotlab-simulation-container'), ('CODESPACES', 'true'), ('ROS_PYTHON_VERSION', '3'), ('GITHUB_USER', 'mohammad-areeb'), ('GITHUB_GRAPHQL_URL', 'https://api.github.com/graphql'), ('COLCON_PREFIX_PATH', '/workspaces/UON-CS-robotlab-simulation-container/install'), ('ROS_DISTRO', 'humble'), ('ContainerVersion', '13'), ('GITHUB_API_URL', 'https://api.github.com'), ('RepositoryName', 'UON-CS-robotlab-simulation-container'), ('_', '/usr/bin/colcon'), ('ROS_VERSION', '2'), ('CLOUDENV_ENVIRONMENT_ID', '344bab99-1d47-4655-88f7-fee790854045'), ('TERM', 'xterm'), ('ROS_LOCALHOST_ONLY', '0'), ('PATH', '/opt/ros/humble/bin:/usr/local/sbin:/usr/local/bin:/usr/sbin:/usr/bin:/sbin:/bin'), ('SHELL_LOGGED_IN', 'true'), ('DISPLAY', ':1'), ('LANG', 'C.UTF-8'), ('LS_COLORS', ''), ('GITHUB_REPOSITORY', 'mohammad-areeb/UON-CS-robotlab-simulation-container'), ('ROS_DOMAIN_ID', '30'), ('AMENT_PREFIX_PATH', '/workspaces/UON-CS-robotlab-simulation-container/install/turtlebot3:/workspaces/UON-CS-robotlab-simulation-container/install/turtlebot3_teleop:/workspaces/UON-CS-robotlab-simulation-container/install/turtlebot3_simulations:/workspaces/UON-CS-robotlab-simulation-container/install/turtlebot3_bringup:/workspaces/UON-CS-robotlab-simulation-container/install/turtlebot3_node:/workspaces/UON-CS-robotlab-simulation-container/install/turtlebot3_navigation2:/workspaces/UON-CS-robotlab-simulation-container/install/turtlebot3_fake_node:/workspaces/UON-CS-robotlab-simulation-container/install/turtlebot3_example:/workspaces/UON-CS-robotlab-simulation-container/install/turtlebot3_msgs:/workspaces/UON-CS-robotlab-simulation-container/install/turtlebot3_manipulation_gazebo:/workspaces/UON-CS-robotlab-simulation-container/install/turtlebot3_gazebo:/workspaces/UON-CS-robotlab-simulation-container/install/turtlebot3_description:/workspaces/UON-CS-robotlab-simulation-container/install/turtlebot3_cartographer:/workspaces/UON-CS-robotlab-simulation-container/install/dynamixel_sdk_examples:/workspaces/UON-CS-robotlab-simulation-container/install/dynamixel_sdk_custom_interfaces:/workspaces/UON-CS-robotlab-simulation-container/install/dynamixel_sdk:/opt/ros/humble'), ('DEBIAN_FRONTEND', 'noninteractive'), ('SHELL', '/bin/bash'), ('PWD', '/workspaces/UON-CS-robotlab-simulation-container/build/turtlebot3_cartographer'), ('INTERNAL_VSCS_TARGET_URL', 'https://uksouth.online.visualstudio.com'), ('TURTLEBOT3_MODEL', 'waffle'), ('LC_ALL', 'C.UTF-8'), ('GITHUB_SERVER_URL', 'https://github.com'), ('PYTHONPATH', '/workspaces/UON-CS-robotlab-simulation-container/build/turtlebot3_teleop:/workspaces/UON-CS-robotlab-simulation-container/install/turtlebot3_teleop/lib/python3.10/site-packages:/workspaces/UON-CS-robotlab-simulation-container/build/turtlebot3_example:/workspaces/UON-CS-robotlab-simulation-container/install/turtlebot3_example/lib/python3.10/site-packages:/workspaces/UON-CS-robotlab-simulation-container/install/turtlebot3_msgs/local/lib/python3.10/dist-packages:/workspaces/UON-CS-robotlab-simulation-container/install/dynamixel_sdk_custom_interfaces/local/lib/python3.10/dist-packages:/workspaces/UON-CS-robotlab-simulation-container/install/dynamixel_sdk/local/lib/python3.10/dist-packages:/opt/ros/humble/lib/python3.10/site-packages:/opt/ros/humble/local/lib/python3.10/dist-packages'), ('CODESPACE_NAME', 'urban-space-garbanzo-j7wwvprrjjp25j95'), ('COLCON', '1'), ('CMAKE_PREFIX_PATH', '/workspaces/UON-CS-robotlab-simulation-container/install/turtlebot3:/workspaces/UON-CS-robotlab-simulation-container/install/turtlebot3_simulations:/workspaces/UON-CS-robotlab-simulation-container/install/turtlebot3_bringup:/workspaces/UON-CS-robotlab-simulation-container/install/turtlebot3_node:/workspaces/UON-CS-robotlab-simulation-container/install/turtlebot3_navigation2:/workspaces/UON-CS-robotlab-simulation-container/install/turtlebot3_fake_node:/workspaces/UON-CS-robotlab-simulation-container/install/turtlebot3_msgs:/workspaces/UON-CS-robotlab-simulation-container/install/turtlebot3_manipulation_gazebo:/workspaces/UON-CS-robotlab-simulation-container/install/turtlebot3_gazebo:/workspaces/UON-CS-robotlab-simulation-container/install/turtlebot3_description:/workspaces/UON-CS-robotlab-simulation-container/install/turtlebot3_cartographer:/workspaces/UON-CS-robotlab-simulation-container/install/dynamixel_sdk_examples:/workspaces/UON-CS-robotlab-simulation-container/install/dynamixel_sdk_custom_interfaces:/workspaces/UON-CS-robotlab-simulation-container/install/dynamixel_sdk:/workspaces/UON-CS-robotlab-simulation-container/install/turtlebot3_teleop:/workspaces/UON-CS-robotlab-simulation-container/install/turtlebot3_example:/opt/ros/humble')]), 'shell': False}
[20.050318] (dynamixel_sdk_custom_interfaces) StdoutLine: {'line': b'-- Execute custom install script\n'}
[20.054203] (dynamixel_sdk_custom_interfaces) StdoutLine: {'line': b'-- Up-to-date symlink: /workspaces/UON-CS-robotlab-simulation-container/install/dynamixel_sdk_custom_interfaces/share/ament_index/resource_index/rosidl_interfaces/dynamixel_sdk_custom_interfaces\n'}
[20.060996] (-) TimerEvent: {}
[20.073317] (dynamixel_sdk_custom_interfaces) StdoutLine: {'line': b'-- Up-to-date symlink: /workspaces/UON-CS-robotlab-simulation-container/install/dynamixel_sdk_custom_interfaces/include/dynamixel_sdk_custom_interfaces/dynamixel_sdk_custom_interfaces/msg/detail/set_position__functions.h\n'}
[20.079363] (dynamixel_sdk_custom_interfaces) StdoutLine: {'line': b'-- Up-to-date symlink: /workspaces/UON-CS-robotlab-simulation-container/install/dynamixel_sdk_custom_interfaces/include/dynamixel_sdk_custom_interfaces/dynamixel_sdk_custom_interfaces/msg/detail/set_position__struct.h\n'}
[20.079606] (dynamixel_sdk_custom_interfaces) StdoutLine: {'line': b'-- Up-to-date symlink: /workspaces/UON-CS-robotlab-simulation-container/install/dynamixel_sdk_custom_interfaces/include/dynamixel_sdk_custom_interfaces/dynamixel_sdk_custom_interfaces/msg/detail/set_position__type_support.h\n'}
[20.082075] (dynamixel_sdk_custom_interfaces) StdoutLine: {'line': b'-- Up-to-date symlink: /workspaces/UON-CS-robotlab-simulation-container/install/dynamixel_sdk_custom_interfaces/include/dynamixel_sdk_custom_interfaces/dynamixel_sdk_custom_interfaces/msg/rosidl_generator_c__visibility_control.h\n'}
[20.084335] (dynamixel_sdk_custom_interfaces) StdoutLine: {'line': b'-- Up-to-date symlink: /workspaces/UON-CS-robotlab-simulation-container/install/dynamixel_sdk_custom_interfaces/include/dynamixel_sdk_custom_interfaces/dynamixel_sdk_custom_interfaces/msg/set_position.h\n'}
[20.085229] (dynamixel_sdk_custom_interfaces) StdoutLine: {'line': b'-- Up-to-date symlink: /workspaces/UON-CS-robotlab-simulation-container/install/dynamixel_sdk_custom_interfaces/include/dynamixel_sdk_custom_interfaces/dynamixel_sdk_custom_interfaces/srv/detail/get_position__functions.h\n'}
[20.085825] (dynamixel_sdk_custom_interfaces) StdoutLine: {'line': b'-- Up-to-date symlink: /workspaces/UON-CS-robotlab-simulation-container/install/dynamixel_sdk_custom_interfaces/include/dynamixel_sdk_custom_interfaces/dynamixel_sdk_custom_interfaces/srv/detail/get_position__struct.h\n'}
[20.086925] (dynamixel_sdk_custom_interfaces) StdoutLine: {'line': b'-- Up-to-date symlink: /workspaces/UON-CS-robotlab-simulation-container/install/dynamixel_sdk_custom_interfaces/include/dynamixel_sdk_custom_interfaces/dynamixel_sdk_custom_interfaces/srv/detail/get_position__type_support.h\n'}
[20.087795] (dynamixel_sdk_custom_interfaces) StdoutLine: {'line': b'-- Up-to-date symlink: /workspaces/UON-CS-robotlab-simulation-container/install/dynamixel_sdk_custom_interfaces/include/dynamixel_sdk_custom_interfaces/dynamixel_sdk_custom_interfaces/srv/get_position.h\n'}
[20.092057] (dynamixel_sdk_custom_interfaces) StdoutLine: {'line': b'-- Up-to-date symlink: /workspaces/UON-CS-robotlab-simulation-container/install/dynamixel_sdk_custom_interfaces/share/dynamixel_sdk_custom_interfaces/environment/library_path.sh\n'}
[20.092998] (dynamixel_sdk_custom_interfaces) StdoutLine: {'line': b'-- Up-to-date symlink: /workspaces/UON-CS-robotlab-simulation-container/install/dynamixel_sdk_custom_interfaces/share/dynamixel_sdk_custom_interfaces/environment/library_path.dsv\n'}
[20.098894] (dynamixel_sdk_custom_interfaces) StdoutLine: {'line': b'-- Up-to-date symlink: /workspaces/UON-CS-robotlab-simulation-container/install/dynamixel_sdk_custom_interfaces/include/dynamixel_sdk_custom_interfaces/dynamixel_sdk_custom_interfaces/msg/detail/set_position__rosidl_typesupport_fastrtps_c.h\n'}
[20.099084] (dynamixel_sdk_custom_interfaces) StdoutLine: {'line': b'-- Up-to-date symlink: /workspaces/UON-CS-robotlab-simulation-container/install/dynamixel_sdk_custom_interfaces/include/dynamixel_sdk_custom_interfaces/dynamixel_sdk_custom_interfaces/msg/rosidl_typesupport_fastrtps_c__visibility_control.h\n'}
[20.099222] (dynamixel_sdk_custom_interfaces) StdoutLine: {'line': b'-- Up-to-date symlink: /workspaces/UON-CS-robotlab-simulation-container/install/dynamixel_sdk_custom_interfaces/include/dynamixel_sdk_custom_interfaces/dynamixel_sdk_custom_interfaces/srv/detail/get_position__rosidl_typesupport_fastrtps_c.h\n'}
[20.103183] (dynamixel_sdk_custom_interfaces) StdoutLine: {'line': b'-- Up-to-date symlink: /workspaces/UON-CS-robotlab-simulation-container/install/dynamixel_sdk_custom_interfaces/include/dynamixel_sdk_custom_interfaces/dynamixel_sdk_custom_interfaces/msg/detail/set_position__builder.hpp\n'}
[20.103340] (dynamixel_sdk_custom_interfaces) StdoutLine: {'line': b'-- Up-to-date symlink: /workspaces/UON-CS-robotlab-simulation-container/install/dynamixel_sdk_custom_interfaces/include/dynamixel_sdk_custom_interfaces/dynamixel_sdk_custom_interfaces/msg/detail/set_position__struct.hpp\n'}
[20.107700] (dynamixel_sdk_custom_interfaces) StdoutLine: {'line': b'-- Up-to-date symlink: /workspaces/UON-CS-robotlab-simulation-container/install/dynamixel_sdk_custom_interfaces/include/dynamixel_sdk_custom_interfaces/dynamixel_sdk_custom_interfaces/msg/detail/set_position__traits.hpp\n'}
[20.108096] (dynamixel_sdk_custom_interfaces) StdoutLine: {'line': b'-- Up-to-date symlink: /workspaces/UON-CS-robotlab-simulation-container/install/dynamixel_sdk_custom_interfaces/include/dynamixel_sdk_custom_interfaces/dynamixel_sdk_custom_interfaces/msg/detail/set_position__type_support.hpp\n'}
[20.109264] (dynamixel_sdk_custom_interfaces) StdoutLine: {'line': b'-- Up-to-date symlink: /workspaces/UON-CS-robotlab-simulation-container/install/dynamixel_sdk_custom_interfaces/include/dynamixel_sdk_custom_interfaces/dynamixel_sdk_custom_interfaces/msg/rosidl_generator_cpp__visibility_control.hpp\n'}
[20.110418] (dynamixel_sdk_custom_interfaces) StdoutLine: {'line': b'-- Up-to-date symlink: /workspaces/UON-CS-robotlab-simulation-container/install/dynamixel_sdk_custom_interfaces/include/dynamixel_sdk_custom_interfaces/dynamixel_sdk_custom_interfaces/msg/set_position.hpp\n'}
[20.112232] (dynamixel_sdk_custom_interfaces) StdoutLine: {'line': b'-- Up-to-date symlink: /workspaces/UON-CS-robotlab-simulation-container/install/dynamixel_sdk_custom_interfaces/include/dynamixel_sdk_custom_interfaces/dynamixel_sdk_custom_interfaces/srv/detail/get_position__builder.hpp\n'}
[20.113915] (dynamixel_sdk_custom_interfaces) StdoutLine: {'line': b'-- Up-to-date symlink: /workspaces/UON-CS-robotlab-simulation-container/install/dynamixel_sdk_custom_interfaces/include/dynamixel_sdk_custom_interfaces/dynamixel_sdk_custom_interfaces/srv/detail/get_position__struct.hpp\n'}
[20.114666] (dynamixel_sdk_custom_interfaces) StdoutLine: {'line': b'-- Up-to-date symlink: /workspaces/UON-CS-robotlab-simulation-container/install/dynamixel_sdk_custom_interfaces/include/dynamixel_sdk_custom_interfaces/dynamixel_sdk_custom_interfaces/srv/detail/get_position__traits.hpp\n'}
[20.116167] (dynamixel_sdk_custom_interfaces) StdoutLine: {'line': b'-- Up-to-date symlink: /workspaces/UON-CS-robotlab-simulation-container/install/dynamixel_sdk_custom_interfaces/include/dynamixel_sdk_custom_interfaces/dynamixel_sdk_custom_interfaces/srv/detail/get_position__type_support.hpp\n'}
[20.117822] (dynamixel_sdk_custom_interfaces) StdoutLine: {'line': b'-- Up-to-date symlink: /workspaces/UON-CS-robotlab-simulation-container/install/dynamixel_sdk_custom_interfaces/include/dynamixel_sdk_custom_interfaces/dynamixel_sdk_custom_interfaces/srv/get_position.hpp\n'}
[20.127850] (dynamixel_sdk_custom_interfaces) StdoutLine: {'line': b'-- Up-to-date symlink: /workspaces/UON-CS-robotlab-simulation-container/install/dynamixel_sdk_custom_interfaces/include/dynamixel_sdk_custom_interfaces/dynamixel_sdk_custom_interfaces/msg/detail/set_position__rosidl_typesupport_fastrtps_cpp.hpp\n'}
[20.128057] (dynamixel_sdk_custom_interfaces) StdoutLine: {'line': b'-- Up-to-date symlink: /workspaces/UON-CS-robotlab-simulation-container/install/dynamixel_sdk_custom_interfaces/include/dynamixel_sdk_custom_interfaces/dynamixel_sdk_custom_interfaces/msg/rosidl_typesupport_fastrtps_cpp__visibility_control.h\n'}
[20.130075] (dynamixel_sdk_custom_interfaces) StdoutLine: {'line': b'-- Up-to-date symlink: /workspaces/UON-CS-robotlab-simulation-container/install/dynamixel_sdk_custom_interfaces/include/dynamixel_sdk_custom_interfaces/dynamixel_sdk_custom_interfaces/srv/detail/get_position__rosidl_typesupport_fastrtps_cpp.hpp\n'}
[20.137167] (dynamixel_sdk_custom_interfaces) StdoutLine: {'line': b'-- Up-to-date symlink: /workspaces/UON-CS-robotlab-simulation-container/install/dynamixel_sdk_custom_interfaces/include/dynamixel_sdk_custom_interfaces/dynamixel_sdk_custom_interfaces/msg/detail/set_position__rosidl_typesupport_introspection_c.h\n'}
[20.139788] (dynamixel_sdk_custom_interfaces) StdoutLine: {'line': b'-- Up-to-date symlink: /workspaces/UON-CS-robotlab-simulation-container/install/dynamixel_sdk_custom_interfaces/include/dynamixel_sdk_custom_interfaces/dynamixel_sdk_custom_interfaces/msg/rosidl_typesupport_introspection_c__visibility_control.h\n'}
[20.139931] (dynamixel_sdk_custom_interfaces) StdoutLine: {'line': b'-- Up-to-date symlink: /workspaces/UON-CS-robotlab-simulation-container/install/dynamixel_sdk_custom_interfaces/include/dynamixel_sdk_custom_interfaces/dynamixel_sdk_custom_interfaces/srv/detail/get_position__rosidl_typesupport_introspection_c.h\n'}
[20.155157] (dynamixel_sdk_custom_interfaces) StdoutLine: {'line': b'-- Up-to-date symlink: /workspaces/UON-CS-robotlab-simulation-container/install/dynamixel_sdk_custom_interfaces/include/dynamixel_sdk_custom_interfaces/dynamixel_sdk_custom_interfaces/msg/detail/set_position__rosidl_typesupport_introspection_cpp.hpp\n'}
[20.155422] (dynamixel_sdk_custom_interfaces) StdoutLine: {'line': b'-- Up-to-date symlink: /workspaces/UON-CS-robotlab-simulation-container/install/dynamixel_sdk_custom_interfaces/include/dynamixel_sdk_custom_interfaces/dynamixel_sdk_custom_interfaces/srv/detail/get_position__rosidl_typesupport_introspection_cpp.hpp\n'}
[20.155563] (dynamixel_sdk_custom_interfaces) StdoutLine: {'line': b'-- Up-to-date symlink: /workspaces/UON-CS-robotlab-simulation-container/install/dynamixel_sdk_custom_interfaces/share/dynamixel_sdk_custom_interfaces/environment/pythonpath.sh\n'}
[20.155684] (dynamixel_sdk_custom_interfaces) StdoutLine: {'line': b'-- Up-to-date symlink: /workspaces/UON-CS-robotlab-simulation-container/install/dynamixel_sdk_custom_interfaces/share/dynamixel_sdk_custom_interfaces/environment/pythonpath.dsv\n'}
[20.155799] (dynamixel_sdk_custom_interfaces) StdoutLine: {'line': b'-- Up-to-date symlink: /workspaces/UON-CS-robotlab-simulation-container/install/dynamixel_sdk_custom_interfaces/local/lib/python3.10/dist-packages/dynamixel_sdk_custom_interfaces-3.8.4-py3.10.egg-info/PKG-INFO\n'}
[20.164102] (turtlebot3_cartographer) CommandEnded: {'returncode': 0}
[20.164632] (-) TimerEvent: {}
[20.164876] (turtlebot3_cartographer) JobProgress: {'identifier': 'turtlebot3_cartographer', 'progress': 'install'}
[20.166271] (turtlebot3_cartographer) Command: {'cmd': ['/usr/bin/cmake', '--install', '/workspaces/UON-CS-robotlab-simulation-container/build/turtlebot3_cartographer'], 'cwd': '/workspaces/UON-CS-robotlab-simulation-container/build/turtlebot3_cartographer', 'env': OrderedDict([('GITHUB_TOKEN', 'ghu_B4O6CZhcVLRE0OX7B0pYH9Kn8C5gJq2RIGly'), ('GITHUB_CODESPACE_TOKEN', 'AOKRK4WKUJC5CQRMWNS6OXDKNJSNPANCNFSM4AXFRYHA'), ('FEATURE_SPARK_POST_COMMIT_CREATE_ITERATION', 'true'), ('HOSTNAME', 'codespaces-ad2f20'), ('GITHUB_CODESPACES_PORT_FORWARDING_DOMAIN', 'app.github.dev'), ('SHLVL', '2'), ('LD_LIBRARY_PATH', '/workspaces/UON-CS-robotlab-simulation-container/install/turtlebot3_msgs/lib:/workspaces/UON-CS-robotlab-simulation-container/install/dynamixel_sdk_custom_interfaces/lib:/workspaces/UON-CS-robotlab-simulation-container/install/dynamixel_sdk/lib:/usr/lib/x86_64-linux-gnu/gazebo-11/plugins:/opt/ros/humble/opt/rviz_ogre_vendor/lib:/opt/ros/humble/lib/x86_64-linux-gnu:/opt/ros/humble/lib'), ('HOME', '/home/vscode'), ('OLDPWD', '/workspaces/UON-CS-robotlab-simulation-container'), ('CODESPACES', 'true'), ('ROS_PYTHON_VERSION', '3'), ('GITHUB_USER', 'mohammad-areeb'), ('GITHUB_GRAPHQL_URL', 'https://api.github.com/graphql'), ('COLCON_PREFIX_PATH', '/workspaces/UON-CS-robotlab-simulation-container/install'), ('ROS_DISTRO', 'humble'), ('ContainerVersion', '13'), ('GITHUB_API_URL', 'https://api.github.com'), ('RepositoryName', 'UON-CS-robotlab-simulation-container'), ('_', '/usr/bin/colcon'), ('ROS_VERSION', '2'), ('CLOUDENV_ENVIRONMENT_ID', '344bab99-1d47-4655-88f7-fee790854045'), ('TERM', 'xterm'), ('ROS_LOCALHOST_ONLY', '0'), ('PATH', '/opt/ros/humble/bin:/usr/local/sbin:/usr/local/bin:/usr/sbin:/usr/bin:/sbin:/bin'), ('SHELL_LOGGED_IN', 'true'), ('DISPLAY', ':1'), ('LANG', 'C.UTF-8'), ('LS_COLORS', ''), ('GITHUB_REPOSITORY', 'mohammad-areeb/UON-CS-robotlab-simulation-container'), ('ROS_DOMAIN_ID', '30'), ('AMENT_PREFIX_PATH', '/workspaces/UON-CS-robotlab-simulation-container/install/turtlebot3:/workspaces/UON-CS-robotlab-simulation-container/install/turtlebot3_teleop:/workspaces/UON-CS-robotlab-simulation-container/install/turtlebot3_simulations:/workspaces/UON-CS-robotlab-simulation-container/install/turtlebot3_bringup:/workspaces/UON-CS-robotlab-simulation-container/install/turtlebot3_node:/workspaces/UON-CS-robotlab-simulation-container/install/turtlebot3_navigation2:/workspaces/UON-CS-robotlab-simulation-container/install/turtlebot3_fake_node:/workspaces/UON-CS-robotlab-simulation-container/install/turtlebot3_example:/workspaces/UON-CS-robotlab-simulation-container/install/turtlebot3_msgs:/workspaces/UON-CS-robotlab-simulation-container/install/turtlebot3_manipulation_gazebo:/workspaces/UON-CS-robotlab-simulation-container/install/turtlebot3_gazebo:/workspaces/UON-CS-robotlab-simulation-container/install/turtlebot3_description:/workspaces/UON-CS-robotlab-simulation-container/install/turtlebot3_cartographer:/workspaces/UON-CS-robotlab-simulation-container/install/dynamixel_sdk_examples:/workspaces/UON-CS-robotlab-simulation-container/install/dynamixel_sdk_custom_interfaces:/workspaces/UON-CS-robotlab-simulation-container/install/dynamixel_sdk:/opt/ros/humble'), ('DEBIAN_FRONTEND', 'noninteractive'), ('SHELL', '/bin/bash'), ('PWD', '/workspaces/UON-CS-robotlab-simulation-container/build/turtlebot3_cartographer'), ('INTERNAL_VSCS_TARGET_URL', 'https://uksouth.online.visualstudio.com'), ('TURTLEBOT3_MODEL', 'waffle'), ('LC_ALL', 'C.UTF-8'), ('GITHUB_SERVER_URL', 'https://github.com'), ('PYTHONPATH', '/workspaces/UON-CS-robotlab-simulation-container/build/turtlebot3_teleop:/workspaces/UON-CS-robotlab-simulation-container/install/turtlebot3_teleop/lib/python3.10/site-packages:/workspaces/UON-CS-robotlab-simulation-container/build/turtlebot3_example:/workspaces/UON-CS-robotlab-simulation-container/install/turtlebot3_example/lib/python3.10/site-packages:/workspaces/UON-CS-robotlab-simulation-container/install/turtlebot3_msgs/local/lib/python3.10/dist-packages:/workspaces/UON-CS-robotlab-simulation-container/install/dynamixel_sdk_custom_interfaces/local/lib/python3.10/dist-packages:/workspaces/UON-CS-robotlab-simulation-container/install/dynamixel_sdk/local/lib/python3.10/dist-packages:/opt/ros/humble/lib/python3.10/site-packages:/opt/ros/humble/local/lib/python3.10/dist-packages'), ('CODESPACE_NAME', 'urban-space-garbanzo-j7wwvprrjjp25j95'), ('COLCON', '1'), ('CMAKE_PREFIX_PATH', '/workspaces/UON-CS-robotlab-simulation-container/install/turtlebot3:/workspaces/UON-CS-robotlab-simulation-container/install/turtlebot3_simulations:/workspaces/UON-CS-robotlab-simulation-container/install/turtlebot3_bringup:/workspaces/UON-CS-robotlab-simulation-container/install/turtlebot3_node:/workspaces/UON-CS-robotlab-simulation-container/install/turtlebot3_navigation2:/workspaces/UON-CS-robotlab-simulation-container/install/turtlebot3_fake_node:/workspaces/UON-CS-robotlab-simulation-container/install/turtlebot3_msgs:/workspaces/UON-CS-robotlab-simulation-container/install/turtlebot3_manipulation_gazebo:/workspaces/UON-CS-robotlab-simulation-container/install/turtlebot3_gazebo:/workspaces/UON-CS-robotlab-simulation-container/install/turtlebot3_description:/workspaces/UON-CS-robotlab-simulation-container/install/turtlebot3_cartographer:/workspaces/UON-CS-robotlab-simulation-container/install/dynamixel_sdk_examples:/workspaces/UON-CS-robotlab-simulation-container/install/dynamixel_sdk_custom_interfaces:/workspaces/UON-CS-robotlab-simulation-container/install/dynamixel_sdk:/workspaces/UON-CS-robotlab-simulation-container/install/turtlebot3_teleop:/workspaces/UON-CS-robotlab-simulation-container/install/turtlebot3_example:/opt/ros/humble')]), 'shell': False}
[20.168091] (dynamixel_sdk_custom_interfaces) StdoutLine: {'line': b'-- Up-to-date symlink: /workspaces/UON-CS-robotlab-simulation-container/install/dynamixel_sdk_custom_interfaces/local/lib/python3.10/dist-packages/dynamixel_sdk_custom_interfaces-3.8.4-py3.10.egg-info/SOURCES.txt\n'}
[20.175086] (dynamixel_sdk_custom_interfaces) StdoutLine: {'line': b'-- Up-to-date symlink: /workspaces/UON-CS-robotlab-simulation-container/install/dynamixel_sdk_custom_interfaces/local/lib/python3.10/dist-packages/dynamixel_sdk_custom_interfaces-3.8.4-py3.10.egg-info/dependency_links.txt\n'}
[20.175276] (dynamixel_sdk_custom_interfaces) StdoutLine: {'line': b'-- Up-to-date symlink: /workspaces/UON-CS-robotlab-simulation-container/install/dynamixel_sdk_custom_interfaces/local/lib/python3.10/dist-packages/dynamixel_sdk_custom_interfaces-3.8.4-py3.10.egg-info/top_level.txt\n'}
[20.175402] (dynamixel_sdk_custom_interfaces) StdoutLine: {'line': b'-- Up-to-date symlink: /workspaces/UON-CS-robotlab-simulation-container/install/dynamixel_sdk_custom_interfaces/local/lib/python3.10/dist-packages/dynamixel_sdk_custom_interfaces/__init__.py\n'}
[20.175531] (dynamixel_sdk_custom_interfaces) StdoutLine: {'line': b'-- Up-to-date symlink: /workspaces/UON-CS-robotlab-simulation-container/install/dynamixel_sdk_custom_interfaces/local/lib/python3.10/dist-packages/dynamixel_sdk_custom_interfaces/_dynamixel_sdk_custom_interfaces_s.ep.rosidl_typesupport_c.c\n'}
[20.175652] (dynamixel_sdk_custom_interfaces) StdoutLine: {'line': b'-- Up-to-date symlink: /workspaces/UON-CS-robotlab-simulation-container/install/dynamixel_sdk_custom_interfaces/local/lib/python3.10/dist-packages/dynamixel_sdk_custom_interfaces/_dynamixel_sdk_custom_interfaces_s.ep.rosidl_typesupport_fastrtps_c.c\n'}
[20.176014] (dynamixel_sdk_custom_interfaces) StdoutLine: {'line': b'-- Up-to-date symlink: /workspaces/UON-CS-robotlab-simulation-container/install/dynamixel_sdk_custom_interfaces/local/lib/python3.10/dist-packages/dynamixel_sdk_custom_interfaces/_dynamixel_sdk_custom_interfaces_s.ep.rosidl_typesupport_introspection_c.c\n'}
[20.177457] (dynamixel_sdk_custom_interfaces) StdoutLine: {'line': b'-- Up-to-date symlink: /workspaces/UON-CS-robotlab-simulation-container/install/dynamixel_sdk_custom_interfaces/local/lib/python3.10/dist-packages/dynamixel_sdk_custom_interfaces/dynamixel_sdk_custom_interfaces_s__rosidl_typesupport_c.cpython-310-x86_64-linux-gnu.so\n'}
[20.181767] (dynamixel_sdk_custom_interfaces) StdoutLine: {'line': b'-- Up-to-date symlink: /workspaces/UON-CS-robotlab-simulation-container/install/dynamixel_sdk_custom_interfaces/local/lib/python3.10/dist-packages/dynamixel_sdk_custom_interfaces/dynamixel_sdk_custom_interfaces_s__rosidl_typesupport_fastrtps_c.cpython-310-x86_64-linux-gnu.so\n'}
[20.186905] (dynamixel_sdk_custom_interfaces) StdoutLine: {'line': b'-- Up-to-date symlink: /workspaces/UON-CS-robotlab-simulation-container/install/dynamixel_sdk_custom_interfaces/local/lib/python3.10/dist-packages/dynamixel_sdk_custom_interfaces/dynamixel_sdk_custom_interfaces_s__rosidl_typesupport_introspection_c.cpython-310-x86_64-linux-gnu.so\n'}
[20.187161] (dynamixel_sdk_custom_interfaces) StdoutLine: {'line': b'-- Up-to-date symlink: /workspaces/UON-CS-robotlab-simulation-container/install/dynamixel_sdk_custom_interfaces/local/lib/python3.10/dist-packages/dynamixel_sdk_custom_interfaces/libdynamixel_sdk_custom_interfaces__rosidl_generator_py.so\n'}
[20.187407] (dynamixel_sdk_custom_interfaces) StdoutLine: {'line': b'-- Up-to-date symlink: /workspaces/UON-CS-robotlab-simulation-container/install/dynamixel_sdk_custom_interfaces/local/lib/python3.10/dist-packages/dynamixel_sdk_custom_interfaces/msg/__init__.py\n'}
[20.187673] (dynamixel_sdk_custom_interfaces) StdoutLine: {'line': b'-- Up-to-date symlink: /workspaces/UON-CS-robotlab-simulation-container/install/dynamixel_sdk_custom_interfaces/local/lib/python3.10/dist-packages/dynamixel_sdk_custom_interfaces/msg/_set_position.py\n'}
[20.190059] (dynamixel_sdk_custom_interfaces) StdoutLine: {'line': b'-- Up-to-date symlink: /workspaces/UON-CS-robotlab-simulation-container/install/dynamixel_sdk_custom_interfaces/local/lib/python3.10/dist-packages/dynamixel_sdk_custom_interfaces/msg/_set_position_s.c\n'}
[20.190355] (dynamixel_sdk_custom_interfaces) StdoutLine: {'line': b'-- Up-to-date symlink: /workspaces/UON-CS-robotlab-simulation-container/install/dynamixel_sdk_custom_interfaces/local/lib/python3.10/dist-packages/dynamixel_sdk_custom_interfaces/srv/__init__.py\n'}
[20.190946] (dynamixel_sdk_custom_interfaces) StdoutLine: {'line': b'-- Up-to-date symlink: /workspaces/UON-CS-robotlab-simulation-container/install/dynamixel_sdk_custom_interfaces/local/lib/python3.10/dist-packages/dynamixel_sdk_custom_interfaces/srv/_get_position.py\n'}
[20.192036] (turtlebot3_cartographer) StdoutLine: {'line': b'-- Install configuration: ""\n'}
[20.194687] (dynamixel_sdk_custom_interfaces) StdoutLine: {'line': b'-- Up-to-date symlink: /workspaces/UON-CS-robotlab-simulation-container/install/dynamixel_sdk_custom_interfaces/local/lib/python3.10/dist-packages/dynamixel_sdk_custom_interfaces/srv/_get_position_s.c\n'}
[20.195129] (dynamixel_sdk_custom_interfaces) StdoutLine: {'line': b'-- Up-to-date symlink: /workspaces/UON-CS-robotlab-simulation-container/install/dynamixel_sdk_custom_interfaces/local/lib/python3.10/dist-packages/dynamixel_sdk_custom_interfaces/dynamixel_sdk_custom_interfaces_s__rosidl_typesupport_fastrtps_c.cpython-310-x86_64-linux-gnu.so\n'}
[20.195682] (dynamixel_sdk_custom_interfaces) StdoutLine: {'line': b'-- Up-to-date symlink: /workspaces/UON-CS-robotlab-simulation-container/install/dynamixel_sdk_custom_interfaces/local/lib/python3.10/dist-packages/dynamixel_sdk_custom_interfaces/dynamixel_sdk_custom_interfaces_s__rosidl_typesupport_introspection_c.cpython-310-x86_64-linux-gnu.so\n'}
[20.196946] (turtlebot3_cartographer) StdoutLine: {'line': b'-- Execute custom install script\n'}
[20.199553] (dynamixel_sdk_custom_interfaces) StdoutLine: {'line': b'-- Up-to-date symlink: /workspaces/UON-CS-robotlab-simulation-container/install/dynamixel_sdk_custom_interfaces/local/lib/python3.10/dist-packages/dynamixel_sdk_custom_interfaces/dynamixel_sdk_custom_interfaces_s__rosidl_typesupport_c.cpython-310-x86_64-linux-gnu.so\n'}
[20.199806] (turtlebot3_cartographer) StdoutLine: {'line': b'-- Up-to-date symlink: /workspaces/UON-CS-robotlab-simulation-container/install/turtlebot3_cartographer/share/turtlebot3_cartographer/config/turtlebot3_lds_2d.lua\n'}
[20.200217] (turtlebot3_cartographer) StdoutLine: {'line': b'-- Up-to-date symlink: /workspaces/UON-CS-robotlab-simulation-container/install/turtlebot3_cartographer/share/turtlebot3_cartographer/launch/cartographer.launch.py\n'}
[20.200777] (dynamixel_sdk_custom_interfaces) StdoutLine: {'line': b'-- Up-to-date symlink: /workspaces/UON-CS-robotlab-simulation-container/install/dynamixel_sdk_custom_interfaces/share/ament_index/resource_index/rust_packages/dynamixel_sdk_custom_interfaces\n'}
[20.212998] (dynamixel_sdk_custom_interfaces) StdoutLine: {'line': b'-- Up-to-date symlink: /workspaces/UON-CS-robotlab-simulation-container/install/dynamixel_sdk_custom_interfaces/share/dynamixel_sdk_custom_interfaces/rust/Cargo.toml\n'}
[20.213377] (dynamixel_sdk_custom_interfaces) StdoutLine: {'line': b'-- Up-to-date symlink: /workspaces/UON-CS-robotlab-simulation-container/install/dynamixel_sdk_custom_interfaces/share/dynamixel_sdk_custom_interfaces/rust/build.rs\n'}
[20.213648] (turtlebot3_cartographer) StdoutLine: {'line': b'-- Up-to-date symlink: /workspaces/UON-CS-robotlab-simulation-container/install/turtlebot3_cartographer/share/turtlebot3_cartographer/launch/occupancy_grid.launch.py\n'}
[20.213848] (turtlebot3_cartographer) StdoutLine: {'line': b'-- Up-to-date symlink: /workspaces/UON-CS-robotlab-simulation-container/install/turtlebot3_cartographer/share/turtlebot3_cartographer/rviz/tb3_cartographer.rviz\n'}
[20.214739] (dynamixel_sdk_custom_interfaces) StdoutLine: {'line': b'-- Up-to-date symlink: /workspaces/UON-CS-robotlab-simulation-container/install/dynamixel_sdk_custom_interfaces/share/dynamixel_sdk_custom_interfaces/rust/src/lib.rs\n'}
[20.214996] (dynamixel_sdk_custom_interfaces) StdoutLine: {'line': b'-- Up-to-date symlink: /workspaces/UON-CS-robotlab-simulation-container/install/dynamixel_sdk_custom_interfaces/share/dynamixel_sdk_custom_interfaces/rust/src/msg.rs\n'}
[20.215717] (turtlebot3_cartographer) StdoutLine: {'line': b'-- Up-to-date symlink: /workspaces/UON-CS-robotlab-simulation-container/install/turtlebot3_cartographer/share/ament_index/resource_index/package_run_dependencies/turtlebot3_cartographer\n'}
[20.216647] (dynamixel_sdk_custom_interfaces) StdoutLine: {'line': b'-- Up-to-date symlink: /workspaces/UON-CS-robotlab-simulation-container/install/dynamixel_sdk_custom_interfaces/share/dynamixel_sdk_custom_interfaces/rust/src/msg/rmw.rs\n'}
[20.217172] (dynamixel_sdk_custom_interfaces) StdoutLine: {'line': b'-- Up-to-date symlink: /workspaces/UON-CS-robotlab-simulation-container/install/dynamixel_sdk_custom_interfaces/share/dynamixel_sdk_custom_interfaces/rust/src/srv.rs\n'}
[20.218107] (dynamixel_sdk_custom_interfaces) StdoutLine: {'line': b'-- Up-to-date symlink: /workspaces/UON-CS-robotlab-simulation-container/install/dynamixel_sdk_custom_interfaces/share/dynamixel_sdk_custom_interfaces/rust/src/srv/rmw.rs\n'}
[20.218697] (turtlebot3_cartographer) StdoutLine: {'line': b'-- Up-to-date symlink: /workspaces/UON-CS-robotlab-simulation-container/install/turtlebot3_cartographer/share/ament_index/resource_index/parent_prefix_path/turtlebot3_cartographer\n'}
[20.219813] (dynamixel_sdk_custom_interfaces) StdoutLine: {'line': b'-- Up-to-date symlink: /workspaces/UON-CS-robotlab-simulation-container/install/dynamixel_sdk_custom_interfaces/share/dynamixel_sdk_custom_interfaces/msg/SetPosition.idl\n'}
[20.220621] (dynamixel_sdk_custom_interfaces) StdoutLine: {'line': b'-- Up-to-date symlink: /workspaces/UON-CS-robotlab-simulation-container/install/dynamixel_sdk_custom_interfaces/share/dynamixel_sdk_custom_interfaces/srv/GetPosition.idl\n'}
[20.221681] (dynamixel_sdk_custom_interfaces) StdoutLine: {'line': b'-- Up-to-date symlink: /workspaces/UON-CS-robotlab-simulation-container/install/dynamixel_sdk_custom_interfaces/share/dynamixel_sdk_custom_interfaces/msg/SetPosition.msg\n'}
[20.222977] (turtlebot3_cartographer) StdoutLine: {'line': b'-- Up-to-date symlink: /workspaces/UON-CS-robotlab-simulation-container/install/turtlebot3_cartographer/share/turtlebot3_cartographer/environment/ament_prefix_path.sh\n'}
[20.223336] (turtlebot3_cartographer) StdoutLine: {'line': b'-- Up-to-date symlink: /workspaces/UON-CS-robotlab-simulation-container/install/turtlebot3_cartographer/share/turtlebot3_cartographer/environment/ament_prefix_path.dsv\n'}
[20.224162] (dynamixel_sdk_custom_interfaces) StdoutLine: {'line': b'-- Up-to-date symlink: /workspaces/UON-CS-robotlab-simulation-container/install/dynamixel_sdk_custom_interfaces/share/dynamixel_sdk_custom_interfaces/srv/GetPosition.srv\n'}
[20.225785] (dynamixel_sdk_custom_interfaces) StdoutLine: {'line': b'-- Up-to-date symlink: /workspaces/UON-CS-robotlab-simulation-container/install/dynamixel_sdk_custom_interfaces/share/dynamixel_sdk_custom_interfaces/srv/GetPosition_Request.msg\n'}
[20.228091] (turtlebot3_cartographer) StdoutLine: {'line': b'-- Up-to-date symlink: /workspaces/UON-CS-robotlab-simulation-container/install/turtlebot3_cartographer/share/turtlebot3_cartographer/environment/path.sh\n'}
[20.228255] (turtlebot3_cartographer) StdoutLine: {'line': b'-- Up-to-date symlink: /workspaces/UON-CS-robotlab-simulation-container/install/turtlebot3_cartographer/share/turtlebot3_cartographer/environment/path.dsv\n'}
[20.228411] (dynamixel_sdk_custom_interfaces) StdoutLine: {'line': b'-- Up-to-date symlink: /workspaces/UON-CS-robotlab-simulation-container/install/dynamixel_sdk_custom_interfaces/share/dynamixel_sdk_custom_interfaces/srv/GetPosition_Response.msg\n'}
[20.228626] (dynamixel_sdk_custom_interfaces) StdoutLine: {'line': b'-- Up-to-date symlink: /workspaces/UON-CS-robotlab-simulation-container/install/dynamixel_sdk_custom_interfaces/share/ament_index/resource_index/package_run_dependencies/dynamixel_sdk_custom_interfaces\n'}
[20.228819] (turtlebot3_cartographer) StdoutLine: {'line': b'-- Up-to-date symlink: /workspaces/UON-CS-robotlab-simulation-container/install/turtlebot3_cartographer/share/turtlebot3_cartographer/local_setup.bash\n'}
[20.229087] (dynamixel_sdk_custom_interfaces) StdoutLine: {'line': b'-- Up-to-date symlink: /workspaces/UON-CS-robotlab-simulation-container/install/dynamixel_sdk_custom_interfaces/share/ament_index/resource_index/parent_prefix_path/dynamixel_sdk_custom_interfaces\n'}
[20.229566] (turtlebot3_cartographer) StdoutLine: {'line': b'-- Up-to-date symlink: /workspaces/UON-CS-robotlab-simulation-container/install/turtlebot3_cartographer/share/turtlebot3_cartographer/local_setup.sh\n'}
[20.231026] (turtlebot3_cartographer) StdoutLine: {'line': b'-- Up-to-date symlink: /workspaces/UON-CS-robotlab-simulation-container/install/turtlebot3_cartographer/share/turtlebot3_cartographer/local_setup.zsh\n'}
[20.231185] (turtlebot3_cartographer) StdoutLine: {'line': b'-- Up-to-date symlink: /workspaces/UON-CS-robotlab-simulation-container/install/turtlebot3_cartographer/share/turtlebot3_cartographer/local_setup.dsv\n'}
[20.231607] (turtlebot3_cartographer) StdoutLine: {'line': b'-- Symlinking: /workspaces/UON-CS-robotlab-simulation-container/install/turtlebot3_cartographer/share/turtlebot3_cartographer/package.dsv\n'}
[20.231762] (dynamixel_sdk_custom_interfaces) StdoutLine: {'line': b'-- Up-to-date symlink: /workspaces/UON-CS-robotlab-simulation-container/install/dynamixel_sdk_custom_interfaces/share/dynamixel_sdk_custom_interfaces/environment/ament_prefix_path.sh\n'}
[20.232253] (dynamixel_sdk_custom_interfaces) StdoutLine: {'line': b'-- Up-to-date symlink: /workspaces/UON-CS-robotlab-simulation-container/install/dynamixel_sdk_custom_interfaces/share/dynamixel_sdk_custom_interfaces/environment/ament_prefix_path.dsv\n'}
[20.232814] (dynamixel_sdk_custom_interfaces) StdoutLine: {'line': b'-- Up-to-date symlink: /workspaces/UON-CS-robotlab-simulation-container/install/dynamixel_sdk_custom_interfaces/share/dynamixel_sdk_custom_interfaces/environment/path.sh\n'}
[20.232982] (dynamixel_sdk_custom_interfaces) StdoutLine: {'line': b'-- Up-to-date symlink: /workspaces/UON-CS-robotlab-simulation-container/install/dynamixel_sdk_custom_interfaces/share/dynamixel_sdk_custom_interfaces/environment/path.dsv\n'}
[20.233652] (dynamixel_sdk_custom_interfaces) StdoutLine: {'line': b'-- Up-to-date symlink: /workspaces/UON-CS-robotlab-simulation-container/install/dynamixel_sdk_custom_interfaces/share/dynamixel_sdk_custom_interfaces/local_setup.bash\n'}
[20.234102] (dynamixel_sdk_custom_interfaces) StdoutLine: {'line': b'-- Up-to-date symlink: /workspaces/UON-CS-robotlab-simulation-container/install/dynamixel_sdk_custom_interfaces/share/dynamixel_sdk_custom_interfaces/local_setup.sh\n'}
[20.236436] (dynamixel_sdk_custom_interfaces) StdoutLine: {'line': b'-- Up-to-date symlink: /workspaces/UON-CS-robotlab-simulation-container/install/dynamixel_sdk_custom_interfaces/share/dynamixel_sdk_custom_interfaces/local_setup.zsh\n'}
[20.239734] (dynamixel_sdk_custom_interfaces) StdoutLine: {'line': b'-- Up-to-date symlink: /workspaces/UON-CS-robotlab-simulation-container/install/dynamixel_sdk_custom_interfaces/share/dynamixel_sdk_custom_interfaces/local_setup.dsv\n'}
[20.240055] (dynamixel_sdk_custom_interfaces) StdoutLine: {'line': b'-- Symlinking: /workspaces/UON-CS-robotlab-simulation-container/install/dynamixel_sdk_custom_interfaces/share/dynamixel_sdk_custom_interfaces/package.dsv\n'}
[20.264853] (-) TimerEvent: {}
[20.277038] (dynamixel_sdk_custom_interfaces) StdoutLine: {'line': b'-- Up-to-date symlink: /workspaces/UON-CS-robotlab-simulation-container/install/dynamixel_sdk_custom_interfaces/share/ament_index/resource_index/packages/dynamixel_sdk_custom_interfaces\n'}
[20.277751] (dynamixel_sdk_custom_interfaces) StdoutLine: {'line': b'-- Up-to-date symlink: /workspaces/UON-CS-robotlab-simulation-container/install/dynamixel_sdk_custom_interfaces/share/dynamixel_sdk_custom_interfaces/cmake/rosidl_cmake-extras.cmake\n'}
[20.278445] (dynamixel_sdk_custom_interfaces) StdoutLine: {'line': b'-- Up-to-date symlink: /workspaces/UON-CS-robotlab-simulation-container/install/dynamixel_sdk_custom_interfaces/share/dynamixel_sdk_custom_interfaces/cmake/ament_cmake_export_dependencies-extras.cmake\n'}
[20.278905] (dynamixel_sdk_custom_interfaces) StdoutLine: {'line': b'-- Up-to-date symlink: /workspaces/UON-CS-robotlab-simulation-container/install/dynamixel_sdk_custom_interfaces/share/dynamixel_sdk_custom_interfaces/cmake/ament_cmake_export_include_directories-extras.cmake\n'}
[20.279723] (dynamixel_sdk_custom_interfaces) StdoutLine: {'line': b'-- Up-to-date symlink: /workspaces/UON-CS-robotlab-simulation-container/install/dynamixel_sdk_custom_interfaces/share/dynamixel_sdk_custom_interfaces/cmake/ament_cmake_export_libraries-extras.cmake\n'}
[20.280385] (dynamixel_sdk_custom_interfaces) StdoutLine: {'line': b'-- Up-to-date symlink: /workspaces/UON-CS-robotlab-simulation-container/install/dynamixel_sdk_custom_interfaces/share/dynamixel_sdk_custom_interfaces/cmake/ament_cmake_export_targets-extras.cmake\n'}
[20.283201] (dynamixel_sdk_custom_interfaces) StdoutLine: {'line': b'-- Up-to-date symlink: /workspaces/UON-CS-robotlab-simulation-container/install/dynamixel_sdk_custom_interfaces/share/dynamixel_sdk_custom_interfaces/cmake/rosidl_cmake_export_typesupport_targets-extras.cmake\n'}
[20.283647] (dynamixel_sdk_custom_interfaces) StdoutLine: {'line': b'-- Up-to-date symlink: /workspaces/UON-CS-robotlab-simulation-container/install/dynamixel_sdk_custom_interfaces/share/dynamixel_sdk_custom_interfaces/cmake/rosidl_cmake_export_typesupport_libraries-extras.cmake\n'}
[20.284174] (dynamixel_sdk_custom_interfaces) StdoutLine: {'line': b'-- Up-to-date symlink: /workspaces/UON-CS-robotlab-simulation-container/install/dynamixel_sdk_custom_interfaces/share/dynamixel_sdk_custom_interfaces/cmake/dynamixel_sdk_custom_interfacesConfig.cmake\n'}
[20.284620] (dynamixel_sdk_custom_interfaces) StdoutLine: {'line': b'-- Up-to-date symlink: /workspaces/UON-CS-robotlab-simulation-container/install/dynamixel_sdk_custom_interfaces/share/dynamixel_sdk_custom_interfaces/cmake/dynamixel_sdk_custom_interfacesConfig-version.cmake\n'}
[20.285261] (dynamixel_sdk_custom_interfaces) StdoutLine: {'line': b'-- Up-to-date symlink: /workspaces/UON-CS-robotlab-simulation-container/install/dynamixel_sdk_custom_interfaces/share/dynamixel_sdk_custom_interfaces/package.xml\n'}
[20.286222] (dynamixel_sdk_custom_interfaces) StdoutLine: {'line': b'-- Up-to-date: /workspaces/UON-CS-robotlab-simulation-container/install/dynamixel_sdk_custom_interfaces/lib/libdynamixel_sdk_custom_interfaces__rosidl_generator_c.so\n'}
[20.287276] (dynamixel_sdk_custom_interfaces) StdoutLine: {'line': b'-- Up-to-date: /workspaces/UON-CS-robotlab-simulation-container/install/dynamixel_sdk_custom_interfaces/lib/libdynamixel_sdk_custom_interfaces__rosidl_typesupport_fastrtps_c.so\n'}
[20.289892] (dynamixel_sdk_custom_interfaces) StdoutLine: {'line': b'-- Up-to-date: /workspaces/UON-CS-robotlab-simulation-container/install/dynamixel_sdk_custom_interfaces/lib/libdynamixel_sdk_custom_interfaces__rosidl_typesupport_fastrtps_cpp.so\n'}
[20.290243] (turtlebot3_cartographer) StdoutLine: {'line': b'-- Up-to-date symlink: /workspaces/UON-CS-robotlab-simulation-container/install/turtlebot3_cartographer/share/ament_index/resource_index/packages/turtlebot3_cartographer\n'}
[20.290890] (turtlebot3_cartographer) StdoutLine: {'line': b'-- Up-to-date symlink: /workspaces/UON-CS-robotlab-simulation-container/install/turtlebot3_cartographer/share/turtlebot3_cartographer/cmake/turtlebot3_cartographerConfig.cmake\n'}
[20.291296] (dynamixel_sdk_custom_interfaces) StdoutLine: {'line': b'-- Up-to-date: /workspaces/UON-CS-robotlab-simulation-container/install/dynamixel_sdk_custom_interfaces/lib/libdynamixel_sdk_custom_interfaces__rosidl_typesupport_introspection_c.so\n'}
[20.293095] (turtlebot3_cartographer) StdoutLine: {'line': b'-- Up-to-date symlink: /workspaces/UON-CS-robotlab-simulation-container/install/turtlebot3_cartographer/share/turtlebot3_cartographer/cmake/turtlebot3_cartographerConfig-version.cmake\n'}
[20.293719] (dynamixel_sdk_custom_interfaces) StdoutLine: {'line': b'-- Up-to-date: /workspaces/UON-CS-robotlab-simulation-container/install/dynamixel_sdk_custom_interfaces/lib/libdynamixel_sdk_custom_interfaces__rosidl_typesupport_c.so\n'}
[20.294339] (turtlebot3_cartographer) StdoutLine: {'line': b'-- Up-to-date symlink: /workspaces/UON-CS-robotlab-simulation-container/install/turtlebot3_cartographer/share/turtlebot3_cartographer/package.xml\n'}
[20.296644] (dynamixel_sdk_custom_interfaces) StdoutLine: {'line': b'-- Up-to-date: /workspaces/UON-CS-robotlab-simulation-container/install/dynamixel_sdk_custom_interfaces/lib/libdynamixel_sdk_custom_interfaces__rosidl_typesupport_introspection_cpp.so\n'}
[20.297896] (dynamixel_sdk_custom_interfaces) StdoutLine: {'line': b'-- Up-to-date: /workspaces/UON-CS-robotlab-simulation-container/install/dynamixel_sdk_custom_interfaces/lib/libdynamixel_sdk_custom_interfaces__rosidl_typesupport_cpp.so\n'}
[20.298457] (turtlebot3_cartographer) CommandEnded: {'returncode': 0}
[20.346266] (turtlebot3_cartographer) JobEnded: {'identifier': 'turtlebot3_cartographer', 'rc': 0}
[20.349098] (turtlebot3_gazebo) JobStarted: {'identifier': 'turtlebot3_gazebo'}
[20.365458] (-) TimerEvent: {}
[20.393586] (turtlebot3_gazebo) JobProgress: {'identifier': 'turtlebot3_gazebo', 'progress': 'cmake'}
[20.410025] (turtlebot3_gazebo) JobProgress: {'identifier': 'turtlebot3_gazebo', 'progress': 'build'}
[20.410127] (turtlebot3_gazebo) Command: {'cmd': ['/usr/bin/cmake', '--build', '/workspaces/UON-CS-robotlab-simulation-container/build/turtlebot3_gazebo', '--', '-j2', '-l2'], 'cwd': '/workspaces/UON-CS-robotlab-simulation-container/build/turtlebot3_gazebo', 'env': OrderedDict([('GITHUB_TOKEN', 'ghu_B4O6CZhcVLRE0OX7B0pYH9Kn8C5gJq2RIGly'), ('GITHUB_CODESPACE_TOKEN', 'AOKRK4WKUJC5CQRMWNS6OXDKNJSNPANCNFSM4AXFRYHA'), ('FEATURE_SPARK_POST_COMMIT_CREATE_ITERATION', 'true'), ('HOSTNAME', 'codespaces-ad2f20'), ('GITHUB_CODESPACES_PORT_FORWARDING_DOMAIN', 'app.github.dev'), ('SHLVL', '2'), ('LD_LIBRARY_PATH', '/workspaces/UON-CS-robotlab-simulation-container/install/turtlebot3_msgs/lib:/workspaces/UON-CS-robotlab-simulation-container/install/dynamixel_sdk_custom_interfaces/lib:/workspaces/UON-CS-robotlab-simulation-container/install/dynamixel_sdk/lib:/usr/lib/x86_64-linux-gnu/gazebo-11/plugins:/opt/ros/humble/opt/rviz_ogre_vendor/lib:/opt/ros/humble/lib/x86_64-linux-gnu:/opt/ros/humble/lib'), ('HOME', '/home/vscode'), ('OLDPWD', '/workspaces/UON-CS-robotlab-simulation-container'), ('CODESPACES', 'true'), ('ROS_PYTHON_VERSION', '3'), ('GITHUB_USER', 'mohammad-areeb'), ('GITHUB_GRAPHQL_URL', 'https://api.github.com/graphql'), ('COLCON_PREFIX_PATH', '/workspaces/UON-CS-robotlab-simulation-container/install'), ('ROS_DISTRO', 'humble'), ('ContainerVersion', '13'), ('GITHUB_API_URL', 'https://api.github.com'), ('RepositoryName', 'UON-CS-robotlab-simulation-container'), ('_', '/usr/bin/colcon'), ('ROS_VERSION', '2'), ('CLOUDENV_ENVIRONMENT_ID', '344bab99-1d47-4655-88f7-fee790854045'), ('TERM', 'xterm'), ('ROS_LOCALHOST_ONLY', '0'), ('PATH', '/opt/ros/humble/bin:/usr/local/sbin:/usr/local/bin:/usr/sbin:/usr/bin:/sbin:/bin'), ('SHELL_LOGGED_IN', 'true'), ('DISPLAY', ':1'), ('LANG', 'C.UTF-8'), ('LS_COLORS', ''), ('GITHUB_REPOSITORY', 'mohammad-areeb/UON-CS-robotlab-simulation-container'), ('ROS_DOMAIN_ID', '30'), ('AMENT_PREFIX_PATH', '/workspaces/UON-CS-robotlab-simulation-container/install/turtlebot3:/workspaces/UON-CS-robotlab-simulation-container/install/turtlebot3_teleop:/workspaces/UON-CS-robotlab-simulation-container/install/turtlebot3_simulations:/workspaces/UON-CS-robotlab-simulation-container/install/turtlebot3_bringup:/workspaces/UON-CS-robotlab-simulation-container/install/turtlebot3_node:/workspaces/UON-CS-robotlab-simulation-container/install/turtlebot3_navigation2:/workspaces/UON-CS-robotlab-simulation-container/install/turtlebot3_fake_node:/workspaces/UON-CS-robotlab-simulation-container/install/turtlebot3_example:/workspaces/UON-CS-robotlab-simulation-container/install/turtlebot3_msgs:/workspaces/UON-CS-robotlab-simulation-container/install/turtlebot3_manipulation_gazebo:/workspaces/UON-CS-robotlab-simulation-container/install/turtlebot3_gazebo:/workspaces/UON-CS-robotlab-simulation-container/install/turtlebot3_description:/workspaces/UON-CS-robotlab-simulation-container/install/turtlebot3_cartographer:/workspaces/UON-CS-robotlab-simulation-container/install/dynamixel_sdk_examples:/workspaces/UON-CS-robotlab-simulation-container/install/dynamixel_sdk_custom_interfaces:/workspaces/UON-CS-robotlab-simulation-container/install/dynamixel_sdk:/opt/ros/humble'), ('DEBIAN_FRONTEND', 'noninteractive'), ('SHELL', '/bin/bash'), ('PWD', '/workspaces/UON-CS-robotlab-simulation-container/build/turtlebot3_gazebo'), ('INTERNAL_VSCS_TARGET_URL', 'https://uksouth.online.visualstudio.com'), ('TURTLEBOT3_MODEL', 'waffle'), ('LC_ALL', 'C.UTF-8'), ('GITHUB_SERVER_URL', 'https://github.com'), ('PYTHONPATH', '/workspaces/UON-CS-robotlab-simulation-container/build/turtlebot3_teleop:/workspaces/UON-CS-robotlab-simulation-container/install/turtlebot3_teleop/lib/python3.10/site-packages:/workspaces/UON-CS-robotlab-simulation-container/build/turtlebot3_example:/workspaces/UON-CS-robotlab-simulation-container/install/turtlebot3_example/lib/python3.10/site-packages:/workspaces/UON-CS-robotlab-simulation-container/install/turtlebot3_msgs/local/lib/python3.10/dist-packages:/workspaces/UON-CS-robotlab-simulation-container/install/dynamixel_sdk_custom_interfaces/local/lib/python3.10/dist-packages:/workspaces/UON-CS-robotlab-simulation-container/install/dynamixel_sdk/local/lib/python3.10/dist-packages:/opt/ros/humble/lib/python3.10/site-packages:/opt/ros/humble/local/lib/python3.10/dist-packages'), ('CODESPACE_NAME', 'urban-space-garbanzo-j7wwvprrjjp25j95'), ('COLCON', '1'), ('CMAKE_PREFIX_PATH', '/workspaces/UON-CS-robotlab-simulation-container/install/turtlebot3:/workspaces/UON-CS-robotlab-simulation-container/install/turtlebot3_simulations:/workspaces/UON-CS-robotlab-simulation-container/install/turtlebot3_bringup:/workspaces/UON-CS-robotlab-simulation-container/install/turtlebot3_node:/workspaces/UON-CS-robotlab-simulation-container/install/turtlebot3_navigation2:/workspaces/UON-CS-robotlab-simulation-container/install/turtlebot3_fake_node:/workspaces/UON-CS-robotlab-simulation-container/install/turtlebot3_msgs:/workspaces/UON-CS-robotlab-simulation-container/install/turtlebot3_manipulation_gazebo:/workspaces/UON-CS-robotlab-simulation-container/install/turtlebot3_gazebo:/workspaces/UON-CS-robotlab-simulation-container/install/turtlebot3_description:/workspaces/UON-CS-robotlab-simulation-container/install/turtlebot3_cartographer:/workspaces/UON-CS-robotlab-simulation-container/install/dynamixel_sdk_examples:/workspaces/UON-CS-robotlab-simulation-container/install/dynamixel_sdk_custom_interfaces:/workspaces/UON-CS-robotlab-simulation-container/install/dynamixel_sdk:/workspaces/UON-CS-robotlab-simulation-container/install/turtlebot3_teleop:/workspaces/UON-CS-robotlab-simulation-container/install/turtlebot3_example:/opt/ros/humble')]), 'shell': False}
[20.427345] (dynamixel_sdk_custom_interfaces) StdoutLine: {'line': b"Listing '/workspaces/UON-CS-robotlab-simulation-container/install/dynamixel_sdk_custom_interfaces/local/lib/python3.10/dist-packages/dynamixel_sdk_custom_interfaces'...\n"}
[20.427768] (dynamixel_sdk_custom_interfaces) StdoutLine: {'line': b"Listing '/workspaces/UON-CS-robotlab-simulation-container/install/dynamixel_sdk_custom_interfaces/local/lib/python3.10/dist-packages/dynamixel_sdk_custom_interfaces/msg'...\n"}
[20.429002] (dynamixel_sdk_custom_interfaces) StdoutLine: {'line': b"Listing '/workspaces/UON-CS-robotlab-simulation-container/install/dynamixel_sdk_custom_interfaces/local/lib/python3.10/dist-packages/dynamixel_sdk_custom_interfaces/srv'...\n"}
[20.439342] (dynamixel_sdk_custom_interfaces) StdoutLine: {'line': b'-- Up-to-date: /workspaces/UON-CS-robotlab-simulation-container/install/dynamixel_sdk_custom_interfaces/lib/libdynamixel_sdk_custom_interfaces__rosidl_generator_py.so\n'}
[20.440309] (dynamixel_sdk_custom_interfaces) StdoutLine: {'line': b'-- Up-to-date: /workspaces/UON-CS-robotlab-simulation-container/install/dynamixel_sdk_custom_interfaces/share/dynamixel_sdk_custom_interfaces/cmake/export_dynamixel_sdk_custom_interfaces__rosidl_generator_cExport.cmake\n'}
[20.441401] (dynamixel_sdk_custom_interfaces) StdoutLine: {'line': b'-- Up-to-date: /workspaces/UON-CS-robotlab-simulation-container/install/dynamixel_sdk_custom_interfaces/share/dynamixel_sdk_custom_interfaces/cmake/export_dynamixel_sdk_custom_interfaces__rosidl_generator_cExport-noconfig.cmake\n'}
[20.443193] (dynamixel_sdk_custom_interfaces) StdoutLine: {'line': b'-- Up-to-date: /workspaces/UON-CS-robotlab-simulation-container/install/dynamixel_sdk_custom_interfaces/share/dynamixel_sdk_custom_interfaces/cmake/export_dynamixel_sdk_custom_interfaces__rosidl_typesupport_fastrtps_cExport.cmake\n'}
[20.444661] (dynamixel_sdk_custom_interfaces) StdoutLine: {'line': b'-- Up-to-date: /workspaces/UON-CS-robotlab-simulation-container/install/dynamixel_sdk_custom_interfaces/share/dynamixel_sdk_custom_interfaces/cmake/export_dynamixel_sdk_custom_interfaces__rosidl_typesupport_fastrtps_cExport-noconfig.cmake\n'}
[20.445946] (dynamixel_sdk_custom_interfaces) StdoutLine: {'line': b'-- Up-to-date: /workspaces/UON-CS-robotlab-simulation-container/install/dynamixel_sdk_custom_interfaces/share/dynamixel_sdk_custom_interfaces/cmake/export_dynamixel_sdk_custom_interfaces__rosidl_generator_cppExport.cmake\n'}
[20.446749] (dynamixel_sdk_custom_interfaces) StdoutLine: {'line': b'-- Up-to-date: /workspaces/UON-CS-robotlab-simulation-container/install/dynamixel_sdk_custom_interfaces/share/dynamixel_sdk_custom_interfaces/cmake/export_dynamixel_sdk_custom_interfaces__rosidl_typesupport_fastrtps_cppExport.cmake\n'}
[20.447697] (dynamixel_sdk_custom_interfaces) StdoutLine: {'line': b'-- Up-to-date: /workspaces/UON-CS-robotlab-simulation-container/install/dynamixel_sdk_custom_interfaces/share/dynamixel_sdk_custom_interfaces/cmake/export_dynamixel_sdk_custom_interfaces__rosidl_typesupport_fastrtps_cppExport-noconfig.cmake\n'}
[20.448133] (dynamixel_sdk_custom_interfaces) StdoutLine: {'line': b'-- Up-to-date: /workspaces/UON-CS-robotlab-simulation-container/install/dynamixel_sdk_custom_interfaces/share/dynamixel_sdk_custom_interfaces/cmake/dynamixel_sdk_custom_interfaces__rosidl_typesupport_introspection_cExport.cmake\n'}
[20.449273] (dynamixel_sdk_custom_interfaces) StdoutLine: {'line': b'-- Up-to-date: /workspaces/UON-CS-robotlab-simulation-container/install/dynamixel_sdk_custom_interfaces/share/dynamixel_sdk_custom_interfaces/cmake/dynamixel_sdk_custom_interfaces__rosidl_typesupport_introspection_cExport-noconfig.cmake\n'}
[20.451233] (dynamixel_sdk_custom_interfaces) StdoutLine: {'line': b'-- Up-to-date: /workspaces/UON-CS-robotlab-simulation-container/install/dynamixel_sdk_custom_interfaces/share/dynamixel_sdk_custom_interfaces/cmake/dynamixel_sdk_custom_interfaces__rosidl_typesupport_cExport.cmake\n'}
[20.454159] (dynamixel_sdk_custom_interfaces) StdoutLine: {'line': b'-- Up-to-date: /workspaces/UON-CS-robotlab-simulation-container/install/dynamixel_sdk_custom_interfaces/share/dynamixel_sdk_custom_interfaces/cmake/dynamixel_sdk_custom_interfaces__rosidl_typesupport_cExport-noconfig.cmake\n'}
[20.455101] (dynamixel_sdk_custom_interfaces) StdoutLine: {'line': b'-- Up-to-date: /workspaces/UON-CS-robotlab-simulation-container/install/dynamixel_sdk_custom_interfaces/share/dynamixel_sdk_custom_interfaces/cmake/dynamixel_sdk_custom_interfaces__rosidl_typesupport_introspection_cppExport.cmake\n'}
[20.455218] (dynamixel_sdk_custom_interfaces) StdoutLine: {'line': b'-- Up-to-date: /workspaces/UON-CS-robotlab-simulation-container/install/dynamixel_sdk_custom_interfaces/share/dynamixel_sdk_custom_interfaces/cmake/dynamixel_sdk_custom_interfaces__rosidl_typesupport_introspection_cppExport-noconfig.cmake\n'}
[20.461229] (dynamixel_sdk_custom_interfaces) StdoutLine: {'line': b'-- Up-to-date: /workspaces/UON-CS-robotlab-simulation-container/install/dynamixel_sdk_custom_interfaces/share/dynamixel_sdk_custom_interfaces/cmake/dynamixel_sdk_custom_interfaces__rosidl_typesupport_cppExport.cmake\n'}
[20.464458] (dynamixel_sdk_custom_interfaces) StdoutLine: {'line': b'-- Up-to-date: /workspaces/UON-CS-robotlab-simulation-container/install/dynamixel_sdk_custom_interfaces/share/dynamixel_sdk_custom_interfaces/cmake/dynamixel_sdk_custom_interfaces__rosidl_typesupport_cppExport-noconfig.cmake\n'}
[20.464734] (dynamixel_sdk_custom_interfaces) StdoutLine: {'line': b'-- Up-to-date: /workspaces/UON-CS-robotlab-simulation-container/install/dynamixel_sdk_custom_interfaces/share/dynamixel_sdk_custom_interfaces/cmake/export_dynamixel_sdk_custom_interfaces__rosidl_generator_pyExport.cmake\n'}
[20.464884] (dynamixel_sdk_custom_interfaces) StdoutLine: {'line': b'-- Up-to-date: /workspaces/UON-CS-robotlab-simulation-container/install/dynamixel_sdk_custom_interfaces/share/dynamixel_sdk_custom_interfaces/cmake/export_dynamixel_sdk_custom_interfaces__rosidl_generator_pyExport-noconfig.cmake\n'}
[20.466107] (-) TimerEvent: {}
[20.470971] (dynamixel_sdk_custom_interfaces) CommandEnded: {'returncode': 0}
[20.511280] (dynamixel_sdk_custom_interfaces) JobEnded: {'identifier': 'dynamixel_sdk_custom_interfaces', 'rc': 0}
[20.512124] (turtlebot3_manipulation_gazebo) JobStarted: {'identifier': 'turtlebot3_manipulation_gazebo'}
[20.524762] (turtlebot3_manipulation_gazebo) JobProgress: {'identifier': 'turtlebot3_manipulation_gazebo', 'progress': 'cmake'}
[20.526754] (turtlebot3_manipulation_gazebo) JobProgress: {'identifier': 'turtlebot3_manipulation_gazebo', 'progress': 'build'}
[20.531159] (turtlebot3_manipulation_gazebo) Command: {'cmd': ['/usr/bin/cmake', '--build', '/workspaces/UON-CS-robotlab-simulation-container/build/turtlebot3_manipulation_gazebo', '--', '-j2', '-l2'], 'cwd': '/workspaces/UON-CS-robotlab-simulation-container/build/turtlebot3_manipulation_gazebo', 'env': OrderedDict([('GITHUB_TOKEN', 'ghu_B4O6CZhcVLRE0OX7B0pYH9Kn8C5gJq2RIGly'), ('GITHUB_CODESPACE_TOKEN', 'AOKRK4WKUJC5CQRMWNS6OXDKNJSNPANCNFSM4AXFRYHA'), ('FEATURE_SPARK_POST_COMMIT_CREATE_ITERATION', 'true'), ('HOSTNAME', 'codespaces-ad2f20'), ('GITHUB_CODESPACES_PORT_FORWARDING_DOMAIN', 'app.github.dev'), ('SHLVL', '2'), ('LD_LIBRARY_PATH', '/workspaces/UON-CS-robotlab-simulation-container/install/turtlebot3_msgs/lib:/workspaces/UON-CS-robotlab-simulation-container/install/dynamixel_sdk_custom_interfaces/lib:/workspaces/UON-CS-robotlab-simulation-container/install/dynamixel_sdk/lib:/usr/lib/x86_64-linux-gnu/gazebo-11/plugins:/opt/ros/humble/opt/rviz_ogre_vendor/lib:/opt/ros/humble/lib/x86_64-linux-gnu:/opt/ros/humble/lib'), ('HOME', '/home/vscode'), ('OLDPWD', '/workspaces/UON-CS-robotlab-simulation-container'), ('CODESPACES', 'true'), ('ROS_PYTHON_VERSION', '3'), ('GITHUB_USER', 'mohammad-areeb'), ('GITHUB_GRAPHQL_URL', 'https://api.github.com/graphql'), ('COLCON_PREFIX_PATH', '/workspaces/UON-CS-robotlab-simulation-container/install'), ('ROS_DISTRO', 'humble'), ('ContainerVersion', '13'), ('GITHUB_API_URL', 'https://api.github.com'), ('RepositoryName', 'UON-CS-robotlab-simulation-container'), ('_', '/usr/bin/colcon'), ('ROS_VERSION', '2'), ('CLOUDENV_ENVIRONMENT_ID', '344bab99-1d47-4655-88f7-fee790854045'), ('TERM', 'xterm'), ('ROS_LOCALHOST_ONLY', '0'), ('PATH', '/opt/ros/humble/bin:/usr/local/sbin:/usr/local/bin:/usr/sbin:/usr/bin:/sbin:/bin'), ('SHELL_LOGGED_IN', 'true'), ('DISPLAY', ':1'), ('LANG', 'C.UTF-8'), ('LS_COLORS', ''), ('GITHUB_REPOSITORY', 'mohammad-areeb/UON-CS-robotlab-simulation-container'), ('ROS_DOMAIN_ID', '30'), ('AMENT_PREFIX_PATH', '/workspaces/UON-CS-robotlab-simulation-container/install/turtlebot3:/workspaces/UON-CS-robotlab-simulation-container/install/turtlebot3_teleop:/workspaces/UON-CS-robotlab-simulation-container/install/turtlebot3_simulations:/workspaces/UON-CS-robotlab-simulation-container/install/turtlebot3_bringup:/workspaces/UON-CS-robotlab-simulation-container/install/turtlebot3_node:/workspaces/UON-CS-robotlab-simulation-container/install/turtlebot3_navigation2:/workspaces/UON-CS-robotlab-simulation-container/install/turtlebot3_fake_node:/workspaces/UON-CS-robotlab-simulation-container/install/turtlebot3_example:/workspaces/UON-CS-robotlab-simulation-container/install/turtlebot3_msgs:/workspaces/UON-CS-robotlab-simulation-container/install/turtlebot3_manipulation_gazebo:/workspaces/UON-CS-robotlab-simulation-container/install/turtlebot3_gazebo:/workspaces/UON-CS-robotlab-simulation-container/install/turtlebot3_description:/workspaces/UON-CS-robotlab-simulation-container/install/turtlebot3_cartographer:/workspaces/UON-CS-robotlab-simulation-container/install/dynamixel_sdk_examples:/workspaces/UON-CS-robotlab-simulation-container/install/dynamixel_sdk_custom_interfaces:/workspaces/UON-CS-robotlab-simulation-container/install/dynamixel_sdk:/opt/ros/humble'), ('DEBIAN_FRONTEND', 'noninteractive'), ('SHELL', '/bin/bash'), ('PWD', '/workspaces/UON-CS-robotlab-simulation-container/build/turtlebot3_manipulation_gazebo'), ('INTERNAL_VSCS_TARGET_URL', 'https://uksouth.online.visualstudio.com'), ('TURTLEBOT3_MODEL', 'waffle'), ('LC_ALL', 'C.UTF-8'), ('GITHUB_SERVER_URL', 'https://github.com'), ('PYTHONPATH', '/workspaces/UON-CS-robotlab-simulation-container/build/turtlebot3_teleop:/workspaces/UON-CS-robotlab-simulation-container/install/turtlebot3_teleop/lib/python3.10/site-packages:/workspaces/UON-CS-robotlab-simulation-container/build/turtlebot3_example:/workspaces/UON-CS-robotlab-simulation-container/install/turtlebot3_example/lib/python3.10/site-packages:/workspaces/UON-CS-robotlab-simulation-container/install/turtlebot3_msgs/local/lib/python3.10/dist-packages:/workspaces/UON-CS-robotlab-simulation-container/install/dynamixel_sdk_custom_interfaces/local/lib/python3.10/dist-packages:/workspaces/UON-CS-robotlab-simulation-container/install/dynamixel_sdk/local/lib/python3.10/dist-packages:/opt/ros/humble/lib/python3.10/site-packages:/opt/ros/humble/local/lib/python3.10/dist-packages'), ('CODESPACE_NAME', 'urban-space-garbanzo-j7wwvprrjjp25j95'), ('COLCON', '1'), ('CMAKE_PREFIX_PATH', '/workspaces/UON-CS-robotlab-simulation-container/install/turtlebot3:/workspaces/UON-CS-robotlab-simulation-container/install/turtlebot3_simulations:/workspaces/UON-CS-robotlab-simulation-container/install/turtlebot3_bringup:/workspaces/UON-CS-robotlab-simulation-container/install/turtlebot3_node:/workspaces/UON-CS-robotlab-simulation-container/install/turtlebot3_navigation2:/workspaces/UON-CS-robotlab-simulation-container/install/turtlebot3_fake_node:/workspaces/UON-CS-robotlab-simulation-container/install/turtlebot3_msgs:/workspaces/UON-CS-robotlab-simulation-container/install/turtlebot3_manipulation_gazebo:/workspaces/UON-CS-robotlab-simulation-container/install/turtlebot3_gazebo:/workspaces/UON-CS-robotlab-simulation-container/install/turtlebot3_description:/workspaces/UON-CS-robotlab-simulation-container/install/turtlebot3_cartographer:/workspaces/UON-CS-robotlab-simulation-container/install/dynamixel_sdk_examples:/workspaces/UON-CS-robotlab-simulation-container/install/dynamixel_sdk_custom_interfaces:/workspaces/UON-CS-robotlab-simulation-container/install/dynamixel_sdk:/workspaces/UON-CS-robotlab-simulation-container/install/turtlebot3_teleop:/workspaces/UON-CS-robotlab-simulation-container/install/turtlebot3_example:/opt/ros/humble')]), 'shell': False}
[20.569522] (-) TimerEvent: {}
[20.667937] (turtlebot3_gazebo) StdoutLine: {'line': b'\x1b[35m\x1b[1mConsolidate compiler generated dependencies of target turtlebot3_drive\x1b[0m\n'}
[20.671443] (-) TimerEvent: {}
[20.713538] (turtlebot3_manipulation_gazebo) CommandEnded: {'returncode': 0}
[20.718440] (turtlebot3_manipulation_gazebo) JobProgress: {'identifier': 'turtlebot3_manipulation_gazebo', 'progress': 'install'}
[20.718535] (turtlebot3_manipulation_gazebo) Command: {'cmd': ['/usr/bin/cmake', '--install', '/workspaces/UON-CS-robotlab-simulation-container/build/turtlebot3_manipulation_gazebo'], 'cwd': '/workspaces/UON-CS-robotlab-simulation-container/build/turtlebot3_manipulation_gazebo', 'env': OrderedDict([('GITHUB_TOKEN', 'ghu_B4O6CZhcVLRE0OX7B0pYH9Kn8C5gJq2RIGly'), ('GITHUB_CODESPACE_TOKEN', 'AOKRK4WKUJC5CQRMWNS6OXDKNJSNPANCNFSM4AXFRYHA'), ('FEATURE_SPARK_POST_COMMIT_CREATE_ITERATION', 'true'), ('HOSTNAME', 'codespaces-ad2f20'), ('GITHUB_CODESPACES_PORT_FORWARDING_DOMAIN', 'app.github.dev'), ('SHLVL', '2'), ('LD_LIBRARY_PATH', '/workspaces/UON-CS-robotlab-simulation-container/install/turtlebot3_msgs/lib:/workspaces/UON-CS-robotlab-simulation-container/install/dynamixel_sdk_custom_interfaces/lib:/workspaces/UON-CS-robotlab-simulation-container/install/dynamixel_sdk/lib:/usr/lib/x86_64-linux-gnu/gazebo-11/plugins:/opt/ros/humble/opt/rviz_ogre_vendor/lib:/opt/ros/humble/lib/x86_64-linux-gnu:/opt/ros/humble/lib'), ('HOME', '/home/vscode'), ('OLDPWD', '/workspaces/UON-CS-robotlab-simulation-container'), ('CODESPACES', 'true'), ('ROS_PYTHON_VERSION', '3'), ('GITHUB_USER', 'mohammad-areeb'), ('GITHUB_GRAPHQL_URL', 'https://api.github.com/graphql'), ('COLCON_PREFIX_PATH', '/workspaces/UON-CS-robotlab-simulation-container/install'), ('ROS_DISTRO', 'humble'), ('ContainerVersion', '13'), ('GITHUB_API_URL', 'https://api.github.com'), ('RepositoryName', 'UON-CS-robotlab-simulation-container'), ('_', '/usr/bin/colcon'), ('ROS_VERSION', '2'), ('CLOUDENV_ENVIRONMENT_ID', '344bab99-1d47-4655-88f7-fee790854045'), ('TERM', 'xterm'), ('ROS_LOCALHOST_ONLY', '0'), ('PATH', '/opt/ros/humble/bin:/usr/local/sbin:/usr/local/bin:/usr/sbin:/usr/bin:/sbin:/bin'), ('SHELL_LOGGED_IN', 'true'), ('DISPLAY', ':1'), ('LANG', 'C.UTF-8'), ('LS_COLORS', ''), ('GITHUB_REPOSITORY', 'mohammad-areeb/UON-CS-robotlab-simulation-container'), ('ROS_DOMAIN_ID', '30'), ('AMENT_PREFIX_PATH', '/workspaces/UON-CS-robotlab-simulation-container/install/turtlebot3:/workspaces/UON-CS-robotlab-simulation-container/install/turtlebot3_teleop:/workspaces/UON-CS-robotlab-simulation-container/install/turtlebot3_simulations:/workspaces/UON-CS-robotlab-simulation-container/install/turtlebot3_bringup:/workspaces/UON-CS-robotlab-simulation-container/install/turtlebot3_node:/workspaces/UON-CS-robotlab-simulation-container/install/turtlebot3_navigation2:/workspaces/UON-CS-robotlab-simulation-container/install/turtlebot3_fake_node:/workspaces/UON-CS-robotlab-simulation-container/install/turtlebot3_example:/workspaces/UON-CS-robotlab-simulation-container/install/turtlebot3_msgs:/workspaces/UON-CS-robotlab-simulation-container/install/turtlebot3_manipulation_gazebo:/workspaces/UON-CS-robotlab-simulation-container/install/turtlebot3_gazebo:/workspaces/UON-CS-robotlab-simulation-container/install/turtlebot3_description:/workspaces/UON-CS-robotlab-simulation-container/install/turtlebot3_cartographer:/workspaces/UON-CS-robotlab-simulation-container/install/dynamixel_sdk_examples:/workspaces/UON-CS-robotlab-simulation-container/install/dynamixel_sdk_custom_interfaces:/workspaces/UON-CS-robotlab-simulation-container/install/dynamixel_sdk:/opt/ros/humble'), ('DEBIAN_FRONTEND', 'noninteractive'), ('SHELL', '/bin/bash'), ('PWD', '/workspaces/UON-CS-robotlab-simulation-container/build/turtlebot3_manipulation_gazebo'), ('INTERNAL_VSCS_TARGET_URL', 'https://uksouth.online.visualstudio.com'), ('TURTLEBOT3_MODEL', 'waffle'), ('LC_ALL', 'C.UTF-8'), ('GITHUB_SERVER_URL', 'https://github.com'), ('PYTHONPATH', '/workspaces/UON-CS-robotlab-simulation-container/build/turtlebot3_teleop:/workspaces/UON-CS-robotlab-simulation-container/install/turtlebot3_teleop/lib/python3.10/site-packages:/workspaces/UON-CS-robotlab-simulation-container/build/turtlebot3_example:/workspaces/UON-CS-robotlab-simulation-container/install/turtlebot3_example/lib/python3.10/site-packages:/workspaces/UON-CS-robotlab-simulation-container/install/turtlebot3_msgs/local/lib/python3.10/dist-packages:/workspaces/UON-CS-robotlab-simulation-container/install/dynamixel_sdk_custom_interfaces/local/lib/python3.10/dist-packages:/workspaces/UON-CS-robotlab-simulation-container/install/dynamixel_sdk/local/lib/python3.10/dist-packages:/opt/ros/humble/lib/python3.10/site-packages:/opt/ros/humble/local/lib/python3.10/dist-packages'), ('CODESPACE_NAME', 'urban-space-garbanzo-j7wwvprrjjp25j95'), ('COLCON', '1'), ('CMAKE_PREFIX_PATH', '/workspaces/UON-CS-robotlab-simulation-container/install/turtlebot3:/workspaces/UON-CS-robotlab-simulation-container/install/turtlebot3_simulations:/workspaces/UON-CS-robotlab-simulation-container/install/turtlebot3_bringup:/workspaces/UON-CS-robotlab-simulation-container/install/turtlebot3_node:/workspaces/UON-CS-robotlab-simulation-container/install/turtlebot3_navigation2:/workspaces/UON-CS-robotlab-simulation-container/install/turtlebot3_fake_node:/workspaces/UON-CS-robotlab-simulation-container/install/turtlebot3_msgs:/workspaces/UON-CS-robotlab-simulation-container/install/turtlebot3_manipulation_gazebo:/workspaces/UON-CS-robotlab-simulation-container/install/turtlebot3_gazebo:/workspaces/UON-CS-robotlab-simulation-container/install/turtlebot3_description:/workspaces/UON-CS-robotlab-simulation-container/install/turtlebot3_cartographer:/workspaces/UON-CS-robotlab-simulation-container/install/dynamixel_sdk_examples:/workspaces/UON-CS-robotlab-simulation-container/install/dynamixel_sdk_custom_interfaces:/workspaces/UON-CS-robotlab-simulation-container/install/dynamixel_sdk:/workspaces/UON-CS-robotlab-simulation-container/install/turtlebot3_teleop:/workspaces/UON-CS-robotlab-simulation-container/install/turtlebot3_example:/opt/ros/humble')]), 'shell': False}
[20.767213] (turtlebot3_manipulation_gazebo) StdoutLine: {'line': b'-- Install configuration: ""\n'}
[20.770350] (turtlebot3_manipulation_gazebo) StdoutLine: {'line': b'-- Execute custom install script\n'}
[20.772033] (-) TimerEvent: {}
[20.776909] (turtlebot3_manipulation_gazebo) StdoutLine: {'line': b'-- Up-to-date symlink: /workspaces/UON-CS-robotlab-simulation-container/install/turtlebot3_manipulation_gazebo/share/turtlebot3_manipulation_gazebo/config/gazebo_controller_manager.yaml\n'}
[20.777969] (turtlebot3_manipulation_gazebo) StdoutLine: {'line': b'-- Up-to-date symlink: /workspaces/UON-CS-robotlab-simulation-container/install/turtlebot3_manipulation_gazebo/share/turtlebot3_manipulation_gazebo/config/hardware_controller_manager.yaml\n'}
[20.781615] (turtlebot3_manipulation_gazebo) StdoutLine: {'line': b'-- Up-to-date symlink: /workspaces/UON-CS-robotlab-simulation-container/install/turtlebot3_manipulation_gazebo/share/turtlebot3_manipulation_gazebo/gazebo/materials.xacro\n'}
[20.781754] (turtlebot3_manipulation_gazebo) StdoutLine: {'line': b'-- Up-to-date symlink: /workspaces/UON-CS-robotlab-simulation-container/install/turtlebot3_manipulation_gazebo/share/turtlebot3_manipulation_gazebo/gazebo/open_manipulator_x.gazebo.xacro\n'}
[20.781858] (turtlebot3_manipulation_gazebo) StdoutLine: {'line': b'-- Up-to-date symlink: /workspaces/UON-CS-robotlab-simulation-container/install/turtlebot3_manipulation_gazebo/share/turtlebot3_manipulation_gazebo/gazebo/turtlebot3_waffle_pi.gazebo.xacro\n'}
[20.783525] (turtlebot3_manipulation_gazebo) StdoutLine: {'line': b'-- Up-to-date symlink: /workspaces/UON-CS-robotlab-simulation-container/install/turtlebot3_manipulation_gazebo/share/turtlebot3_manipulation_gazebo/launch/base.launch.py\n'}
[20.785282] (turtlebot3_manipulation_gazebo) StdoutLine: {'line': b'-- Up-to-date symlink: /workspaces/UON-CS-robotlab-simulation-container/install/turtlebot3_manipulation_gazebo/share/turtlebot3_manipulation_gazebo/launch/fake.launch.py\n'}
[20.785537] (turtlebot3_manipulation_gazebo) StdoutLine: {'line': b'-- Up-to-date symlink: /workspaces/UON-CS-robotlab-simulation-container/install/turtlebot3_manipulation_gazebo/share/turtlebot3_manipulation_gazebo/launch/gazebo.launch.py\n'}
[20.787883] (turtlebot3_manipulation_gazebo) StdoutLine: {'line': b'-- Up-to-date symlink: /workspaces/UON-CS-robotlab-simulation-container/install/turtlebot3_manipulation_gazebo/share/turtlebot3_manipulation_gazebo/launch/turtlebot3_home_service_challenge.launch.py\n'}
[20.789686] (turtlebot3_manipulation_gazebo) StdoutLine: {'line': b'-- Up-to-date symlink: /workspaces/UON-CS-robotlab-simulation-container/install/turtlebot3_manipulation_gazebo/share/turtlebot3_manipulation_gazebo/ros2_control/turtlebot3_manipulation_system.ros2_control.xacro\n'}
[20.793874] (turtlebot3_manipulation_gazebo) StdoutLine: {'line': b'-- Up-to-date symlink: /workspaces/UON-CS-robotlab-simulation-container/install/turtlebot3_manipulation_gazebo/share/turtlebot3_manipulation_gazebo/rviz/turtlebot3_manipulation.rviz\n'}
[20.796168] (turtlebot3_manipulation_gazebo) StdoutLine: {'line': b'-- Up-to-date symlink: /workspaces/UON-CS-robotlab-simulation-container/install/turtlebot3_manipulation_gazebo/share/turtlebot3_manipulation_gazebo/urdf/open_manipulator_x.urdf.xacro\n'}
[20.796344] (turtlebot3_manipulation_gazebo) StdoutLine: {'line': b'-- Up-to-date symlink: /workspaces/UON-CS-robotlab-simulation-container/install/turtlebot3_manipulation_gazebo/share/turtlebot3_manipulation_gazebo/urdf/turtlebot3_manipulation.urdf.xacro\n'}
[20.796631] (turtlebot3_manipulation_gazebo) StdoutLine: {'line': b'-- Up-to-date symlink: /workspaces/UON-CS-robotlab-simulation-container/install/turtlebot3_manipulation_gazebo/share/turtlebot3_manipulation_gazebo/urdf/turtlebot3_waffle_pi.urdf.xacro\n'}
[20.799879] (turtlebot3_manipulation_gazebo) StdoutLine: {'line': b'-- Up-to-date symlink: /workspaces/UON-CS-robotlab-simulation-container/install/turtlebot3_manipulation_gazebo/share/turtlebot3_manipulation_gazebo/worlds/turtlebot3_home_service_challenge.world\n'}
[20.805494] (turtlebot3_manipulation_gazebo) StdoutLine: {'line': b'-- Up-to-date symlink: /workspaces/UON-CS-robotlab-simulation-container/install/turtlebot3_manipulation_gazebo/share/turtlebot3_manipulation_gazebo/models/turtlebot3_home_service_challenge/marker0/materials/textures/Marker0.png\n'}
[20.806840] (turtlebot3_manipulation_gazebo) StdoutLine: {'line': b'-- Up-to-date symlink: /workspaces/UON-CS-robotlab-simulation-container/install/turtlebot3_manipulation_gazebo/share/turtlebot3_manipulation_gazebo/models/turtlebot3_home_service_challenge/marker0/meshes/Marker0.dae\n'}
[20.807192] (turtlebot3_manipulation_gazebo) StdoutLine: {'line': b'-- Up-to-date symlink: /workspaces/UON-CS-robotlab-simulation-container/install/turtlebot3_manipulation_gazebo/share/turtlebot3_manipulation_gazebo/models/turtlebot3_home_service_challenge/marker0/model-1_4.sdf\n'}
[20.811090] (turtlebot3_manipulation_gazebo) StdoutLine: {'line': b'-- Up-to-date symlink: /workspaces/UON-CS-robotlab-simulation-container/install/turtlebot3_manipulation_gazebo/share/turtlebot3_manipulation_gazebo/models/turtlebot3_home_service_challenge/marker0/model-1_5.sdf\n'}
[20.815227] (turtlebot3_gazebo) StdoutLine: {'line': b'[ 16%] Built target turtlebot3_drive\n'}
[20.848617] (turtlebot3_manipulation_gazebo) StdoutLine: {'line': b'-- Up-to-date symlink: /workspaces/UON-CS-robotlab-simulation-container/install/turtlebot3_manipulation_gazebo/share/turtlebot3_manipulation_gazebo/models/turtlebot3_home_service_challenge/marker0/model.config\n'}
[20.849518] (turtlebot3_manipulation_gazebo) StdoutLine: {'line': b'-- Up-to-date symlink: /workspaces/UON-CS-robotlab-simulation-container/install/turtlebot3_manipulation_gazebo/share/turtlebot3_manipulation_gazebo/models/turtlebot3_home_service_challenge/marker0/model.sdf\n'}
[20.864530] (turtlebot3_manipulation_gazebo) StdoutLine: {'line': b'-- Up-to-date symlink: /workspaces/UON-CS-robotlab-simulation-container/install/turtlebot3_manipulation_gazebo/share/turtlebot3_manipulation_gazebo/models/turtlebot3_home_service_challenge/marker1/materials/textures/Marker1.png\n'}
[20.865362] (turtlebot3_manipulation_gazebo) StdoutLine: {'line': b'-- Up-to-date symlink: /workspaces/UON-CS-robotlab-simulation-container/install/turtlebot3_manipulation_gazebo/share/turtlebot3_manipulation_gazebo/models/turtlebot3_home_service_challenge/marker1/meshes/Marker1.dae\n'}
[20.868780] (turtlebot3_manipulation_gazebo) StdoutLine: {'line': b'-- Up-to-date symlink: /workspaces/UON-CS-robotlab-simulation-container/install/turtlebot3_manipulation_gazebo/share/turtlebot3_manipulation_gazebo/models/turtlebot3_home_service_challenge/marker1/model-1_4.sdf\n'}
[20.868954] (turtlebot3_manipulation_gazebo) StdoutLine: {'line': b'-- Up-to-date symlink: /workspaces/UON-CS-robotlab-simulation-container/install/turtlebot3_manipulation_gazebo/share/turtlebot3_manipulation_gazebo/models/turtlebot3_home_service_challenge/marker1/model-1_5.sdf\n'}
[20.869066] (turtlebot3_manipulation_gazebo) StdoutLine: {'line': b'-- Up-to-date symlink: /workspaces/UON-CS-robotlab-simulation-container/install/turtlebot3_manipulation_gazebo/share/turtlebot3_manipulation_gazebo/models/turtlebot3_home_service_challenge/marker1/model.config\n'}
[20.869177] (turtlebot3_manipulation_gazebo) StdoutLine: {'line': b'-- Up-to-date symlink: /workspaces/UON-CS-robotlab-simulation-container/install/turtlebot3_manipulation_gazebo/share/turtlebot3_manipulation_gazebo/models/turtlebot3_home_service_challenge/marker1/model.sdf\n'}
[20.869285] (turtlebot3_manipulation_gazebo) StdoutLine: {'line': b'-- Up-to-date symlink: /workspaces/UON-CS-robotlab-simulation-container/install/turtlebot3_manipulation_gazebo/share/turtlebot3_manipulation_gazebo/models/turtlebot3_home_service_challenge/marker2/materials/textures/Marker2.png\n'}
[20.873907] (turtlebot3_manipulation_gazebo) StdoutLine: {'line': b'-- Up-to-date symlink: /workspaces/UON-CS-robotlab-simulation-container/install/turtlebot3_manipulation_gazebo/share/turtlebot3_manipulation_gazebo/models/turtlebot3_home_service_challenge/marker2/meshes/Marker2.dae\n'}
[20.874077] (-) TimerEvent: {}
[20.874764] (turtlebot3_manipulation_gazebo) StdoutLine: {'line': b'-- Up-to-date symlink: /workspaces/UON-CS-robotlab-simulation-container/install/turtlebot3_manipulation_gazebo/share/turtlebot3_manipulation_gazebo/models/turtlebot3_home_service_challenge/marker2/model-1_4.sdf\n'}
[20.876725] (turtlebot3_manipulation_gazebo) StdoutLine: {'line': b'-- Up-to-date symlink: /workspaces/UON-CS-robotlab-simulation-container/install/turtlebot3_manipulation_gazebo/share/turtlebot3_manipulation_gazebo/models/turtlebot3_home_service_challenge/marker2/model-1_5.sdf\n'}
[20.879115] (turtlebot3_manipulation_gazebo) StdoutLine: {'line': b'-- Up-to-date symlink: /workspaces/UON-CS-robotlab-simulation-container/install/turtlebot3_manipulation_gazebo/share/turtlebot3_manipulation_gazebo/models/turtlebot3_home_service_challenge/marker2/model.config\n'}
[20.881445] (turtlebot3_manipulation_gazebo) StdoutLine: {'line': b'-- Up-to-date symlink: /workspaces/UON-CS-robotlab-simulation-container/install/turtlebot3_manipulation_gazebo/share/turtlebot3_manipulation_gazebo/models/turtlebot3_home_service_challenge/marker2/model.sdf\n'}
[20.881620] (turtlebot3_manipulation_gazebo) StdoutLine: {'line': b'-- Up-to-date symlink: /workspaces/UON-CS-robotlab-simulation-container/install/turtlebot3_manipulation_gazebo/share/turtlebot3_manipulation_gazebo/models/turtlebot3_home_service_challenge/marker3/materials/textures/Marker3.png\n'}
[20.881741] (turtlebot3_manipulation_gazebo) StdoutLine: {'line': b'-- Up-to-date symlink: /workspaces/UON-CS-robotlab-simulation-container/install/turtlebot3_manipulation_gazebo/share/turtlebot3_manipulation_gazebo/models/turtlebot3_home_service_challenge/marker3/meshes/Marker3.dae\n'}
[20.885370] (turtlebot3_manipulation_gazebo) StdoutLine: {'line': b'-- Up-to-date symlink: /workspaces/UON-CS-robotlab-simulation-container/install/turtlebot3_manipulation_gazebo/share/turtlebot3_manipulation_gazebo/models/turtlebot3_home_service_challenge/marker3/model-1_4.sdf\n'}
[20.885545] (turtlebot3_manipulation_gazebo) StdoutLine: {'line': b'-- Up-to-date symlink: /workspaces/UON-CS-robotlab-simulation-container/install/turtlebot3_manipulation_gazebo/share/turtlebot3_manipulation_gazebo/models/turtlebot3_home_service_challenge/marker3/model-1_5.sdf\n'}
[20.885640] (turtlebot3_manipulation_gazebo) StdoutLine: {'line': b'-- Up-to-date symlink: /workspaces/UON-CS-robotlab-simulation-container/install/turtlebot3_manipulation_gazebo/share/turtlebot3_manipulation_gazebo/models/turtlebot3_home_service_challenge/marker3/model.config\n'}
[20.887131] (turtlebot3_manipulation_gazebo) StdoutLine: {'line': b'-- Up-to-date symlink: /workspaces/UON-CS-robotlab-simulation-container/install/turtlebot3_manipulation_gazebo/share/turtlebot3_manipulation_gazebo/models/turtlebot3_home_service_challenge/marker3/model.sdf\n'}
[20.888869] (turtlebot3_manipulation_gazebo) StdoutLine: {'line': b'-- Up-to-date symlink: /workspaces/UON-CS-robotlab-simulation-container/install/turtlebot3_manipulation_gazebo/share/turtlebot3_manipulation_gazebo/models/turtlebot3_home_service_challenge/marker4/materials/textures/Marker4.png\n'}
[20.891881] (turtlebot3_manipulation_gazebo) StdoutLine: {'line': b'-- Up-to-date symlink: /workspaces/UON-CS-robotlab-simulation-container/install/turtlebot3_manipulation_gazebo/share/turtlebot3_manipulation_gazebo/models/turtlebot3_home_service_challenge/marker4/meshes/Marker4.dae\n'}
[20.892037] (turtlebot3_manipulation_gazebo) StdoutLine: {'line': b'-- Up-to-date symlink: /workspaces/UON-CS-robotlab-simulation-container/install/turtlebot3_manipulation_gazebo/share/turtlebot3_manipulation_gazebo/models/turtlebot3_home_service_challenge/marker4/model-1_4.sdf\n'}
[20.893156] (turtlebot3_manipulation_gazebo) StdoutLine: {'line': b'-- Up-to-date symlink: /workspaces/UON-CS-robotlab-simulation-container/install/turtlebot3_manipulation_gazebo/share/turtlebot3_manipulation_gazebo/models/turtlebot3_home_service_challenge/marker4/model-1_5.sdf\n'}
[20.893954] (turtlebot3_manipulation_gazebo) StdoutLine: {'line': b'-- Up-to-date symlink: /workspaces/UON-CS-robotlab-simulation-container/install/turtlebot3_manipulation_gazebo/share/turtlebot3_manipulation_gazebo/models/turtlebot3_home_service_challenge/marker4/model.config\n'}
[20.900870] (turtlebot3_manipulation_gazebo) StdoutLine: {'line': b'-- Up-to-date symlink: /workspaces/UON-CS-robotlab-simulation-container/install/turtlebot3_manipulation_gazebo/share/turtlebot3_manipulation_gazebo/models/turtlebot3_home_service_challenge/marker4/model.sdf\n'}
[20.901039] (turtlebot3_manipulation_gazebo) StdoutLine: {'line': b'-- Up-to-date symlink: /workspaces/UON-CS-robotlab-simulation-container/install/turtlebot3_manipulation_gazebo/share/turtlebot3_manipulation_gazebo/models/turtlebot3_home_service_challenge/marker5/materials/textures/Marker5.png\n'}
[20.901158] (turtlebot3_manipulation_gazebo) StdoutLine: {'line': b'-- Up-to-date symlink: /workspaces/UON-CS-robotlab-simulation-container/install/turtlebot3_manipulation_gazebo/share/turtlebot3_manipulation_gazebo/models/turtlebot3_home_service_challenge/marker5/meshes/Marker5.dae\n'}
[20.901521] (turtlebot3_manipulation_gazebo) StdoutLine: {'line': b'-- Up-to-date symlink: /workspaces/UON-CS-robotlab-simulation-container/install/turtlebot3_manipulation_gazebo/share/turtlebot3_manipulation_gazebo/models/turtlebot3_home_service_challenge/marker5/model-1_4.sdf\n'}
[20.901666] (turtlebot3_manipulation_gazebo) StdoutLine: {'line': b'-- Up-to-date symlink: /workspaces/UON-CS-robotlab-simulation-container/install/turtlebot3_manipulation_gazebo/share/turtlebot3_manipulation_gazebo/models/turtlebot3_home_service_challenge/marker5/model-1_5.sdf\n'}
[20.902018] (turtlebot3_manipulation_gazebo) StdoutLine: {'line': b'-- Up-to-date symlink: /workspaces/UON-CS-robotlab-simulation-container/install/turtlebot3_manipulation_gazebo/share/turtlebot3_manipulation_gazebo/models/turtlebot3_home_service_challenge/marker5/model.config\n'}
[20.905556] (turtlebot3_manipulation_gazebo) StdoutLine: {'line': b'-- Up-to-date symlink: /workspaces/UON-CS-robotlab-simulation-container/install/turtlebot3_manipulation_gazebo/share/turtlebot3_manipulation_gazebo/models/turtlebot3_home_service_challenge/marker5/model.sdf\n'}
[20.905942] (turtlebot3_manipulation_gazebo) StdoutLine: {'line': b'-- Up-to-date symlink: /workspaces/UON-CS-robotlab-simulation-container/install/turtlebot3_manipulation_gazebo/share/turtlebot3_manipulation_gazebo/models/turtlebot3_home_service_challenge/marker6/materials/textures/Marker6.png\n'}
[20.907024] (turtlebot3_manipulation_gazebo) StdoutLine: {'line': b'-- Up-to-date symlink: /workspaces/UON-CS-robotlab-simulation-container/install/turtlebot3_manipulation_gazebo/share/turtlebot3_manipulation_gazebo/models/turtlebot3_home_service_challenge/marker6/meshes/Marker6.dae\n'}
[20.909873] (turtlebot3_manipulation_gazebo) StdoutLine: {'line': b'-- Up-to-date symlink: /workspaces/UON-CS-robotlab-simulation-container/install/turtlebot3_manipulation_gazebo/share/turtlebot3_manipulation_gazebo/models/turtlebot3_home_service_challenge/marker6/model-1_4.sdf\n'}
[20.910047] (turtlebot3_manipulation_gazebo) StdoutLine: {'line': b'-- Up-to-date symlink: /workspaces/UON-CS-robotlab-simulation-container/install/turtlebot3_manipulation_gazebo/share/turtlebot3_manipulation_gazebo/models/turtlebot3_home_service_challenge/marker6/model-1_5.sdf\n'}
[20.910680] (turtlebot3_manipulation_gazebo) StdoutLine: {'line': b'-- Up-to-date symlink: /workspaces/UON-CS-robotlab-simulation-container/install/turtlebot3_manipulation_gazebo/share/turtlebot3_manipulation_gazebo/models/turtlebot3_home_service_challenge/marker6/model.config\n'}
[20.912021] (turtlebot3_manipulation_gazebo) StdoutLine: {'line': b'-- Up-to-date symlink: /workspaces/UON-CS-robotlab-simulation-container/install/turtlebot3_manipulation_gazebo/share/turtlebot3_manipulation_gazebo/models/turtlebot3_home_service_challenge/marker6/model.sdf\n'}
[20.912275] (turtlebot3_manipulation_gazebo) StdoutLine: {'line': b'-- Up-to-date symlink: /workspaces/UON-CS-robotlab-simulation-container/install/turtlebot3_manipulation_gazebo/share/turtlebot3_manipulation_gazebo/models/turtlebot3_home_service_challenge/marker7/materials/textures/Marker7.png\n'}
[20.913524] (turtlebot3_manipulation_gazebo) StdoutLine: {'line': b'-- Up-to-date symlink: /workspaces/UON-CS-robotlab-simulation-container/install/turtlebot3_manipulation_gazebo/share/turtlebot3_manipulation_gazebo/models/turtlebot3_home_service_challenge/marker7/meshes/Marker7.dae\n'}
[20.918620] (turtlebot3_manipulation_gazebo) StdoutLine: {'line': b'-- Up-to-date symlink: /workspaces/UON-CS-robotlab-simulation-container/install/turtlebot3_manipulation_gazebo/share/turtlebot3_manipulation_gazebo/models/turtlebot3_home_service_challenge/marker7/model-1_4.sdf\n'}
[20.919382] (turtlebot3_manipulation_gazebo) StdoutLine: {'line': b'-- Up-to-date symlink: /workspaces/UON-CS-robotlab-simulation-container/install/turtlebot3_manipulation_gazebo/share/turtlebot3_manipulation_gazebo/models/turtlebot3_home_service_challenge/marker7/model-1_5.sdf\n'}
[20.920457] (turtlebot3_manipulation_gazebo) StdoutLine: {'line': b'-- Up-to-date symlink: /workspaces/UON-CS-robotlab-simulation-container/install/turtlebot3_manipulation_gazebo/share/turtlebot3_manipulation_gazebo/models/turtlebot3_home_service_challenge/marker7/model.config\n'}
[20.920660] (turtlebot3_manipulation_gazebo) StdoutLine: {'line': b'-- Up-to-date symlink: /workspaces/UON-CS-robotlab-simulation-container/install/turtlebot3_manipulation_gazebo/share/turtlebot3_manipulation_gazebo/models/turtlebot3_home_service_challenge/marker7/model.sdf\n'}
[20.922968] (turtlebot3_manipulation_gazebo) StdoutLine: {'line': b'-- Up-to-date symlink: /workspaces/UON-CS-robotlab-simulation-container/install/turtlebot3_manipulation_gazebo/share/turtlebot3_manipulation_gazebo/models/turtlebot3_home_service_challenge/marker8/materials/textures/Marker8.png\n'}
[20.923121] (turtlebot3_manipulation_gazebo) StdoutLine: {'line': b'-- Up-to-date symlink: /workspaces/UON-CS-robotlab-simulation-container/install/turtlebot3_manipulation_gazebo/share/turtlebot3_manipulation_gazebo/models/turtlebot3_home_service_challenge/marker8/meshes/Marker8.dae\n'}
[20.923238] (turtlebot3_manipulation_gazebo) StdoutLine: {'line': b'-- Up-to-date symlink: /workspaces/UON-CS-robotlab-simulation-container/install/turtlebot3_manipulation_gazebo/share/turtlebot3_manipulation_gazebo/models/turtlebot3_home_service_challenge/marker8/model-1_4.sdf\n'}
[20.923410] (turtlebot3_manipulation_gazebo) StdoutLine: {'line': b'-- Up-to-date symlink: /workspaces/UON-CS-robotlab-simulation-container/install/turtlebot3_manipulation_gazebo/share/turtlebot3_manipulation_gazebo/models/turtlebot3_home_service_challenge/marker8/model-1_5.sdf\n'}
[20.924983] (turtlebot3_manipulation_gazebo) StdoutLine: {'line': b'-- Up-to-date symlink: /workspaces/UON-CS-robotlab-simulation-container/install/turtlebot3_manipulation_gazebo/share/turtlebot3_manipulation_gazebo/models/turtlebot3_home_service_challenge/marker8/model.config\n'}
[20.925470] (turtlebot3_manipulation_gazebo) StdoutLine: {'line': b'-- Up-to-date symlink: /workspaces/UON-CS-robotlab-simulation-container/install/turtlebot3_manipulation_gazebo/share/turtlebot3_manipulation_gazebo/models/turtlebot3_home_service_challenge/marker8/model.sdf\n'}
[20.926813] (turtlebot3_manipulation_gazebo) StdoutLine: {'line': b'-- Up-to-date symlink: /workspaces/UON-CS-robotlab-simulation-container/install/turtlebot3_manipulation_gazebo/share/turtlebot3_manipulation_gazebo/models/turtlebot3_home_service_challenge/marker9/materials/textures/Marker9.png\n'}
[20.932117] (turtlebot3_manipulation_gazebo) StdoutLine: {'line': b'-- Up-to-date symlink: /workspaces/UON-CS-robotlab-simulation-container/install/turtlebot3_manipulation_gazebo/share/turtlebot3_manipulation_gazebo/models/turtlebot3_home_service_challenge/marker9/meshes/Marker9.dae\n'}
[20.935903] (turtlebot3_manipulation_gazebo) StdoutLine: {'line': b'-- Up-to-date symlink: /workspaces/UON-CS-robotlab-simulation-container/install/turtlebot3_manipulation_gazebo/share/turtlebot3_manipulation_gazebo/models/turtlebot3_home_service_challenge/marker9/model-1_4.sdf\n'}
[20.936507] (turtlebot3_manipulation_gazebo) StdoutLine: {'line': b'-- Up-to-date symlink: /workspaces/UON-CS-robotlab-simulation-container/install/turtlebot3_manipulation_gazebo/share/turtlebot3_manipulation_gazebo/models/turtlebot3_home_service_challenge/marker9/model-1_5.sdf\n'}
[20.938113] (turtlebot3_manipulation_gazebo) StdoutLine: {'line': b'-- Up-to-date symlink: /workspaces/UON-CS-robotlab-simulation-container/install/turtlebot3_manipulation_gazebo/share/turtlebot3_manipulation_gazebo/models/turtlebot3_home_service_challenge/marker9/model.config\n'}
[20.938312] (turtlebot3_manipulation_gazebo) StdoutLine: {'line': b'-- Up-to-date symlink: /workspaces/UON-CS-robotlab-simulation-container/install/turtlebot3_manipulation_gazebo/share/turtlebot3_manipulation_gazebo/models/turtlebot3_home_service_challenge/marker9/model.sdf\n'}
[20.942779] (turtlebot3_manipulation_gazebo) StdoutLine: {'line': b'-- Up-to-date symlink: /workspaces/UON-CS-robotlab-simulation-container/install/turtlebot3_manipulation_gazebo/share/turtlebot3_manipulation_gazebo/meshes/open_manipulator_x/gripper_left_palm.stl\n'}
[20.942965] (turtlebot3_manipulation_gazebo) StdoutLine: {'line': b'-- Up-to-date symlink: /workspaces/UON-CS-robotlab-simulation-container/install/turtlebot3_manipulation_gazebo/share/turtlebot3_manipulation_gazebo/meshes/open_manipulator_x/gripper_right_palm.stl\n'}
[20.943118] (turtlebot3_manipulation_gazebo) StdoutLine: {'line': b'-- Up-to-date symlink: /workspaces/UON-CS-robotlab-simulation-container/install/turtlebot3_manipulation_gazebo/share/turtlebot3_manipulation_gazebo/meshes/open_manipulator_x/link1.stl\n'}
[20.943267] (turtlebot3_manipulation_gazebo) StdoutLine: {'line': b'-- Up-to-date symlink: /workspaces/UON-CS-robotlab-simulation-container/install/turtlebot3_manipulation_gazebo/share/turtlebot3_manipulation_gazebo/meshes/open_manipulator_x/link2.stl\n'}
[20.943791] (turtlebot3_manipulation_gazebo) StdoutLine: {'line': b'-- Up-to-date symlink: /workspaces/UON-CS-robotlab-simulation-container/install/turtlebot3_manipulation_gazebo/share/turtlebot3_manipulation_gazebo/meshes/open_manipulator_x/link3.stl\n'}
[20.947879] (turtlebot3_manipulation_gazebo) StdoutLine: {'line': b'-- Up-to-date symlink: /workspaces/UON-CS-robotlab-simulation-container/install/turtlebot3_manipulation_gazebo/share/turtlebot3_manipulation_gazebo/meshes/open_manipulator_x/link4.stl\n'}
[20.948040] (turtlebot3_manipulation_gazebo) StdoutLine: {'line': b'-- Up-to-date symlink: /workspaces/UON-CS-robotlab-simulation-container/install/turtlebot3_manipulation_gazebo/share/turtlebot3_manipulation_gazebo/meshes/open_manipulator_x/link5.stl\n'}
[20.948144] (turtlebot3_manipulation_gazebo) StdoutLine: {'line': b'-- Up-to-date symlink: /workspaces/UON-CS-robotlab-simulation-container/install/turtlebot3_manipulation_gazebo/share/turtlebot3_manipulation_gazebo/meshes/turtlebot3_waffle_pi/base.stl\n'}
[20.948240] (turtlebot3_gazebo) StdoutLine: {'line': b'\x1b[35m\x1b[1mConsolidate compiler generated dependencies of target traffic_light_plugin\x1b[0m\n'}
[20.951870] (turtlebot3_manipulation_gazebo) StdoutLine: {'line': b'-- Up-to-date symlink: /workspaces/UON-CS-robotlab-simulation-container/install/turtlebot3_manipulation_gazebo/share/turtlebot3_manipulation_gazebo/meshes/turtlebot3_waffle_pi/ladar.stl\n'}
[20.952039] (turtlebot3_manipulation_gazebo) StdoutLine: {'line': b'-- Up-to-date symlink: /workspaces/UON-CS-robotlab-simulation-container/install/turtlebot3_manipulation_gazebo/share/turtlebot3_manipulation_gazebo/meshes/turtlebot3_waffle_pi/left_tire.stl\n'}
[20.952164] (turtlebot3_manipulation_gazebo) StdoutLine: {'line': b'-- Up-to-date symlink: /workspaces/UON-CS-robotlab-simulation-container/install/turtlebot3_manipulation_gazebo/share/turtlebot3_manipulation_gazebo/meshes/turtlebot3_waffle_pi/right_tire.stl\n'}
[20.952295] (turtlebot3_manipulation_gazebo) StdoutLine: {'line': b'-- Up-to-date symlink: /workspaces/UON-CS-robotlab-simulation-container/install/turtlebot3_manipulation_gazebo/share/ament_index/resource_index/package_run_dependencies/turtlebot3_manipulation_gazebo\n'}
[20.952407] (turtlebot3_manipulation_gazebo) StdoutLine: {'line': b'-- Up-to-date symlink: /workspaces/UON-CS-robotlab-simulation-container/install/turtlebot3_manipulation_gazebo/share/ament_index/resource_index/parent_prefix_path/turtlebot3_manipulation_gazebo\n'}
[20.952738] (turtlebot3_manipulation_gazebo) StdoutLine: {'line': b'-- Up-to-date symlink: /workspaces/UON-CS-robotlab-simulation-container/install/turtlebot3_manipulation_gazebo/share/turtlebot3_manipulation_gazebo/environment/ament_prefix_path.sh\n'}
[20.954934] (turtlebot3_manipulation_gazebo) StdoutLine: {'line': b'-- Up-to-date symlink: /workspaces/UON-CS-robotlab-simulation-container/install/turtlebot3_manipulation_gazebo/share/turtlebot3_manipulation_gazebo/environment/ament_prefix_path.dsv\n'}
[20.955192] (turtlebot3_manipulation_gazebo) StdoutLine: {'line': b'-- Up-to-date symlink: /workspaces/UON-CS-robotlab-simulation-container/install/turtlebot3_manipulation_gazebo/share/turtlebot3_manipulation_gazebo/environment/path.sh\n'}
[20.956190] (turtlebot3_manipulation_gazebo) StdoutLine: {'line': b'-- Up-to-date symlink: /workspaces/UON-CS-robotlab-simulation-container/install/turtlebot3_manipulation_gazebo/share/turtlebot3_manipulation_gazebo/environment/path.dsv\n'}
[20.957634] (turtlebot3_manipulation_gazebo) StdoutLine: {'line': b'-- Up-to-date symlink: /workspaces/UON-CS-robotlab-simulation-container/install/turtlebot3_manipulation_gazebo/share/turtlebot3_manipulation_gazebo/local_setup.bash\n'}
[20.960299] (turtlebot3_manipulation_gazebo) StdoutLine: {'line': b'-- Up-to-date symlink: /workspaces/UON-CS-robotlab-simulation-container/install/turtlebot3_manipulation_gazebo/share/turtlebot3_manipulation_gazebo/local_setup.sh\n'}
[20.960456] (turtlebot3_manipulation_gazebo) StdoutLine: {'line': b'-- Up-to-date symlink: /workspaces/UON-CS-robotlab-simulation-container/install/turtlebot3_manipulation_gazebo/share/turtlebot3_manipulation_gazebo/local_setup.zsh\n'}
[20.963940] (turtlebot3_manipulation_gazebo) StdoutLine: {'line': b'-- Up-to-date symlink: /workspaces/UON-CS-robotlab-simulation-container/install/turtlebot3_manipulation_gazebo/share/turtlebot3_manipulation_gazebo/local_setup.dsv\n'}
[20.964092] (turtlebot3_manipulation_gazebo) StdoutLine: {'line': b'-- Symlinking: /workspaces/UON-CS-robotlab-simulation-container/install/turtlebot3_manipulation_gazebo/share/turtlebot3_manipulation_gazebo/package.dsv\n'}
[20.974934] (-) TimerEvent: {}
[21.004318] (turtlebot3_manipulation_gazebo) StdoutLine: {'line': b'-- Up-to-date symlink: /workspaces/UON-CS-robotlab-simulation-container/install/turtlebot3_manipulation_gazebo/share/ament_index/resource_index/packages/turtlebot3_manipulation_gazebo\n'}
[21.005028] (turtlebot3_manipulation_gazebo) StdoutLine: {'line': b'-- Up-to-date symlink: /workspaces/UON-CS-robotlab-simulation-container/install/turtlebot3_manipulation_gazebo/share/turtlebot3_manipulation_gazebo/cmake/turtlebot3_manipulation_gazeboConfig.cmake\n'}
[21.005146] (turtlebot3_manipulation_gazebo) StdoutLine: {'line': b'-- Up-to-date symlink: /workspaces/UON-CS-robotlab-simulation-container/install/turtlebot3_manipulation_gazebo/share/turtlebot3_manipulation_gazebo/cmake/turtlebot3_manipulation_gazeboConfig-version.cmake\n'}
[21.006643] (turtlebot3_manipulation_gazebo) StdoutLine: {'line': b'-- Up-to-date symlink: /workspaces/UON-CS-robotlab-simulation-container/install/turtlebot3_manipulation_gazebo/share/turtlebot3_manipulation_gazebo/package.xml\n'}
[21.010670] (turtlebot3_manipulation_gazebo) CommandEnded: {'returncode': 0}
[21.075298] (-) TimerEvent: {}
[21.094885] (turtlebot3_manipulation_gazebo) JobEnded: {'identifier': 'turtlebot3_manipulation_gazebo', 'rc': 0}
[21.097669] (turtlebot3_navigation2) JobStarted: {'identifier': 'turtlebot3_navigation2'}
[21.121129] (turtlebot3_navigation2) JobProgress: {'identifier': 'turtlebot3_navigation2', 'progress': 'cmake'}
[21.127924] (turtlebot3_navigation2) JobProgress: {'identifier': 'turtlebot3_navigation2', 'progress': 'build'}
[21.128030] (turtlebot3_navigation2) Command: {'cmd': ['/usr/bin/cmake', '--build', '/workspaces/UON-CS-robotlab-simulation-container/build/turtlebot3_navigation2', '--', '-j2', '-l2'], 'cwd': '/workspaces/UON-CS-robotlab-simulation-container/build/turtlebot3_navigation2', 'env': OrderedDict([('GITHUB_TOKEN', 'ghu_B4O6CZhcVLRE0OX7B0pYH9Kn8C5gJq2RIGly'), ('GITHUB_CODESPACE_TOKEN', 'AOKRK4WKUJC5CQRMWNS6OXDKNJSNPANCNFSM4AXFRYHA'), ('FEATURE_SPARK_POST_COMMIT_CREATE_ITERATION', 'true'), ('HOSTNAME', 'codespaces-ad2f20'), ('GITHUB_CODESPACES_PORT_FORWARDING_DOMAIN', 'app.github.dev'), ('SHLVL', '2'), ('LD_LIBRARY_PATH', '/workspaces/UON-CS-robotlab-simulation-container/install/turtlebot3_msgs/lib:/workspaces/UON-CS-robotlab-simulation-container/install/dynamixel_sdk_custom_interfaces/lib:/workspaces/UON-CS-robotlab-simulation-container/install/dynamixel_sdk/lib:/usr/lib/x86_64-linux-gnu/gazebo-11/plugins:/opt/ros/humble/opt/rviz_ogre_vendor/lib:/opt/ros/humble/lib/x86_64-linux-gnu:/opt/ros/humble/lib'), ('HOME', '/home/vscode'), ('OLDPWD', '/workspaces/UON-CS-robotlab-simulation-container'), ('CODESPACES', 'true'), ('ROS_PYTHON_VERSION', '3'), ('GITHUB_USER', 'mohammad-areeb'), ('GITHUB_GRAPHQL_URL', 'https://api.github.com/graphql'), ('COLCON_PREFIX_PATH', '/workspaces/UON-CS-robotlab-simulation-container/install'), ('ROS_DISTRO', 'humble'), ('ContainerVersion', '13'), ('GITHUB_API_URL', 'https://api.github.com'), ('RepositoryName', 'UON-CS-robotlab-simulation-container'), ('_', '/usr/bin/colcon'), ('ROS_VERSION', '2'), ('CLOUDENV_ENVIRONMENT_ID', '344bab99-1d47-4655-88f7-fee790854045'), ('TERM', 'xterm'), ('ROS_LOCALHOST_ONLY', '0'), ('PATH', '/opt/ros/humble/bin:/usr/local/sbin:/usr/local/bin:/usr/sbin:/usr/bin:/sbin:/bin'), ('SHELL_LOGGED_IN', 'true'), ('DISPLAY', ':1'), ('LANG', 'C.UTF-8'), ('LS_COLORS', ''), ('GITHUB_REPOSITORY', 'mohammad-areeb/UON-CS-robotlab-simulation-container'), ('ROS_DOMAIN_ID', '30'), ('AMENT_PREFIX_PATH', '/workspaces/UON-CS-robotlab-simulation-container/install/turtlebot3:/workspaces/UON-CS-robotlab-simulation-container/install/turtlebot3_teleop:/workspaces/UON-CS-robotlab-simulation-container/install/turtlebot3_simulations:/workspaces/UON-CS-robotlab-simulation-container/install/turtlebot3_bringup:/workspaces/UON-CS-robotlab-simulation-container/install/turtlebot3_node:/workspaces/UON-CS-robotlab-simulation-container/install/turtlebot3_navigation2:/workspaces/UON-CS-robotlab-simulation-container/install/turtlebot3_fake_node:/workspaces/UON-CS-robotlab-simulation-container/install/turtlebot3_example:/workspaces/UON-CS-robotlab-simulation-container/install/turtlebot3_msgs:/workspaces/UON-CS-robotlab-simulation-container/install/turtlebot3_manipulation_gazebo:/workspaces/UON-CS-robotlab-simulation-container/install/turtlebot3_gazebo:/workspaces/UON-CS-robotlab-simulation-container/install/turtlebot3_description:/workspaces/UON-CS-robotlab-simulation-container/install/turtlebot3_cartographer:/workspaces/UON-CS-robotlab-simulation-container/install/dynamixel_sdk_examples:/workspaces/UON-CS-robotlab-simulation-container/install/dynamixel_sdk_custom_interfaces:/workspaces/UON-CS-robotlab-simulation-container/install/dynamixel_sdk:/opt/ros/humble'), ('DEBIAN_FRONTEND', 'noninteractive'), ('SHELL', '/bin/bash'), ('PWD', '/workspaces/UON-CS-robotlab-simulation-container/build/turtlebot3_navigation2'), ('INTERNAL_VSCS_TARGET_URL', 'https://uksouth.online.visualstudio.com'), ('TURTLEBOT3_MODEL', 'waffle'), ('LC_ALL', 'C.UTF-8'), ('GITHUB_SERVER_URL', 'https://github.com'), ('PYTHONPATH', '/workspaces/UON-CS-robotlab-simulation-container/build/turtlebot3_teleop:/workspaces/UON-CS-robotlab-simulation-container/install/turtlebot3_teleop/lib/python3.10/site-packages:/workspaces/UON-CS-robotlab-simulation-container/build/turtlebot3_example:/workspaces/UON-CS-robotlab-simulation-container/install/turtlebot3_example/lib/python3.10/site-packages:/workspaces/UON-CS-robotlab-simulation-container/install/turtlebot3_msgs/local/lib/python3.10/dist-packages:/workspaces/UON-CS-robotlab-simulation-container/install/dynamixel_sdk_custom_interfaces/local/lib/python3.10/dist-packages:/workspaces/UON-CS-robotlab-simulation-container/install/dynamixel_sdk/local/lib/python3.10/dist-packages:/opt/ros/humble/lib/python3.10/site-packages:/opt/ros/humble/local/lib/python3.10/dist-packages'), ('CODESPACE_NAME', 'urban-space-garbanzo-j7wwvprrjjp25j95'), ('COLCON', '1'), ('CMAKE_PREFIX_PATH', '/workspaces/UON-CS-robotlab-simulation-container/install/turtlebot3:/workspaces/UON-CS-robotlab-simulation-container/install/turtlebot3_simulations:/workspaces/UON-CS-robotlab-simulation-container/install/turtlebot3_bringup:/workspaces/UON-CS-robotlab-simulation-container/install/turtlebot3_node:/workspaces/UON-CS-robotlab-simulation-container/install/turtlebot3_navigation2:/workspaces/UON-CS-robotlab-simulation-container/install/turtlebot3_fake_node:/workspaces/UON-CS-robotlab-simulation-container/install/turtlebot3_msgs:/workspaces/UON-CS-robotlab-simulation-container/install/turtlebot3_manipulation_gazebo:/workspaces/UON-CS-robotlab-simulation-container/install/turtlebot3_gazebo:/workspaces/UON-CS-robotlab-simulation-container/install/turtlebot3_description:/workspaces/UON-CS-robotlab-simulation-container/install/turtlebot3_cartographer:/workspaces/UON-CS-robotlab-simulation-container/install/dynamixel_sdk_examples:/workspaces/UON-CS-robotlab-simulation-container/install/dynamixel_sdk_custom_interfaces:/workspaces/UON-CS-robotlab-simulation-container/install/dynamixel_sdk:/workspaces/UON-CS-robotlab-simulation-container/install/turtlebot3_teleop:/workspaces/UON-CS-robotlab-simulation-container/install/turtlebot3_example:/opt/ros/humble')]), 'shell': False}
[21.176111] (-) TimerEvent: {}
[21.277952] (-) TimerEvent: {}
[21.304549] (turtlebot3_navigation2) CommandEnded: {'returncode': 0}
[21.328893] (turtlebot3_navigation2) JobProgress: {'identifier': 'turtlebot3_navigation2', 'progress': 'install'}
[21.329033] (turtlebot3_navigation2) Command: {'cmd': ['/usr/bin/cmake', '--install', '/workspaces/UON-CS-robotlab-simulation-container/build/turtlebot3_navigation2'], 'cwd': '/workspaces/UON-CS-robotlab-simulation-container/build/turtlebot3_navigation2', 'env': OrderedDict([('GITHUB_TOKEN', 'ghu_B4O6CZhcVLRE0OX7B0pYH9Kn8C5gJq2RIGly'), ('GITHUB_CODESPACE_TOKEN', 'AOKRK4WKUJC5CQRMWNS6OXDKNJSNPANCNFSM4AXFRYHA'), ('FEATURE_SPARK_POST_COMMIT_CREATE_ITERATION', 'true'), ('HOSTNAME', 'codespaces-ad2f20'), ('GITHUB_CODESPACES_PORT_FORWARDING_DOMAIN', 'app.github.dev'), ('SHLVL', '2'), ('LD_LIBRARY_PATH', '/workspaces/UON-CS-robotlab-simulation-container/install/turtlebot3_msgs/lib:/workspaces/UON-CS-robotlab-simulation-container/install/dynamixel_sdk_custom_interfaces/lib:/workspaces/UON-CS-robotlab-simulation-container/install/dynamixel_sdk/lib:/usr/lib/x86_64-linux-gnu/gazebo-11/plugins:/opt/ros/humble/opt/rviz_ogre_vendor/lib:/opt/ros/humble/lib/x86_64-linux-gnu:/opt/ros/humble/lib'), ('HOME', '/home/vscode'), ('OLDPWD', '/workspaces/UON-CS-robotlab-simulation-container'), ('CODESPACES', 'true'), ('ROS_PYTHON_VERSION', '3'), ('GITHUB_USER', 'mohammad-areeb'), ('GITHUB_GRAPHQL_URL', 'https://api.github.com/graphql'), ('COLCON_PREFIX_PATH', '/workspaces/UON-CS-robotlab-simulation-container/install'), ('ROS_DISTRO', 'humble'), ('ContainerVersion', '13'), ('GITHUB_API_URL', 'https://api.github.com'), ('RepositoryName', 'UON-CS-robotlab-simulation-container'), ('_', '/usr/bin/colcon'), ('ROS_VERSION', '2'), ('CLOUDENV_ENVIRONMENT_ID', '344bab99-1d47-4655-88f7-fee790854045'), ('TERM', 'xterm'), ('ROS_LOCALHOST_ONLY', '0'), ('PATH', '/opt/ros/humble/bin:/usr/local/sbin:/usr/local/bin:/usr/sbin:/usr/bin:/sbin:/bin'), ('SHELL_LOGGED_IN', 'true'), ('DISPLAY', ':1'), ('LANG', 'C.UTF-8'), ('LS_COLORS', ''), ('GITHUB_REPOSITORY', 'mohammad-areeb/UON-CS-robotlab-simulation-container'), ('ROS_DOMAIN_ID', '30'), ('AMENT_PREFIX_PATH', '/workspaces/UON-CS-robotlab-simulation-container/install/turtlebot3:/workspaces/UON-CS-robotlab-simulation-container/install/turtlebot3_teleop:/workspaces/UON-CS-robotlab-simulation-container/install/turtlebot3_simulations:/workspaces/UON-CS-robotlab-simulation-container/install/turtlebot3_bringup:/workspaces/UON-CS-robotlab-simulation-container/install/turtlebot3_node:/workspaces/UON-CS-robotlab-simulation-container/install/turtlebot3_navigation2:/workspaces/UON-CS-robotlab-simulation-container/install/turtlebot3_fake_node:/workspaces/UON-CS-robotlab-simulation-container/install/turtlebot3_example:/workspaces/UON-CS-robotlab-simulation-container/install/turtlebot3_msgs:/workspaces/UON-CS-robotlab-simulation-container/install/turtlebot3_manipulation_gazebo:/workspaces/UON-CS-robotlab-simulation-container/install/turtlebot3_gazebo:/workspaces/UON-CS-robotlab-simulation-container/install/turtlebot3_description:/workspaces/UON-CS-robotlab-simulation-container/install/turtlebot3_cartographer:/workspaces/UON-CS-robotlab-simulation-container/install/dynamixel_sdk_examples:/workspaces/UON-CS-robotlab-simulation-container/install/dynamixel_sdk_custom_interfaces:/workspaces/UON-CS-robotlab-simulation-container/install/dynamixel_sdk:/opt/ros/humble'), ('DEBIAN_FRONTEND', 'noninteractive'), ('SHELL', '/bin/bash'), ('PWD', '/workspaces/UON-CS-robotlab-simulation-container/build/turtlebot3_navigation2'), ('INTERNAL_VSCS_TARGET_URL', 'https://uksouth.online.visualstudio.com'), ('TURTLEBOT3_MODEL', 'waffle'), ('LC_ALL', 'C.UTF-8'), ('GITHUB_SERVER_URL', 'https://github.com'), ('PYTHONPATH', '/workspaces/UON-CS-robotlab-simulation-container/build/turtlebot3_teleop:/workspaces/UON-CS-robotlab-simulation-container/install/turtlebot3_teleop/lib/python3.10/site-packages:/workspaces/UON-CS-robotlab-simulation-container/build/turtlebot3_example:/workspaces/UON-CS-robotlab-simulation-container/install/turtlebot3_example/lib/python3.10/site-packages:/workspaces/UON-CS-robotlab-simulation-container/install/turtlebot3_msgs/local/lib/python3.10/dist-packages:/workspaces/UON-CS-robotlab-simulation-container/install/dynamixel_sdk_custom_interfaces/local/lib/python3.10/dist-packages:/workspaces/UON-CS-robotlab-simulation-container/install/dynamixel_sdk/local/lib/python3.10/dist-packages:/opt/ros/humble/lib/python3.10/site-packages:/opt/ros/humble/local/lib/python3.10/dist-packages'), ('CODESPACE_NAME', 'urban-space-garbanzo-j7wwvprrjjp25j95'), ('COLCON', '1'), ('CMAKE_PREFIX_PATH', '/workspaces/UON-CS-robotlab-simulation-container/install/turtlebot3:/workspaces/UON-CS-robotlab-simulation-container/install/turtlebot3_simulations:/workspaces/UON-CS-robotlab-simulation-container/install/turtlebot3_bringup:/workspaces/UON-CS-robotlab-simulation-container/install/turtlebot3_node:/workspaces/UON-CS-robotlab-simulation-container/install/turtlebot3_navigation2:/workspaces/UON-CS-robotlab-simulation-container/install/turtlebot3_fake_node:/workspaces/UON-CS-robotlab-simulation-container/install/turtlebot3_msgs:/workspaces/UON-CS-robotlab-simulation-container/install/turtlebot3_manipulation_gazebo:/workspaces/UON-CS-robotlab-simulation-container/install/turtlebot3_gazebo:/workspaces/UON-CS-robotlab-simulation-container/install/turtlebot3_description:/workspaces/UON-CS-robotlab-simulation-container/install/turtlebot3_cartographer:/workspaces/UON-CS-robotlab-simulation-container/install/dynamixel_sdk_examples:/workspaces/UON-CS-robotlab-simulation-container/install/dynamixel_sdk_custom_interfaces:/workspaces/UON-CS-robotlab-simulation-container/install/dynamixel_sdk:/workspaces/UON-CS-robotlab-simulation-container/install/turtlebot3_teleop:/workspaces/UON-CS-robotlab-simulation-container/install/turtlebot3_example:/opt/ros/humble')]), 'shell': False}
[21.358850] (turtlebot3_gazebo) StdoutLine: {'line': b'[ 33%] Built target traffic_light_plugin\n'}
[21.362961] (turtlebot3_navigation2) StdoutLine: {'line': b'-- Install configuration: ""\n'}
[21.367248] (turtlebot3_navigation2) StdoutLine: {'line': b'-- Execute custom install script\n'}
[21.377715] (turtlebot3_navigation2) StdoutLine: {'line': b'-- Up-to-date symlink: /workspaces/UON-CS-robotlab-simulation-container/install/turtlebot3_navigation2/share/turtlebot3_navigation2/launch/navigation2.launch.py\n'}
[21.378081] (-) TimerEvent: {}
[21.378316] (turtlebot3_navigation2) StdoutLine: {'line': b'-- Up-to-date symlink: /workspaces/UON-CS-robotlab-simulation-container/install/turtlebot3_navigation2/share/turtlebot3_navigation2/map/map.pgm\n'}
[21.378552] (turtlebot3_navigation2) StdoutLine: {'line': b'-- Up-to-date symlink: /workspaces/UON-CS-robotlab-simulation-container/install/turtlebot3_navigation2/share/turtlebot3_navigation2/map/map.yaml\n'}
[21.384798] (turtlebot3_navigation2) StdoutLine: {'line': b'-- Up-to-date symlink: /workspaces/UON-CS-robotlab-simulation-container/install/turtlebot3_navigation2/share/turtlebot3_navigation2/param/burger.yaml\n'}
[21.385001] (turtlebot3_navigation2) StdoutLine: {'line': b'-- Up-to-date symlink: /workspaces/UON-CS-robotlab-simulation-container/install/turtlebot3_navigation2/share/turtlebot3_navigation2/param/burger_cam.yaml\n'}
[21.385124] (turtlebot3_navigation2) StdoutLine: {'line': b'-- Up-to-date symlink: /workspaces/UON-CS-robotlab-simulation-container/install/turtlebot3_navigation2/share/turtlebot3_navigation2/param/humble/burger.yaml\n'}
[21.385237] (turtlebot3_navigation2) StdoutLine: {'line': b'-- Up-to-date symlink: /workspaces/UON-CS-robotlab-simulation-container/install/turtlebot3_navigation2/share/turtlebot3_navigation2/param/humble/burger_cam.yaml\n'}
[21.385420] (turtlebot3_navigation2) StdoutLine: {'line': b'-- Up-to-date symlink: /workspaces/UON-CS-robotlab-simulation-container/install/turtlebot3_navigation2/share/turtlebot3_navigation2/param/humble/waffle.yaml\n'}
[21.387313] (turtlebot3_navigation2) StdoutLine: {'line': b'-- Up-to-date symlink: /workspaces/UON-CS-robotlab-simulation-container/install/turtlebot3_navigation2/share/turtlebot3_navigation2/param/humble/waffle_pi.yaml\n'}
[21.387749] (turtlebot3_navigation2) StdoutLine: {'line': b'-- Up-to-date symlink: /workspaces/UON-CS-robotlab-simulation-container/install/turtlebot3_navigation2/share/turtlebot3_navigation2/param/waffle.yaml\n'}
[21.387930] (turtlebot3_navigation2) StdoutLine: {'line': b'-- Up-to-date symlink: /workspaces/UON-CS-robotlab-simulation-container/install/turtlebot3_navigation2/share/turtlebot3_navigation2/param/waffle_pi.yaml\n'}
[21.388058] (turtlebot3_navigation2) StdoutLine: {'line': b'-- Up-to-date symlink: /workspaces/UON-CS-robotlab-simulation-container/install/turtlebot3_navigation2/share/turtlebot3_navigation2/rviz/tb3_navigation2.rviz\n'}
[21.406974] (turtlebot3_navigation2) StdoutLine: {'line': b'-- Up-to-date symlink: /workspaces/UON-CS-robotlab-simulation-container/install/turtlebot3_navigation2/share/ament_index/resource_index/package_run_dependencies/turtlebot3_navigation2\n'}
[21.407258] (turtlebot3_navigation2) StdoutLine: {'line': b'-- Up-to-date symlink: /workspaces/UON-CS-robotlab-simulation-container/install/turtlebot3_navigation2/share/ament_index/resource_index/parent_prefix_path/turtlebot3_navigation2\n'}
[21.407439] (turtlebot3_navigation2) StdoutLine: {'line': b'-- Up-to-date symlink: /workspaces/UON-CS-robotlab-simulation-container/install/turtlebot3_navigation2/share/turtlebot3_navigation2/environment/ament_prefix_path.sh\n'}
[21.407766] (turtlebot3_navigation2) StdoutLine: {'line': b'-- Up-to-date symlink: /workspaces/UON-CS-robotlab-simulation-container/install/turtlebot3_navigation2/share/turtlebot3_navigation2/environment/ament_prefix_path.dsv\n'}
[21.408174] (turtlebot3_navigation2) StdoutLine: {'line': b'-- Up-to-date symlink: /workspaces/UON-CS-robotlab-simulation-container/install/turtlebot3_navigation2/share/turtlebot3_navigation2/environment/path.sh\n'}
[21.411704] (turtlebot3_navigation2) StdoutLine: {'line': b'-- Up-to-date symlink: /workspaces/UON-CS-robotlab-simulation-container/install/turtlebot3_navigation2/share/turtlebot3_navigation2/environment/path.dsv\n'}
[21.412486] (turtlebot3_navigation2) StdoutLine: {'line': b'-- Up-to-date symlink: /workspaces/UON-CS-robotlab-simulation-container/install/turtlebot3_navigation2/share/turtlebot3_navigation2/local_setup.bash\n'}
[21.412848] (turtlebot3_navigation2) StdoutLine: {'line': b'-- Up-to-date symlink: /workspaces/UON-CS-robotlab-simulation-container/install/turtlebot3_navigation2/share/turtlebot3_navigation2/local_setup.sh\n'}
[21.416375] (turtlebot3_navigation2) StdoutLine: {'line': b'-- Up-to-date symlink: /workspaces/UON-CS-robotlab-simulation-container/install/turtlebot3_navigation2/share/turtlebot3_navigation2/local_setup.zsh\n'}
[21.416590] (turtlebot3_navigation2) StdoutLine: {'line': b'-- Up-to-date symlink: /workspaces/UON-CS-robotlab-simulation-container/install/turtlebot3_navigation2/share/turtlebot3_navigation2/local_setup.dsv\n'}
[21.416748] (turtlebot3_navigation2) StdoutLine: {'line': b'-- Symlinking: /workspaces/UON-CS-robotlab-simulation-container/install/turtlebot3_navigation2/share/turtlebot3_navigation2/package.dsv\n'}
[21.440196] (turtlebot3_gazebo) StdoutLine: {'line': b'\x1b[35m\x1b[1mConsolidate compiler generated dependencies of target traffic_bar_plugin\x1b[0m\n'}
[21.458116] (turtlebot3_navigation2) StdoutLine: {'line': b'-- Up-to-date symlink: /workspaces/UON-CS-robotlab-simulation-container/install/turtlebot3_navigation2/share/ament_index/resource_index/packages/turtlebot3_navigation2\n'}
[21.461824] (turtlebot3_navigation2) StdoutLine: {'line': b'-- Up-to-date symlink: /workspaces/UON-CS-robotlab-simulation-container/install/turtlebot3_navigation2/share/turtlebot3_navigation2/cmake/turtlebot3_navigation2Config.cmake\n'}
[21.462911] (turtlebot3_navigation2) StdoutLine: {'line': b'-- Up-to-date symlink: /workspaces/UON-CS-robotlab-simulation-container/install/turtlebot3_navigation2/share/turtlebot3_navigation2/cmake/turtlebot3_navigation2Config-version.cmake\n'}
[21.465472] (turtlebot3_navigation2) StdoutLine: {'line': b'-- Up-to-date symlink: /workspaces/UON-CS-robotlab-simulation-container/install/turtlebot3_navigation2/share/turtlebot3_navigation2/package.xml\n'}
[21.470994] (turtlebot3_navigation2) CommandEnded: {'returncode': 0}
[21.478332] (-) TimerEvent: {}
[21.543529] (turtlebot3_navigation2) JobEnded: {'identifier': 'turtlebot3_navigation2', 'rc': 0}
[21.546779] (turtlebot3_teleop) JobStarted: {'identifier': 'turtlebot3_teleop'}
[21.580679] (-) TimerEvent: {}
[21.683902] (-) TimerEvent: {}
[21.725171] (turtlebot3_gazebo) StdoutLine: {'line': b'[ 50%] Built target traffic_bar_plugin\n'}
[21.784011] (-) TimerEvent: {}
[21.796152] (turtlebot3_gazebo) StdoutLine: {'line': b'\x1b[35m\x1b[1mConsolidate compiler generated dependencies of target obstacle1\x1b[0m\n'}
[21.888069] (-) TimerEvent: {}
[21.990445] (-) TimerEvent: {}
[22.091075] (-) TimerEvent: {}
[22.104949] (turtlebot3_gazebo) StdoutLine: {'line': b'[ 66%] Built target obstacle1\n'}
[22.157023] (turtlebot3_gazebo) StdoutLine: {'line': b'\x1b[35m\x1b[1mConsolidate compiler generated dependencies of target obstacle2\x1b[0m\n'}
[22.192177] (-) TimerEvent: {}
[22.292655] (-) TimerEvent: {}
[22.398464] (-) TimerEvent: {}
[22.403316] (turtlebot3_gazebo) StdoutLine: {'line': b'[ 83%] Built target obstacle2\n'}
[22.478674] (turtlebot3_gazebo) StdoutLine: {'line': b'\x1b[35m\x1b[1mConsolidate compiler generated dependencies of target obstacles\x1b[0m\n'}
[22.498559] (-) TimerEvent: {}
[22.599301] (-) TimerEvent: {}
[22.708916] (-) TimerEvent: {}
[22.753223] (turtlebot3_gazebo) StdoutLine: {'line': b'[100%] Built target obstacles\n'}
[22.809895] (-) TimerEvent: {}
[22.831561] (turtlebot3_gazebo) CommandEnded: {'returncode': 0}
[22.838077] (turtlebot3_gazebo) JobProgress: {'identifier': 'turtlebot3_gazebo', 'progress': 'install'}
[22.838176] (turtlebot3_gazebo) Command: {'cmd': ['/usr/bin/cmake', '--install', '/workspaces/UON-CS-robotlab-simulation-container/build/turtlebot3_gazebo'], 'cwd': '/workspaces/UON-CS-robotlab-simulation-container/build/turtlebot3_gazebo', 'env': OrderedDict([('GITHUB_TOKEN', 'ghu_B4O6CZhcVLRE0OX7B0pYH9Kn8C5gJq2RIGly'), ('GITHUB_CODESPACE_TOKEN', 'AOKRK4WKUJC5CQRMWNS6OXDKNJSNPANCNFSM4AXFRYHA'), ('FEATURE_SPARK_POST_COMMIT_CREATE_ITERATION', 'true'), ('HOSTNAME', 'codespaces-ad2f20'), ('GITHUB_CODESPACES_PORT_FORWARDING_DOMAIN', 'app.github.dev'), ('SHLVL', '2'), ('LD_LIBRARY_PATH', '/workspaces/UON-CS-robotlab-simulation-container/install/turtlebot3_msgs/lib:/workspaces/UON-CS-robotlab-simulation-container/install/dynamixel_sdk_custom_interfaces/lib:/workspaces/UON-CS-robotlab-simulation-container/install/dynamixel_sdk/lib:/usr/lib/x86_64-linux-gnu/gazebo-11/plugins:/opt/ros/humble/opt/rviz_ogre_vendor/lib:/opt/ros/humble/lib/x86_64-linux-gnu:/opt/ros/humble/lib'), ('HOME', '/home/vscode'), ('OLDPWD', '/workspaces/UON-CS-robotlab-simulation-container'), ('CODESPACES', 'true'), ('ROS_PYTHON_VERSION', '3'), ('GITHUB_USER', 'mohammad-areeb'), ('GITHUB_GRAPHQL_URL', 'https://api.github.com/graphql'), ('COLCON_PREFIX_PATH', '/workspaces/UON-CS-robotlab-simulation-container/install'), ('ROS_DISTRO', 'humble'), ('ContainerVersion', '13'), ('GITHUB_API_URL', 'https://api.github.com'), ('RepositoryName', 'UON-CS-robotlab-simulation-container'), ('_', '/usr/bin/colcon'), ('ROS_VERSION', '2'), ('CLOUDENV_ENVIRONMENT_ID', '344bab99-1d47-4655-88f7-fee790854045'), ('TERM', 'xterm'), ('ROS_LOCALHOST_ONLY', '0'), ('PATH', '/opt/ros/humble/bin:/usr/local/sbin:/usr/local/bin:/usr/sbin:/usr/bin:/sbin:/bin'), ('SHELL_LOGGED_IN', 'true'), ('DISPLAY', ':1'), ('LANG', 'C.UTF-8'), ('LS_COLORS', ''), ('GITHUB_REPOSITORY', 'mohammad-areeb/UON-CS-robotlab-simulation-container'), ('ROS_DOMAIN_ID', '30'), ('AMENT_PREFIX_PATH', '/workspaces/UON-CS-robotlab-simulation-container/install/turtlebot3:/workspaces/UON-CS-robotlab-simulation-container/install/turtlebot3_teleop:/workspaces/UON-CS-robotlab-simulation-container/install/turtlebot3_simulations:/workspaces/UON-CS-robotlab-simulation-container/install/turtlebot3_bringup:/workspaces/UON-CS-robotlab-simulation-container/install/turtlebot3_node:/workspaces/UON-CS-robotlab-simulation-container/install/turtlebot3_navigation2:/workspaces/UON-CS-robotlab-simulation-container/install/turtlebot3_fake_node:/workspaces/UON-CS-robotlab-simulation-container/install/turtlebot3_example:/workspaces/UON-CS-robotlab-simulation-container/install/turtlebot3_msgs:/workspaces/UON-CS-robotlab-simulation-container/install/turtlebot3_manipulation_gazebo:/workspaces/UON-CS-robotlab-simulation-container/install/turtlebot3_gazebo:/workspaces/UON-CS-robotlab-simulation-container/install/turtlebot3_description:/workspaces/UON-CS-robotlab-simulation-container/install/turtlebot3_cartographer:/workspaces/UON-CS-robotlab-simulation-container/install/dynamixel_sdk_examples:/workspaces/UON-CS-robotlab-simulation-container/install/dynamixel_sdk_custom_interfaces:/workspaces/UON-CS-robotlab-simulation-container/install/dynamixel_sdk:/opt/ros/humble'), ('DEBIAN_FRONTEND', 'noninteractive'), ('SHELL', '/bin/bash'), ('PWD', '/workspaces/UON-CS-robotlab-simulation-container/build/turtlebot3_gazebo'), ('INTERNAL_VSCS_TARGET_URL', 'https://uksouth.online.visualstudio.com'), ('TURTLEBOT3_MODEL', 'waffle'), ('LC_ALL', 'C.UTF-8'), ('GITHUB_SERVER_URL', 'https://github.com'), ('PYTHONPATH', '/workspaces/UON-CS-robotlab-simulation-container/build/turtlebot3_teleop:/workspaces/UON-CS-robotlab-simulation-container/install/turtlebot3_teleop/lib/python3.10/site-packages:/workspaces/UON-CS-robotlab-simulation-container/build/turtlebot3_example:/workspaces/UON-CS-robotlab-simulation-container/install/turtlebot3_example/lib/python3.10/site-packages:/workspaces/UON-CS-robotlab-simulation-container/install/turtlebot3_msgs/local/lib/python3.10/dist-packages:/workspaces/UON-CS-robotlab-simulation-container/install/dynamixel_sdk_custom_interfaces/local/lib/python3.10/dist-packages:/workspaces/UON-CS-robotlab-simulation-container/install/dynamixel_sdk/local/lib/python3.10/dist-packages:/opt/ros/humble/lib/python3.10/site-packages:/opt/ros/humble/local/lib/python3.10/dist-packages'), ('CODESPACE_NAME', 'urban-space-garbanzo-j7wwvprrjjp25j95'), ('COLCON', '1'), ('CMAKE_PREFIX_PATH', '/workspaces/UON-CS-robotlab-simulation-container/install/turtlebot3:/workspaces/UON-CS-robotlab-simulation-container/install/turtlebot3_simulations:/workspaces/UON-CS-robotlab-simulation-container/install/turtlebot3_bringup:/workspaces/UON-CS-robotlab-simulation-container/install/turtlebot3_node:/workspaces/UON-CS-robotlab-simulation-container/install/turtlebot3_navigation2:/workspaces/UON-CS-robotlab-simulation-container/install/turtlebot3_fake_node:/workspaces/UON-CS-robotlab-simulation-container/install/turtlebot3_msgs:/workspaces/UON-CS-robotlab-simulation-container/install/turtlebot3_manipulation_gazebo:/workspaces/UON-CS-robotlab-simulation-container/install/turtlebot3_gazebo:/workspaces/UON-CS-robotlab-simulation-container/install/turtlebot3_description:/workspaces/UON-CS-robotlab-simulation-container/install/turtlebot3_cartographer:/workspaces/UON-CS-robotlab-simulation-container/install/dynamixel_sdk_examples:/workspaces/UON-CS-robotlab-simulation-container/install/dynamixel_sdk_custom_interfaces:/workspaces/UON-CS-robotlab-simulation-container/install/dynamixel_sdk:/workspaces/UON-CS-robotlab-simulation-container/install/turtlebot3_teleop:/workspaces/UON-CS-robotlab-simulation-container/install/turtlebot3_example:/opt/ros/humble')]), 'shell': False}
[22.863155] (turtlebot3_gazebo) StdoutLine: {'line': b'-- Install configuration: ""\n'}
[22.863643] (turtlebot3_gazebo) StdoutLine: {'line': b'-- Execute custom install script\n'}
[22.864636] (turtlebot3_gazebo) StdoutLine: {'line': b'-- Up-to-date symlink: /workspaces/UON-CS-robotlab-simulation-container/install/turtlebot3_gazebo/lib/turtlebot3_gazebo/turtlebot3_drive\n'}
[22.866102] (turtlebot3_gazebo) StdoutLine: {'line': b'-- Up-to-date symlink: /workspaces/UON-CS-robotlab-simulation-container/install/turtlebot3_gazebo/share/turtlebot3_gazebo//launch/empty_world.launch.py\n'}
[22.866372] (turtlebot3_gazebo) StdoutLine: {'line': b'-- Up-to-date symlink: /workspaces/UON-CS-robotlab-simulation-container/install/turtlebot3_gazebo/share/turtlebot3_gazebo//launch/multi_robot.launch.py\n'}
[22.867780] (turtlebot3_gazebo) StdoutLine: {'line': b'-- Up-to-date symlink: /workspaces/UON-CS-robotlab-simulation-container/install/turtlebot3_gazebo/share/turtlebot3_gazebo//launch/multi_spawn_turtlebot3.launch.py\n'}
[22.869341] (turtlebot3_gazebo) StdoutLine: {'line': b'-- Up-to-date symlink: /workspaces/UON-CS-robotlab-simulation-container/install/turtlebot3_gazebo/share/turtlebot3_gazebo//launch/robot_state_publisher.launch.py\n'}
[22.871012] (turtlebot3_gazebo) StdoutLine: {'line': b'-- Up-to-date symlink: /workspaces/UON-CS-robotlab-simulation-container/install/turtlebot3_gazebo/share/turtlebot3_gazebo//launch/spawn_turtlebot3.launch.py\n'}
[22.871176] (turtlebot3_gazebo) StdoutLine: {'line': b'-- Up-to-date symlink: /workspaces/UON-CS-robotlab-simulation-container/install/turtlebot3_gazebo/share/turtlebot3_gazebo//launch/turtlebot3_autorace_2020.launch.py\n'}
[22.871434] (turtlebot3_gazebo) StdoutLine: {'line': b'-- Up-to-date symlink: /workspaces/UON-CS-robotlab-simulation-container/install/turtlebot3_gazebo/share/turtlebot3_gazebo//launch/turtlebot3_dqn_stage1.launch.py\n'}
[22.871526] (turtlebot3_gazebo) StdoutLine: {'line': b'-- Up-to-date symlink: /workspaces/UON-CS-robotlab-simulation-container/install/turtlebot3_gazebo/share/turtlebot3_gazebo//launch/turtlebot3_dqn_stage2.launch.py\n'}
[22.871603] (turtlebot3_gazebo) StdoutLine: {'line': b'-- Up-to-date symlink: /workspaces/UON-CS-robotlab-simulation-container/install/turtlebot3_gazebo/share/turtlebot3_gazebo//launch/turtlebot3_dqn_stage3.launch.py\n'}
[22.871690] (turtlebot3_gazebo) StdoutLine: {'line': b'-- Up-to-date symlink: /workspaces/UON-CS-robotlab-simulation-container/install/turtlebot3_gazebo/share/turtlebot3_gazebo//launch/turtlebot3_dqn_stage4.launch.py\n'}
[22.871766] (turtlebot3_gazebo) StdoutLine: {'line': b'-- Up-to-date symlink: /workspaces/UON-CS-robotlab-simulation-container/install/turtlebot3_gazebo/share/turtlebot3_gazebo//launch/turtlebot3_house.launch.py\n'}
[22.874843] (turtlebot3_gazebo) StdoutLine: {'line': b'-- Up-to-date symlink: /workspaces/UON-CS-robotlab-simulation-container/install/turtlebot3_gazebo/share/turtlebot3_gazebo//launch/turtlebot3_world.launch.py\n'}
[22.877061] (turtlebot3_gazebo) StdoutLine: {'line': b'-- Up-to-date symlink: /workspaces/UON-CS-robotlab-simulation-container/install/turtlebot3_gazebo/share/turtlebot3_gazebo//models/turtlebot3_autorace_2020/checker/materials/checker.png\n'}
[22.877198] (turtlebot3_gazebo) StdoutLine: {'line': b'-- Up-to-date symlink: /workspaces/UON-CS-robotlab-simulation-container/install/turtlebot3_gazebo/share/turtlebot3_gazebo//models/turtlebot3_autorace_2020/checker/materials/scripts/checker.material\n'}
[22.877590] (turtlebot3_gazebo) StdoutLine: {'line': b'-- Up-to-date symlink: /workspaces/UON-CS-robotlab-simulation-container/install/turtlebot3_gazebo/share/turtlebot3_gazebo//models/turtlebot3_autorace_2020/checker/materials/textures/checker.png\n'}
[22.880296] (turtlebot3_gazebo) StdoutLine: {'line': b'-- Up-to-date symlink: /workspaces/UON-CS-robotlab-simulation-container/install/turtlebot3_gazebo/share/turtlebot3_gazebo//models/turtlebot3_autorace_2020/checker/model.config\n'}
[22.880542] (turtlebot3_gazebo) StdoutLine: {'line': b'-- Up-to-date symlink: /workspaces/UON-CS-robotlab-simulation-container/install/turtlebot3_gazebo/share/turtlebot3_gazebo//models/turtlebot3_autorace_2020/checker/model.sdf\n'}
[22.882946] (turtlebot3_gazebo) StdoutLine: {'line': b'-- Up-to-date symlink: /workspaces/UON-CS-robotlab-simulation-container/install/turtlebot3_gazebo/share/turtlebot3_gazebo//models/turtlebot3_autorace_2020/course/materials/scripts/course.material\n'}
[22.883124] (turtlebot3_gazebo) StdoutLine: {'line': b'-- Up-to-date symlink: /workspaces/UON-CS-robotlab-simulation-container/install/turtlebot3_gazebo/share/turtlebot3_gazebo//models/turtlebot3_autorace_2020/course/materials/textures/course.png\n'}
[22.910193] (-) TimerEvent: {}
[22.969463] (turtlebot3_gazebo) StdoutLine: {'line': b'-- Up-to-date symlink: /workspaces/UON-CS-robotlab-simulation-container/install/turtlebot3_gazebo/share/turtlebot3_gazebo//models/turtlebot3_autorace_2020/course/model.config\n'}
[22.976621] (turtlebot3_gazebo) StdoutLine: {'line': b'-- Up-to-date symlink: /workspaces/UON-CS-robotlab-simulation-container/install/turtlebot3_gazebo/share/turtlebot3_gazebo//models/turtlebot3_autorace_2020/course/model.sdf\n'}
[22.989441] (turtlebot3_gazebo) StdoutLine: {'line': b'-- Up-to-date symlink: /workspaces/UON-CS-robotlab-simulation-container/install/turtlebot3_gazebo/share/turtlebot3_gazebo//models/turtlebot3_autorace_2020/traffic_bar/materials/scripts/traffic_bar.material\n'}
[22.989692] (turtlebot3_gazebo) StdoutLine: {'line': b'-- Up-to-date symlink: /workspaces/UON-CS-robotlab-simulation-container/install/turtlebot3_gazebo/share/turtlebot3_gazebo//models/turtlebot3_autorace_2020/traffic_bar/materials/textures/traffic_bar.png\n'}
[22.989885] (turtlebot3_gazebo) StdoutLine: {'line': b'-- Up-to-date symlink: /workspaces/UON-CS-robotlab-simulation-container/install/turtlebot3_gazebo/share/turtlebot3_gazebo//models/turtlebot3_autorace_2020/traffic_bar/model.config\n'}
[22.990047] (turtlebot3_gazebo) StdoutLine: {'line': b'-- Up-to-date symlink: /workspaces/UON-CS-robotlab-simulation-container/install/turtlebot3_gazebo/share/turtlebot3_gazebo//models/turtlebot3_autorace_2020/traffic_bar/model.sdf\n'}
[22.990227] (turtlebot3_gazebo) StdoutLine: {'line': b'-- Up-to-date symlink: /workspaces/UON-CS-robotlab-simulation-container/install/turtlebot3_gazebo/share/turtlebot3_gazebo//models/turtlebot3_autorace_2020/traffic_construction/materials/scripts/traffic_construction.material\n'}
[22.991611] (turtlebot3_gazebo) StdoutLine: {'line': b'-- Up-to-date symlink: /workspaces/UON-CS-robotlab-simulation-container/install/turtlebot3_gazebo/share/turtlebot3_gazebo//models/turtlebot3_autorace_2020/traffic_construction/materials/textures/traffic_construction.png\n'}
[22.996089] (turtlebot3_gazebo) StdoutLine: {'line': b'-- Up-to-date symlink: /workspaces/UON-CS-robotlab-simulation-container/install/turtlebot3_gazebo/share/turtlebot3_gazebo//models/turtlebot3_autorace_2020/traffic_construction/model.config\n'}
[22.996222] (turtlebot3_gazebo) StdoutLine: {'line': b'-- Up-to-date symlink: /workspaces/UON-CS-robotlab-simulation-container/install/turtlebot3_gazebo/share/turtlebot3_gazebo//models/turtlebot3_autorace_2020/traffic_construction/model.sdf\n'}
[22.996327] (turtlebot3_gazebo) StdoutLine: {'line': b'-- Up-to-date symlink: /workspaces/UON-CS-robotlab-simulation-container/install/turtlebot3_gazebo/share/turtlebot3_gazebo//models/turtlebot3_autorace_2020/traffic_intersection/materials/scripts/traffic_intersection.material\n'}
[23.013968] (turtlebot3_gazebo) StdoutLine: {'line': b'-- Up-to-date symlink: /workspaces/UON-CS-robotlab-simulation-container/install/turtlebot3_gazebo/share/turtlebot3_gazebo//models/turtlebot3_autorace_2020/traffic_intersection/materials/textures/traffic_intersection.png\n'}
[23.014196] (-) TimerEvent: {}
[23.014366] (turtlebot3_gazebo) StdoutLine: {'line': b'-- Up-to-date symlink: /workspaces/UON-CS-robotlab-simulation-container/install/turtlebot3_gazebo/share/turtlebot3_gazebo//models/turtlebot3_autorace_2020/traffic_intersection/model.config\n'}
[23.014507] (turtlebot3_gazebo) StdoutLine: {'line': b'-- Up-to-date symlink: /workspaces/UON-CS-robotlab-simulation-container/install/turtlebot3_gazebo/share/turtlebot3_gazebo//models/turtlebot3_autorace_2020/traffic_intersection/model.sdf\n'}
[23.014609] (turtlebot3_gazebo) StdoutLine: {'line': b'-- Up-to-date symlink: /workspaces/UON-CS-robotlab-simulation-container/install/turtlebot3_gazebo/share/turtlebot3_gazebo//models/turtlebot3_autorace_2020/traffic_left/materials/scripts/traffic_is_left.material\n'}
[23.014704] (turtlebot3_gazebo) StdoutLine: {'line': b'-- Up-to-date symlink: /workspaces/UON-CS-robotlab-simulation-container/install/turtlebot3_gazebo/share/turtlebot3_gazebo//models/turtlebot3_autorace_2020/traffic_left/materials/textures/traffic_left.png\n'}
[23.113099] (turtlebot3_gazebo) StdoutLine: {'line': b'-- Up-to-date symlink: /workspaces/UON-CS-robotlab-simulation-container/install/turtlebot3_gazebo/share/turtlebot3_gazebo//models/turtlebot3_autorace_2020/traffic_left/model.config\n'}
[23.116106] (turtlebot3_gazebo) StdoutLine: {'line': b'-- Up-to-date symlink: /workspaces/UON-CS-robotlab-simulation-container/install/turtlebot3_gazebo/share/turtlebot3_gazebo//models/turtlebot3_autorace_2020/traffic_left/model.sdf\n'}
[23.116298] (-) TimerEvent: {}
[23.123437] (turtlebot3_gazebo) StdoutLine: {'line': b'-- Up-to-date symlink: /workspaces/UON-CS-robotlab-simulation-container/install/turtlebot3_gazebo/share/turtlebot3_gazebo//models/turtlebot3_autorace_2020/traffic_light/materials/scripts/traffic_light.material\n'}
[23.126981] (turtlebot3_gazebo) StdoutLine: {'line': b'-- Up-to-date symlink: /workspaces/UON-CS-robotlab-simulation-container/install/turtlebot3_gazebo/share/turtlebot3_gazebo//models/turtlebot3_autorace_2020/traffic_light/materials/textures/traffic_light.png\n'}
[23.129809] (turtlebot3_gazebo) StdoutLine: {'line': b'-- Up-to-date symlink: /workspaces/UON-CS-robotlab-simulation-container/install/turtlebot3_gazebo/share/turtlebot3_gazebo//models/turtlebot3_autorace_2020/traffic_light/materials/textures/traffic_light_green.png\n'}
[23.195060] (turtlebot3_gazebo) StdoutLine: {'line': b'-- Up-to-date symlink: /workspaces/UON-CS-robotlab-simulation-container/install/turtlebot3_gazebo/share/turtlebot3_gazebo//models/turtlebot3_autorace_2020/traffic_light/materials/textures/traffic_light_red.png\n'}
[23.195814] (turtlebot3_gazebo) StdoutLine: {'line': b'-- Up-to-date symlink: /workspaces/UON-CS-robotlab-simulation-container/install/turtlebot3_gazebo/share/turtlebot3_gazebo//models/turtlebot3_autorace_2020/traffic_light/materials/textures/traffic_light_yellow.png\n'}
[23.196715] (turtlebot3_gazebo) StdoutLine: {'line': b'-- Up-to-date symlink: /workspaces/UON-CS-robotlab-simulation-container/install/turtlebot3_gazebo/share/turtlebot3_gazebo//models/turtlebot3_autorace_2020/traffic_light/model.config\n'}
[23.201240] (turtlebot3_gazebo) StdoutLine: {'line': b'-- Up-to-date symlink: /workspaces/UON-CS-robotlab-simulation-container/install/turtlebot3_gazebo/share/turtlebot3_gazebo//models/turtlebot3_autorace_2020/traffic_light/model.sdf\n'}
[23.207734] (turtlebot3_gazebo) StdoutLine: {'line': b'-- Up-to-date symlink: /workspaces/UON-CS-robotlab-simulation-container/install/turtlebot3_gazebo/share/turtlebot3_gazebo//models/turtlebot3_autorace_2020/traffic_noentry/materials/scripts/traffic_noentry.material\n'}
[23.207972] (turtlebot3_gazebo) StdoutLine: {'line': b'-- Up-to-date symlink: /workspaces/UON-CS-robotlab-simulation-container/install/turtlebot3_gazebo/share/turtlebot3_gazebo//models/turtlebot3_autorace_2020/traffic_noentry/materials/textures/traffic_noentry.png\n'}
[23.209004] (turtlebot3_gazebo) StdoutLine: {'line': b'-- Up-to-date symlink: /workspaces/UON-CS-robotlab-simulation-container/install/turtlebot3_gazebo/share/turtlebot3_gazebo//models/turtlebot3_autorace_2020/traffic_noentry/model.config\n'}
[23.211724] (turtlebot3_gazebo) StdoutLine: {'line': b'-- Up-to-date symlink: /workspaces/UON-CS-robotlab-simulation-container/install/turtlebot3_gazebo/share/turtlebot3_gazebo//models/turtlebot3_autorace_2020/traffic_noentry/model.sdf\n'}
[23.213980] (turtlebot3_gazebo) StdoutLine: {'line': b'-- Up-to-date symlink: /workspaces/UON-CS-robotlab-simulation-container/install/turtlebot3_gazebo/share/turtlebot3_gazebo//models/turtlebot3_autorace_2020/traffic_parking/materials/scripts/traffic_parking.material\n'}
[23.214138] (turtlebot3_gazebo) StdoutLine: {'line': b'-- Up-to-date symlink: /workspaces/UON-CS-robotlab-simulation-container/install/turtlebot3_gazebo/share/turtlebot3_gazebo//models/turtlebot3_autorace_2020/traffic_parking/materials/textures/traffic_parking.png\n'}
[23.216741] (turtlebot3_gazebo) StdoutLine: {'line': b'-- Up-to-date symlink: /workspaces/UON-CS-robotlab-simulation-container/install/turtlebot3_gazebo/share/turtlebot3_gazebo//models/turtlebot3_autorace_2020/traffic_parking/model.config\n'}
[23.216965] (-) TimerEvent: {}
[23.217108] (turtlebot3_gazebo) StdoutLine: {'line': b'-- Up-to-date symlink: /workspaces/UON-CS-robotlab-simulation-container/install/turtlebot3_gazebo/share/turtlebot3_gazebo//models/turtlebot3_autorace_2020/traffic_parking/model.sdf\n'}
[23.218083] (turtlebot3_gazebo) StdoutLine: {'line': b'-- Up-to-date symlink: /workspaces/UON-CS-robotlab-simulation-container/install/turtlebot3_gazebo/share/turtlebot3_gazebo//models/turtlebot3_autorace_2020/traffic_pl_left/materials/scripts/traffic_pl_left.material\n'}
[23.219043] (turtlebot3_gazebo) StdoutLine: {'line': b'-- Up-to-date symlink: /workspaces/UON-CS-robotlab-simulation-container/install/turtlebot3_gazebo/share/turtlebot3_gazebo//models/turtlebot3_autorace_2020/traffic_pl_left/materials/textures/traffic_pl_left.png\n'}
[23.221714] (turtlebot3_gazebo) StdoutLine: {'line': b'-- Up-to-date symlink: /workspaces/UON-CS-robotlab-simulation-container/install/turtlebot3_gazebo/share/turtlebot3_gazebo//models/turtlebot3_autorace_2020/traffic_pl_left/model.config\n'}
[23.223027] (turtlebot3_gazebo) StdoutLine: {'line': b'-- Up-to-date symlink: /workspaces/UON-CS-robotlab-simulation-container/install/turtlebot3_gazebo/share/turtlebot3_gazebo//models/turtlebot3_autorace_2020/traffic_pl_left/model.sdf\n'}
[23.224821] (turtlebot3_gazebo) StdoutLine: {'line': b'-- Up-to-date symlink: /workspaces/UON-CS-robotlab-simulation-container/install/turtlebot3_gazebo/share/turtlebot3_gazebo//models/turtlebot3_autorace_2020/traffic_right/materials/scripts/traffic_right.material\n'}
[23.225548] (turtlebot3_gazebo) StdoutLine: {'line': b'-- Up-to-date symlink: /workspaces/UON-CS-robotlab-simulation-container/install/turtlebot3_gazebo/share/turtlebot3_gazebo//models/turtlebot3_autorace_2020/traffic_right/materials/textures/traffic_right.png\n'}
[23.226852] (turtlebot3_gazebo) StdoutLine: {'line': b'-- Up-to-date symlink: /workspaces/UON-CS-robotlab-simulation-container/install/turtlebot3_gazebo/share/turtlebot3_gazebo//models/turtlebot3_autorace_2020/traffic_right/model.config\n'}
[23.227843] (turtlebot3_gazebo) StdoutLine: {'line': b'-- Up-to-date symlink: /workspaces/UON-CS-robotlab-simulation-container/install/turtlebot3_gazebo/share/turtlebot3_gazebo//models/turtlebot3_autorace_2020/traffic_right/model.sdf\n'}
[23.229200] (turtlebot3_gazebo) StdoutLine: {'line': b'-- Up-to-date symlink: /workspaces/UON-CS-robotlab-simulation-container/install/turtlebot3_gazebo/share/turtlebot3_gazebo//models/turtlebot3_autorace_2020/traffic_stop/materials/scripts/traffic_stop.material\n'}
[23.233961] (turtlebot3_gazebo) StdoutLine: {'line': b'-- Up-to-date symlink: /workspaces/UON-CS-robotlab-simulation-container/install/turtlebot3_gazebo/share/turtlebot3_gazebo//models/turtlebot3_autorace_2020/traffic_stop/materials/textures/traffic_stop.png\n'}
[23.237777] (turtlebot3_gazebo) StdoutLine: {'line': b'-- Up-to-date symlink: /workspaces/UON-CS-robotlab-simulation-container/install/turtlebot3_gazebo/share/turtlebot3_gazebo//models/turtlebot3_autorace_2020/traffic_stop/model.config\n'}
[23.240457] (turtlebot3_gazebo) StdoutLine: {'line': b'-- Up-to-date symlink: /workspaces/UON-CS-robotlab-simulation-container/install/turtlebot3_gazebo/share/turtlebot3_gazebo//models/turtlebot3_autorace_2020/traffic_stop/model.sdf\n'}
[23.240675] (turtlebot3_gazebo) StdoutLine: {'line': b'-- Up-to-date symlink: /workspaces/UON-CS-robotlab-simulation-container/install/turtlebot3_gazebo/share/turtlebot3_gazebo//models/turtlebot3_autorace_2020/traffic_tunnel/materials/scripts/tunnel.material\n'}
[23.243422] (turtlebot3_gazebo) StdoutLine: {'line': b'-- Up-to-date symlink: /workspaces/UON-CS-robotlab-simulation-container/install/turtlebot3_gazebo/share/turtlebot3_gazebo//models/turtlebot3_autorace_2020/traffic_tunnel/materials/textures/tunnel.png\n'}
[23.245524] (turtlebot3_gazebo) StdoutLine: {'line': b'-- Up-to-date symlink: /workspaces/UON-CS-robotlab-simulation-container/install/turtlebot3_gazebo/share/turtlebot3_gazebo//models/turtlebot3_autorace_2020/traffic_tunnel/model.config\n'}
[23.245711] (turtlebot3_gazebo) StdoutLine: {'line': b'-- Up-to-date symlink: /workspaces/UON-CS-robotlab-simulation-container/install/turtlebot3_gazebo/share/turtlebot3_gazebo//models/turtlebot3_autorace_2020/traffic_tunnel/model.sdf\n'}
[23.249003] (turtlebot3_gazebo) StdoutLine: {'line': b'-- Up-to-date symlink: /workspaces/UON-CS-robotlab-simulation-container/install/turtlebot3_gazebo/share/turtlebot3_gazebo//models/turtlebot3_burger/model-1_4.sdf\n'}
[23.249169] (turtlebot3_gazebo) StdoutLine: {'line': b'-- Up-to-date symlink: /workspaces/UON-CS-robotlab-simulation-container/install/turtlebot3_gazebo/share/turtlebot3_gazebo//models/turtlebot3_burger/model.config\n'}
[23.250249] (turtlebot3_gazebo) StdoutLine: {'line': b'-- Up-to-date symlink: /workspaces/UON-CS-robotlab-simulation-container/install/turtlebot3_gazebo/share/turtlebot3_gazebo//models/turtlebot3_burger/model.sdf\n'}
[23.325301] (-) TimerEvent: {}
[23.379790] (turtlebot3_gazebo) StdoutLine: {'line': b'-- Up-to-date symlink: /workspaces/UON-CS-robotlab-simulation-container/install/turtlebot3_gazebo/share/turtlebot3_gazebo//models/turtlebot3_burger_cam/model-1_4.sdf\n'}
[23.385922] (turtlebot3_gazebo) StdoutLine: {'line': b'-- Up-to-date symlink: /workspaces/UON-CS-robotlab-simulation-container/install/turtlebot3_gazebo/share/turtlebot3_gazebo//models/turtlebot3_burger_cam/model.config\n'}
[23.390271] (turtlebot3_gazebo) StdoutLine: {'line': b'-- Up-to-date symlink: /workspaces/UON-CS-robotlab-simulation-container/install/turtlebot3_gazebo/share/turtlebot3_gazebo//models/turtlebot3_burger_cam/model.sdf\n'}
[23.417942] (turtlebot3_gazebo) StdoutLine: {'line': b'-- Up-to-date symlink: /workspaces/UON-CS-robotlab-simulation-container/install/turtlebot3_gazebo/share/turtlebot3_gazebo//models/turtlebot3_common/meshes/bases/burger_base.stl\n'}
[23.423444] (turtlebot3_gazebo) StdoutLine: {'line': b'-- Up-to-date symlink: /workspaces/UON-CS-robotlab-simulation-container/install/turtlebot3_gazebo/share/turtlebot3_gazebo//models/turtlebot3_common/meshes/bases/waffle_base.stl\n'}
[23.426412] (turtlebot3_gazebo) StdoutLine: {'line': b'-- Up-to-date symlink: /workspaces/UON-CS-robotlab-simulation-container/install/turtlebot3_gazebo/share/turtlebot3_gazebo//models/turtlebot3_common/meshes/bases/waffle_pi_base.stl\n'}
[23.426678] (-) TimerEvent: {}
[23.428968] (turtlebot3_gazebo) StdoutLine: {'line': b'-- Up-to-date symlink: /workspaces/UON-CS-robotlab-simulation-container/install/turtlebot3_gazebo/share/turtlebot3_gazebo//models/turtlebot3_common/meshes/burger_base.dae\n'}
[23.430877] (turtlebot3_gazebo) StdoutLine: {'line': b'-- Up-to-date symlink: /workspaces/UON-CS-robotlab-simulation-container/install/turtlebot3_gazebo/share/turtlebot3_gazebo//models/turtlebot3_common/meshes/lds.dae\n'}
[23.433313] (turtlebot3_gazebo) StdoutLine: {'line': b'-- Up-to-date symlink: /workspaces/UON-CS-robotlab-simulation-container/install/turtlebot3_gazebo/share/turtlebot3_gazebo//models/turtlebot3_common/meshes/r200.dae\n'}
[23.527317] (-) TimerEvent: {}
[23.555309] (turtlebot3_gazebo) StdoutLine: {'line': b'-- Up-to-date symlink: /workspaces/UON-CS-robotlab-simulation-container/install/turtlebot3_gazebo/share/turtlebot3_gazebo//models/turtlebot3_common/meshes/sensors/astra.dae\n'}
[23.564254] (turtlebot3_gazebo) StdoutLine: {'line': b'-- Up-to-date symlink: /workspaces/UON-CS-robotlab-simulation-container/install/turtlebot3_gazebo/share/turtlebot3_gazebo//models/turtlebot3_common/meshes/sensors/astra.jpg\n'}
[23.564527] (turtlebot3_gazebo) StdoutLine: {'line': b'-- Up-to-date symlink: /workspaces/UON-CS-robotlab-simulation-container/install/turtlebot3_gazebo/share/turtlebot3_gazebo//models/turtlebot3_common/meshes/sensors/lds.stl\n'}
[23.564789] (turtlebot3_gazebo) StdoutLine: {'line': b'-- Up-to-date symlink: /workspaces/UON-CS-robotlab-simulation-container/install/turtlebot3_gazebo/share/turtlebot3_gazebo//models/turtlebot3_common/meshes/sensors/r200.dae\n'}
[23.605070] (turtlebot3_gazebo) StdoutLine: {'line': b'-- Up-to-date symlink: /workspaces/UON-CS-robotlab-simulation-container/install/turtlebot3_gazebo/share/turtlebot3_gazebo//models/turtlebot3_common/meshes/sensors/r200.jpg\n'}
[23.605295] (turtlebot3_gazebo) StdoutLine: {'line': b'-- Up-to-date symlink: /workspaces/UON-CS-robotlab-simulation-container/install/turtlebot3_gazebo/share/turtlebot3_gazebo//models/turtlebot3_common/meshes/tire.dae\n'}
[23.611872] (turtlebot3_gazebo) StdoutLine: {'line': b'-- Up-to-date symlink: /workspaces/UON-CS-robotlab-simulation-container/install/turtlebot3_gazebo/share/turtlebot3_gazebo//models/turtlebot3_common/meshes/waffle_base.dae\n'}
[23.612102] (turtlebot3_gazebo) StdoutLine: {'line': b'-- Up-to-date symlink: /workspaces/UON-CS-robotlab-simulation-container/install/turtlebot3_gazebo/share/turtlebot3_gazebo//models/turtlebot3_common/meshes/waffle_pi_base.dae\n'}
[23.612249] (turtlebot3_gazebo) StdoutLine: {'line': b'-- Up-to-date symlink: /workspaces/UON-CS-robotlab-simulation-container/install/turtlebot3_gazebo/share/turtlebot3_gazebo//models/turtlebot3_common/meshes/wheels/left_tire.stl\n'}
[23.613510] (turtlebot3_gazebo) StdoutLine: {'line': b'-- Up-to-date symlink: /workspaces/UON-CS-robotlab-simulation-container/install/turtlebot3_gazebo/share/turtlebot3_gazebo//models/turtlebot3_common/meshes/wheels/right_tire.stl\n'}
[23.613683] (turtlebot3_gazebo) StdoutLine: {'line': b'-- Up-to-date symlink: /workspaces/UON-CS-robotlab-simulation-container/install/turtlebot3_gazebo/share/turtlebot3_gazebo//models/turtlebot3_common/model.config\n'}
[23.614954] (turtlebot3_gazebo) StdoutLine: {'line': b'-- Up-to-date symlink: /workspaces/UON-CS-robotlab-simulation-container/install/turtlebot3_gazebo/share/turtlebot3_gazebo//models/turtlebot3_dqn_world/goal_box/model.config\n'}
[23.615705] (turtlebot3_gazebo) StdoutLine: {'line': b'-- Up-to-date symlink: /workspaces/UON-CS-robotlab-simulation-container/install/turtlebot3_gazebo/share/turtlebot3_gazebo//models/turtlebot3_dqn_world/goal_box/model.sdf\n'}
[23.617561] (turtlebot3_gazebo) StdoutLine: {'line': b'-- Up-to-date symlink: /workspaces/UON-CS-robotlab-simulation-container/install/turtlebot3_gazebo/share/turtlebot3_gazebo//models/turtlebot3_dqn_world/inner_walls/model.config\n'}
[23.622644] (turtlebot3_gazebo) StdoutLine: {'line': b'-- Up-to-date symlink: /workspaces/UON-CS-robotlab-simulation-container/install/turtlebot3_gazebo/share/turtlebot3_gazebo//models/turtlebot3_dqn_world/inner_walls/model.sdf\n'}
[23.622872] (turtlebot3_gazebo) StdoutLine: {'line': b'-- Up-to-date symlink: /workspaces/UON-CS-robotlab-simulation-container/install/turtlebot3_gazebo/share/turtlebot3_gazebo//models/turtlebot3_dqn_world/model.config\n'}
[23.623029] (turtlebot3_gazebo) StdoutLine: {'line': b'-- Up-to-date symlink: /workspaces/UON-CS-robotlab-simulation-container/install/turtlebot3_gazebo/share/turtlebot3_gazebo//models/turtlebot3_dqn_world/model.sdf\n'}
[23.624628] (turtlebot3_gazebo) StdoutLine: {'line': b'-- Up-to-date symlink: /workspaces/UON-CS-robotlab-simulation-container/install/turtlebot3_gazebo/share/turtlebot3_gazebo//models/turtlebot3_dqn_world/obstacle1/model.config\n'}
[23.627166] (turtlebot3_gazebo) StdoutLine: {'line': b'-- Up-to-date symlink: /workspaces/UON-CS-robotlab-simulation-container/install/turtlebot3_gazebo/share/turtlebot3_gazebo//models/turtlebot3_dqn_world/obstacle1/model.sdf\n'}
[23.627351] (-) TimerEvent: {}
[23.627549] (turtlebot3_gazebo) StdoutLine: {'line': b'-- Up-to-date symlink: /workspaces/UON-CS-robotlab-simulation-container/install/turtlebot3_gazebo/share/turtlebot3_gazebo//models/turtlebot3_dqn_world/obstacle2/model.config\n'}
[23.630255] (turtlebot3_gazebo) StdoutLine: {'line': b'-- Up-to-date symlink: /workspaces/UON-CS-robotlab-simulation-container/install/turtlebot3_gazebo/share/turtlebot3_gazebo//models/turtlebot3_dqn_world/obstacle2/model.sdf\n'}
[23.719762] (turtlebot3_gazebo) StdoutLine: {'line': b'-- Up-to-date symlink: /workspaces/UON-CS-robotlab-simulation-container/install/turtlebot3_gazebo/share/turtlebot3_gazebo//models/turtlebot3_dqn_world/obstacles/model.config\n'}
[23.720256] (turtlebot3_gazebo) StdoutLine: {'line': b'-- Up-to-date symlink: /workspaces/UON-CS-robotlab-simulation-container/install/turtlebot3_gazebo/share/turtlebot3_gazebo//models/turtlebot3_dqn_world/obstacles/model.sdf\n'}
[23.720387] (turtlebot3_gazebo) StdoutLine: {'line': b'-- Up-to-date symlink: /workspaces/UON-CS-robotlab-simulation-container/install/turtlebot3_gazebo/share/turtlebot3_gazebo//models/turtlebot3_house/model.config\n'}
[23.720492] (turtlebot3_gazebo) StdoutLine: {'line': b'-- Up-to-date symlink: /workspaces/UON-CS-robotlab-simulation-container/install/turtlebot3_gazebo/share/turtlebot3_gazebo//models/turtlebot3_house/model.sdf\n'}
[23.720586] (turtlebot3_gazebo) StdoutLine: {'line': b'-- Up-to-date symlink: /workspaces/UON-CS-robotlab-simulation-container/install/turtlebot3_gazebo/share/turtlebot3_gazebo//models/turtlebot3_waffle/model-1_4.sdf\n'}
[23.723402] (turtlebot3_gazebo) StdoutLine: {'line': b'-- Up-to-date symlink: /workspaces/UON-CS-robotlab-simulation-container/install/turtlebot3_gazebo/share/turtlebot3_gazebo//models/turtlebot3_waffle/model.config\n'}
[23.724491] (turtlebot3_gazebo) StdoutLine: {'line': b'-- Up-to-date symlink: /workspaces/UON-CS-robotlab-simulation-container/install/turtlebot3_gazebo/share/turtlebot3_gazebo//models/turtlebot3_waffle/model.sdf\n'}
[23.725222] (turtlebot3_gazebo) StdoutLine: {'line': b'-- Up-to-date symlink: /workspaces/UON-CS-robotlab-simulation-container/install/turtlebot3_gazebo/share/turtlebot3_gazebo//models/turtlebot3_waffle_pi/model-1_4_.sdf\n'}
[23.727494] (-) TimerEvent: {}
[23.727721] (turtlebot3_gazebo) StdoutLine: {'line': b'-- Up-to-date symlink: /workspaces/UON-CS-robotlab-simulation-container/install/turtlebot3_gazebo/share/turtlebot3_gazebo//models/turtlebot3_waffle_pi/model.config\n'}
[23.731414] (turtlebot3_gazebo) StdoutLine: {'line': b'-- Up-to-date symlink: /workspaces/UON-CS-robotlab-simulation-container/install/turtlebot3_gazebo/share/turtlebot3_gazebo//models/turtlebot3_waffle_pi/model.sdf\n'}
[23.733837] (turtlebot3_gazebo) StdoutLine: {'line': b'-- Up-to-date symlink: /workspaces/UON-CS-robotlab-simulation-container/install/turtlebot3_gazebo/share/turtlebot3_gazebo//models/turtlebot3_world/meshes/hexagon.dae\n'}
[23.734746] (turtlebot3_gazebo) StdoutLine: {'line': b'-- Up-to-date symlink: /workspaces/UON-CS-robotlab-simulation-container/install/turtlebot3_gazebo/share/turtlebot3_gazebo//models/turtlebot3_world/meshes/wall.dae\n'}
[23.735765] (turtlebot3_gazebo) StdoutLine: {'line': b'-- Up-to-date symlink: /workspaces/UON-CS-robotlab-simulation-container/install/turtlebot3_gazebo/share/turtlebot3_gazebo//models/turtlebot3_world/model-1_4.sdf\n'}
[23.745900] (turtlebot3_gazebo) StdoutLine: {'line': b'-- Up-to-date symlink: /workspaces/UON-CS-robotlab-simulation-container/install/turtlebot3_gazebo/share/turtlebot3_gazebo//models/turtlebot3_world/model.config\n'}
[23.746061] (turtlebot3_gazebo) StdoutLine: {'line': b'-- Up-to-date symlink: /workspaces/UON-CS-robotlab-simulation-container/install/turtlebot3_gazebo/share/turtlebot3_gazebo//models/turtlebot3_world/model.sdf\n'}
[23.746168] (turtlebot3_gazebo) StdoutLine: {'line': b'-- Up-to-date symlink: /workspaces/UON-CS-robotlab-simulation-container/install/turtlebot3_gazebo/share/turtlebot3_gazebo//rviz/tb3_gazebo.rviz\n'}
[23.746263] (turtlebot3_gazebo) StdoutLine: {'line': b'-- Up-to-date symlink: /workspaces/UON-CS-robotlab-simulation-container/install/turtlebot3_gazebo/share/turtlebot3_gazebo//urdf/common_properties.urdf\n'}
[23.748287] (turtlebot3_gazebo) StdoutLine: {'line': b'-- Up-to-date symlink: /workspaces/UON-CS-robotlab-simulation-container/install/turtlebot3_gazebo/share/turtlebot3_gazebo//urdf/turtlebot3_burger.urdf\n'}
[23.749608] (turtlebot3_gazebo) StdoutLine: {'line': b'-- Up-to-date symlink: /workspaces/UON-CS-robotlab-simulation-container/install/turtlebot3_gazebo/share/turtlebot3_gazebo//urdf/turtlebot3_burger_cam.urdf\n'}
[23.753173] (turtlebot3_gazebo) StdoutLine: {'line': b'-- Up-to-date symlink: /workspaces/UON-CS-robotlab-simulation-container/install/turtlebot3_gazebo/share/turtlebot3_gazebo//urdf/turtlebot3_waffle.urdf\n'}
[23.753318] (turtlebot3_gazebo) StdoutLine: {'line': b'-- Up-to-date symlink: /workspaces/UON-CS-robotlab-simulation-container/install/turtlebot3_gazebo/share/turtlebot3_gazebo//urdf/turtlebot3_waffle_pi.urdf\n'}
[23.756893] (turtlebot3_gazebo) StdoutLine: {'line': b'-- Up-to-date symlink: /workspaces/UON-CS-robotlab-simulation-container/install/turtlebot3_gazebo/share/turtlebot3_gazebo//worlds/empty_world.world\n'}
[23.757092] (turtlebot3_gazebo) StdoutLine: {'line': b'-- Up-to-date symlink: /workspaces/UON-CS-robotlab-simulation-container/install/turtlebot3_gazebo/share/turtlebot3_gazebo//worlds/turtlebot3_autorace_2020.world\n'}
[23.761761] (turtlebot3_gazebo) StdoutLine: {'line': b'-- Up-to-date symlink: /workspaces/UON-CS-robotlab-simulation-container/install/turtlebot3_gazebo/share/turtlebot3_gazebo//worlds/turtlebot3_dqn_stage1.world\n'}
[23.823234] (turtlebot3_gazebo) StdoutLine: {'line': b'-- Up-to-date symlink: /workspaces/UON-CS-robotlab-simulation-container/install/turtlebot3_gazebo/share/turtlebot3_gazebo//worlds/turtlebot3_dqn_stage2.world\n'}
[23.827946] (turtlebot3_gazebo) StdoutLine: {'line': b'-- Up-to-date symlink: /workspaces/UON-CS-robotlab-simulation-container/install/turtlebot3_gazebo/share/turtlebot3_gazebo//worlds/turtlebot3_dqn_stage3.world\n'}
[23.828212] (-) TimerEvent: {}
[23.828434] (turtlebot3_gazebo) StdoutLine: {'line': b'-- Up-to-date symlink: /workspaces/UON-CS-robotlab-simulation-container/install/turtlebot3_gazebo/share/turtlebot3_gazebo//worlds/turtlebot3_dqn_stage4.world\n'}
[23.829247] (turtlebot3_gazebo) StdoutLine: {'line': b'-- Up-to-date symlink: /workspaces/UON-CS-robotlab-simulation-container/install/turtlebot3_gazebo/share/turtlebot3_gazebo//worlds/turtlebot3_house.world\n'}
[23.829352] (turtlebot3_gazebo) StdoutLine: {'line': b'-- Up-to-date symlink: /workspaces/UON-CS-robotlab-simulation-container/install/turtlebot3_gazebo/share/turtlebot3_gazebo//worlds/turtlebot3_world.world\n'}
[23.838021] (turtlebot3_gazebo) StdoutLine: {'line': b'-- Up-to-date symlink: /workspaces/UON-CS-robotlab-simulation-container/install/turtlebot3_gazebo/include//turtlebot3_gazebo/obstacle1.hpp\n'}
[23.838242] (turtlebot3_gazebo) StdoutLine: {'line': b'-- Up-to-date symlink: /workspaces/UON-CS-robotlab-simulation-container/install/turtlebot3_gazebo/include//turtlebot3_gazebo/obstacle2.hpp\n'}
[23.838387] (turtlebot3_gazebo) StdoutLine: {'line': b'-- Up-to-date symlink: /workspaces/UON-CS-robotlab-simulation-container/install/turtlebot3_gazebo/include//turtlebot3_gazebo/obstacles.hpp\n'}
[23.838527] (turtlebot3_gazebo) StdoutLine: {'line': b'-- Up-to-date symlink: /workspaces/UON-CS-robotlab-simulation-container/install/turtlebot3_gazebo/include//turtlebot3_gazebo/traffic_bar_plugin.hpp\n'}
[23.838639] (turtlebot3_gazebo) StdoutLine: {'line': b'-- Up-to-date symlink: /workspaces/UON-CS-robotlab-simulation-container/install/turtlebot3_gazebo/include//turtlebot3_gazebo/traffic_light_plugin.hpp\n'}
[23.838745] (turtlebot3_gazebo) StdoutLine: {'line': b'-- Up-to-date symlink: /workspaces/UON-CS-robotlab-simulation-container/install/turtlebot3_gazebo/include//turtlebot3_gazebo/turtlebot3_drive.hpp\n'}
[23.841873] (turtlebot3_gazebo) StdoutLine: {'line': b'-- Up-to-date symlink: /workspaces/UON-CS-robotlab-simulation-container/install/turtlebot3_gazebo/share/ament_index/resource_index/package_run_dependencies/turtlebot3_gazebo\n'}
[23.844391] (turtlebot3_gazebo) StdoutLine: {'line': b'-- Up-to-date symlink: /workspaces/UON-CS-robotlab-simulation-container/install/turtlebot3_gazebo/share/ament_index/resource_index/parent_prefix_path/turtlebot3_gazebo\n'}
[23.848220] (turtlebot3_gazebo) StdoutLine: {'line': b'-- Up-to-date symlink: /workspaces/UON-CS-robotlab-simulation-container/install/turtlebot3_gazebo/share/turtlebot3_gazebo/environment/ament_prefix_path.sh\n'}
[23.848948] (turtlebot3_gazebo) StdoutLine: {'line': b'-- Up-to-date symlink: /workspaces/UON-CS-robotlab-simulation-container/install/turtlebot3_gazebo/share/turtlebot3_gazebo/environment/ament_prefix_path.dsv\n'}
[23.850854] (turtlebot3_gazebo) StdoutLine: {'line': b'-- Up-to-date symlink: /workspaces/UON-CS-robotlab-simulation-container/install/turtlebot3_gazebo/share/turtlebot3_gazebo/environment/path.sh\n'}
[23.852584] (turtlebot3_gazebo) StdoutLine: {'line': b'-- Up-to-date symlink: /workspaces/UON-CS-robotlab-simulation-container/install/turtlebot3_gazebo/share/turtlebot3_gazebo/environment/path.dsv\n'}
[23.858799] (turtlebot3_gazebo) StdoutLine: {'line': b'-- Up-to-date symlink: /workspaces/UON-CS-robotlab-simulation-container/install/turtlebot3_gazebo/share/turtlebot3_gazebo/local_setup.bash\n'}
[23.858962] (turtlebot3_gazebo) StdoutLine: {'line': b'-- Up-to-date symlink: /workspaces/UON-CS-robotlab-simulation-container/install/turtlebot3_gazebo/share/turtlebot3_gazebo/local_setup.sh\n'}
[23.860742] (turtlebot3_gazebo) StdoutLine: {'line': b'-- Up-to-date symlink: /workspaces/UON-CS-robotlab-simulation-container/install/turtlebot3_gazebo/share/turtlebot3_gazebo/local_setup.zsh\n'}
[23.860961] (turtlebot3_gazebo) StdoutLine: {'line': b'-- Up-to-date symlink: /workspaces/UON-CS-robotlab-simulation-container/install/turtlebot3_gazebo/share/turtlebot3_gazebo/local_setup.dsv\n'}
[23.865879] (turtlebot3_gazebo) StdoutLine: {'line': b'-- Symlinking: /workspaces/UON-CS-robotlab-simulation-container/install/turtlebot3_gazebo/share/turtlebot3_gazebo/package.dsv\n'}
[23.908424] (turtlebot3_gazebo) StdoutLine: {'line': b'-- Up-to-date symlink: /workspaces/UON-CS-robotlab-simulation-container/install/turtlebot3_gazebo/share/ament_index/resource_index/packages/turtlebot3_gazebo\n'}
[23.910796] (turtlebot3_gazebo) StdoutLine: {'line': b'-- Up-to-date symlink: /workspaces/UON-CS-robotlab-simulation-container/install/turtlebot3_gazebo/share/turtlebot3_gazebo/cmake/ament_cmake_export_include_directories-extras.cmake\n'}
[23.911739] (turtlebot3_gazebo) StdoutLine: {'line': b'-- Up-to-date symlink: /workspaces/UON-CS-robotlab-simulation-container/install/turtlebot3_gazebo/share/turtlebot3_gazebo/cmake/ament_cmake_export_dependencies-extras.cmake\n'}
[23.913395] (turtlebot3_gazebo) StdoutLine: {'line': b'-- Up-to-date symlink: /workspaces/UON-CS-robotlab-simulation-container/install/turtlebot3_gazebo/share/turtlebot3_gazebo/cmake/turtlebot3_gazeboConfig.cmake\n'}
[23.914280] (turtlebot3_gazebo) StdoutLine: {'line': b'-- Up-to-date symlink: /workspaces/UON-CS-robotlab-simulation-container/install/turtlebot3_gazebo/share/turtlebot3_gazebo/cmake/turtlebot3_gazeboConfig-version.cmake\n'}
[23.917304] (turtlebot3_gazebo) StdoutLine: {'line': b'-- Up-to-date symlink: /workspaces/UON-CS-robotlab-simulation-container/install/turtlebot3_gazebo/share/turtlebot3_gazebo/package.xml\n'}
[23.921570] (turtlebot3_gazebo) CommandEnded: {'returncode': 0}
[23.937236] (-) TimerEvent: {}
[24.009152] (turtlebot3_gazebo) JobEnded: {'identifier': 'turtlebot3_gazebo', 'rc': 0}
[24.010030] (turtlebot3_example) JobStarted: {'identifier': 'turtlebot3_example'}
[24.037334] (-) TimerEvent: {}
[24.137653] (-) TimerEvent: {}
[24.238932] (-) TimerEvent: {}
[24.339664] (-) TimerEvent: {}
[24.440155] (-) TimerEvent: {}
[24.543951] (-) TimerEvent: {}
[24.645642] (-) TimerEvent: {}
[24.754091] (-) TimerEvent: {}
[24.854511] (-) TimerEvent: {}
[24.957122] (-) TimerEvent: {}
[25.059010] (-) TimerEvent: {}
[25.165295] (-) TimerEvent: {}
[25.266405] (-) TimerEvent: {}
[25.370095] (-) TimerEvent: {}
[25.472914] (-) TimerEvent: {}
[25.574245] (-) TimerEvent: {}
[25.678470] (-) TimerEvent: {}
[25.779955] (-) TimerEvent: {}
[25.886473] (-) TimerEvent: {}
[25.986869] (-) TimerEvent: {}
[26.087669] (-) TimerEvent: {}
[26.190913] (-) TimerEvent: {}
[26.293224] (-) TimerEvent: {}
[26.393647] (-) TimerEvent: {}
[26.495077] (-) TimerEvent: {}
[26.595899] (-) TimerEvent: {}
[26.696483] (-) TimerEvent: {}
[26.798902] (-) TimerEvent: {}
[26.806859] (turtlebot3_teleop) Command: {'cmd': ['/usr/bin/python3', '-W', 'ignore:setup.py install is deprecated', '-W', 'ignore:easy_install command is deprecated', 'setup.py', 'develop', '--editable', '--build-directory', '/workspaces/UON-CS-robotlab-simulation-container/build/turtlebot3_teleop/build', '--no-deps', 'symlink_data'], 'cwd': '/workspaces/UON-CS-robotlab-simulation-container/build/turtlebot3_teleop', 'env': {'GITHUB_TOKEN': 'ghu_B4O6CZhcVLRE0OX7B0pYH9Kn8C5gJq2RIGly', 'GITHUB_CODESPACE_TOKEN': 'AOKRK4WKUJC5CQRMWNS6OXDKNJSNPANCNFSM4AXFRYHA', 'FEATURE_SPARK_POST_COMMIT_CREATE_ITERATION': 'true', 'HOSTNAME': 'codespaces-ad2f20', 'GITHUB_CODESPACES_PORT_FORWARDING_DOMAIN': 'app.github.dev', 'SHLVL': '2', 'LD_LIBRARY_PATH': '/workspaces/UON-CS-robotlab-simulation-container/install/turtlebot3_msgs/lib:/workspaces/UON-CS-robotlab-simulation-container/install/dynamixel_sdk_custom_interfaces/lib:/workspaces/UON-CS-robotlab-simulation-container/install/dynamixel_sdk/lib:/usr/lib/x86_64-linux-gnu/gazebo-11/plugins:/opt/ros/humble/opt/rviz_ogre_vendor/lib:/opt/ros/humble/lib/x86_64-linux-gnu:/opt/ros/humble/lib', 'HOME': '/home/vscode', 'OLDPWD': '/workspaces/UON-CS-robotlab-simulation-container', 'CODESPACES': 'true', 'ROS_PYTHON_VERSION': '3', 'GITHUB_USER': 'mohammad-areeb', 'GITHUB_GRAPHQL_URL': 'https://api.github.com/graphql', 'COLCON_PREFIX_PATH': '/workspaces/UON-CS-robotlab-simulation-container/install', 'ROS_DISTRO': 'humble', 'ContainerVersion': '13', 'GITHUB_API_URL': 'https://api.github.com', 'RepositoryName': 'UON-CS-robotlab-simulation-container', '_': '/usr/bin/colcon', 'ROS_VERSION': '2', 'CLOUDENV_ENVIRONMENT_ID': '344bab99-1d47-4655-88f7-fee790854045', 'TERM': 'xterm', 'ROS_LOCALHOST_ONLY': '0', 'PATH': '/opt/ros/humble/bin:/usr/local/sbin:/usr/local/bin:/usr/sbin:/usr/bin:/sbin:/bin', 'SHELL_LOGGED_IN': 'true', 'DISPLAY': ':1', 'LANG': 'C.UTF-8', 'LS_COLORS': '', 'GITHUB_REPOSITORY': 'mohammad-areeb/UON-CS-robotlab-simulation-container', 'ROS_DOMAIN_ID': '30', 'AMENT_PREFIX_PATH': '/workspaces/UON-CS-robotlab-simulation-container/install/turtlebot3:/workspaces/UON-CS-robotlab-simulation-container/install/turtlebot3_teleop:/workspaces/UON-CS-robotlab-simulation-container/install/turtlebot3_simulations:/workspaces/UON-CS-robotlab-simulation-container/install/turtlebot3_bringup:/workspaces/UON-CS-robotlab-simulation-container/install/turtlebot3_node:/workspaces/UON-CS-robotlab-simulation-container/install/turtlebot3_navigation2:/workspaces/UON-CS-robotlab-simulation-container/install/turtlebot3_fake_node:/workspaces/UON-CS-robotlab-simulation-container/install/turtlebot3_example:/workspaces/UON-CS-robotlab-simulation-container/install/turtlebot3_msgs:/workspaces/UON-CS-robotlab-simulation-container/install/turtlebot3_manipulation_gazebo:/workspaces/UON-CS-robotlab-simulation-container/install/turtlebot3_gazebo:/workspaces/UON-CS-robotlab-simulation-container/install/turtlebot3_description:/workspaces/UON-CS-robotlab-simulation-container/install/turtlebot3_cartographer:/workspaces/UON-CS-robotlab-simulation-container/install/dynamixel_sdk_examples:/workspaces/UON-CS-robotlab-simulation-container/install/dynamixel_sdk_custom_interfaces:/workspaces/UON-CS-robotlab-simulation-container/install/dynamixel_sdk:/opt/ros/humble', 'DEBIAN_FRONTEND': 'noninteractive', 'SHELL': '/bin/bash', 'PWD': '/workspaces/UON-CS-robotlab-simulation-container/build/turtlebot3_teleop', 'INTERNAL_VSCS_TARGET_URL': 'https://uksouth.online.visualstudio.com', 'TURTLEBOT3_MODEL': 'waffle', 'LC_ALL': 'C.UTF-8', 'GITHUB_SERVER_URL': 'https://github.com', 'PYTHONPATH': '/workspaces/UON-CS-robotlab-simulation-container/build/turtlebot3_teleop/prefix_override:/usr/lib/python3/dist-packages/colcon_core/task/python/colcon_distutils_commands:/workspaces/UON-CS-robotlab-simulation-container/install/turtlebot3_teleop/lib/python3.10/site-packages:/workspaces/UON-CS-robotlab-simulation-container/build/turtlebot3_teleop:/workspaces/UON-CS-robotlab-simulation-container/install/turtlebot3_teleop/lib/python3.10/site-packages:/workspaces/UON-CS-robotlab-simulation-container/build/turtlebot3_example:/workspaces/UON-CS-robotlab-simulation-container/install/turtlebot3_example/lib/python3.10/site-packages:/workspaces/UON-CS-robotlab-simulation-container/install/turtlebot3_msgs/local/lib/python3.10/dist-packages:/workspaces/UON-CS-robotlab-simulation-container/install/dynamixel_sdk_custom_interfaces/local/lib/python3.10/dist-packages:/workspaces/UON-CS-robotlab-simulation-container/install/dynamixel_sdk/local/lib/python3.10/dist-packages:/opt/ros/humble/lib/python3.10/site-packages:/opt/ros/humble/local/lib/python3.10/dist-packages', 'CODESPACE_NAME': 'urban-space-garbanzo-j7wwvprrjjp25j95', 'COLCON': '1', 'CMAKE_PREFIX_PATH': '/workspaces/UON-CS-robotlab-simulation-container/install/turtlebot3:/workspaces/UON-CS-robotlab-simulation-container/install/turtlebot3_simulations:/workspaces/UON-CS-robotlab-simulation-container/install/turtlebot3_bringup:/workspaces/UON-CS-robotlab-simulation-container/install/turtlebot3_node:/workspaces/UON-CS-robotlab-simulation-container/install/turtlebot3_navigation2:/workspaces/UON-CS-robotlab-simulation-container/install/turtlebot3_fake_node:/workspaces/UON-CS-robotlab-simulation-container/install/turtlebot3_msgs:/workspaces/UON-CS-robotlab-simulation-container/install/turtlebot3_manipulation_gazebo:/workspaces/UON-CS-robotlab-simulation-container/install/turtlebot3_gazebo:/workspaces/UON-CS-robotlab-simulation-container/install/turtlebot3_description:/workspaces/UON-CS-robotlab-simulation-container/install/turtlebot3_cartographer:/workspaces/UON-CS-robotlab-simulation-container/install/dynamixel_sdk_examples:/workspaces/UON-CS-robotlab-simulation-container/install/dynamixel_sdk_custom_interfaces:/workspaces/UON-CS-robotlab-simulation-container/install/dynamixel_sdk'}, 'shell': False}
[26.900904] (-) TimerEvent: {}
[27.001484] (-) TimerEvent: {}
[27.101895] (-) TimerEvent: {}
[27.202353] (-) TimerEvent: {}
[27.302722] (-) TimerEvent: {}
[27.404903] (-) TimerEvent: {}
[27.508933] (-) TimerEvent: {}
[27.610903] (-) TimerEvent: {}
[27.712595] (-) TimerEvent: {}
[27.813917] (-) TimerEvent: {}
[27.914285] (-) TimerEvent: {}
[28.014708] (-) TimerEvent: {}
[28.115153] (-) TimerEvent: {}
[28.216235] (-) TimerEvent: {}
[28.272907] (turtlebot3_teleop) StdoutLine: {'line': b'running develop\n'}
[28.316342] (-) TimerEvent: {}
[28.418151] (-) TimerEvent: {}
[28.518769] (-) TimerEvent: {}
[28.619450] (-) TimerEvent: {}
[28.677046] (turtlebot3_example) Command: {'cmd': ['/usr/bin/python3', '-W', 'ignore:setup.py install is deprecated', '-W', 'ignore:easy_install command is deprecated', 'setup.py', 'develop', '--editable', '--build-directory', '/workspaces/UON-CS-robotlab-simulation-container/build/turtlebot3_example/build', '--no-deps', 'symlink_data'], 'cwd': '/workspaces/UON-CS-robotlab-simulation-container/build/turtlebot3_example', 'env': {'GITHUB_TOKEN': 'ghu_B4O6CZhcVLRE0OX7B0pYH9Kn8C5gJq2RIGly', 'GITHUB_CODESPACE_TOKEN': 'AOKRK4WKUJC5CQRMWNS6OXDKNJSNPANCNFSM4AXFRYHA', 'FEATURE_SPARK_POST_COMMIT_CREATE_ITERATION': 'true', 'HOSTNAME': 'codespaces-ad2f20', 'GITHUB_CODESPACES_PORT_FORWARDING_DOMAIN': 'app.github.dev', 'SHLVL': '2', 'LD_LIBRARY_PATH': '/workspaces/UON-CS-robotlab-simulation-container/install/turtlebot3_msgs/lib:/workspaces/UON-CS-robotlab-simulation-container/install/dynamixel_sdk_custom_interfaces/lib:/workspaces/UON-CS-robotlab-simulation-container/install/dynamixel_sdk/lib:/usr/lib/x86_64-linux-gnu/gazebo-11/plugins:/opt/ros/humble/opt/rviz_ogre_vendor/lib:/opt/ros/humble/lib/x86_64-linux-gnu:/opt/ros/humble/lib', 'HOME': '/home/vscode', 'OLDPWD': '/workspaces/UON-CS-robotlab-simulation-container', 'CODESPACES': 'true', 'ROS_PYTHON_VERSION': '3', 'GITHUB_USER': 'mohammad-areeb', 'GITHUB_GRAPHQL_URL': 'https://api.github.com/graphql', 'COLCON_PREFIX_PATH': '/workspaces/UON-CS-robotlab-simulation-container/install', 'ROS_DISTRO': 'humble', 'ContainerVersion': '13', 'GITHUB_API_URL': 'https://api.github.com', 'RepositoryName': 'UON-CS-robotlab-simulation-container', '_': '/usr/bin/colcon', 'ROS_VERSION': '2', 'CLOUDENV_ENVIRONMENT_ID': '344bab99-1d47-4655-88f7-fee790854045', 'TERM': 'xterm', 'ROS_LOCALHOST_ONLY': '0', 'PATH': '/opt/ros/humble/bin:/usr/local/sbin:/usr/local/bin:/usr/sbin:/usr/bin:/sbin:/bin', 'SHELL_LOGGED_IN': 'true', 'DISPLAY': ':1', 'LANG': 'C.UTF-8', 'LS_COLORS': '', 'GITHUB_REPOSITORY': 'mohammad-areeb/UON-CS-robotlab-simulation-container', 'ROS_DOMAIN_ID': '30', 'AMENT_PREFIX_PATH': '/workspaces/UON-CS-robotlab-simulation-container/install/turtlebot3:/workspaces/UON-CS-robotlab-simulation-container/install/turtlebot3_teleop:/workspaces/UON-CS-robotlab-simulation-container/install/turtlebot3_simulations:/workspaces/UON-CS-robotlab-simulation-container/install/turtlebot3_bringup:/workspaces/UON-CS-robotlab-simulation-container/install/turtlebot3_node:/workspaces/UON-CS-robotlab-simulation-container/install/turtlebot3_navigation2:/workspaces/UON-CS-robotlab-simulation-container/install/turtlebot3_fake_node:/workspaces/UON-CS-robotlab-simulation-container/install/turtlebot3_example:/workspaces/UON-CS-robotlab-simulation-container/install/turtlebot3_msgs:/workspaces/UON-CS-robotlab-simulation-container/install/turtlebot3_manipulation_gazebo:/workspaces/UON-CS-robotlab-simulation-container/install/turtlebot3_gazebo:/workspaces/UON-CS-robotlab-simulation-container/install/turtlebot3_description:/workspaces/UON-CS-robotlab-simulation-container/install/turtlebot3_cartographer:/workspaces/UON-CS-robotlab-simulation-container/install/dynamixel_sdk_examples:/workspaces/UON-CS-robotlab-simulation-container/install/dynamixel_sdk_custom_interfaces:/workspaces/UON-CS-robotlab-simulation-container/install/dynamixel_sdk:/opt/ros/humble', 'DEBIAN_FRONTEND': 'noninteractive', 'SHELL': '/bin/bash', 'PWD': '/workspaces/UON-CS-robotlab-simulation-container/build/turtlebot3_example', 'INTERNAL_VSCS_TARGET_URL': 'https://uksouth.online.visualstudio.com', 'TURTLEBOT3_MODEL': 'waffle', 'LC_ALL': 'C.UTF-8', 'GITHUB_SERVER_URL': 'https://github.com', 'PYTHONPATH': '/workspaces/UON-CS-robotlab-simulation-container/build/turtlebot3_example/prefix_override:/usr/lib/python3/dist-packages/colcon_core/task/python/colcon_distutils_commands:/workspaces/UON-CS-robotlab-simulation-container/install/turtlebot3_example/lib/python3.10/site-packages:/workspaces/UON-CS-robotlab-simulation-container/build/turtlebot3_teleop:/workspaces/UON-CS-robotlab-simulation-container/install/turtlebot3_teleop/lib/python3.10/site-packages:/workspaces/UON-CS-robotlab-simulation-container/build/turtlebot3_example:/workspaces/UON-CS-robotlab-simulation-container/install/turtlebot3_example/lib/python3.10/site-packages:/workspaces/UON-CS-robotlab-simulation-container/install/turtlebot3_msgs/local/lib/python3.10/dist-packages:/workspaces/UON-CS-robotlab-simulation-container/install/dynamixel_sdk_custom_interfaces/local/lib/python3.10/dist-packages:/workspaces/UON-CS-robotlab-simulation-container/install/dynamixel_sdk/local/lib/python3.10/dist-packages:/opt/ros/humble/lib/python3.10/site-packages:/opt/ros/humble/local/lib/python3.10/dist-packages', 'CODESPACE_NAME': 'urban-space-garbanzo-j7wwvprrjjp25j95', 'COLCON': '1', 'CMAKE_PREFIX_PATH': '/workspaces/UON-CS-robotlab-simulation-container/install/turtlebot3_msgs:/workspaces/UON-CS-robotlab-simulation-container/install/turtlebot3:/workspaces/UON-CS-robotlab-simulation-container/install/turtlebot3_simulations:/workspaces/UON-CS-robotlab-simulation-container/install/turtlebot3_bringup:/workspaces/UON-CS-robotlab-simulation-container/install/turtlebot3_node:/workspaces/UON-CS-robotlab-simulation-container/install/turtlebot3_navigation2:/workspaces/UON-CS-robotlab-simulation-container/install/turtlebot3_fake_node:/workspaces/UON-CS-robotlab-simulation-container/install/turtlebot3_manipulation_gazebo:/workspaces/UON-CS-robotlab-simulation-container/install/turtlebot3_gazebo:/workspaces/UON-CS-robotlab-simulation-container/install/turtlebot3_description:/workspaces/UON-CS-robotlab-simulation-container/install/turtlebot3_cartographer:/workspaces/UON-CS-robotlab-simulation-container/install/dynamixel_sdk_examples:/workspaces/UON-CS-robotlab-simulation-container/install/dynamixel_sdk_custom_interfaces:/workspaces/UON-CS-robotlab-simulation-container/install/dynamixel_sdk'}, 'shell': False}
[28.721892] (-) TimerEvent: {}
[28.823895] (-) TimerEvent: {}
[28.924900] (-) TimerEvent: {}
[29.027901] (-) TimerEvent: {}
[29.116811] (turtlebot3_teleop) StdoutLine: {'line': b'running egg_info\n'}
[29.117958] (turtlebot3_teleop) StdoutLine: {'line': b'writing turtlebot3_teleop.egg-info/PKG-INFO\n'}
[29.121991] (turtlebot3_teleop) StdoutLine: {'line': b'writing dependency_links to turtlebot3_teleop.egg-info/dependency_links.txt\n'}
[29.122199] (turtlebot3_teleop) StdoutLine: {'line': b'writing entry points to turtlebot3_teleop.egg-info/entry_points.txt\n'}
[29.122345] (turtlebot3_teleop) StdoutLine: {'line': b'writing requirements to turtlebot3_teleop.egg-info/requires.txt\n'}
[29.122472] (turtlebot3_teleop) StdoutLine: {'line': b'writing top-level names to turtlebot3_teleop.egg-info/top_level.txt\n'}
[29.129509] (-) TimerEvent: {}
[29.133779] (turtlebot3_teleop) StdoutLine: {'line': b"reading manifest file 'turtlebot3_teleop.egg-info/SOURCES.txt'\n"}
[29.138896] (turtlebot3_teleop) StdoutLine: {'line': b"writing manifest file 'turtlebot3_teleop.egg-info/SOURCES.txt'\n"}
[29.141900] (turtlebot3_teleop) StdoutLine: {'line': b'running build_ext\n'}
[29.142470] (turtlebot3_teleop) StdoutLine: {'line': b'Creating /workspaces/UON-CS-robotlab-simulation-container/install/turtlebot3_teleop/lib/python3.10/site-packages/turtlebot3-teleop.egg-link (link to .)\n'}
[29.145561] (turtlebot3_teleop) StdoutLine: {'line': b'Installing teleop_keyboard script to /workspaces/UON-CS-robotlab-simulation-container/install/turtlebot3_teleop/lib/turtlebot3_teleop\n'}
[29.146400] (turtlebot3_teleop) StdoutLine: {'line': b'\n'}
[29.147041] (turtlebot3_teleop) StdoutLine: {'line': b'Installed /workspaces/UON-CS-robotlab-simulation-container/build/turtlebot3_teleop\n'}
[29.147295] (turtlebot3_teleop) StdoutLine: {'line': b'running symlink_data\n'}
[29.230910] (-) TimerEvent: {}
[29.253006] (turtlebot3_teleop) CommandEnded: {'returncode': 0}
[29.331034] (-) TimerEvent: {}
[29.343375] (turtlebot3_teleop) JobEnded: {'identifier': 'turtlebot3_teleop', 'rc': 0}
[29.346119] (turtlebot3_fake_node) JobStarted: {'identifier': 'turtlebot3_fake_node'}
[29.426091] (turtlebot3_fake_node) JobProgress: {'identifier': 'turtlebot3_fake_node', 'progress': 'cmake'}
[29.435121] (turtlebot3_fake_node) JobProgress: {'identifier': 'turtlebot3_fake_node', 'progress': 'build'}
[29.435219] (-) TimerEvent: {}
[29.435382] (turtlebot3_fake_node) Command: {'cmd': ['/usr/bin/cmake', '--build', '/workspaces/UON-CS-robotlab-simulation-container/build/turtlebot3_fake_node', '--', '-j2', '-l2'], 'cwd': '/workspaces/UON-CS-robotlab-simulation-container/build/turtlebot3_fake_node', 'env': OrderedDict([('GITHUB_TOKEN', 'ghu_B4O6CZhcVLRE0OX7B0pYH9Kn8C5gJq2RIGly'), ('GITHUB_CODESPACE_TOKEN', 'AOKRK4WKUJC5CQRMWNS6OXDKNJSNPANCNFSM4AXFRYHA'), ('FEATURE_SPARK_POST_COMMIT_CREATE_ITERATION', 'true'), ('HOSTNAME', 'codespaces-ad2f20'), ('GITHUB_CODESPACES_PORT_FORWARDING_DOMAIN', 'app.github.dev'), ('SHLVL', '2'), ('LD_LIBRARY_PATH', '/workspaces/UON-CS-robotlab-simulation-container/install/turtlebot3_msgs/lib:/workspaces/UON-CS-robotlab-simulation-container/install/dynamixel_sdk_custom_interfaces/lib:/workspaces/UON-CS-robotlab-simulation-container/install/dynamixel_sdk/lib:/usr/lib/x86_64-linux-gnu/gazebo-11/plugins:/opt/ros/humble/opt/rviz_ogre_vendor/lib:/opt/ros/humble/lib/x86_64-linux-gnu:/opt/ros/humble/lib'), ('HOME', '/home/vscode'), ('OLDPWD', '/workspaces/UON-CS-robotlab-simulation-container'), ('CODESPACES', 'true'), ('ROS_PYTHON_VERSION', '3'), ('GITHUB_USER', 'mohammad-areeb'), ('GITHUB_GRAPHQL_URL', 'https://api.github.com/graphql'), ('COLCON_PREFIX_PATH', '/workspaces/UON-CS-robotlab-simulation-container/install'), ('ROS_DISTRO', 'humble'), ('ContainerVersion', '13'), ('GITHUB_API_URL', 'https://api.github.com'), ('RepositoryName', 'UON-CS-robotlab-simulation-container'), ('_', '/usr/bin/colcon'), ('ROS_VERSION', '2'), ('CLOUDENV_ENVIRONMENT_ID', '344bab99-1d47-4655-88f7-fee790854045'), ('TERM', 'xterm'), ('ROS_LOCALHOST_ONLY', '0'), ('PATH', '/opt/ros/humble/bin:/usr/local/sbin:/usr/local/bin:/usr/sbin:/usr/bin:/sbin:/bin'), ('SHELL_LOGGED_IN', 'true'), ('DISPLAY', ':1'), ('LANG', 'C.UTF-8'), ('LS_COLORS', ''), ('GITHUB_REPOSITORY', 'mohammad-areeb/UON-CS-robotlab-simulation-container'), ('ROS_DOMAIN_ID', '30'), ('AMENT_PREFIX_PATH', '/workspaces/UON-CS-robotlab-simulation-container/install/turtlebot3:/workspaces/UON-CS-robotlab-simulation-container/install/turtlebot3_teleop:/workspaces/UON-CS-robotlab-simulation-container/install/turtlebot3_simulations:/workspaces/UON-CS-robotlab-simulation-container/install/turtlebot3_bringup:/workspaces/UON-CS-robotlab-simulation-container/install/turtlebot3_node:/workspaces/UON-CS-robotlab-simulation-container/install/turtlebot3_navigation2:/workspaces/UON-CS-robotlab-simulation-container/install/turtlebot3_fake_node:/workspaces/UON-CS-robotlab-simulation-container/install/turtlebot3_example:/workspaces/UON-CS-robotlab-simulation-container/install/turtlebot3_msgs:/workspaces/UON-CS-robotlab-simulation-container/install/turtlebot3_manipulation_gazebo:/workspaces/UON-CS-robotlab-simulation-container/install/turtlebot3_gazebo:/workspaces/UON-CS-robotlab-simulation-container/install/turtlebot3_description:/workspaces/UON-CS-robotlab-simulation-container/install/turtlebot3_cartographer:/workspaces/UON-CS-robotlab-simulation-container/install/dynamixel_sdk_examples:/workspaces/UON-CS-robotlab-simulation-container/install/dynamixel_sdk_custom_interfaces:/workspaces/UON-CS-robotlab-simulation-container/install/dynamixel_sdk:/opt/ros/humble'), ('DEBIAN_FRONTEND', 'noninteractive'), ('SHELL', '/bin/bash'), ('PWD', '/workspaces/UON-CS-robotlab-simulation-container/build/turtlebot3_fake_node'), ('INTERNAL_VSCS_TARGET_URL', 'https://uksouth.online.visualstudio.com'), ('TURTLEBOT3_MODEL', 'waffle'), ('LC_ALL', 'C.UTF-8'), ('GITHUB_SERVER_URL', 'https://github.com'), ('PYTHONPATH', '/workspaces/UON-CS-robotlab-simulation-container/build/turtlebot3_teleop:/workspaces/UON-CS-robotlab-simulation-container/install/turtlebot3_teleop/lib/python3.10/site-packages:/workspaces/UON-CS-robotlab-simulation-container/build/turtlebot3_example:/workspaces/UON-CS-robotlab-simulation-container/install/turtlebot3_example/lib/python3.10/site-packages:/workspaces/UON-CS-robotlab-simulation-container/install/turtlebot3_msgs/local/lib/python3.10/dist-packages:/workspaces/UON-CS-robotlab-simulation-container/install/dynamixel_sdk_custom_interfaces/local/lib/python3.10/dist-packages:/workspaces/UON-CS-robotlab-simulation-container/install/dynamixel_sdk/local/lib/python3.10/dist-packages:/opt/ros/humble/lib/python3.10/site-packages:/opt/ros/humble/local/lib/python3.10/dist-packages'), ('CODESPACE_NAME', 'urban-space-garbanzo-j7wwvprrjjp25j95'), ('COLCON', '1'), ('CMAKE_PREFIX_PATH', '/workspaces/UON-CS-robotlab-simulation-container/install/turtlebot3_msgs:/workspaces/UON-CS-robotlab-simulation-container/install/turtlebot3:/workspaces/UON-CS-robotlab-simulation-container/install/turtlebot3_simulations:/workspaces/UON-CS-robotlab-simulation-container/install/turtlebot3_bringup:/workspaces/UON-CS-robotlab-simulation-container/install/turtlebot3_node:/workspaces/UON-CS-robotlab-simulation-container/install/turtlebot3_navigation2:/workspaces/UON-CS-robotlab-simulation-container/install/turtlebot3_fake_node:/workspaces/UON-CS-robotlab-simulation-container/install/turtlebot3_manipulation_gazebo:/workspaces/UON-CS-robotlab-simulation-container/install/turtlebot3_gazebo:/workspaces/UON-CS-robotlab-simulation-container/install/turtlebot3_description:/workspaces/UON-CS-robotlab-simulation-container/install/turtlebot3_cartographer:/workspaces/UON-CS-robotlab-simulation-container/install/dynamixel_sdk_examples:/workspaces/UON-CS-robotlab-simulation-container/install/dynamixel_sdk_custom_interfaces:/workspaces/UON-CS-robotlab-simulation-container/install/dynamixel_sdk:/workspaces/UON-CS-robotlab-simulation-container/install/turtlebot3_teleop:/workspaces/UON-CS-robotlab-simulation-container/install/turtlebot3_example:/opt/ros/humble')]), 'shell': False}
[29.536362] (-) TimerEvent: {}
[29.612263] (turtlebot3_fake_node) StdoutLine: {'line': b'\x1b[35m\x1b[1mConsolidate compiler generated dependencies of target turtlebot3_fake_node\x1b[0m\n'}
[29.636739] (-) TimerEvent: {}
[29.739429] (-) TimerEvent: {}
[29.783901] (turtlebot3_fake_node) StdoutLine: {'line': b'[100%] Built target turtlebot3_fake_node\n'}
[29.843185] (-) TimerEvent: {}
[29.874021] (turtlebot3_fake_node) CommandEnded: {'returncode': 0}
[29.879419] (turtlebot3_example) StdoutLine: {'line': b'running develop\n'}
[29.885591] (turtlebot3_fake_node) JobProgress: {'identifier': 'turtlebot3_fake_node', 'progress': 'install'}
[29.885681] (turtlebot3_fake_node) Command: {'cmd': ['/usr/bin/cmake', '--install', '/workspaces/UON-CS-robotlab-simulation-container/build/turtlebot3_fake_node'], 'cwd': '/workspaces/UON-CS-robotlab-simulation-container/build/turtlebot3_fake_node', 'env': OrderedDict([('GITHUB_TOKEN', 'ghu_B4O6CZhcVLRE0OX7B0pYH9Kn8C5gJq2RIGly'), ('GITHUB_CODESPACE_TOKEN', 'AOKRK4WKUJC5CQRMWNS6OXDKNJSNPANCNFSM4AXFRYHA'), ('FEATURE_SPARK_POST_COMMIT_CREATE_ITERATION', 'true'), ('HOSTNAME', 'codespaces-ad2f20'), ('GITHUB_CODESPACES_PORT_FORWARDING_DOMAIN', 'app.github.dev'), ('SHLVL', '2'), ('LD_LIBRARY_PATH', '/workspaces/UON-CS-robotlab-simulation-container/install/turtlebot3_msgs/lib:/workspaces/UON-CS-robotlab-simulation-container/install/dynamixel_sdk_custom_interfaces/lib:/workspaces/UON-CS-robotlab-simulation-container/install/dynamixel_sdk/lib:/usr/lib/x86_64-linux-gnu/gazebo-11/plugins:/opt/ros/humble/opt/rviz_ogre_vendor/lib:/opt/ros/humble/lib/x86_64-linux-gnu:/opt/ros/humble/lib'), ('HOME', '/home/vscode'), ('OLDPWD', '/workspaces/UON-CS-robotlab-simulation-container'), ('CODESPACES', 'true'), ('ROS_PYTHON_VERSION', '3'), ('GITHUB_USER', 'mohammad-areeb'), ('GITHUB_GRAPHQL_URL', 'https://api.github.com/graphql'), ('COLCON_PREFIX_PATH', '/workspaces/UON-CS-robotlab-simulation-container/install'), ('ROS_DISTRO', 'humble'), ('ContainerVersion', '13'), ('GITHUB_API_URL', 'https://api.github.com'), ('RepositoryName', 'UON-CS-robotlab-simulation-container'), ('_', '/usr/bin/colcon'), ('ROS_VERSION', '2'), ('CLOUDENV_ENVIRONMENT_ID', '344bab99-1d47-4655-88f7-fee790854045'), ('TERM', 'xterm'), ('ROS_LOCALHOST_ONLY', '0'), ('PATH', '/opt/ros/humble/bin:/usr/local/sbin:/usr/local/bin:/usr/sbin:/usr/bin:/sbin:/bin'), ('SHELL_LOGGED_IN', 'true'), ('DISPLAY', ':1'), ('LANG', 'C.UTF-8'), ('LS_COLORS', ''), ('GITHUB_REPOSITORY', 'mohammad-areeb/UON-CS-robotlab-simulation-container'), ('ROS_DOMAIN_ID', '30'), ('AMENT_PREFIX_PATH', '/workspaces/UON-CS-robotlab-simulation-container/install/turtlebot3:/workspaces/UON-CS-robotlab-simulation-container/install/turtlebot3_teleop:/workspaces/UON-CS-robotlab-simulation-container/install/turtlebot3_simulations:/workspaces/UON-CS-robotlab-simulation-container/install/turtlebot3_bringup:/workspaces/UON-CS-robotlab-simulation-container/install/turtlebot3_node:/workspaces/UON-CS-robotlab-simulation-container/install/turtlebot3_navigation2:/workspaces/UON-CS-robotlab-simulation-container/install/turtlebot3_fake_node:/workspaces/UON-CS-robotlab-simulation-container/install/turtlebot3_example:/workspaces/UON-CS-robotlab-simulation-container/install/turtlebot3_msgs:/workspaces/UON-CS-robotlab-simulation-container/install/turtlebot3_manipulation_gazebo:/workspaces/UON-CS-robotlab-simulation-container/install/turtlebot3_gazebo:/workspaces/UON-CS-robotlab-simulation-container/install/turtlebot3_description:/workspaces/UON-CS-robotlab-simulation-container/install/turtlebot3_cartographer:/workspaces/UON-CS-robotlab-simulation-container/install/dynamixel_sdk_examples:/workspaces/UON-CS-robotlab-simulation-container/install/dynamixel_sdk_custom_interfaces:/workspaces/UON-CS-robotlab-simulation-container/install/dynamixel_sdk:/opt/ros/humble'), ('DEBIAN_FRONTEND', 'noninteractive'), ('SHELL', '/bin/bash'), ('PWD', '/workspaces/UON-CS-robotlab-simulation-container/build/turtlebot3_fake_node'), ('INTERNAL_VSCS_TARGET_URL', 'https://uksouth.online.visualstudio.com'), ('TURTLEBOT3_MODEL', 'waffle'), ('LC_ALL', 'C.UTF-8'), ('GITHUB_SERVER_URL', 'https://github.com'), ('PYTHONPATH', '/workspaces/UON-CS-robotlab-simulation-container/build/turtlebot3_teleop:/workspaces/UON-CS-robotlab-simulation-container/install/turtlebot3_teleop/lib/python3.10/site-packages:/workspaces/UON-CS-robotlab-simulation-container/build/turtlebot3_example:/workspaces/UON-CS-robotlab-simulation-container/install/turtlebot3_example/lib/python3.10/site-packages:/workspaces/UON-CS-robotlab-simulation-container/install/turtlebot3_msgs/local/lib/python3.10/dist-packages:/workspaces/UON-CS-robotlab-simulation-container/install/dynamixel_sdk_custom_interfaces/local/lib/python3.10/dist-packages:/workspaces/UON-CS-robotlab-simulation-container/install/dynamixel_sdk/local/lib/python3.10/dist-packages:/opt/ros/humble/lib/python3.10/site-packages:/opt/ros/humble/local/lib/python3.10/dist-packages'), ('CODESPACE_NAME', 'urban-space-garbanzo-j7wwvprrjjp25j95'), ('COLCON', '1'), ('CMAKE_PREFIX_PATH', '/workspaces/UON-CS-robotlab-simulation-container/install/turtlebot3_msgs:/workspaces/UON-CS-robotlab-simulation-container/install/turtlebot3:/workspaces/UON-CS-robotlab-simulation-container/install/turtlebot3_simulations:/workspaces/UON-CS-robotlab-simulation-container/install/turtlebot3_bringup:/workspaces/UON-CS-robotlab-simulation-container/install/turtlebot3_node:/workspaces/UON-CS-robotlab-simulation-container/install/turtlebot3_navigation2:/workspaces/UON-CS-robotlab-simulation-container/install/turtlebot3_fake_node:/workspaces/UON-CS-robotlab-simulation-container/install/turtlebot3_manipulation_gazebo:/workspaces/UON-CS-robotlab-simulation-container/install/turtlebot3_gazebo:/workspaces/UON-CS-robotlab-simulation-container/install/turtlebot3_description:/workspaces/UON-CS-robotlab-simulation-container/install/turtlebot3_cartographer:/workspaces/UON-CS-robotlab-simulation-container/install/dynamixel_sdk_examples:/workspaces/UON-CS-robotlab-simulation-container/install/dynamixel_sdk_custom_interfaces:/workspaces/UON-CS-robotlab-simulation-container/install/dynamixel_sdk:/workspaces/UON-CS-robotlab-simulation-container/install/turtlebot3_teleop:/workspaces/UON-CS-robotlab-simulation-container/install/turtlebot3_example:/opt/ros/humble')]), 'shell': False}
[29.944133] (turtlebot3_fake_node) StdoutLine: {'line': b'-- Install configuration: ""\n'}
[29.944333] (-) TimerEvent: {}
[29.953468] (turtlebot3_fake_node) StdoutLine: {'line': b'-- Execute custom install script\n'}
[29.959051] (turtlebot3_fake_node) StdoutLine: {'line': b'-- Up-to-date symlink: /workspaces/UON-CS-robotlab-simulation-container/install/turtlebot3_fake_node/lib/turtlebot3_fake_node/turtlebot3_fake_node\n'}
[29.962260] (turtlebot3_fake_node) StdoutLine: {'line': b'-- Up-to-date symlink: /workspaces/UON-CS-robotlab-simulation-container/install/turtlebot3_fake_node/share/turtlebot3_fake_node/launch/rviz2.launch.py\n'}
[29.962470] (turtlebot3_fake_node) StdoutLine: {'line': b'-- Up-to-date symlink: /workspaces/UON-CS-robotlab-simulation-container/install/turtlebot3_fake_node/share/turtlebot3_fake_node/launch/turtlebot3_fake_node.launch.py\n'}
[29.962800] (turtlebot3_fake_node) StdoutLine: {'line': b'-- Up-to-date symlink: /workspaces/UON-CS-robotlab-simulation-container/install/turtlebot3_fake_node/share/turtlebot3_fake_node/param/burger.yaml\n'}
[29.963350] (turtlebot3_fake_node) StdoutLine: {'line': b'-- Up-to-date symlink: /workspaces/UON-CS-robotlab-simulation-container/install/turtlebot3_fake_node/share/turtlebot3_fake_node/param/waffle.yaml\n'}
[29.966873] (turtlebot3_fake_node) StdoutLine: {'line': b'-- Up-to-date symlink: /workspaces/UON-CS-robotlab-simulation-container/install/turtlebot3_fake_node/share/turtlebot3_fake_node/param/waffle_pi.yaml\n'}
[29.972494] (turtlebot3_fake_node) StdoutLine: {'line': b'-- Up-to-date symlink: /workspaces/UON-CS-robotlab-simulation-container/install/turtlebot3_fake_node/include//turtlebot3_fake_node/turtlebot3_fake_node.hpp\n'}
[29.972678] (turtlebot3_fake_node) StdoutLine: {'line': b'-- Up-to-date symlink: /workspaces/UON-CS-robotlab-simulation-container/install/turtlebot3_fake_node/share/ament_index/resource_index/package_run_dependencies/turtlebot3_fake_node\n'}
[29.972764] (turtlebot3_fake_node) StdoutLine: {'line': b'-- Up-to-date symlink: /workspaces/UON-CS-robotlab-simulation-container/install/turtlebot3_fake_node/share/ament_index/resource_index/parent_prefix_path/turtlebot3_fake_node\n'}
[29.972894] (turtlebot3_fake_node) StdoutLine: {'line': b'-- Up-to-date symlink: /workspaces/UON-CS-robotlab-simulation-container/install/turtlebot3_fake_node/share/turtlebot3_fake_node/environment/ament_prefix_path.sh\n'}
[29.973268] (turtlebot3_fake_node) StdoutLine: {'line': b'-- Up-to-date symlink: /workspaces/UON-CS-robotlab-simulation-container/install/turtlebot3_fake_node/share/turtlebot3_fake_node/environment/ament_prefix_path.dsv\n'}
[29.981975] (turtlebot3_fake_node) StdoutLine: {'line': b'-- Up-to-date symlink: /workspaces/UON-CS-robotlab-simulation-container/install/turtlebot3_fake_node/share/turtlebot3_fake_node/environment/path.sh\n'}
[29.982171] (turtlebot3_fake_node) StdoutLine: {'line': b'-- Up-to-date symlink: /workspaces/UON-CS-robotlab-simulation-container/install/turtlebot3_fake_node/share/turtlebot3_fake_node/environment/path.dsv\n'}
[29.982249] (turtlebot3_fake_node) StdoutLine: {'line': b'-- Up-to-date symlink: /workspaces/UON-CS-robotlab-simulation-container/install/turtlebot3_fake_node/share/turtlebot3_fake_node/local_setup.bash\n'}
[29.982322] (turtlebot3_fake_node) StdoutLine: {'line': b'-- Up-to-date symlink: /workspaces/UON-CS-robotlab-simulation-container/install/turtlebot3_fake_node/share/turtlebot3_fake_node/local_setup.sh\n'}
[29.982393] (turtlebot3_fake_node) StdoutLine: {'line': b'-- Up-to-date symlink: /workspaces/UON-CS-robotlab-simulation-container/install/turtlebot3_fake_node/share/turtlebot3_fake_node/local_setup.zsh\n'}
[29.989917] (turtlebot3_fake_node) StdoutLine: {'line': b'-- Up-to-date symlink: /workspaces/UON-CS-robotlab-simulation-container/install/turtlebot3_fake_node/share/turtlebot3_fake_node/local_setup.dsv\n'}
[29.990375] (turtlebot3_fake_node) StdoutLine: {'line': b'-- Symlinking: /workspaces/UON-CS-robotlab-simulation-container/install/turtlebot3_fake_node/share/turtlebot3_fake_node/package.dsv\n'}
[30.045512] (turtlebot3_fake_node) StdoutLine: {'line': b'-- Up-to-date symlink: /workspaces/UON-CS-robotlab-simulation-container/install/turtlebot3_fake_node/share/ament_index/resource_index/packages/turtlebot3_fake_node\n'}
[30.045747] (-) TimerEvent: {}
[30.046468] (turtlebot3_fake_node) StdoutLine: {'line': b'-- Up-to-date symlink: /workspaces/UON-CS-robotlab-simulation-container/install/turtlebot3_fake_node/share/turtlebot3_fake_node/cmake/ament_cmake_export_include_directories-extras.cmake\n'}
[30.052087] (turtlebot3_fake_node) StdoutLine: {'line': b'-- Up-to-date symlink: /workspaces/UON-CS-robotlab-simulation-container/install/turtlebot3_fake_node/share/turtlebot3_fake_node/cmake/ament_cmake_export_dependencies-extras.cmake\n'}
[30.052787] (turtlebot3_fake_node) StdoutLine: {'line': b'-- Up-to-date symlink: /workspaces/UON-CS-robotlab-simulation-container/install/turtlebot3_fake_node/share/turtlebot3_fake_node/cmake/turtlebot3_fake_nodeConfig.cmake\n'}
[30.053701] (turtlebot3_fake_node) StdoutLine: {'line': b'-- Up-to-date symlink: /workspaces/UON-CS-robotlab-simulation-container/install/turtlebot3_fake_node/share/turtlebot3_fake_node/cmake/turtlebot3_fake_nodeConfig-version.cmake\n'}
[30.053897] (turtlebot3_fake_node) StdoutLine: {'line': b'-- Up-to-date symlink: /workspaces/UON-CS-robotlab-simulation-container/install/turtlebot3_fake_node/share/turtlebot3_fake_node/package.xml\n'}
[30.065719] (turtlebot3_fake_node) CommandEnded: {'returncode': 0}
[30.145879] (-) TimerEvent: {}
[30.175267] (turtlebot3_fake_node) JobEnded: {'identifier': 'turtlebot3_fake_node', 'rc': 0}
[30.176304] (turtlebot3_bringup) JobStarted: {'identifier': 'turtlebot3_bringup'}
[30.254414] (-) TimerEvent: {}
[30.354783] (-) TimerEvent: {}
[30.457482] (-) TimerEvent: {}
[30.463655] (turtlebot3_bringup) JobProgress: {'identifier': 'turtlebot3_bringup', 'progress': 'cmake'}
[30.473911] (turtlebot3_bringup) JobProgress: {'identifier': 'turtlebot3_bringup', 'progress': 'build'}
[30.473980] (turtlebot3_bringup) Command: {'cmd': ['/usr/bin/cmake', '--build', '/workspaces/UON-CS-robotlab-simulation-container/build/turtlebot3_bringup', '--', '-j2', '-l2'], 'cwd': '/workspaces/UON-CS-robotlab-simulation-container/build/turtlebot3_bringup', 'env': OrderedDict([('GITHUB_TOKEN', 'ghu_B4O6CZhcVLRE0OX7B0pYH9Kn8C5gJq2RIGly'), ('GITHUB_CODESPACE_TOKEN', 'AOKRK4WKUJC5CQRMWNS6OXDKNJSNPANCNFSM4AXFRYHA'), ('FEATURE_SPARK_POST_COMMIT_CREATE_ITERATION', 'true'), ('HOSTNAME', 'codespaces-ad2f20'), ('GITHUB_CODESPACES_PORT_FORWARDING_DOMAIN', 'app.github.dev'), ('SHLVL', '2'), ('LD_LIBRARY_PATH', '/workspaces/UON-CS-robotlab-simulation-container/install/turtlebot3_msgs/lib:/workspaces/UON-CS-robotlab-simulation-container/install/dynamixel_sdk/lib:/workspaces/UON-CS-robotlab-simulation-container/install/dynamixel_sdk_custom_interfaces/lib:/usr/lib/x86_64-linux-gnu/gazebo-11/plugins:/opt/ros/humble/opt/rviz_ogre_vendor/lib:/opt/ros/humble/lib/x86_64-linux-gnu:/opt/ros/humble/lib'), ('HOME', '/home/vscode'), ('OLDPWD', '/workspaces/UON-CS-robotlab-simulation-container'), ('CODESPACES', 'true'), ('ROS_PYTHON_VERSION', '3'), ('GITHUB_USER', 'mohammad-areeb'), ('GITHUB_GRAPHQL_URL', 'https://api.github.com/graphql'), ('COLCON_PREFIX_PATH', '/workspaces/UON-CS-robotlab-simulation-container/install'), ('ROS_DISTRO', 'humble'), ('ContainerVersion', '13'), ('GITHUB_API_URL', 'https://api.github.com'), ('RepositoryName', 'UON-CS-robotlab-simulation-container'), ('_', '/usr/bin/colcon'), ('ROS_VERSION', '2'), ('CLOUDENV_ENVIRONMENT_ID', '344bab99-1d47-4655-88f7-fee790854045'), ('TERM', 'xterm'), ('ROS_LOCALHOST_ONLY', '0'), ('PATH', '/opt/ros/humble/bin:/usr/local/sbin:/usr/local/bin:/usr/sbin:/usr/bin:/sbin:/bin'), ('SHELL_LOGGED_IN', 'true'), ('DISPLAY', ':1'), ('LANG', 'C.UTF-8'), ('LS_COLORS', ''), ('GITHUB_REPOSITORY', 'mohammad-areeb/UON-CS-robotlab-simulation-container'), ('ROS_DOMAIN_ID', '30'), ('AMENT_PREFIX_PATH', '/workspaces/UON-CS-robotlab-simulation-container/install/turtlebot3:/workspaces/UON-CS-robotlab-simulation-container/install/turtlebot3_teleop:/workspaces/UON-CS-robotlab-simulation-container/install/turtlebot3_simulations:/workspaces/UON-CS-robotlab-simulation-container/install/turtlebot3_bringup:/workspaces/UON-CS-robotlab-simulation-container/install/turtlebot3_node:/workspaces/UON-CS-robotlab-simulation-container/install/turtlebot3_navigation2:/workspaces/UON-CS-robotlab-simulation-container/install/turtlebot3_fake_node:/workspaces/UON-CS-robotlab-simulation-container/install/turtlebot3_example:/workspaces/UON-CS-robotlab-simulation-container/install/turtlebot3_msgs:/workspaces/UON-CS-robotlab-simulation-container/install/turtlebot3_manipulation_gazebo:/workspaces/UON-CS-robotlab-simulation-container/install/turtlebot3_gazebo:/workspaces/UON-CS-robotlab-simulation-container/install/turtlebot3_description:/workspaces/UON-CS-robotlab-simulation-container/install/turtlebot3_cartographer:/workspaces/UON-CS-robotlab-simulation-container/install/dynamixel_sdk_examples:/workspaces/UON-CS-robotlab-simulation-container/install/dynamixel_sdk_custom_interfaces:/workspaces/UON-CS-robotlab-simulation-container/install/dynamixel_sdk:/opt/ros/humble'), ('DEBIAN_FRONTEND', 'noninteractive'), ('SHELL', '/bin/bash'), ('PWD', '/workspaces/UON-CS-robotlab-simulation-container/build/turtlebot3_bringup'), ('INTERNAL_VSCS_TARGET_URL', 'https://uksouth.online.visualstudio.com'), ('TURTLEBOT3_MODEL', 'waffle'), ('LC_ALL', 'C.UTF-8'), ('GITHUB_SERVER_URL', 'https://github.com'), ('PYTHONPATH', '/workspaces/UON-CS-robotlab-simulation-container/build/turtlebot3_teleop:/workspaces/UON-CS-robotlab-simulation-container/install/turtlebot3_teleop/lib/python3.10/site-packages:/workspaces/UON-CS-robotlab-simulation-container/build/turtlebot3_example:/workspaces/UON-CS-robotlab-simulation-container/install/turtlebot3_example/lib/python3.10/site-packages:/workspaces/UON-CS-robotlab-simulation-container/install/turtlebot3_msgs/local/lib/python3.10/dist-packages:/workspaces/UON-CS-robotlab-simulation-container/install/dynamixel_sdk_custom_interfaces/local/lib/python3.10/dist-packages:/workspaces/UON-CS-robotlab-simulation-container/install/dynamixel_sdk/local/lib/python3.10/dist-packages:/opt/ros/humble/lib/python3.10/site-packages:/opt/ros/humble/local/lib/python3.10/dist-packages'), ('CODESPACE_NAME', 'urban-space-garbanzo-j7wwvprrjjp25j95'), ('COLCON', '1'), ('CMAKE_PREFIX_PATH', '/workspaces/UON-CS-robotlab-simulation-container/install/turtlebot3_node:/workspaces/UON-CS-robotlab-simulation-container/install/turtlebot3_msgs:/workspaces/UON-CS-robotlab-simulation-container/install/turtlebot3_description:/workspaces/UON-CS-robotlab-simulation-container/install/dynamixel_sdk:/workspaces/UON-CS-robotlab-simulation-container/install/turtlebot3:/workspaces/UON-CS-robotlab-simulation-container/install/turtlebot3_simulations:/workspaces/UON-CS-robotlab-simulation-container/install/turtlebot3_bringup:/workspaces/UON-CS-robotlab-simulation-container/install/turtlebot3_navigation2:/workspaces/UON-CS-robotlab-simulation-container/install/turtlebot3_fake_node:/workspaces/UON-CS-robotlab-simulation-container/install/turtlebot3_manipulation_gazebo:/workspaces/UON-CS-robotlab-simulation-container/install/turtlebot3_gazebo:/workspaces/UON-CS-robotlab-simulation-container/install/turtlebot3_cartographer:/workspaces/UON-CS-robotlab-simulation-container/install/dynamixel_sdk_examples:/workspaces/UON-CS-robotlab-simulation-container/install/dynamixel_sdk_custom_interfaces:/workspaces/UON-CS-robotlab-simulation-container/install/turtlebot3_teleop:/workspaces/UON-CS-robotlab-simulation-container/install/turtlebot3_example:/opt/ros/humble')]), 'shell': False}
[30.562216] (-) TimerEvent: {}
[30.667900] (-) TimerEvent: {}
[30.770897] (-) TimerEvent: {}
[30.814175] (turtlebot3_bringup) CommandEnded: {'returncode': 0}
[30.827225] (turtlebot3_bringup) JobProgress: {'identifier': 'turtlebot3_bringup', 'progress': 'install'}
[30.827342] (turtlebot3_bringup) Command: {'cmd': ['/usr/bin/cmake', '--install', '/workspaces/UON-CS-robotlab-simulation-container/build/turtlebot3_bringup'], 'cwd': '/workspaces/UON-CS-robotlab-simulation-container/build/turtlebot3_bringup', 'env': OrderedDict([('GITHUB_TOKEN', 'ghu_B4O6CZhcVLRE0OX7B0pYH9Kn8C5gJq2RIGly'), ('GITHUB_CODESPACE_TOKEN', 'AOKRK4WKUJC5CQRMWNS6OXDKNJSNPANCNFSM4AXFRYHA'), ('FEATURE_SPARK_POST_COMMIT_CREATE_ITERATION', 'true'), ('HOSTNAME', 'codespaces-ad2f20'), ('GITHUB_CODESPACES_PORT_FORWARDING_DOMAIN', 'app.github.dev'), ('SHLVL', '2'), ('LD_LIBRARY_PATH', '/workspaces/UON-CS-robotlab-simulation-container/install/turtlebot3_msgs/lib:/workspaces/UON-CS-robotlab-simulation-container/install/dynamixel_sdk/lib:/workspaces/UON-CS-robotlab-simulation-container/install/dynamixel_sdk_custom_interfaces/lib:/usr/lib/x86_64-linux-gnu/gazebo-11/plugins:/opt/ros/humble/opt/rviz_ogre_vendor/lib:/opt/ros/humble/lib/x86_64-linux-gnu:/opt/ros/humble/lib'), ('HOME', '/home/vscode'), ('OLDPWD', '/workspaces/UON-CS-robotlab-simulation-container'), ('CODESPACES', 'true'), ('ROS_PYTHON_VERSION', '3'), ('GITHUB_USER', 'mohammad-areeb'), ('GITHUB_GRAPHQL_URL', 'https://api.github.com/graphql'), ('COLCON_PREFIX_PATH', '/workspaces/UON-CS-robotlab-simulation-container/install'), ('ROS_DISTRO', 'humble'), ('ContainerVersion', '13'), ('GITHUB_API_URL', 'https://api.github.com'), ('RepositoryName', 'UON-CS-robotlab-simulation-container'), ('_', '/usr/bin/colcon'), ('ROS_VERSION', '2'), ('CLOUDENV_ENVIRONMENT_ID', '344bab99-1d47-4655-88f7-fee790854045'), ('TERM', 'xterm'), ('ROS_LOCALHOST_ONLY', '0'), ('PATH', '/opt/ros/humble/bin:/usr/local/sbin:/usr/local/bin:/usr/sbin:/usr/bin:/sbin:/bin'), ('SHELL_LOGGED_IN', 'true'), ('DISPLAY', ':1'), ('LANG', 'C.UTF-8'), ('LS_COLORS', ''), ('GITHUB_REPOSITORY', 'mohammad-areeb/UON-CS-robotlab-simulation-container'), ('ROS_DOMAIN_ID', '30'), ('AMENT_PREFIX_PATH', '/workspaces/UON-CS-robotlab-simulation-container/install/turtlebot3:/workspaces/UON-CS-robotlab-simulation-container/install/turtlebot3_teleop:/workspaces/UON-CS-robotlab-simulation-container/install/turtlebot3_simulations:/workspaces/UON-CS-robotlab-simulation-container/install/turtlebot3_bringup:/workspaces/UON-CS-robotlab-simulation-container/install/turtlebot3_node:/workspaces/UON-CS-robotlab-simulation-container/install/turtlebot3_navigation2:/workspaces/UON-CS-robotlab-simulation-container/install/turtlebot3_fake_node:/workspaces/UON-CS-robotlab-simulation-container/install/turtlebot3_example:/workspaces/UON-CS-robotlab-simulation-container/install/turtlebot3_msgs:/workspaces/UON-CS-robotlab-simulation-container/install/turtlebot3_manipulation_gazebo:/workspaces/UON-CS-robotlab-simulation-container/install/turtlebot3_gazebo:/workspaces/UON-CS-robotlab-simulation-container/install/turtlebot3_description:/workspaces/UON-CS-robotlab-simulation-container/install/turtlebot3_cartographer:/workspaces/UON-CS-robotlab-simulation-container/install/dynamixel_sdk_examples:/workspaces/UON-CS-robotlab-simulation-container/install/dynamixel_sdk_custom_interfaces:/workspaces/UON-CS-robotlab-simulation-container/install/dynamixel_sdk:/opt/ros/humble'), ('DEBIAN_FRONTEND', 'noninteractive'), ('SHELL', '/bin/bash'), ('PWD', '/workspaces/UON-CS-robotlab-simulation-container/build/turtlebot3_bringup'), ('INTERNAL_VSCS_TARGET_URL', 'https://uksouth.online.visualstudio.com'), ('TURTLEBOT3_MODEL', 'waffle'), ('LC_ALL', 'C.UTF-8'), ('GITHUB_SERVER_URL', 'https://github.com'), ('PYTHONPATH', '/workspaces/UON-CS-robotlab-simulation-container/build/turtlebot3_teleop:/workspaces/UON-CS-robotlab-simulation-container/install/turtlebot3_teleop/lib/python3.10/site-packages:/workspaces/UON-CS-robotlab-simulation-container/build/turtlebot3_example:/workspaces/UON-CS-robotlab-simulation-container/install/turtlebot3_example/lib/python3.10/site-packages:/workspaces/UON-CS-robotlab-simulation-container/install/turtlebot3_msgs/local/lib/python3.10/dist-packages:/workspaces/UON-CS-robotlab-simulation-container/install/dynamixel_sdk_custom_interfaces/local/lib/python3.10/dist-packages:/workspaces/UON-CS-robotlab-simulation-container/install/dynamixel_sdk/local/lib/python3.10/dist-packages:/opt/ros/humble/lib/python3.10/site-packages:/opt/ros/humble/local/lib/python3.10/dist-packages'), ('CODESPACE_NAME', 'urban-space-garbanzo-j7wwvprrjjp25j95'), ('COLCON', '1'), ('CMAKE_PREFIX_PATH', '/workspaces/UON-CS-robotlab-simulation-container/install/turtlebot3_node:/workspaces/UON-CS-robotlab-simulation-container/install/turtlebot3_msgs:/workspaces/UON-CS-robotlab-simulation-container/install/turtlebot3_description:/workspaces/UON-CS-robotlab-simulation-container/install/dynamixel_sdk:/workspaces/UON-CS-robotlab-simulation-container/install/turtlebot3:/workspaces/UON-CS-robotlab-simulation-container/install/turtlebot3_simulations:/workspaces/UON-CS-robotlab-simulation-container/install/turtlebot3_bringup:/workspaces/UON-CS-robotlab-simulation-container/install/turtlebot3_navigation2:/workspaces/UON-CS-robotlab-simulation-container/install/turtlebot3_fake_node:/workspaces/UON-CS-robotlab-simulation-container/install/turtlebot3_manipulation_gazebo:/workspaces/UON-CS-robotlab-simulation-container/install/turtlebot3_gazebo:/workspaces/UON-CS-robotlab-simulation-container/install/turtlebot3_cartographer:/workspaces/UON-CS-robotlab-simulation-container/install/dynamixel_sdk_examples:/workspaces/UON-CS-robotlab-simulation-container/install/dynamixel_sdk_custom_interfaces:/workspaces/UON-CS-robotlab-simulation-container/install/turtlebot3_teleop:/workspaces/UON-CS-robotlab-simulation-container/install/turtlebot3_example:/opt/ros/humble')]), 'shell': False}
[30.878891] (-) TimerEvent: {}
[30.904531] (turtlebot3_bringup) StdoutLine: {'line': b'-- Install configuration: ""\n'}
[30.906007] (turtlebot3_bringup) StdoutLine: {'line': b'-- Execute custom install script\n'}
[30.914454] (turtlebot3_bringup) StdoutLine: {'line': b'-- Up-to-date symlink: /workspaces/UON-CS-robotlab-simulation-container/install/turtlebot3_bringup/share/turtlebot3_bringup/launch/camera.launch.py\n'}
[30.916054] (turtlebot3_bringup) StdoutLine: {'line': b'-- Up-to-date symlink: /workspaces/UON-CS-robotlab-simulation-container/install/turtlebot3_bringup/share/turtlebot3_bringup/launch/robot.launch.py\n'}
[30.916627] (turtlebot3_bringup) StdoutLine: {'line': b'-- Up-to-date symlink: /workspaces/UON-CS-robotlab-simulation-container/install/turtlebot3_bringup/share/turtlebot3_bringup/launch/rviz2.launch.py\n'}
[30.925868] (turtlebot3_bringup) StdoutLine: {'line': b'-- Up-to-date symlink: /workspaces/UON-CS-robotlab-simulation-container/install/turtlebot3_bringup/share/turtlebot3_bringup/launch/turtlebot3_state_publisher.launch.py\n'}
[30.926111] (turtlebot3_bringup) StdoutLine: {'line': b'-- Up-to-date symlink: /workspaces/UON-CS-robotlab-simulation-container/install/turtlebot3_bringup/share/turtlebot3_bringup/param/burger.yaml\n'}
[30.926269] (turtlebot3_bringup) StdoutLine: {'line': b'-- Up-to-date symlink: /workspaces/UON-CS-robotlab-simulation-container/install/turtlebot3_bringup/share/turtlebot3_bringup/param/humble/burger.yaml\n'}
[30.928969] (turtlebot3_bringup) StdoutLine: {'line': b'-- Up-to-date symlink: /workspaces/UON-CS-robotlab-simulation-container/install/turtlebot3_bringup/share/turtlebot3_bringup/param/humble/waffle.yaml\n'}
[30.929160] (turtlebot3_bringup) StdoutLine: {'line': b'-- Up-to-date symlink: /workspaces/UON-CS-robotlab-simulation-container/install/turtlebot3_bringup/share/turtlebot3_bringup/param/humble/waffle_pi.yaml\n'}
[30.929301] (turtlebot3_bringup) StdoutLine: {'line': b'-- Up-to-date symlink: /workspaces/UON-CS-robotlab-simulation-container/install/turtlebot3_bringup/share/turtlebot3_bringup/param/waffle.yaml\n'}
[30.932100] (turtlebot3_bringup) StdoutLine: {'line': b'-- Up-to-date symlink: /workspaces/UON-CS-robotlab-simulation-container/install/turtlebot3_bringup/share/turtlebot3_bringup/param/waffle_pi.yaml\n'}
[30.939896] (turtlebot3_bringup) StdoutLine: {'line': b'-- Up-to-date symlink: /workspaces/UON-CS-robotlab-simulation-container/install/turtlebot3_bringup/share/turtlebot3_bringup/script/99-turtlebot3-cdc.rules\n'}
[30.940099] (turtlebot3_bringup) StdoutLine: {'line': b'-- Up-to-date symlink: /workspaces/UON-CS-robotlab-simulation-container/install/turtlebot3_bringup/share/turtlebot3_bringup/script/create_udev_rules\n'}
[30.941861] (turtlebot3_bringup) StdoutLine: {'line': b'-- Up-to-date symlink: /workspaces/UON-CS-robotlab-simulation-container/install/turtlebot3_bringup/share/ament_index/resource_index/package_run_dependencies/turtlebot3_bringup\n'}
[30.942051] (turtlebot3_bringup) StdoutLine: {'line': b'-- Up-to-date symlink: /workspaces/UON-CS-robotlab-simulation-container/install/turtlebot3_bringup/share/ament_index/resource_index/parent_prefix_path/turtlebot3_bringup\n'}
[30.943496] (turtlebot3_bringup) StdoutLine: {'line': b'-- Up-to-date symlink: /workspaces/UON-CS-robotlab-simulation-container/install/turtlebot3_bringup/share/turtlebot3_bringup/environment/ament_prefix_path.sh\n'}
[30.946575] (turtlebot3_bringup) StdoutLine: {'line': b'-- Up-to-date symlink: /workspaces/UON-CS-robotlab-simulation-container/install/turtlebot3_bringup/share/turtlebot3_bringup/environment/ament_prefix_path.dsv\n'}
[30.960975] (turtlebot3_bringup) StdoutLine: {'line': b'-- Up-to-date symlink: /workspaces/UON-CS-robotlab-simulation-container/install/turtlebot3_bringup/share/turtlebot3_bringup/environment/path.sh\n'}
[30.963986] (turtlebot3_bringup) StdoutLine: {'line': b'-- Up-to-date symlink: /workspaces/UON-CS-robotlab-simulation-container/install/turtlebot3_bringup/share/turtlebot3_bringup/environment/path.dsv\n'}
[30.964180] (turtlebot3_bringup) StdoutLine: {'line': b'-- Up-to-date symlink: /workspaces/UON-CS-robotlab-simulation-container/install/turtlebot3_bringup/share/turtlebot3_bringup/local_setup.bash\n'}
[30.965032] (turtlebot3_bringup) StdoutLine: {'line': b'-- Up-to-date symlink: /workspaces/UON-CS-robotlab-simulation-container/install/turtlebot3_bringup/share/turtlebot3_bringup/local_setup.sh\n'}
[30.965645] (turtlebot3_bringup) StdoutLine: {'line': b'-- Up-to-date symlink: /workspaces/UON-CS-robotlab-simulation-container/install/turtlebot3_bringup/share/turtlebot3_bringup/local_setup.zsh\n'}
[30.969946] (turtlebot3_bringup) StdoutLine: {'line': b'-- Up-to-date symlink: /workspaces/UON-CS-robotlab-simulation-container/install/turtlebot3_bringup/share/turtlebot3_bringup/local_setup.dsv\n'}
[30.971896] (turtlebot3_bringup) StdoutLine: {'line': b'-- Symlinking: /workspaces/UON-CS-robotlab-simulation-container/install/turtlebot3_bringup/share/turtlebot3_bringup/package.dsv\n'}
[30.978963] (-) TimerEvent: {}
[31.084197] (turtlebot3_bringup) StdoutLine: {'line': b'-- Up-to-date symlink: /workspaces/UON-CS-robotlab-simulation-container/install/turtlebot3_bringup/share/ament_index/resource_index/packages/turtlebot3_bringup\n'}
[31.084396] (-) TimerEvent: {}
[31.084952] (turtlebot3_bringup) StdoutLine: {'line': b'-- Up-to-date symlink: /workspaces/UON-CS-robotlab-simulation-container/install/turtlebot3_bringup/share/turtlebot3_bringup/cmake/turtlebot3_bringupConfig.cmake\n'}
[31.091865] (turtlebot3_bringup) StdoutLine: {'line': b'-- Up-to-date symlink: /workspaces/UON-CS-robotlab-simulation-container/install/turtlebot3_bringup/share/turtlebot3_bringup/cmake/turtlebot3_bringupConfig-version.cmake\n'}
[31.092114] (turtlebot3_bringup) StdoutLine: {'line': b'-- Up-to-date symlink: /workspaces/UON-CS-robotlab-simulation-container/install/turtlebot3_bringup/share/turtlebot3_bringup/package.xml\n'}
[31.113661] (turtlebot3_bringup) CommandEnded: {'returncode': 0}
[31.204907] (-) TimerEvent: {}
[31.332911] (-) TimerEvent: {}
[31.379890] (turtlebot3_bringup) JobEnded: {'identifier': 'turtlebot3_bringup', 'rc': 0}
[31.380407] (dynamixel_sdk_examples) JobStarted: {'identifier': 'dynamixel_sdk_examples'}
[31.441005] (-) TimerEvent: {}
[31.542900] (-) TimerEvent: {}
[31.573961] (turtlebot3_example) StdoutLine: {'line': b'running egg_info\n'}
[31.574203] (turtlebot3_example) StdoutLine: {'line': b'writing turtlebot3_example.egg-info/PKG-INFO\n'}
[31.576878] (turtlebot3_example) StdoutLine: {'line': b'writing dependency_links to turtlebot3_example.egg-info/dependency_links.txt\n'}
[31.577627] (turtlebot3_example) StdoutLine: {'line': b'writing entry points to turtlebot3_example.egg-info/entry_points.txt\n'}
[31.577977] (turtlebot3_example) StdoutLine: {'line': b'writing requirements to turtlebot3_example.egg-info/requires.txt\n'}
[31.580060] (turtlebot3_example) StdoutLine: {'line': b'writing top-level names to turtlebot3_example.egg-info/top_level.txt\n'}
[31.601210] (turtlebot3_example) StdoutLine: {'line': b"reading manifest file 'turtlebot3_example.egg-info/SOURCES.txt'\n"}
[31.643279] (-) TimerEvent: {}
[31.746908] (-) TimerEvent: {}
[31.847339] (-) TimerEvent: {}
[31.951299] (-) TimerEvent: {}
[32.052132] (-) TimerEvent: {}
[32.164962] (-) TimerEvent: {}
[32.265902] (-) TimerEvent: {}
[32.366981] (-) TimerEvent: {}
[32.468222] (-) TimerEvent: {}
[32.572567] (-) TimerEvent: {}
[32.675100] (-) TimerEvent: {}
[32.776884] (-) TimerEvent: {}
[32.877330] (-) TimerEvent: {}
[32.962091] (turtlebot3_example) StdoutLine: {'line': b"writing manifest file 'turtlebot3_example.egg-info/SOURCES.txt'\n"}
[32.970620] (turtlebot3_example) StdoutLine: {'line': b'running build_ext\n'}
[32.973286] (turtlebot3_example) StdoutLine: {'line': b'Creating /workspaces/UON-CS-robotlab-simulation-container/install/turtlebot3_example/lib/python3.10/site-packages/turtlebot3-example.egg-link (link to .)\n'}
[32.977422] (-) TimerEvent: {}
[32.982242] (turtlebot3_example) StdoutLine: {'line': b'Installing turtlebot3_absolute_move script to /workspaces/UON-CS-robotlab-simulation-container/install/turtlebot3_example/lib/turtlebot3_example\n'}
[32.982855] (turtlebot3_example) StdoutLine: {'line': b'Installing turtlebot3_interactive_marker script to /workspaces/UON-CS-robotlab-simulation-container/install/turtlebot3_example/lib/turtlebot3_example\n'}
[32.983046] (turtlebot3_example) StdoutLine: {'line': b'Installing turtlebot3_obstacle_detection script to /workspaces/UON-CS-robotlab-simulation-container/install/turtlebot3_example/lib/turtlebot3_example\n'}
[32.983217] (turtlebot3_example) StdoutLine: {'line': b'Installing turtlebot3_patrol_client script to /workspaces/UON-CS-robotlab-simulation-container/install/turtlebot3_example/lib/turtlebot3_example\n'}
[32.983382] (turtlebot3_example) StdoutLine: {'line': b'Installing turtlebot3_patrol_server script to /workspaces/UON-CS-robotlab-simulation-container/install/turtlebot3_example/lib/turtlebot3_example\n'}
[32.983547] (turtlebot3_example) StdoutLine: {'line': b'Installing turtlebot3_relative_move script to /workspaces/UON-CS-robotlab-simulation-container/install/turtlebot3_example/lib/turtlebot3_example\n'}
[32.983879] (turtlebot3_example) StdoutLine: {'line': b'\n'}
[32.984006] (turtlebot3_example) StdoutLine: {'line': b'Installed /workspaces/UON-CS-robotlab-simulation-container/build/turtlebot3_example\n'}
[32.989051] (turtlebot3_example) StdoutLine: {'line': b'running symlink_data\n'}
[33.039501] (dynamixel_sdk_examples) JobProgress: {'identifier': 'dynamixel_sdk_examples', 'progress': 'cmake'}
[33.079554] (-) TimerEvent: {}
[33.183308] (-) TimerEvent: {}
[33.228919] (dynamixel_sdk_examples) JobProgress: {'identifier': 'dynamixel_sdk_examples', 'progress': 'build'}
[33.229009] (dynamixel_sdk_examples) Command: {'cmd': ['/usr/bin/cmake', '--build', '/workspaces/UON-CS-robotlab-simulation-container/build/dynamixel_sdk_examples', '--', '-j2', '-l2'], 'cwd': '/workspaces/UON-CS-robotlab-simulation-container/build/dynamixel_sdk_examples', 'env': OrderedDict([('GITHUB_TOKEN', 'ghu_B4O6CZhcVLRE0OX7B0pYH9Kn8C5gJq2RIGly'), ('GITHUB_CODESPACE_TOKEN', 'AOKRK4WKUJC5CQRMWNS6OXDKNJSNPANCNFSM4AXFRYHA'), ('FEATURE_SPARK_POST_COMMIT_CREATE_ITERATION', 'true'), ('HOSTNAME', 'codespaces-ad2f20'), ('GITHUB_CODESPACES_PORT_FORWARDING_DOMAIN', 'app.github.dev'), ('SHLVL', '2'), ('LD_LIBRARY_PATH', '/workspaces/UON-CS-robotlab-simulation-container/install/dynamixel_sdk_custom_interfaces/lib:/workspaces/UON-CS-robotlab-simulation-container/install/dynamixel_sdk/lib:/workspaces/UON-CS-robotlab-simulation-container/install/turtlebot3_msgs/lib:/usr/lib/x86_64-linux-gnu/gazebo-11/plugins:/opt/ros/humble/opt/rviz_ogre_vendor/lib:/opt/ros/humble/lib/x86_64-linux-gnu:/opt/ros/humble/lib'), ('HOME', '/home/vscode'), ('OLDPWD', '/workspaces/UON-CS-robotlab-simulation-container'), ('CODESPACES', 'true'), ('ROS_PYTHON_VERSION', '3'), ('GITHUB_USER', 'mohammad-areeb'), ('GITHUB_GRAPHQL_URL', 'https://api.github.com/graphql'), ('COLCON_PREFIX_PATH', '/workspaces/UON-CS-robotlab-simulation-container/install'), ('ROS_DISTRO', 'humble'), ('ContainerVersion', '13'), ('GITHUB_API_URL', 'https://api.github.com'), ('RepositoryName', 'UON-CS-robotlab-simulation-container'), ('_', '/usr/bin/colcon'), ('ROS_VERSION', '2'), ('CLOUDENV_ENVIRONMENT_ID', '344bab99-1d47-4655-88f7-fee790854045'), ('TERM', 'xterm'), ('ROS_LOCALHOST_ONLY', '0'), ('PATH', '/opt/ros/humble/bin:/usr/local/sbin:/usr/local/bin:/usr/sbin:/usr/bin:/sbin:/bin'), ('SHELL_LOGGED_IN', 'true'), ('DISPLAY', ':1'), ('LANG', 'C.UTF-8'), ('LS_COLORS', ''), ('GITHUB_REPOSITORY', 'mohammad-areeb/UON-CS-robotlab-simulation-container'), ('ROS_DOMAIN_ID', '30'), ('AMENT_PREFIX_PATH', '/workspaces/UON-CS-robotlab-simulation-container/install/turtlebot3:/workspaces/UON-CS-robotlab-simulation-container/install/turtlebot3_teleop:/workspaces/UON-CS-robotlab-simulation-container/install/turtlebot3_simulations:/workspaces/UON-CS-robotlab-simulation-container/install/turtlebot3_bringup:/workspaces/UON-CS-robotlab-simulation-container/install/turtlebot3_node:/workspaces/UON-CS-robotlab-simulation-container/install/turtlebot3_navigation2:/workspaces/UON-CS-robotlab-simulation-container/install/turtlebot3_fake_node:/workspaces/UON-CS-robotlab-simulation-container/install/turtlebot3_example:/workspaces/UON-CS-robotlab-simulation-container/install/turtlebot3_msgs:/workspaces/UON-CS-robotlab-simulation-container/install/turtlebot3_manipulation_gazebo:/workspaces/UON-CS-robotlab-simulation-container/install/turtlebot3_gazebo:/workspaces/UON-CS-robotlab-simulation-container/install/turtlebot3_description:/workspaces/UON-CS-robotlab-simulation-container/install/turtlebot3_cartographer:/workspaces/UON-CS-robotlab-simulation-container/install/dynamixel_sdk_examples:/workspaces/UON-CS-robotlab-simulation-container/install/dynamixel_sdk_custom_interfaces:/workspaces/UON-CS-robotlab-simulation-container/install/dynamixel_sdk:/opt/ros/humble'), ('DEBIAN_FRONTEND', 'noninteractive'), ('SHELL', '/bin/bash'), ('PWD', '/workspaces/UON-CS-robotlab-simulation-container/build/dynamixel_sdk_examples'), ('INTERNAL_VSCS_TARGET_URL', 'https://uksouth.online.visualstudio.com'), ('TURTLEBOT3_MODEL', 'waffle'), ('LC_ALL', 'C.UTF-8'), ('GITHUB_SERVER_URL', 'https://github.com'), ('PYTHONPATH', '/workspaces/UON-CS-robotlab-simulation-container/build/turtlebot3_teleop:/workspaces/UON-CS-robotlab-simulation-container/install/turtlebot3_teleop/lib/python3.10/site-packages:/workspaces/UON-CS-robotlab-simulation-container/build/turtlebot3_example:/workspaces/UON-CS-robotlab-simulation-container/install/turtlebot3_example/lib/python3.10/site-packages:/workspaces/UON-CS-robotlab-simulation-container/install/turtlebot3_msgs/local/lib/python3.10/dist-packages:/workspaces/UON-CS-robotlab-simulation-container/install/dynamixel_sdk_custom_interfaces/local/lib/python3.10/dist-packages:/workspaces/UON-CS-robotlab-simulation-container/install/dynamixel_sdk/local/lib/python3.10/dist-packages:/opt/ros/humble/lib/python3.10/site-packages:/opt/ros/humble/local/lib/python3.10/dist-packages'), ('CODESPACE_NAME', 'urban-space-garbanzo-j7wwvprrjjp25j95'), ('COLCON', '1'), ('CMAKE_PREFIX_PATH', '/workspaces/UON-CS-robotlab-simulation-container/install/dynamixel_sdk_custom_interfaces:/workspaces/UON-CS-robotlab-simulation-container/install/dynamixel_sdk:/workspaces/UON-CS-robotlab-simulation-container/install/turtlebot3:/workspaces/UON-CS-robotlab-simulation-container/install/turtlebot3_simulations:/workspaces/UON-CS-robotlab-simulation-container/install/turtlebot3_bringup:/workspaces/UON-CS-robotlab-simulation-container/install/turtlebot3_node:/workspaces/UON-CS-robotlab-simulation-container/install/turtlebot3_navigation2:/workspaces/UON-CS-robotlab-simulation-container/install/turtlebot3_fake_node:/workspaces/UON-CS-robotlab-simulation-container/install/turtlebot3_msgs:/workspaces/UON-CS-robotlab-simulation-container/install/turtlebot3_manipulation_gazebo:/workspaces/UON-CS-robotlab-simulation-container/install/turtlebot3_gazebo:/workspaces/UON-CS-robotlab-simulation-container/install/turtlebot3_description:/workspaces/UON-CS-robotlab-simulation-container/install/turtlebot3_cartographer:/workspaces/UON-CS-robotlab-simulation-container/install/dynamixel_sdk_examples:/workspaces/UON-CS-robotlab-simulation-container/install/turtlebot3_teleop:/workspaces/UON-CS-robotlab-simulation-container/install/turtlebot3_example:/opt/ros/humble')]), 'shell': False}
[33.243423] (turtlebot3_example) CommandEnded: {'returncode': 0}
[33.293122] (-) TimerEvent: {}
[33.404098] (turtlebot3_example) JobEnded: {'identifier': 'turtlebot3_example', 'rc': 0}
[33.405707] (-) TimerEvent: {}
[33.405950] (turtlebot3_simulations) JobStarted: {'identifier': 'turtlebot3_simulations'}
[33.505872] (-) TimerEvent: {}
[33.607153] (-) TimerEvent: {}
[33.709921] (-) TimerEvent: {}
[33.810284] (-) TimerEvent: {}
[33.911489] (-) TimerEvent: {}
[34.014722] (-) TimerEvent: {}
[34.116157] (-) TimerEvent: {}
[34.217919] (-) TimerEvent: {}
[34.318956] (-) TimerEvent: {}
[34.420202] (-) TimerEvent: {}
[34.521400] (-) TimerEvent: {}
[34.623075] (-) TimerEvent: {}
[34.631500] (turtlebot3_simulations) JobProgress: {'identifier': 'turtlebot3_simulations', 'progress': 'cmake'}
[34.645017] (turtlebot3_simulations) JobProgress: {'identifier': 'turtlebot3_simulations', 'progress': 'build'}
[34.645133] (turtlebot3_simulations) Command: {'cmd': ['/usr/bin/cmake', '--build', '/workspaces/UON-CS-robotlab-simulation-container/build/turtlebot3_simulations', '--', '-j2', '-l2'], 'cwd': '/workspaces/UON-CS-robotlab-simulation-container/build/turtlebot3_simulations', 'env': OrderedDict([('GITHUB_TOKEN', 'ghu_B4O6CZhcVLRE0OX7B0pYH9Kn8C5gJq2RIGly'), ('GITHUB_CODESPACE_TOKEN', 'AOKRK4WKUJC5CQRMWNS6OXDKNJSNPANCNFSM4AXFRYHA'), ('FEATURE_SPARK_POST_COMMIT_CREATE_ITERATION', 'true'), ('HOSTNAME', 'codespaces-ad2f20'), ('GITHUB_CODESPACES_PORT_FORWARDING_DOMAIN', 'app.github.dev'), ('SHLVL', '2'), ('LD_LIBRARY_PATH', '/workspaces/UON-CS-robotlab-simulation-container/install/turtlebot3_msgs/lib:/workspaces/UON-CS-robotlab-simulation-container/install/dynamixel_sdk_custom_interfaces/lib:/workspaces/UON-CS-robotlab-simulation-container/install/dynamixel_sdk/lib:/usr/lib/x86_64-linux-gnu/gazebo-11/plugins:/opt/ros/humble/opt/rviz_ogre_vendor/lib:/opt/ros/humble/lib/x86_64-linux-gnu:/opt/ros/humble/lib'), ('HOME', '/home/vscode'), ('OLDPWD', '/workspaces/UON-CS-robotlab-simulation-container'), ('CODESPACES', 'true'), ('ROS_PYTHON_VERSION', '3'), ('GITHUB_USER', 'mohammad-areeb'), ('GITHUB_GRAPHQL_URL', 'https://api.github.com/graphql'), ('COLCON_PREFIX_PATH', '/workspaces/UON-CS-robotlab-simulation-container/install'), ('ROS_DISTRO', 'humble'), ('ContainerVersion', '13'), ('GITHUB_API_URL', 'https://api.github.com'), ('RepositoryName', 'UON-CS-robotlab-simulation-container'), ('_', '/usr/bin/colcon'), ('ROS_VERSION', '2'), ('CLOUDENV_ENVIRONMENT_ID', '344bab99-1d47-4655-88f7-fee790854045'), ('TERM', 'xterm'), ('ROS_LOCALHOST_ONLY', '0'), ('PATH', '/opt/ros/humble/bin:/usr/local/sbin:/usr/local/bin:/usr/sbin:/usr/bin:/sbin:/bin'), ('SHELL_LOGGED_IN', 'true'), ('DISPLAY', ':1'), ('LANG', 'C.UTF-8'), ('LS_COLORS', ''), ('GITHUB_REPOSITORY', 'mohammad-areeb/UON-CS-robotlab-simulation-container'), ('ROS_DOMAIN_ID', '30'), ('AMENT_PREFIX_PATH', '/workspaces/UON-CS-robotlab-simulation-container/install/turtlebot3:/workspaces/UON-CS-robotlab-simulation-container/install/turtlebot3_teleop:/workspaces/UON-CS-robotlab-simulation-container/install/turtlebot3_simulations:/workspaces/UON-CS-robotlab-simulation-container/install/turtlebot3_bringup:/workspaces/UON-CS-robotlab-simulation-container/install/turtlebot3_node:/workspaces/UON-CS-robotlab-simulation-container/install/turtlebot3_navigation2:/workspaces/UON-CS-robotlab-simulation-container/install/turtlebot3_fake_node:/workspaces/UON-CS-robotlab-simulation-container/install/turtlebot3_example:/workspaces/UON-CS-robotlab-simulation-container/install/turtlebot3_msgs:/workspaces/UON-CS-robotlab-simulation-container/install/turtlebot3_manipulation_gazebo:/workspaces/UON-CS-robotlab-simulation-container/install/turtlebot3_gazebo:/workspaces/UON-CS-robotlab-simulation-container/install/turtlebot3_description:/workspaces/UON-CS-robotlab-simulation-container/install/turtlebot3_cartographer:/workspaces/UON-CS-robotlab-simulation-container/install/dynamixel_sdk_examples:/workspaces/UON-CS-robotlab-simulation-container/install/dynamixel_sdk_custom_interfaces:/workspaces/UON-CS-robotlab-simulation-container/install/dynamixel_sdk:/opt/ros/humble'), ('DEBIAN_FRONTEND', 'noninteractive'), ('SHELL', '/bin/bash'), ('PWD', '/workspaces/UON-CS-robotlab-simulation-container/build/turtlebot3_simulations'), ('INTERNAL_VSCS_TARGET_URL', 'https://uksouth.online.visualstudio.com'), ('TURTLEBOT3_MODEL', 'waffle'), ('LC_ALL', 'C.UTF-8'), ('GITHUB_SERVER_URL', 'https://github.com'), ('PYTHONPATH', '/workspaces/UON-CS-robotlab-simulation-container/build/turtlebot3_teleop:/workspaces/UON-CS-robotlab-simulation-container/install/turtlebot3_teleop/lib/python3.10/site-packages:/workspaces/UON-CS-robotlab-simulation-container/build/turtlebot3_example:/workspaces/UON-CS-robotlab-simulation-container/install/turtlebot3_example/lib/python3.10/site-packages:/workspaces/UON-CS-robotlab-simulation-container/install/turtlebot3_msgs/local/lib/python3.10/dist-packages:/workspaces/UON-CS-robotlab-simulation-container/install/dynamixel_sdk_custom_interfaces/local/lib/python3.10/dist-packages:/workspaces/UON-CS-robotlab-simulation-container/install/dynamixel_sdk/local/lib/python3.10/dist-packages:/opt/ros/humble/lib/python3.10/site-packages:/opt/ros/humble/local/lib/python3.10/dist-packages'), ('CODESPACE_NAME', 'urban-space-garbanzo-j7wwvprrjjp25j95'), ('COLCON', '1'), ('CMAKE_PREFIX_PATH', '/workspaces/UON-CS-robotlab-simulation-container/install/turtlebot3_fake_node:/workspaces/UON-CS-robotlab-simulation-container/install/turtlebot3_msgs:/workspaces/UON-CS-robotlab-simulation-container/install/turtlebot3_manipulation_gazebo:/workspaces/UON-CS-robotlab-simulation-container/install/turtlebot3_gazebo:/workspaces/UON-CS-robotlab-simulation-container/install/turtlebot3:/workspaces/UON-CS-robotlab-simulation-container/install/turtlebot3_simulations:/workspaces/UON-CS-robotlab-simulation-container/install/turtlebot3_bringup:/workspaces/UON-CS-robotlab-simulation-container/install/turtlebot3_node:/workspaces/UON-CS-robotlab-simulation-container/install/turtlebot3_navigation2:/workspaces/UON-CS-robotlab-simulation-container/install/turtlebot3_description:/workspaces/UON-CS-robotlab-simulation-container/install/turtlebot3_cartographer:/workspaces/UON-CS-robotlab-simulation-container/install/dynamixel_sdk_examples:/workspaces/UON-CS-robotlab-simulation-container/install/dynamixel_sdk_custom_interfaces:/workspaces/UON-CS-robotlab-simulation-container/install/dynamixel_sdk:/workspaces/UON-CS-robotlab-simulation-container/install/turtlebot3_teleop:/workspaces/UON-CS-robotlab-simulation-container/install/turtlebot3_example:/opt/ros/humble')]), 'shell': False}
[34.714927] (dynamixel_sdk_examples) StdoutLine: {'line': b'\x1b[35m\x1b[1mConsolidate compiler generated dependencies of target read_write_node\x1b[0m\n'}
[34.723166] (-) TimerEvent: {}
[34.773214] (turtlebot3_simulations) CommandEnded: {'returncode': 0}
[34.782525] (turtlebot3_simulations) JobProgress: {'identifier': 'turtlebot3_simulations', 'progress': 'install'}
[34.782711] (turtlebot3_simulations) Command: {'cmd': ['/usr/bin/cmake', '--install', '/workspaces/UON-CS-robotlab-simulation-container/build/turtlebot3_simulations'], 'cwd': '/workspaces/UON-CS-robotlab-simulation-container/build/turtlebot3_simulations', 'env': OrderedDict([('GITHUB_TOKEN', 'ghu_B4O6CZhcVLRE0OX7B0pYH9Kn8C5gJq2RIGly'), ('GITHUB_CODESPACE_TOKEN', 'AOKRK4WKUJC5CQRMWNS6OXDKNJSNPANCNFSM4AXFRYHA'), ('FEATURE_SPARK_POST_COMMIT_CREATE_ITERATION', 'true'), ('HOSTNAME', 'codespaces-ad2f20'), ('GITHUB_CODESPACES_PORT_FORWARDING_DOMAIN', 'app.github.dev'), ('SHLVL', '2'), ('LD_LIBRARY_PATH', '/workspaces/UON-CS-robotlab-simulation-container/install/turtlebot3_msgs/lib:/workspaces/UON-CS-robotlab-simulation-container/install/dynamixel_sdk_custom_interfaces/lib:/workspaces/UON-CS-robotlab-simulation-container/install/dynamixel_sdk/lib:/usr/lib/x86_64-linux-gnu/gazebo-11/plugins:/opt/ros/humble/opt/rviz_ogre_vendor/lib:/opt/ros/humble/lib/x86_64-linux-gnu:/opt/ros/humble/lib'), ('HOME', '/home/vscode'), ('OLDPWD', '/workspaces/UON-CS-robotlab-simulation-container'), ('CODESPACES', 'true'), ('ROS_PYTHON_VERSION', '3'), ('GITHUB_USER', 'mohammad-areeb'), ('GITHUB_GRAPHQL_URL', 'https://api.github.com/graphql'), ('COLCON_PREFIX_PATH', '/workspaces/UON-CS-robotlab-simulation-container/install'), ('ROS_DISTRO', 'humble'), ('ContainerVersion', '13'), ('GITHUB_API_URL', 'https://api.github.com'), ('RepositoryName', 'UON-CS-robotlab-simulation-container'), ('_', '/usr/bin/colcon'), ('ROS_VERSION', '2'), ('CLOUDENV_ENVIRONMENT_ID', '344bab99-1d47-4655-88f7-fee790854045'), ('TERM', 'xterm'), ('ROS_LOCALHOST_ONLY', '0'), ('PATH', '/opt/ros/humble/bin:/usr/local/sbin:/usr/local/bin:/usr/sbin:/usr/bin:/sbin:/bin'), ('SHELL_LOGGED_IN', 'true'), ('DISPLAY', ':1'), ('LANG', 'C.UTF-8'), ('LS_COLORS', ''), ('GITHUB_REPOSITORY', 'mohammad-areeb/UON-CS-robotlab-simulation-container'), ('ROS_DOMAIN_ID', '30'), ('AMENT_PREFIX_PATH', '/workspaces/UON-CS-robotlab-simulation-container/install/turtlebot3:/workspaces/UON-CS-robotlab-simulation-container/install/turtlebot3_teleop:/workspaces/UON-CS-robotlab-simulation-container/install/turtlebot3_simulations:/workspaces/UON-CS-robotlab-simulation-container/install/turtlebot3_bringup:/workspaces/UON-CS-robotlab-simulation-container/install/turtlebot3_node:/workspaces/UON-CS-robotlab-simulation-container/install/turtlebot3_navigation2:/workspaces/UON-CS-robotlab-simulation-container/install/turtlebot3_fake_node:/workspaces/UON-CS-robotlab-simulation-container/install/turtlebot3_example:/workspaces/UON-CS-robotlab-simulation-container/install/turtlebot3_msgs:/workspaces/UON-CS-robotlab-simulation-container/install/turtlebot3_manipulation_gazebo:/workspaces/UON-CS-robotlab-simulation-container/install/turtlebot3_gazebo:/workspaces/UON-CS-robotlab-simulation-container/install/turtlebot3_description:/workspaces/UON-CS-robotlab-simulation-container/install/turtlebot3_cartographer:/workspaces/UON-CS-robotlab-simulation-container/install/dynamixel_sdk_examples:/workspaces/UON-CS-robotlab-simulation-container/install/dynamixel_sdk_custom_interfaces:/workspaces/UON-CS-robotlab-simulation-container/install/dynamixel_sdk:/opt/ros/humble'), ('DEBIAN_FRONTEND', 'noninteractive'), ('SHELL', '/bin/bash'), ('PWD', '/workspaces/UON-CS-robotlab-simulation-container/build/turtlebot3_simulations'), ('INTERNAL_VSCS_TARGET_URL', 'https://uksouth.online.visualstudio.com'), ('TURTLEBOT3_MODEL', 'waffle'), ('LC_ALL', 'C.UTF-8'), ('GITHUB_SERVER_URL', 'https://github.com'), ('PYTHONPATH', '/workspaces/UON-CS-robotlab-simulation-container/build/turtlebot3_teleop:/workspaces/UON-CS-robotlab-simulation-container/install/turtlebot3_teleop/lib/python3.10/site-packages:/workspaces/UON-CS-robotlab-simulation-container/build/turtlebot3_example:/workspaces/UON-CS-robotlab-simulation-container/install/turtlebot3_example/lib/python3.10/site-packages:/workspaces/UON-CS-robotlab-simulation-container/install/turtlebot3_msgs/local/lib/python3.10/dist-packages:/workspaces/UON-CS-robotlab-simulation-container/install/dynamixel_sdk_custom_interfaces/local/lib/python3.10/dist-packages:/workspaces/UON-CS-robotlab-simulation-container/install/dynamixel_sdk/local/lib/python3.10/dist-packages:/opt/ros/humble/lib/python3.10/site-packages:/opt/ros/humble/local/lib/python3.10/dist-packages'), ('CODESPACE_NAME', 'urban-space-garbanzo-j7wwvprrjjp25j95'), ('COLCON', '1'), ('CMAKE_PREFIX_PATH', '/workspaces/UON-CS-robotlab-simulation-container/install/turtlebot3_fake_node:/workspaces/UON-CS-robotlab-simulation-container/install/turtlebot3_msgs:/workspaces/UON-CS-robotlab-simulation-container/install/turtlebot3_manipulation_gazebo:/workspaces/UON-CS-robotlab-simulation-container/install/turtlebot3_gazebo:/workspaces/UON-CS-robotlab-simulation-container/install/turtlebot3:/workspaces/UON-CS-robotlab-simulation-container/install/turtlebot3_simulations:/workspaces/UON-CS-robotlab-simulation-container/install/turtlebot3_bringup:/workspaces/UON-CS-robotlab-simulation-container/install/turtlebot3_node:/workspaces/UON-CS-robotlab-simulation-container/install/turtlebot3_navigation2:/workspaces/UON-CS-robotlab-simulation-container/install/turtlebot3_description:/workspaces/UON-CS-robotlab-simulation-container/install/turtlebot3_cartographer:/workspaces/UON-CS-robotlab-simulation-container/install/dynamixel_sdk_examples:/workspaces/UON-CS-robotlab-simulation-container/install/dynamixel_sdk_custom_interfaces:/workspaces/UON-CS-robotlab-simulation-container/install/dynamixel_sdk:/workspaces/UON-CS-robotlab-simulation-container/install/turtlebot3_teleop:/workspaces/UON-CS-robotlab-simulation-container/install/turtlebot3_example:/opt/ros/humble')]), 'shell': False}
[34.819355] (dynamixel_sdk_examples) StdoutLine: {'line': b'[100%] Built target read_write_node\n'}
[34.823883] (-) TimerEvent: {}
[34.824130] (turtlebot3_simulations) StdoutLine: {'line': b'-- Install configuration: ""\n'}
[34.830200] (turtlebot3_simulations) StdoutLine: {'line': b'-- Execute custom install script\n'}
[34.830716] (turtlebot3_simulations) StdoutLine: {'line': b'-- Up-to-date symlink: /workspaces/UON-CS-robotlab-simulation-container/install/turtlebot3_simulations/share/ament_index/resource_index/package_run_dependencies/turtlebot3_simulations\n'}
[34.835058] (turtlebot3_simulations) StdoutLine: {'line': b'-- Up-to-date symlink: /workspaces/UON-CS-robotlab-simulation-container/install/turtlebot3_simulations/share/ament_index/resource_index/parent_prefix_path/turtlebot3_simulations\n'}
[34.835239] (turtlebot3_simulations) StdoutLine: {'line': b'-- Up-to-date symlink: /workspaces/UON-CS-robotlab-simulation-container/install/turtlebot3_simulations/share/turtlebot3_simulations/environment/ament_prefix_path.sh\n'}
[34.835355] (turtlebot3_simulations) StdoutLine: {'line': b'-- Up-to-date symlink: /workspaces/UON-CS-robotlab-simulation-container/install/turtlebot3_simulations/share/turtlebot3_simulations/environment/ament_prefix_path.dsv\n'}
[34.835458] (turtlebot3_simulations) StdoutLine: {'line': b'-- Up-to-date symlink: /workspaces/UON-CS-robotlab-simulation-container/install/turtlebot3_simulations/share/turtlebot3_simulations/environment/path.sh\n'}
[34.835562] (turtlebot3_simulations) StdoutLine: {'line': b'-- Up-to-date symlink: /workspaces/UON-CS-robotlab-simulation-container/install/turtlebot3_simulations/share/turtlebot3_simulations/environment/path.dsv\n'}
[34.836258] (turtlebot3_simulations) StdoutLine: {'line': b'-- Up-to-date symlink: /workspaces/UON-CS-robotlab-simulation-container/install/turtlebot3_simulations/share/turtlebot3_simulations/local_setup.bash\n'}
[34.838975] (turtlebot3_simulations) StdoutLine: {'line': b'-- Up-to-date symlink: /workspaces/UON-CS-robotlab-simulation-container/install/turtlebot3_simulations/share/turtlebot3_simulations/local_setup.sh\n'}
[34.839074] (turtlebot3_simulations) StdoutLine: {'line': b'-- Up-to-date symlink: /workspaces/UON-CS-robotlab-simulation-container/install/turtlebot3_simulations/share/turtlebot3_simulations/local_setup.zsh\n'}
[34.839150] (turtlebot3_simulations) StdoutLine: {'line': b'-- Up-to-date symlink: /workspaces/UON-CS-robotlab-simulation-container/install/turtlebot3_simulations/share/turtlebot3_simulations/local_setup.dsv\n'}
[34.842188] (turtlebot3_simulations) StdoutLine: {'line': b'-- Symlinking: /workspaces/UON-CS-robotlab-simulation-container/install/turtlebot3_simulations/share/turtlebot3_simulations/package.dsv\n'}
[34.852222] (dynamixel_sdk_examples) CommandEnded: {'returncode': 0}
[34.852673] (turtlebot3_simulations) StdoutLine: {'line': b'-- Up-to-date symlink: /workspaces/UON-CS-robotlab-simulation-container/install/turtlebot3_simulations/share/ament_index/resource_index/packages/turtlebot3_simulations\n'}
[34.853190] (turtlebot3_simulations) StdoutLine: {'line': b'-- Up-to-date symlink: /workspaces/UON-CS-robotlab-simulation-container/install/turtlebot3_simulations/share/turtlebot3_simulations/cmake/turtlebot3_simulationsConfig.cmake\n'}
[34.859122] (turtlebot3_simulations) StdoutLine: {'line': b'-- Up-to-date symlink: /workspaces/UON-CS-robotlab-simulation-container/install/turtlebot3_simulations/share/turtlebot3_simulations/cmake/turtlebot3_simulationsConfig-version.cmake\n'}
[34.859554] (turtlebot3_simulations) StdoutLine: {'line': b'-- Up-to-date symlink: /workspaces/UON-CS-robotlab-simulation-container/install/turtlebot3_simulations/share/turtlebot3_simulations/package.xml\n'}
[34.859676] (dynamixel_sdk_examples) JobProgress: {'identifier': 'dynamixel_sdk_examples', 'progress': 'install'}
[34.859712] (dynamixel_sdk_examples) Command: {'cmd': ['/usr/bin/cmake', '--install', '/workspaces/UON-CS-robotlab-simulation-container/build/dynamixel_sdk_examples'], 'cwd': '/workspaces/UON-CS-robotlab-simulation-container/build/dynamixel_sdk_examples', 'env': OrderedDict([('GITHUB_TOKEN', 'ghu_B4O6CZhcVLRE0OX7B0pYH9Kn8C5gJq2RIGly'), ('GITHUB_CODESPACE_TOKEN', 'AOKRK4WKUJC5CQRMWNS6OXDKNJSNPANCNFSM4AXFRYHA'), ('FEATURE_SPARK_POST_COMMIT_CREATE_ITERATION', 'true'), ('HOSTNAME', 'codespaces-ad2f20'), ('GITHUB_CODESPACES_PORT_FORWARDING_DOMAIN', 'app.github.dev'), ('SHLVL', '2'), ('LD_LIBRARY_PATH', '/workspaces/UON-CS-robotlab-simulation-container/install/dynamixel_sdk_custom_interfaces/lib:/workspaces/UON-CS-robotlab-simulation-container/install/dynamixel_sdk/lib:/workspaces/UON-CS-robotlab-simulation-container/install/turtlebot3_msgs/lib:/usr/lib/x86_64-linux-gnu/gazebo-11/plugins:/opt/ros/humble/opt/rviz_ogre_vendor/lib:/opt/ros/humble/lib/x86_64-linux-gnu:/opt/ros/humble/lib'), ('HOME', '/home/vscode'), ('OLDPWD', '/workspaces/UON-CS-robotlab-simulation-container'), ('CODESPACES', 'true'), ('ROS_PYTHON_VERSION', '3'), ('GITHUB_USER', 'mohammad-areeb'), ('GITHUB_GRAPHQL_URL', 'https://api.github.com/graphql'), ('COLCON_PREFIX_PATH', '/workspaces/UON-CS-robotlab-simulation-container/install'), ('ROS_DISTRO', 'humble'), ('ContainerVersion', '13'), ('GITHUB_API_URL', 'https://api.github.com'), ('RepositoryName', 'UON-CS-robotlab-simulation-container'), ('_', '/usr/bin/colcon'), ('ROS_VERSION', '2'), ('CLOUDENV_ENVIRONMENT_ID', '344bab99-1d47-4655-88f7-fee790854045'), ('TERM', 'xterm'), ('ROS_LOCALHOST_ONLY', '0'), ('PATH', '/opt/ros/humble/bin:/usr/local/sbin:/usr/local/bin:/usr/sbin:/usr/bin:/sbin:/bin'), ('SHELL_LOGGED_IN', 'true'), ('DISPLAY', ':1'), ('LANG', 'C.UTF-8'), ('LS_COLORS', ''), ('GITHUB_REPOSITORY', 'mohammad-areeb/UON-CS-robotlab-simulation-container'), ('ROS_DOMAIN_ID', '30'), ('AMENT_PREFIX_PATH', '/workspaces/UON-CS-robotlab-simulation-container/install/turtlebot3:/workspaces/UON-CS-robotlab-simulation-container/install/turtlebot3_teleop:/workspaces/UON-CS-robotlab-simulation-container/install/turtlebot3_simulations:/workspaces/UON-CS-robotlab-simulation-container/install/turtlebot3_bringup:/workspaces/UON-CS-robotlab-simulation-container/install/turtlebot3_node:/workspaces/UON-CS-robotlab-simulation-container/install/turtlebot3_navigation2:/workspaces/UON-CS-robotlab-simulation-container/install/turtlebot3_fake_node:/workspaces/UON-CS-robotlab-simulation-container/install/turtlebot3_example:/workspaces/UON-CS-robotlab-simulation-container/install/turtlebot3_msgs:/workspaces/UON-CS-robotlab-simulation-container/install/turtlebot3_manipulation_gazebo:/workspaces/UON-CS-robotlab-simulation-container/install/turtlebot3_gazebo:/workspaces/UON-CS-robotlab-simulation-container/install/turtlebot3_description:/workspaces/UON-CS-robotlab-simulation-container/install/turtlebot3_cartographer:/workspaces/UON-CS-robotlab-simulation-container/install/dynamixel_sdk_examples:/workspaces/UON-CS-robotlab-simulation-container/install/dynamixel_sdk_custom_interfaces:/workspaces/UON-CS-robotlab-simulation-container/install/dynamixel_sdk:/opt/ros/humble'), ('DEBIAN_FRONTEND', 'noninteractive'), ('SHELL', '/bin/bash'), ('PWD', '/workspaces/UON-CS-robotlab-simulation-container/build/dynamixel_sdk_examples'), ('INTERNAL_VSCS_TARGET_URL', 'https://uksouth.online.visualstudio.com'), ('TURTLEBOT3_MODEL', 'waffle'), ('LC_ALL', 'C.UTF-8'), ('GITHUB_SERVER_URL', 'https://github.com'), ('PYTHONPATH', '/workspaces/UON-CS-robotlab-simulation-container/build/turtlebot3_teleop:/workspaces/UON-CS-robotlab-simulation-container/install/turtlebot3_teleop/lib/python3.10/site-packages:/workspaces/UON-CS-robotlab-simulation-container/build/turtlebot3_example:/workspaces/UON-CS-robotlab-simulation-container/install/turtlebot3_example/lib/python3.10/site-packages:/workspaces/UON-CS-robotlab-simulation-container/install/turtlebot3_msgs/local/lib/python3.10/dist-packages:/workspaces/UON-CS-robotlab-simulation-container/install/dynamixel_sdk_custom_interfaces/local/lib/python3.10/dist-packages:/workspaces/UON-CS-robotlab-simulation-container/install/dynamixel_sdk/local/lib/python3.10/dist-packages:/opt/ros/humble/lib/python3.10/site-packages:/opt/ros/humble/local/lib/python3.10/dist-packages'), ('CODESPACE_NAME', 'urban-space-garbanzo-j7wwvprrjjp25j95'), ('COLCON', '1'), ('CMAKE_PREFIX_PATH', '/workspaces/UON-CS-robotlab-simulation-container/install/dynamixel_sdk_custom_interfaces:/workspaces/UON-CS-robotlab-simulation-container/install/dynamixel_sdk:/workspaces/UON-CS-robotlab-simulation-container/install/turtlebot3:/workspaces/UON-CS-robotlab-simulation-container/install/turtlebot3_simulations:/workspaces/UON-CS-robotlab-simulation-container/install/turtlebot3_bringup:/workspaces/UON-CS-robotlab-simulation-container/install/turtlebot3_node:/workspaces/UON-CS-robotlab-simulation-container/install/turtlebot3_navigation2:/workspaces/UON-CS-robotlab-simulation-container/install/turtlebot3_fake_node:/workspaces/UON-CS-robotlab-simulation-container/install/turtlebot3_msgs:/workspaces/UON-CS-robotlab-simulation-container/install/turtlebot3_manipulation_gazebo:/workspaces/UON-CS-robotlab-simulation-container/install/turtlebot3_gazebo:/workspaces/UON-CS-robotlab-simulation-container/install/turtlebot3_description:/workspaces/UON-CS-robotlab-simulation-container/install/turtlebot3_cartographer:/workspaces/UON-CS-robotlab-simulation-container/install/dynamixel_sdk_examples:/workspaces/UON-CS-robotlab-simulation-container/install/turtlebot3_teleop:/workspaces/UON-CS-robotlab-simulation-container/install/turtlebot3_example:/opt/ros/humble')]), 'shell': False}
[34.863244] (turtlebot3_simulations) CommandEnded: {'returncode': 0}
[34.869676] (dynamixel_sdk_examples) StdoutLine: {'line': b'-- Install configuration: ""\n'}
[34.870516] (dynamixel_sdk_examples) StdoutLine: {'line': b'-- Execute custom install script\n'}
[34.873376] (dynamixel_sdk_examples) StdoutLine: {'line': b'-- Up-to-date symlink: /workspaces/UON-CS-robotlab-simulation-container/install/dynamixel_sdk_examples/lib/dynamixel_sdk_examples/read_write_node\n'}
[34.874956] (dynamixel_sdk_examples) StdoutLine: {'line': b'-- Up-to-date symlink: /workspaces/UON-CS-robotlab-simulation-container/install/dynamixel_sdk_examples/lib/dynamixel_sdk_examples/read_write_node.py\n'}
[34.875241] (dynamixel_sdk_examples) StdoutLine: {'line': b'-- Up-to-date symlink: /workspaces/UON-CS-robotlab-simulation-container/install/dynamixel_sdk_examples/share/ament_index/resource_index/package_run_dependencies/dynamixel_sdk_examples\n'}
[34.875701] (dynamixel_sdk_examples) StdoutLine: {'line': b'-- Up-to-date symlink: /workspaces/UON-CS-robotlab-simulation-container/install/dynamixel_sdk_examples/share/ament_index/resource_index/parent_prefix_path/dynamixel_sdk_examples\n'}
[34.877546] (dynamixel_sdk_examples) StdoutLine: {'line': b'-- Up-to-date symlink: /workspaces/UON-CS-robotlab-simulation-container/install/dynamixel_sdk_examples/share/dynamixel_sdk_examples/environment/ament_prefix_path.sh\n'}
[34.878354] (dynamixel_sdk_examples) StdoutLine: {'line': b'-- Up-to-date symlink: /workspaces/UON-CS-robotlab-simulation-container/install/dynamixel_sdk_examples/share/dynamixel_sdk_examples/environment/ament_prefix_path.dsv\n'}
[34.878994] (dynamixel_sdk_examples) StdoutLine: {'line': b'-- Up-to-date symlink: /workspaces/UON-CS-robotlab-simulation-container/install/dynamixel_sdk_examples/share/dynamixel_sdk_examples/environment/path.sh\n'}
[34.880912] (dynamixel_sdk_examples) StdoutLine: {'line': b'-- Up-to-date symlink: /workspaces/UON-CS-robotlab-simulation-container/install/dynamixel_sdk_examples/share/dynamixel_sdk_examples/environment/path.dsv\n'}
[34.881197] (dynamixel_sdk_examples) StdoutLine: {'line': b'-- Up-to-date symlink: /workspaces/UON-CS-robotlab-simulation-container/install/dynamixel_sdk_examples/share/dynamixel_sdk_examples/local_setup.bash\n'}
[34.881326] (dynamixel_sdk_examples) StdoutLine: {'line': b'-- Up-to-date symlink: /workspaces/UON-CS-robotlab-simulation-container/install/dynamixel_sdk_examples/share/dynamixel_sdk_examples/local_setup.sh\n'}
[34.881920] (dynamixel_sdk_examples) StdoutLine: {'line': b'-- Up-to-date symlink: /workspaces/UON-CS-robotlab-simulation-container/install/dynamixel_sdk_examples/share/dynamixel_sdk_examples/local_setup.zsh\n'}
[34.882008] (dynamixel_sdk_examples) StdoutLine: {'line': b'-- Up-to-date symlink: /workspaces/UON-CS-robotlab-simulation-container/install/dynamixel_sdk_examples/share/dynamixel_sdk_examples/local_setup.dsv\n'}
[34.882083] (dynamixel_sdk_examples) StdoutLine: {'line': b'-- Symlinking: /workspaces/UON-CS-robotlab-simulation-container/install/dynamixel_sdk_examples/share/dynamixel_sdk_examples/package.dsv\n'}
[34.895931] (dynamixel_sdk_examples) StdoutLine: {'line': b'-- Up-to-date symlink: /workspaces/UON-CS-robotlab-simulation-container/install/dynamixel_sdk_examples/share/ament_index/resource_index/packages/dynamixel_sdk_examples\n'}
[34.896084] (dynamixel_sdk_examples) StdoutLine: {'line': b'-- Up-to-date symlink: /workspaces/UON-CS-robotlab-simulation-container/install/dynamixel_sdk_examples/share/dynamixel_sdk_examples/cmake/dynamixel_sdk_examplesConfig.cmake\n'}
[34.896174] (dynamixel_sdk_examples) StdoutLine: {'line': b'-- Up-to-date symlink: /workspaces/UON-CS-robotlab-simulation-container/install/dynamixel_sdk_examples/share/dynamixel_sdk_examples/cmake/dynamixel_sdk_examplesConfig-version.cmake\n'}
[34.896265] (dynamixel_sdk_examples) StdoutLine: {'line': b'-- Up-to-date symlink: /workspaces/UON-CS-robotlab-simulation-container/install/dynamixel_sdk_examples/share/dynamixel_sdk_examples/package.xml\n'}
[34.916356] (turtlebot3_simulations) JobEnded: {'identifier': 'turtlebot3_simulations', 'rc': 0}
[34.918347] (turtlebot3) JobStarted: {'identifier': 'turtlebot3'}
[34.925028] (-) TimerEvent: {}
[34.934615] (dynamixel_sdk_examples) CommandEnded: {'returncode': 0}
[35.002234] (dynamixel_sdk_examples) JobEnded: {'identifier': 'dynamixel_sdk_examples', 'rc': 0}
[35.009487] (turtlebot3) JobProgress: {'identifier': 'turtlebot3', 'progress': 'cmake'}
[35.014471] (turtlebot3) JobProgress: {'identifier': 'turtlebot3', 'progress': 'build'}
[35.014536] (turtlebot3) Command: {'cmd': ['/usr/bin/cmake', '--build', '/workspaces/UON-CS-robotlab-simulation-container/build/turtlebot3', '--', '-j2', '-l2'], 'cwd': '/workspaces/UON-CS-robotlab-simulation-container/build/turtlebot3', 'env': OrderedDict([('GITHUB_TOKEN', 'ghu_B4O6CZhcVLRE0OX7B0pYH9Kn8C5gJq2RIGly'), ('GITHUB_CODESPACE_TOKEN', 'AOKRK4WKUJC5CQRMWNS6OXDKNJSNPANCNFSM4AXFRYHA'), ('FEATURE_SPARK_POST_COMMIT_CREATE_ITERATION', 'true'), ('HOSTNAME', 'codespaces-ad2f20'), ('GITHUB_CODESPACES_PORT_FORWARDING_DOMAIN', 'app.github.dev'), ('SHLVL', '2'), ('LD_LIBRARY_PATH', '/workspaces/UON-CS-robotlab-simulation-container/install/turtlebot3_msgs/lib:/workspaces/UON-CS-robotlab-simulation-container/install/dynamixel_sdk/lib:/workspaces/UON-CS-robotlab-simulation-container/install/dynamixel_sdk_custom_interfaces/lib:/usr/lib/x86_64-linux-gnu/gazebo-11/plugins:/opt/ros/humble/opt/rviz_ogre_vendor/lib:/opt/ros/humble/lib/x86_64-linux-gnu:/opt/ros/humble/lib'), ('HOME', '/home/vscode'), ('OLDPWD', '/workspaces/UON-CS-robotlab-simulation-container'), ('CODESPACES', 'true'), ('ROS_PYTHON_VERSION', '3'), ('GITHUB_USER', 'mohammad-areeb'), ('GITHUB_GRAPHQL_URL', 'https://api.github.com/graphql'), ('COLCON_PREFIX_PATH', '/workspaces/UON-CS-robotlab-simulation-container/install'), ('ROS_DISTRO', 'humble'), ('ContainerVersion', '13'), ('GITHUB_API_URL', 'https://api.github.com'), ('RepositoryName', 'UON-CS-robotlab-simulation-container'), ('_', '/usr/bin/colcon'), ('ROS_VERSION', '2'), ('CLOUDENV_ENVIRONMENT_ID', '344bab99-1d47-4655-88f7-fee790854045'), ('TERM', 'xterm'), ('ROS_LOCALHOST_ONLY', '0'), ('PATH', '/opt/ros/humble/bin:/usr/local/sbin:/usr/local/bin:/usr/sbin:/usr/bin:/sbin:/bin'), ('SHELL_LOGGED_IN', 'true'), ('DISPLAY', ':1'), ('LANG', 'C.UTF-8'), ('LS_COLORS', ''), ('GITHUB_REPOSITORY', 'mohammad-areeb/UON-CS-robotlab-simulation-container'), ('ROS_DOMAIN_ID', '30'), ('AMENT_PREFIX_PATH', '/workspaces/UON-CS-robotlab-simulation-container/install/turtlebot3_example:/workspaces/UON-CS-robotlab-simulation-container/install/turtlebot3_teleop:/workspaces/UON-CS-robotlab-simulation-container/install/turtlebot3:/workspaces/UON-CS-robotlab-simulation-container/install/turtlebot3_simulations:/workspaces/UON-CS-robotlab-simulation-container/install/turtlebot3_bringup:/workspaces/UON-CS-robotlab-simulation-container/install/turtlebot3_node:/workspaces/UON-CS-robotlab-simulation-container/install/turtlebot3_navigation2:/workspaces/UON-CS-robotlab-simulation-container/install/turtlebot3_fake_node:/workspaces/UON-CS-robotlab-simulation-container/install/turtlebot3_msgs:/workspaces/UON-CS-robotlab-simulation-container/install/turtlebot3_manipulation_gazebo:/workspaces/UON-CS-robotlab-simulation-container/install/turtlebot3_gazebo:/workspaces/UON-CS-robotlab-simulation-container/install/turtlebot3_description:/workspaces/UON-CS-robotlab-simulation-container/install/turtlebot3_cartographer:/workspaces/UON-CS-robotlab-simulation-container/install/dynamixel_sdk_examples:/workspaces/UON-CS-robotlab-simulation-container/install/dynamixel_sdk_custom_interfaces:/workspaces/UON-CS-robotlab-simulation-container/install/dynamixel_sdk:/opt/ros/humble'), ('DEBIAN_FRONTEND', 'noninteractive'), ('SHELL', '/bin/bash'), ('PWD', '/workspaces/UON-CS-robotlab-simulation-container/build/turtlebot3'), ('INTERNAL_VSCS_TARGET_URL', 'https://uksouth.online.visualstudio.com'), ('TURTLEBOT3_MODEL', 'waffle'), ('LC_ALL', 'C.UTF-8'), ('GITHUB_SERVER_URL', 'https://github.com'), ('PYTHONPATH', '/workspaces/UON-CS-robotlab-simulation-container/build/turtlebot3_example:/workspaces/UON-CS-robotlab-simulation-container/install/turtlebot3_example/lib/python3.10/site-packages:/workspaces/UON-CS-robotlab-simulation-container/build/turtlebot3_teleop:/workspaces/UON-CS-robotlab-simulation-container/install/turtlebot3_teleop/lib/python3.10/site-packages:/workspaces/UON-CS-robotlab-simulation-container/install/turtlebot3_msgs/local/lib/python3.10/dist-packages:/workspaces/UON-CS-robotlab-simulation-container/install/dynamixel_sdk_custom_interfaces/local/lib/python3.10/dist-packages:/workspaces/UON-CS-robotlab-simulation-container/install/dynamixel_sdk/local/lib/python3.10/dist-packages:/opt/ros/humble/lib/python3.10/site-packages:/opt/ros/humble/local/lib/python3.10/dist-packages'), ('CODESPACE_NAME', 'urban-space-garbanzo-j7wwvprrjjp25j95'), ('COLCON', '1'), ('CMAKE_PREFIX_PATH', '/workspaces/UON-CS-robotlab-simulation-container/install/turtlebot3_bringup:/workspaces/UON-CS-robotlab-simulation-container/install/turtlebot3_node:/workspaces/UON-CS-robotlab-simulation-container/install/turtlebot3_navigation2:/workspaces/UON-CS-robotlab-simulation-container/install/turtlebot3_msgs:/workspaces/UON-CS-robotlab-simulation-container/install/turtlebot3_description:/workspaces/UON-CS-robotlab-simulation-container/install/turtlebot3_cartographer:/workspaces/UON-CS-robotlab-simulation-container/install/dynamixel_sdk:/workspaces/UON-CS-robotlab-simulation-container/install/turtlebot3:/workspaces/UON-CS-robotlab-simulation-container/install/turtlebot3_simulations:/workspaces/UON-CS-robotlab-simulation-container/install/turtlebot3_fake_node:/workspaces/UON-CS-robotlab-simulation-container/install/turtlebot3_manipulation_gazebo:/workspaces/UON-CS-robotlab-simulation-container/install/turtlebot3_gazebo:/workspaces/UON-CS-robotlab-simulation-container/install/dynamixel_sdk_examples:/workspaces/UON-CS-robotlab-simulation-container/install/dynamixel_sdk_custom_interfaces:/workspaces/UON-CS-robotlab-simulation-container/install/turtlebot3_teleop:/workspaces/UON-CS-robotlab-simulation-container/install/turtlebot3_example:/opt/ros/humble')]), 'shell': False}
[35.026887] (-) TimerEvent: {}
[35.127289] (-) TimerEvent: {}
[35.188584] (turtlebot3) CommandEnded: {'returncode': 0}
[35.195868] (turtlebot3) JobProgress: {'identifier': 'turtlebot3', 'progress': 'install'}
[35.195937] (turtlebot3) Command: {'cmd': ['/usr/bin/cmake', '--install', '/workspaces/UON-CS-robotlab-simulation-container/build/turtlebot3'], 'cwd': '/workspaces/UON-CS-robotlab-simulation-container/build/turtlebot3', 'env': OrderedDict([('GITHUB_TOKEN', 'ghu_B4O6CZhcVLRE0OX7B0pYH9Kn8C5gJq2RIGly'), ('GITHUB_CODESPACE_TOKEN', 'AOKRK4WKUJC5CQRMWNS6OXDKNJSNPANCNFSM4AXFRYHA'), ('FEATURE_SPARK_POST_COMMIT_CREATE_ITERATION', 'true'), ('HOSTNAME', 'codespaces-ad2f20'), ('GITHUB_CODESPACES_PORT_FORWARDING_DOMAIN', 'app.github.dev'), ('SHLVL', '2'), ('LD_LIBRARY_PATH', '/workspaces/UON-CS-robotlab-simulation-container/install/turtlebot3_msgs/lib:/workspaces/UON-CS-robotlab-simulation-container/install/dynamixel_sdk/lib:/workspaces/UON-CS-robotlab-simulation-container/install/dynamixel_sdk_custom_interfaces/lib:/usr/lib/x86_64-linux-gnu/gazebo-11/plugins:/opt/ros/humble/opt/rviz_ogre_vendor/lib:/opt/ros/humble/lib/x86_64-linux-gnu:/opt/ros/humble/lib'), ('HOME', '/home/vscode'), ('OLDPWD', '/workspaces/UON-CS-robotlab-simulation-container'), ('CODESPACES', 'true'), ('ROS_PYTHON_VERSION', '3'), ('GITHUB_USER', 'mohammad-areeb'), ('GITHUB_GRAPHQL_URL', 'https://api.github.com/graphql'), ('COLCON_PREFIX_PATH', '/workspaces/UON-CS-robotlab-simulation-container/install'), ('ROS_DISTRO', 'humble'), ('ContainerVersion', '13'), ('GITHUB_API_URL', 'https://api.github.com'), ('RepositoryName', 'UON-CS-robotlab-simulation-container'), ('_', '/usr/bin/colcon'), ('ROS_VERSION', '2'), ('CLOUDENV_ENVIRONMENT_ID', '344bab99-1d47-4655-88f7-fee790854045'), ('TERM', 'xterm'), ('ROS_LOCALHOST_ONLY', '0'), ('PATH', '/opt/ros/humble/bin:/usr/local/sbin:/usr/local/bin:/usr/sbin:/usr/bin:/sbin:/bin'), ('SHELL_LOGGED_IN', 'true'), ('DISPLAY', ':1'), ('LANG', 'C.UTF-8'), ('LS_COLORS', ''), ('GITHUB_REPOSITORY', 'mohammad-areeb/UON-CS-robotlab-simulation-container'), ('ROS_DOMAIN_ID', '30'), ('AMENT_PREFIX_PATH', '/workspaces/UON-CS-robotlab-simulation-container/install/turtlebot3_example:/workspaces/UON-CS-robotlab-simulation-container/install/turtlebot3_teleop:/workspaces/UON-CS-robotlab-simulation-container/install/turtlebot3:/workspaces/UON-CS-robotlab-simulation-container/install/turtlebot3_simulations:/workspaces/UON-CS-robotlab-simulation-container/install/turtlebot3_bringup:/workspaces/UON-CS-robotlab-simulation-container/install/turtlebot3_node:/workspaces/UON-CS-robotlab-simulation-container/install/turtlebot3_navigation2:/workspaces/UON-CS-robotlab-simulation-container/install/turtlebot3_fake_node:/workspaces/UON-CS-robotlab-simulation-container/install/turtlebot3_msgs:/workspaces/UON-CS-robotlab-simulation-container/install/turtlebot3_manipulation_gazebo:/workspaces/UON-CS-robotlab-simulation-container/install/turtlebot3_gazebo:/workspaces/UON-CS-robotlab-simulation-container/install/turtlebot3_description:/workspaces/UON-CS-robotlab-simulation-container/install/turtlebot3_cartographer:/workspaces/UON-CS-robotlab-simulation-container/install/dynamixel_sdk_examples:/workspaces/UON-CS-robotlab-simulation-container/install/dynamixel_sdk_custom_interfaces:/workspaces/UON-CS-robotlab-simulation-container/install/dynamixel_sdk:/opt/ros/humble'), ('DEBIAN_FRONTEND', 'noninteractive'), ('SHELL', '/bin/bash'), ('PWD', '/workspaces/UON-CS-robotlab-simulation-container/build/turtlebot3'), ('INTERNAL_VSCS_TARGET_URL', 'https://uksouth.online.visualstudio.com'), ('TURTLEBOT3_MODEL', 'waffle'), ('LC_ALL', 'C.UTF-8'), ('GITHUB_SERVER_URL', 'https://github.com'), ('PYTHONPATH', '/workspaces/UON-CS-robotlab-simulation-container/build/turtlebot3_example:/workspaces/UON-CS-robotlab-simulation-container/install/turtlebot3_example/lib/python3.10/site-packages:/workspaces/UON-CS-robotlab-simulation-container/build/turtlebot3_teleop:/workspaces/UON-CS-robotlab-simulation-container/install/turtlebot3_teleop/lib/python3.10/site-packages:/workspaces/UON-CS-robotlab-simulation-container/install/turtlebot3_msgs/local/lib/python3.10/dist-packages:/workspaces/UON-CS-robotlab-simulation-container/install/dynamixel_sdk_custom_interfaces/local/lib/python3.10/dist-packages:/workspaces/UON-CS-robotlab-simulation-container/install/dynamixel_sdk/local/lib/python3.10/dist-packages:/opt/ros/humble/lib/python3.10/site-packages:/opt/ros/humble/local/lib/python3.10/dist-packages'), ('CODESPACE_NAME', 'urban-space-garbanzo-j7wwvprrjjp25j95'), ('COLCON', '1'), ('CMAKE_PREFIX_PATH', '/workspaces/UON-CS-robotlab-simulation-container/install/turtlebot3_bringup:/workspaces/UON-CS-robotlab-simulation-container/install/turtlebot3_node:/workspaces/UON-CS-robotlab-simulation-container/install/turtlebot3_navigation2:/workspaces/UON-CS-robotlab-simulation-container/install/turtlebot3_msgs:/workspaces/UON-CS-robotlab-simulation-container/install/turtlebot3_description:/workspaces/UON-CS-robotlab-simulation-container/install/turtlebot3_cartographer:/workspaces/UON-CS-robotlab-simulation-container/install/dynamixel_sdk:/workspaces/UON-CS-robotlab-simulation-container/install/turtlebot3:/workspaces/UON-CS-robotlab-simulation-container/install/turtlebot3_simulations:/workspaces/UON-CS-robotlab-simulation-container/install/turtlebot3_fake_node:/workspaces/UON-CS-robotlab-simulation-container/install/turtlebot3_manipulation_gazebo:/workspaces/UON-CS-robotlab-simulation-container/install/turtlebot3_gazebo:/workspaces/UON-CS-robotlab-simulation-container/install/dynamixel_sdk_examples:/workspaces/UON-CS-robotlab-simulation-container/install/dynamixel_sdk_custom_interfaces:/workspaces/UON-CS-robotlab-simulation-container/install/turtlebot3_teleop:/workspaces/UON-CS-robotlab-simulation-container/install/turtlebot3_example:/opt/ros/humble')]), 'shell': False}
[35.226519] (turtlebot3) StdoutLine: {'line': b'-- Install configuration: ""\n'}
[35.228195] (-) TimerEvent: {}
[35.232168] (turtlebot3) StdoutLine: {'line': b'-- Execute custom install script\n'}
[35.232328] (turtlebot3) StdoutLine: {'line': b'-- Up-to-date symlink: /workspaces/UON-CS-robotlab-simulation-container/install/turtlebot3/share/ament_index/resource_index/package_run_dependencies/turtlebot3\n'}
[35.232421] (turtlebot3) StdoutLine: {'line': b'-- Up-to-date symlink: /workspaces/UON-CS-robotlab-simulation-container/install/turtlebot3/share/ament_index/resource_index/parent_prefix_path/turtlebot3\n'}
[35.232517] (turtlebot3) StdoutLine: {'line': b'-- Up-to-date symlink: /workspaces/UON-CS-robotlab-simulation-container/install/turtlebot3/share/turtlebot3/environment/ament_prefix_path.sh\n'}
[35.232614] (turtlebot3) StdoutLine: {'line': b'-- Up-to-date symlink: /workspaces/UON-CS-robotlab-simulation-container/install/turtlebot3/share/turtlebot3/environment/ament_prefix_path.dsv\n'}
[35.238113] (turtlebot3) StdoutLine: {'line': b'-- Up-to-date symlink: /workspaces/UON-CS-robotlab-simulation-container/install/turtlebot3/share/turtlebot3/environment/path.sh\n'}
[35.238284] (turtlebot3) StdoutLine: {'line': b'-- Up-to-date symlink: /workspaces/UON-CS-robotlab-simulation-container/install/turtlebot3/share/turtlebot3/environment/path.dsv\n'}
[35.238387] (turtlebot3) StdoutLine: {'line': b'-- Up-to-date symlink: /workspaces/UON-CS-robotlab-simulation-container/install/turtlebot3/share/turtlebot3/local_setup.bash\n'}
[35.238484] (turtlebot3) StdoutLine: {'line': b'-- Up-to-date symlink: /workspaces/UON-CS-robotlab-simulation-container/install/turtlebot3/share/turtlebot3/local_setup.sh\n'}
[35.238576] (turtlebot3) StdoutLine: {'line': b'-- Up-to-date symlink: /workspaces/UON-CS-robotlab-simulation-container/install/turtlebot3/share/turtlebot3/local_setup.zsh\n'}
[35.243077] (turtlebot3) StdoutLine: {'line': b'-- Up-to-date symlink: /workspaces/UON-CS-robotlab-simulation-container/install/turtlebot3/share/turtlebot3/local_setup.dsv\n'}
[35.243259] (turtlebot3) StdoutLine: {'line': b'-- Symlinking: /workspaces/UON-CS-robotlab-simulation-container/install/turtlebot3/share/turtlebot3/package.dsv\n'}
[35.273898] (turtlebot3) StdoutLine: {'line': b'-- Up-to-date symlink: /workspaces/UON-CS-robotlab-simulation-container/install/turtlebot3/share/ament_index/resource_index/packages/turtlebot3\n'}
[35.274127] (turtlebot3) StdoutLine: {'line': b'-- Up-to-date symlink: /workspaces/UON-CS-robotlab-simulation-container/install/turtlebot3/share/turtlebot3/cmake/turtlebot3Config.cmake\n'}
[35.274245] (turtlebot3) StdoutLine: {'line': b'-- Up-to-date symlink: /workspaces/UON-CS-robotlab-simulation-container/install/turtlebot3/share/turtlebot3/cmake/turtlebot3Config-version.cmake\n'}
[35.274349] (turtlebot3) StdoutLine: {'line': b'-- Up-to-date symlink: /workspaces/UON-CS-robotlab-simulation-container/install/turtlebot3/share/turtlebot3/package.xml\n'}
[35.285275] (turtlebot3) CommandEnded: {'returncode': 0}
[35.328291] (-) TimerEvent: {}
[35.344934] (turtlebot3) JobEnded: {'identifier': 'turtlebot3', 'rc': 0}
[35.346085] (-) EventReactorShutdown: {}
