[0.000000] (-) TimerEvent: {}
[0.000178] (dynamixel_sdk) JobQueued: {'identifier': 'dynamixel_sdk', 'dependencies': OrderedDict()}
[0.000220] (dynamixel_sdk_custom_interfaces) JobQueued: {'identifier': 'dynamixel_sdk_custom_interfaces', 'dependencies': OrderedDict()}
[0.000250] (turtlebot3_cartographer) JobQueued: {'identifier': 'turtlebot3_cartographer', 'dependencies': OrderedDict()}
[0.000277] (turtlebot3_description) JobQueued: {'identifier': 'turtlebot3_description', 'dependencies': OrderedDict()}
[0.000301] (turtlebot3_gazebo) JobQueued: {'identifier': 'turtlebot3_gazebo', 'dependencies': OrderedDict()}
[0.000324] (turtlebot3_manipulation_gazebo) JobQueued: {'identifier': 'turtlebot3_manipulation_gazebo', 'dependencies': OrderedDict()}
[0.000348] (turtlebot3_msgs) JobQueued: {'identifier': 'turtlebot3_msgs', 'dependencies': OrderedDict()}
[0.000370] (turtlebot3_navigation2) JobQueued: {'identifier': 'turtlebot3_navigation2', 'dependencies': OrderedDict()}
[0.000391] (turtlebot3_teleop) JobQueued: {'identifier': 'turtlebot3_teleop', 'dependencies': OrderedDict()}
[0.002515] (dynamixel_sdk_examples) JobQueued: {'identifier': 'dynamixel_sdk_examples', 'dependencies': OrderedDict([('dynamixel_sdk', '/workspaces/UON-CS-robotlab-simulation-container/install/dynamixel_sdk'), ('dynamixel_sdk_custom_interfaces', '/workspaces/UON-CS-robotlab-simulation-container/install/dynamixel_sdk_custom_interfaces')])}
[0.002556] (turtlebot3_example) JobQueued: {'identifier': 'turtlebot3_example', 'dependencies': OrderedDict([('turtlebot3_msgs', '/workspaces/UON-CS-robotlab-simulation-container/install/turtlebot3_msgs')])}
[0.002604] (turtlebot3_fake_node) JobQueued: {'identifier': 'turtlebot3_fake_node', 'dependencies': OrderedDict([('turtlebot3_msgs', '/workspaces/UON-CS-robotlab-simulation-container/install/turtlebot3_msgs')])}
[0.002657] (turtlebot3_node) JobQueued: {'identifier': 'turtlebot3_node', 'dependencies': OrderedDict([('dynamixel_sdk', '/workspaces/UON-CS-robotlab-simulation-container/install/dynamixel_sdk'), ('turtlebot3_msgs', '/workspaces/UON-CS-robotlab-simulation-container/install/turtlebot3_msgs')])}
[0.002689] (turtlebot3_bringup) JobQueued: {'identifier': 'turtlebot3_bringup', 'dependencies': OrderedDict([('dynamixel_sdk', '/workspaces/UON-CS-robotlab-simulation-container/install/dynamixel_sdk'), ('turtlebot3_description', '/workspaces/UON-CS-robotlab-simulation-container/install/turtlebot3_description'), ('turtlebot3_msgs', '/workspaces/UON-CS-robotlab-simulation-container/install/turtlebot3_msgs'), ('turtlebot3_node', '/workspaces/UON-CS-robotlab-simulation-container/install/turtlebot3_node')])}
[0.002721] (turtlebot3_simulations) JobQueued: {'identifier': 'turtlebot3_simulations', 'dependencies': OrderedDict([('turtlebot3_gazebo', '/workspaces/UON-CS-robotlab-simulation-container/install/turtlebot3_gazebo'), ('turtlebot3_manipulation_gazebo', '/workspaces/UON-CS-robotlab-simulation-container/install/turtlebot3_manipulation_gazebo'), ('turtlebot3_msgs', '/workspaces/UON-CS-robotlab-simulation-container/install/turtlebot3_msgs'), ('turtlebot3_fake_node', '/workspaces/UON-CS-robotlab-simulation-container/install/turtlebot3_fake_node')])}
[0.002771] (turtlebot3) JobQueued: {'identifier': 'turtlebot3', 'dependencies': OrderedDict([('dynamixel_sdk', '/workspaces/UON-CS-robotlab-simulation-container/install/dynamixel_sdk'), ('turtlebot3_cartographer', '/workspaces/UON-CS-robotlab-simulation-container/install/turtlebot3_cartographer'), ('turtlebot3_description', '/workspaces/UON-CS-robotlab-simulation-container/install/turtlebot3_description'), ('turtlebot3_msgs', '/workspaces/UON-CS-robotlab-simulation-container/install/turtlebot3_msgs'), ('turtlebot3_navigation2', '/workspaces/UON-CS-robotlab-simulation-container/install/turtlebot3_navigation2'), ('turtlebot3_teleop', '/workspaces/UON-CS-robotlab-simulation-container/install/turtlebot3_teleop'), ('turtlebot3_example', '/workspaces/UON-CS-robotlab-simulation-container/install/turtlebot3_example'), ('turtlebot3_node', '/workspaces/UON-CS-robotlab-simulation-container/install/turtlebot3_node'), ('turtlebot3_bringup', '/workspaces/UON-CS-robotlab-simulation-container/install/turtlebot3_bringup')])}
[0.002851] (turtlebot3_msgs) JobStarted: {'identifier': 'turtlebot3_msgs'}
[0.066895] (dynamixel_sdk) JobStarted: {'identifier': 'dynamixel_sdk'}
[0.088624] (turtlebot3_msgs) JobProgress: {'identifier': 'turtlebot3_msgs', 'progress': 'cmake'}
[0.100120] (-) TimerEvent: {}
[0.104495] (turtlebot3_msgs) JobProgress: {'identifier': 'turtlebot3_msgs', 'progress': 'build'}
[0.104589] (turtlebot3_msgs) Command: {'cmd': ['/usr/bin/cmake', '--build', '/workspaces/UON-CS-robotlab-simulation-container/build/turtlebot3_msgs', '--', '-j2', '-l2'], 'cwd': '/workspaces/UON-CS-robotlab-simulation-container/build/turtlebot3_msgs', 'env': OrderedDict([('GITHUB_TOKEN', 'ghu_B4O6CZhcVLRE0OX7B0pYH9Kn8C5gJq2RIGly'), ('GITHUB_CODESPACE_TOKEN', 'AOKRK4WKUJC5CQRMWNS6OXDKNJSNPANCNFSM4AXFRYHA'), ('FEATURE_SPARK_POST_COMMIT_CREATE_ITERATION', 'true'), ('HOSTNAME', 'codespaces-b7707e'), ('GITHUB_CODESPACES_PORT_FORWARDING_DOMAIN', 'app.github.dev'), ('SHLVL', '2'), ('LD_LIBRARY_PATH', '/workspaces/UON-CS-robotlab-simulation-container/install/turtlebot3_msgs/lib:/workspaces/UON-CS-robotlab-simulation-container/install/dynamixel_sdk_custom_interfaces/lib:/workspaces/UON-CS-robotlab-simulation-container/install/dynamixel_sdk/lib:/usr/lib/x86_64-linux-gnu/gazebo-11/plugins:/opt/ros/humble/opt/rviz_ogre_vendor/lib:/opt/ros/humble/lib/x86_64-linux-gnu:/opt/ros/humble/lib'), ('HOME', '/home/vscode'), ('OLDPWD', '/workspaces/UON-CS-robotlab-simulation-container'), ('CODESPACES', 'true'), ('ROS_PYTHON_VERSION', '3'), ('GITHUB_USER', 'mohammad-areeb'), ('GITHUB_GRAPHQL_URL', 'https://api.github.com/graphql'), ('COLCON_PREFIX_PATH', '/workspaces/UON-CS-robotlab-simulation-container/install'), ('ROS_DISTRO', 'humble'), ('ContainerVersion', '13'), ('GITHUB_API_URL', 'https://api.github.com'), ('RepositoryName', 'UON-CS-robotlab-simulation-container'), ('_', '/usr/bin/colcon'), ('ROS_VERSION', '2'), ('CLOUDENV_ENVIRONMENT_ID', '344bab99-1d47-4655-88f7-fee790854045'), ('TERM', 'xterm'), ('ROS_LOCALHOST_ONLY', '0'), ('PATH', '/opt/ros/humble/bin:/usr/local/sbin:/usr/local/bin:/usr/sbin:/usr/bin:/sbin:/bin'), ('SHELL_LOGGED_IN', 'true'), ('DISPLAY', ':1'), ('LANG', 'C.UTF-8'), ('LS_COLORS', ''), ('GITHUB_REPOSITORY', 'mohammad-areeb/UON-CS-robotlab-simulation-container'), ('ROS_DOMAIN_ID', '30'), ('AMENT_PREFIX_PATH', '/workspaces/UON-CS-robotlab-simulation-container/install/turtlebot3:/workspaces/UON-CS-robotlab-simulation-container/install/turtlebot3_teleop:/workspaces/UON-CS-robotlab-simulation-container/install/turtlebot3_simulations:/workspaces/UON-CS-robotlab-simulation-container/install/turtlebot3_bringup:/workspaces/UON-CS-robotlab-simulation-container/install/turtlebot3_node:/workspaces/UON-CS-robotlab-simulation-container/install/turtlebot3_navigation2:/workspaces/UON-CS-robotlab-simulation-container/install/turtlebot3_fake_node:/workspaces/UON-CS-robotlab-simulation-container/install/turtlebot3_example:/workspaces/UON-CS-robotlab-simulation-container/install/turtlebot3_msgs:/workspaces/UON-CS-robotlab-simulation-container/install/turtlebot3_manipulation_gazebo:/workspaces/UON-CS-robotlab-simulation-container/install/turtlebot3_gazebo:/workspaces/UON-CS-robotlab-simulation-container/install/turtlebot3_description:/workspaces/UON-CS-robotlab-simulation-container/install/turtlebot3_cartographer:/workspaces/UON-CS-robotlab-simulation-container/install/dynamixel_sdk_examples:/workspaces/UON-CS-robotlab-simulation-container/install/dynamixel_sdk_custom_interfaces:/workspaces/UON-CS-robotlab-simulation-container/install/dynamixel_sdk:/opt/ros/humble'), ('DEBIAN_FRONTEND', 'noninteractive'), ('SHELL', '/bin/bash'), ('PWD', '/workspaces/UON-CS-robotlab-simulation-container/build/turtlebot3_msgs'), ('INTERNAL_VSCS_TARGET_URL', 'https://uksouth.online.visualstudio.com'), ('TURTLEBOT3_MODEL', 'waffle'), ('LC_ALL', 'C.UTF-8'), ('GITHUB_SERVER_URL', 'https://github.com'), ('PYTHONPATH', '/workspaces/UON-CS-robotlab-simulation-container/build/turtlebot3_teleop:/workspaces/UON-CS-robotlab-simulation-container/install/turtlebot3_teleop/lib/python3.10/site-packages:/workspaces/UON-CS-robotlab-simulation-container/build/turtlebot3_example:/workspaces/UON-CS-robotlab-simulation-container/install/turtlebot3_example/lib/python3.10/site-packages:/workspaces/UON-CS-robotlab-simulation-container/install/turtlebot3_msgs/local/lib/python3.10/dist-packages:/workspaces/UON-CS-robotlab-simulation-container/install/dynamixel_sdk_custom_interfaces/local/lib/python3.10/dist-packages:/workspaces/UON-CS-robotlab-simulation-container/install/dynamixel_sdk/local/lib/python3.10/dist-packages:/opt/ros/humble/lib/python3.10/site-packages:/opt/ros/humble/local/lib/python3.10/dist-packages'), ('CODESPACE_NAME', 'urban-space-garbanzo-j7wwvprrjjp25j95'), ('COLCON', '1'), ('CMAKE_PREFIX_PATH', '/workspaces/UON-CS-robotlab-simulation-container/install/turtlebot3:/workspaces/UON-CS-robotlab-simulation-container/install/turtlebot3_simulations:/workspaces/UON-CS-robotlab-simulation-container/install/turtlebot3_bringup:/workspaces/UON-CS-robotlab-simulation-container/install/turtlebot3_node:/workspaces/UON-CS-robotlab-simulation-container/install/turtlebot3_navigation2:/workspaces/UON-CS-robotlab-simulation-container/install/turtlebot3_fake_node:/workspaces/UON-CS-robotlab-simulation-container/install/turtlebot3_msgs:/workspaces/UON-CS-robotlab-simulation-container/install/turtlebot3_manipulation_gazebo:/workspaces/UON-CS-robotlab-simulation-container/install/turtlebot3_gazebo:/workspaces/UON-CS-robotlab-simulation-container/install/turtlebot3_description:/workspaces/UON-CS-robotlab-simulation-container/install/turtlebot3_cartographer:/workspaces/UON-CS-robotlab-simulation-container/install/dynamixel_sdk_examples:/workspaces/UON-CS-robotlab-simulation-container/install/dynamixel_sdk_custom_interfaces:/workspaces/UON-CS-robotlab-simulation-container/install/dynamixel_sdk:/workspaces/UON-CS-robotlab-simulation-container/install/turtlebot3_teleop:/workspaces/UON-CS-robotlab-simulation-container/install/turtlebot3_example:/opt/ros/humble')]), 'shell': False}
[0.149368] (dynamixel_sdk) JobProgress: {'identifier': 'dynamixel_sdk', 'progress': 'cmake'}
[0.190482] (dynamixel_sdk) JobProgress: {'identifier': 'dynamixel_sdk', 'progress': 'build'}
[0.190829] (dynamixel_sdk) Command: {'cmd': ['/usr/bin/cmake', '--build', '/workspaces/UON-CS-robotlab-simulation-container/build/dynamixel_sdk', '--', '-j2', '-l2'], 'cwd': '/workspaces/UON-CS-robotlab-simulation-container/build/dynamixel_sdk', 'env': OrderedDict([('GITHUB_TOKEN', 'ghu_B4O6CZhcVLRE0OX7B0pYH9Kn8C5gJq2RIGly'), ('GITHUB_CODESPACE_TOKEN', 'AOKRK4WKUJC5CQRMWNS6OXDKNJSNPANCNFSM4AXFRYHA'), ('FEATURE_SPARK_POST_COMMIT_CREATE_ITERATION', 'true'), ('HOSTNAME', 'codespaces-b7707e'), ('GITHUB_CODESPACES_PORT_FORWARDING_DOMAIN', 'app.github.dev'), ('SHLVL', '2'), ('LD_LIBRARY_PATH', '/workspaces/UON-CS-robotlab-simulation-container/install/turtlebot3_msgs/lib:/workspaces/UON-CS-robotlab-simulation-container/install/dynamixel_sdk_custom_interfaces/lib:/workspaces/UON-CS-robotlab-simulation-container/install/dynamixel_sdk/lib:/usr/lib/x86_64-linux-gnu/gazebo-11/plugins:/opt/ros/humble/opt/rviz_ogre_vendor/lib:/opt/ros/humble/lib/x86_64-linux-gnu:/opt/ros/humble/lib'), ('HOME', '/home/vscode'), ('OLDPWD', '/workspaces/UON-CS-robotlab-simulation-container'), ('CODESPACES', 'true'), ('ROS_PYTHON_VERSION', '3'), ('GITHUB_USER', 'mohammad-areeb'), ('GITHUB_GRAPHQL_URL', 'https://api.github.com/graphql'), ('COLCON_PREFIX_PATH', '/workspaces/UON-CS-robotlab-simulation-container/install'), ('ROS_DISTRO', 'humble'), ('ContainerVersion', '13'), ('GITHUB_API_URL', 'https://api.github.com'), ('RepositoryName', 'UON-CS-robotlab-simulation-container'), ('_', '/usr/bin/colcon'), ('ROS_VERSION', '2'), ('CLOUDENV_ENVIRONMENT_ID', '344bab99-1d47-4655-88f7-fee790854045'), ('TERM', 'xterm'), ('ROS_LOCALHOST_ONLY', '0'), ('PATH', '/opt/ros/humble/bin:/usr/local/sbin:/usr/local/bin:/usr/sbin:/usr/bin:/sbin:/bin'), ('SHELL_LOGGED_IN', 'true'), ('DISPLAY', ':1'), ('LANG', 'C.UTF-8'), ('LS_COLORS', ''), ('GITHUB_REPOSITORY', 'mohammad-areeb/UON-CS-robotlab-simulation-container'), ('ROS_DOMAIN_ID', '30'), ('AMENT_PREFIX_PATH', '/workspaces/UON-CS-robotlab-simulation-container/install/turtlebot3:/workspaces/UON-CS-robotlab-simulation-container/install/turtlebot3_teleop:/workspaces/UON-CS-robotlab-simulation-container/install/turtlebot3_simulations:/workspaces/UON-CS-robotlab-simulation-container/install/turtlebot3_bringup:/workspaces/UON-CS-robotlab-simulation-container/install/turtlebot3_node:/workspaces/UON-CS-robotlab-simulation-container/install/turtlebot3_navigation2:/workspaces/UON-CS-robotlab-simulation-container/install/turtlebot3_fake_node:/workspaces/UON-CS-robotlab-simulation-container/install/turtlebot3_example:/workspaces/UON-CS-robotlab-simulation-container/install/turtlebot3_msgs:/workspaces/UON-CS-robotlab-simulation-container/install/turtlebot3_manipulation_gazebo:/workspaces/UON-CS-robotlab-simulation-container/install/turtlebot3_gazebo:/workspaces/UON-CS-robotlab-simulation-container/install/turtlebot3_description:/workspaces/UON-CS-robotlab-simulation-container/install/turtlebot3_cartographer:/workspaces/UON-CS-robotlab-simulation-container/install/dynamixel_sdk_examples:/workspaces/UON-CS-robotlab-simulation-container/install/dynamixel_sdk_custom_interfaces:/workspaces/UON-CS-robotlab-simulation-container/install/dynamixel_sdk:/opt/ros/humble'), ('DEBIAN_FRONTEND', 'noninteractive'), ('SHELL', '/bin/bash'), ('PWD', '/workspaces/UON-CS-robotlab-simulation-container/build/dynamixel_sdk'), ('INTERNAL_VSCS_TARGET_URL', 'https://uksouth.online.visualstudio.com'), ('TURTLEBOT3_MODEL', 'waffle'), ('LC_ALL', 'C.UTF-8'), ('GITHUB_SERVER_URL', 'https://github.com'), ('PYTHONPATH', '/workspaces/UON-CS-robotlab-simulation-container/build/turtlebot3_teleop:/workspaces/UON-CS-robotlab-simulation-container/install/turtlebot3_teleop/lib/python3.10/site-packages:/workspaces/UON-CS-robotlab-simulation-container/build/turtlebot3_example:/workspaces/UON-CS-robotlab-simulation-container/install/turtlebot3_example/lib/python3.10/site-packages:/workspaces/UON-CS-robotlab-simulation-container/install/turtlebot3_msgs/local/lib/python3.10/dist-packages:/workspaces/UON-CS-robotlab-simulation-container/install/dynamixel_sdk_custom_interfaces/local/lib/python3.10/dist-packages:/workspaces/UON-CS-robotlab-simulation-container/install/dynamixel_sdk/local/lib/python3.10/dist-packages:/opt/ros/humble/lib/python3.10/site-packages:/opt/ros/humble/local/lib/python3.10/dist-packages'), ('CODESPACE_NAME', 'urban-space-garbanzo-j7wwvprrjjp25j95'), ('COLCON', '1'), ('CMAKE_PREFIX_PATH', '/workspaces/UON-CS-robotlab-simulation-container/install/turtlebot3:/workspaces/UON-CS-robotlab-simulation-container/install/turtlebot3_simulations:/workspaces/UON-CS-robotlab-simulation-container/install/turtlebot3_bringup:/workspaces/UON-CS-robotlab-simulation-container/install/turtlebot3_node:/workspaces/UON-CS-robotlab-simulation-container/install/turtlebot3_navigation2:/workspaces/UON-CS-robotlab-simulation-container/install/turtlebot3_fake_node:/workspaces/UON-CS-robotlab-simulation-container/install/turtlebot3_msgs:/workspaces/UON-CS-robotlab-simulation-container/install/turtlebot3_manipulation_gazebo:/workspaces/UON-CS-robotlab-simulation-container/install/turtlebot3_gazebo:/workspaces/UON-CS-robotlab-simulation-container/install/turtlebot3_description:/workspaces/UON-CS-robotlab-simulation-container/install/turtlebot3_cartographer:/workspaces/UON-CS-robotlab-simulation-container/install/dynamixel_sdk_examples:/workspaces/UON-CS-robotlab-simulation-container/install/dynamixel_sdk_custom_interfaces:/workspaces/UON-CS-robotlab-simulation-container/install/dynamixel_sdk:/workspaces/UON-CS-robotlab-simulation-container/install/turtlebot3_teleop:/workspaces/UON-CS-robotlab-simulation-container/install/turtlebot3_example:/opt/ros/humble')]), 'shell': False}
[0.201119] (-) TimerEvent: {}
[0.302380] (-) TimerEvent: {}
[0.403550] (-) TimerEvent: {}
[0.503987] (-) TimerEvent: {}
[0.606088] (-) TimerEvent: {}
[0.708676] (-) TimerEvent: {}
[0.809335] (-) TimerEvent: {}
[0.911912] (-) TimerEvent: {}
[1.014380] (-) TimerEvent: {}
[1.115973] (-) TimerEvent: {}
[1.219947] (-) TimerEvent: {}
[1.286314] (turtlebot3_msgs) StdoutLine: {'line': b'[  1%] Built target turtlebot3_msgs__rs\n'}
[1.323449] (-) TimerEvent: {}
[1.404452] (dynamixel_sdk) StdoutLine: {'line': b'[100%] Built target dynamixel_sdk\n'}
[1.423742] (-) TimerEvent: {}
[1.521908] (dynamixel_sdk) StdoutLine: {'line': b'[100%] Built target ament_cmake_python_symlink_dynamixel_sdk\n'}
[1.523837] (-) TimerEvent: {}
[1.568646] (turtlebot3_msgs) StdoutLine: {'line': b'[ 12%] Built target turtlebot3_msgs__rosidl_generator_c\n'}
[1.623947] (-) TimerEvent: {}
[1.686848] (turtlebot3_msgs) StdoutLine: {'line': b'[ 13%] Built target turtlebot3_msgs__cpp\n'}
[1.725650] (-) TimerEvent: {}
[1.830003] (-) TimerEvent: {}
[1.849166] (turtlebot3_msgs) StdoutLine: {'line': b'[ 13%] Built target ament_cmake_python_symlink_turtlebot3_msgs\n'}
[1.930424] (-) TimerEvent: {}
[2.030790] (-) TimerEvent: {}
[2.041068] (turtlebot3_msgs) StdoutLine: {'line': b'[ 25%] Built target turtlebot3_msgs__rosidl_typesupport_fastrtps_c\n'}
[2.130900] (-) TimerEvent: {}
[2.234664] (-) TimerEvent: {}
[2.238665] (turtlebot3_msgs) StdoutLine: {'line': b'[ 36%] Built target turtlebot3_msgs__rosidl_typesupport_fastrtps_cpp\n'}
[2.302645] (dynamixel_sdk) StdoutLine: {'line': b'running egg_info\n'}
[2.302891] (dynamixel_sdk) StdoutLine: {'line': b'writing dynamixel_sdk.egg-info/PKG-INFO\n'}
[2.304041] (dynamixel_sdk) StdoutLine: {'line': b'writing dependency_links to dynamixel_sdk.egg-info/dependency_links.txt\n'}
[2.307848] (dynamixel_sdk) StdoutLine: {'line': b'writing top-level names to dynamixel_sdk.egg-info/top_level.txt\n'}
[2.337652] (-) TimerEvent: {}
[2.338315] (dynamixel_sdk) StdoutLine: {'line': b"reading manifest file 'dynamixel_sdk.egg-info/SOURCES.txt'\n"}
[2.345399] (dynamixel_sdk) StdoutLine: {'line': b"writing manifest file 'dynamixel_sdk.egg-info/SOURCES.txt'\n"}
[2.403665] (turtlebot3_msgs) StdoutLine: {'line': b'[ 47%] Built target turtlebot3_msgs__rosidl_typesupport_introspection_c\n'}
[2.441728] (-) TimerEvent: {}
[2.529945] (dynamixel_sdk) StdoutLine: {'line': b'[100%] Built target ament_cmake_python_build_dynamixel_sdk_egg\n'}
[2.544079] (turtlebot3_msgs) StdoutLine: {'line': b'[ 58%] Built target turtlebot3_msgs__rosidl_typesupport_c\n'}
[2.544689] (-) TimerEvent: {}
[2.589502] (dynamixel_sdk) CommandEnded: {'returncode': 0}
[2.596681] (dynamixel_sdk) JobProgress: {'identifier': 'dynamixel_sdk', 'progress': 'install'}
[2.622181] (dynamixel_sdk) Command: {'cmd': ['/usr/bin/cmake', '--install', '/workspaces/UON-CS-robotlab-simulation-container/build/dynamixel_sdk'], 'cwd': '/workspaces/UON-CS-robotlab-simulation-container/build/dynamixel_sdk', 'env': OrderedDict([('GITHUB_TOKEN', 'ghu_B4O6CZhcVLRE0OX7B0pYH9Kn8C5gJq2RIGly'), ('GITHUB_CODESPACE_TOKEN', 'AOKRK4WKUJC5CQRMWNS6OXDKNJSNPANCNFSM4AXFRYHA'), ('FEATURE_SPARK_POST_COMMIT_CREATE_ITERATION', 'true'), ('HOSTNAME', 'codespaces-b7707e'), ('GITHUB_CODESPACES_PORT_FORWARDING_DOMAIN', 'app.github.dev'), ('SHLVL', '2'), ('LD_LIBRARY_PATH', '/workspaces/UON-CS-robotlab-simulation-container/install/turtlebot3_msgs/lib:/workspaces/UON-CS-robotlab-simulation-container/install/dynamixel_sdk_custom_interfaces/lib:/workspaces/UON-CS-robotlab-simulation-container/install/dynamixel_sdk/lib:/usr/lib/x86_64-linux-gnu/gazebo-11/plugins:/opt/ros/humble/opt/rviz_ogre_vendor/lib:/opt/ros/humble/lib/x86_64-linux-gnu:/opt/ros/humble/lib'), ('HOME', '/home/vscode'), ('OLDPWD', '/workspaces/UON-CS-robotlab-simulation-container'), ('CODESPACES', 'true'), ('ROS_PYTHON_VERSION', '3'), ('GITHUB_USER', 'mohammad-areeb'), ('GITHUB_GRAPHQL_URL', 'https://api.github.com/graphql'), ('COLCON_PREFIX_PATH', '/workspaces/UON-CS-robotlab-simulation-container/install'), ('ROS_DISTRO', 'humble'), ('ContainerVersion', '13'), ('GITHUB_API_URL', 'https://api.github.com'), ('RepositoryName', 'UON-CS-robotlab-simulation-container'), ('_', '/usr/bin/colcon'), ('ROS_VERSION', '2'), ('CLOUDENV_ENVIRONMENT_ID', '344bab99-1d47-4655-88f7-fee790854045'), ('TERM', 'xterm'), ('ROS_LOCALHOST_ONLY', '0'), ('PATH', '/opt/ros/humble/bin:/usr/local/sbin:/usr/local/bin:/usr/sbin:/usr/bin:/sbin:/bin'), ('SHELL_LOGGED_IN', 'true'), ('DISPLAY', ':1'), ('LANG', 'C.UTF-8'), ('LS_COLORS', ''), ('GITHUB_REPOSITORY', 'mohammad-areeb/UON-CS-robotlab-simulation-container'), ('ROS_DOMAIN_ID', '30'), ('AMENT_PREFIX_PATH', '/workspaces/UON-CS-robotlab-simulation-container/install/turtlebot3:/workspaces/UON-CS-robotlab-simulation-container/install/turtlebot3_teleop:/workspaces/UON-CS-robotlab-simulation-container/install/turtlebot3_simulations:/workspaces/UON-CS-robotlab-simulation-container/install/turtlebot3_bringup:/workspaces/UON-CS-robotlab-simulation-container/install/turtlebot3_node:/workspaces/UON-CS-robotlab-simulation-container/install/turtlebot3_navigation2:/workspaces/UON-CS-robotlab-simulation-container/install/turtlebot3_fake_node:/workspaces/UON-CS-robotlab-simulation-container/install/turtlebot3_example:/workspaces/UON-CS-robotlab-simulation-container/install/turtlebot3_msgs:/workspaces/UON-CS-robotlab-simulation-container/install/turtlebot3_manipulation_gazebo:/workspaces/UON-CS-robotlab-simulation-container/install/turtlebot3_gazebo:/workspaces/UON-CS-robotlab-simulation-container/install/turtlebot3_description:/workspaces/UON-CS-robotlab-simulation-container/install/turtlebot3_cartographer:/workspaces/UON-CS-robotlab-simulation-container/install/dynamixel_sdk_examples:/workspaces/UON-CS-robotlab-simulation-container/install/dynamixel_sdk_custom_interfaces:/workspaces/UON-CS-robotlab-simulation-container/install/dynamixel_sdk:/opt/ros/humble'), ('DEBIAN_FRONTEND', 'noninteractive'), ('SHELL', '/bin/bash'), ('PWD', '/workspaces/UON-CS-robotlab-simulation-container/build/dynamixel_sdk'), ('INTERNAL_VSCS_TARGET_URL', 'https://uksouth.online.visualstudio.com'), ('TURTLEBOT3_MODEL', 'waffle'), ('LC_ALL', 'C.UTF-8'), ('GITHUB_SERVER_URL', 'https://github.com'), ('PYTHONPATH', '/workspaces/UON-CS-robotlab-simulation-container/build/turtlebot3_teleop:/workspaces/UON-CS-robotlab-simulation-container/install/turtlebot3_teleop/lib/python3.10/site-packages:/workspaces/UON-CS-robotlab-simulation-container/build/turtlebot3_example:/workspaces/UON-CS-robotlab-simulation-container/install/turtlebot3_example/lib/python3.10/site-packages:/workspaces/UON-CS-robotlab-simulation-container/install/turtlebot3_msgs/local/lib/python3.10/dist-packages:/workspaces/UON-CS-robotlab-simulation-container/install/dynamixel_sdk_custom_interfaces/local/lib/python3.10/dist-packages:/workspaces/UON-CS-robotlab-simulation-container/install/dynamixel_sdk/local/lib/python3.10/dist-packages:/opt/ros/humble/lib/python3.10/site-packages:/opt/ros/humble/local/lib/python3.10/dist-packages'), ('CODESPACE_NAME', 'urban-space-garbanzo-j7wwvprrjjp25j95'), ('COLCON', '1'), ('CMAKE_PREFIX_PATH', '/workspaces/UON-CS-robotlab-simulation-container/install/turtlebot3:/workspaces/UON-CS-robotlab-simulation-container/install/turtlebot3_simulations:/workspaces/UON-CS-robotlab-simulation-container/install/turtlebot3_bringup:/workspaces/UON-CS-robotlab-simulation-container/install/turtlebot3_node:/workspaces/UON-CS-robotlab-simulation-container/install/turtlebot3_navigation2:/workspaces/UON-CS-robotlab-simulation-container/install/turtlebot3_fake_node:/workspaces/UON-CS-robotlab-simulation-container/install/turtlebot3_msgs:/workspaces/UON-CS-robotlab-simulation-container/install/turtlebot3_manipulation_gazebo:/workspaces/UON-CS-robotlab-simulation-container/install/turtlebot3_gazebo:/workspaces/UON-CS-robotlab-simulation-container/install/turtlebot3_description:/workspaces/UON-CS-robotlab-simulation-container/install/turtlebot3_cartographer:/workspaces/UON-CS-robotlab-simulation-container/install/dynamixel_sdk_examples:/workspaces/UON-CS-robotlab-simulation-container/install/dynamixel_sdk_custom_interfaces:/workspaces/UON-CS-robotlab-simulation-container/install/dynamixel_sdk:/workspaces/UON-CS-robotlab-simulation-container/install/turtlebot3_teleop:/workspaces/UON-CS-robotlab-simulation-container/install/turtlebot3_example:/opt/ros/humble')]), 'shell': False}
[2.645184] (-) TimerEvent: {}
[2.652724] (dynamixel_sdk) StdoutLine: {'line': b'-- Install configuration: ""\n'}
[2.659314] (dynamixel_sdk) StdoutLine: {'line': b'-- Execute custom install script\n'}
[2.668391] (turtlebot3_msgs) StdoutLine: {'line': b'[ 70%] Built target turtlebot3_msgs__rosidl_typesupport_introspection_cpp\n'}
[2.668714] (dynamixel_sdk) StdoutLine: {'line': b'-- Up-to-date symlink: /workspaces/UON-CS-robotlab-simulation-container/install/dynamixel_sdk/include//dynamixel_sdk/dynamixel_sdk.h\n'}
[2.673428] (dynamixel_sdk) StdoutLine: {'line': b'-- Up-to-date symlink: /workspaces/UON-CS-robotlab-simulation-container/install/dynamixel_sdk/include//dynamixel_sdk/group_bulk_read.h\n'}
[2.683298] (dynamixel_sdk) StdoutLine: {'line': b'-- Up-to-date symlink: /workspaces/UON-CS-robotlab-simulation-container/install/dynamixel_sdk/include//dynamixel_sdk/group_bulk_write.h\n'}
[2.689153] (dynamixel_sdk) StdoutLine: {'line': b'-- Up-to-date symlink: /workspaces/UON-CS-robotlab-simulation-container/install/dynamixel_sdk/include//dynamixel_sdk/group_fast_bulk_read.h\n'}
[2.689439] (dynamixel_sdk) StdoutLine: {'line': b'-- Up-to-date symlink: /workspaces/UON-CS-robotlab-simulation-container/install/dynamixel_sdk/include//dynamixel_sdk/group_fast_sync_read.h\n'}
[2.732130] (dynamixel_sdk) StdoutLine: {'line': b'-- Up-to-date symlink: /workspaces/UON-CS-robotlab-simulation-container/install/dynamixel_sdk/include//dynamixel_sdk/group_handler.h\n'}
[2.736336] (dynamixel_sdk) StdoutLine: {'line': b'-- Up-to-date symlink: /workspaces/UON-CS-robotlab-simulation-container/install/dynamixel_sdk/include//dynamixel_sdk/group_sync_read.h\n'}
[2.741239] (dynamixel_sdk) StdoutLine: {'line': b'-- Up-to-date symlink: /workspaces/UON-CS-robotlab-simulation-container/install/dynamixel_sdk/include//dynamixel_sdk/group_sync_write.h\n'}
[2.745782] (-) TimerEvent: {}
[2.750967] (dynamixel_sdk) StdoutLine: {'line': b'-- Up-to-date symlink: /workspaces/UON-CS-robotlab-simulation-container/install/dynamixel_sdk/include//dynamixel_sdk/packet_handler.h\n'}
[2.754147] (dynamixel_sdk) StdoutLine: {'line': b'-- Up-to-date symlink: /workspaces/UON-CS-robotlab-simulation-container/install/dynamixel_sdk/include//dynamixel_sdk/port_handler.h\n'}
[2.764779] (dynamixel_sdk) StdoutLine: {'line': b'-- Up-to-date symlink: /workspaces/UON-CS-robotlab-simulation-container/install/dynamixel_sdk/include//dynamixel_sdk/port_handler_arduino.h\n'}
[2.765000] (dynamixel_sdk) StdoutLine: {'line': b'-- Up-to-date symlink: /workspaces/UON-CS-robotlab-simulation-container/install/dynamixel_sdk/include//dynamixel_sdk/port_handler_linux.h\n'}
[2.770954] (dynamixel_sdk) StdoutLine: {'line': b'-- Up-to-date symlink: /workspaces/UON-CS-robotlab-simulation-container/install/dynamixel_sdk/include//dynamixel_sdk/port_handler_mac.h\n'}
[2.772421] (dynamixel_sdk) StdoutLine: {'line': b'-- Up-to-date symlink: /workspaces/UON-CS-robotlab-simulation-container/install/dynamixel_sdk/include//dynamixel_sdk/port_handler_windows.h\n'}
[2.774074] (dynamixel_sdk) StdoutLine: {'line': b'-- Up-to-date symlink: /workspaces/UON-CS-robotlab-simulation-container/install/dynamixel_sdk/include//dynamixel_sdk/protocol1_packet_handler.h\n'}
[2.775932] (dynamixel_sdk) StdoutLine: {'line': b'-- Up-to-date symlink: /workspaces/UON-CS-robotlab-simulation-container/install/dynamixel_sdk/include//dynamixel_sdk/protocol2_packet_handler.h\n'}
[2.779769] (dynamixel_sdk) StdoutLine: {'line': b'-- Up-to-date symlink: /workspaces/UON-CS-robotlab-simulation-container/install/dynamixel_sdk/share/dynamixel_sdk/environment/pythonpath.sh\n'}
[2.780129] (dynamixel_sdk) StdoutLine: {'line': b'-- Up-to-date symlink: /workspaces/UON-CS-robotlab-simulation-container/install/dynamixel_sdk/share/dynamixel_sdk/environment/pythonpath.dsv\n'}
[2.780775] (dynamixel_sdk) StdoutLine: {'line': b'-- Up-to-date symlink: /workspaces/UON-CS-robotlab-simulation-container/install/dynamixel_sdk/local/lib/python3.10/dist-packages/dynamixel_sdk-3.8.4-py3.10.egg-info/PKG-INFO\n'}
[2.785551] (dynamixel_sdk) StdoutLine: {'line': b'-- Up-to-date symlink: /workspaces/UON-CS-robotlab-simulation-container/install/dynamixel_sdk/local/lib/python3.10/dist-packages/dynamixel_sdk-3.8.4-py3.10.egg-info/SOURCES.txt\n'}
[2.785981] (dynamixel_sdk) StdoutLine: {'line': b'-- Up-to-date symlink: /workspaces/UON-CS-robotlab-simulation-container/install/dynamixel_sdk/local/lib/python3.10/dist-packages/dynamixel_sdk-3.8.4-py3.10.egg-info/dependency_links.txt\n'}
[2.796955] (dynamixel_sdk) StdoutLine: {'line': b'-- Up-to-date symlink: /workspaces/UON-CS-robotlab-simulation-container/install/dynamixel_sdk/local/lib/python3.10/dist-packages/dynamixel_sdk-3.8.4-py3.10.egg-info/top_level.txt\n'}
[2.805973] (dynamixel_sdk) StdoutLine: {'line': b'-- Up-to-date symlink: /workspaces/UON-CS-robotlab-simulation-container/install/dynamixel_sdk/local/lib/python3.10/dist-packages/dynamixel_sdk/__init__.py\n'}
[2.810998] (dynamixel_sdk) StdoutLine: {'line': b'-- Up-to-date symlink: /workspaces/UON-CS-robotlab-simulation-container/install/dynamixel_sdk/local/lib/python3.10/dist-packages/dynamixel_sdk/group_bulk_read.cpp\n'}
[2.811703] (dynamixel_sdk) StdoutLine: {'line': b'-- Up-to-date symlink: /workspaces/UON-CS-robotlab-simulation-container/install/dynamixel_sdk/local/lib/python3.10/dist-packages/dynamixel_sdk/group_bulk_read.py\n'}
[2.813678] (dynamixel_sdk) StdoutLine: {'line': b'-- Up-to-date symlink: /workspaces/UON-CS-robotlab-simulation-container/install/dynamixel_sdk/local/lib/python3.10/dist-packages/dynamixel_sdk/group_bulk_write.cpp\n'}
[2.818376] (dynamixel_sdk) StdoutLine: {'line': b'-- Up-to-date symlink: /workspaces/UON-CS-robotlab-simulation-container/install/dynamixel_sdk/local/lib/python3.10/dist-packages/dynamixel_sdk/group_bulk_write.py\n'}
[2.824298] (dynamixel_sdk) StdoutLine: {'line': b'-- Up-to-date symlink: /workspaces/UON-CS-robotlab-simulation-container/install/dynamixel_sdk/local/lib/python3.10/dist-packages/dynamixel_sdk/group_fast_bulk_read.cpp\n'}
[2.826031] (dynamixel_sdk) StdoutLine: {'line': b'-- Up-to-date symlink: /workspaces/UON-CS-robotlab-simulation-container/install/dynamixel_sdk/local/lib/python3.10/dist-packages/dynamixel_sdk/group_fast_sync_read.cpp\n'}
[2.830291] (dynamixel_sdk) StdoutLine: {'line': b'-- Up-to-date symlink: /workspaces/UON-CS-robotlab-simulation-container/install/dynamixel_sdk/local/lib/python3.10/dist-packages/dynamixel_sdk/group_handler.cpp\n'}
[2.836017] (dynamixel_sdk) StdoutLine: {'line': b'-- Up-to-date symlink: /workspaces/UON-CS-robotlab-simulation-container/install/dynamixel_sdk/local/lib/python3.10/dist-packages/dynamixel_sdk/group_sync_read.cpp\n'}
[2.841670] (dynamixel_sdk) StdoutLine: {'line': b'-- Up-to-date symlink: /workspaces/UON-CS-robotlab-simulation-container/install/dynamixel_sdk/local/lib/python3.10/dist-packages/dynamixel_sdk/group_sync_read.py\n'}
[2.846903] (-) TimerEvent: {}
[2.847242] (dynamixel_sdk) StdoutLine: {'line': b'-- Up-to-date symlink: /workspaces/UON-CS-robotlab-simulation-container/install/dynamixel_sdk/local/lib/python3.10/dist-packages/dynamixel_sdk/group_sync_write.cpp\n'}
[2.851659] (dynamixel_sdk) StdoutLine: {'line': b'-- Up-to-date symlink: /workspaces/UON-CS-robotlab-simulation-container/install/dynamixel_sdk/local/lib/python3.10/dist-packages/dynamixel_sdk/group_sync_write.py\n'}
[2.856136] (dynamixel_sdk) StdoutLine: {'line': b'-- Up-to-date symlink: /workspaces/UON-CS-robotlab-simulation-container/install/dynamixel_sdk/local/lib/python3.10/dist-packages/dynamixel_sdk/packet_handler.cpp\n'}
[2.856349] (dynamixel_sdk) StdoutLine: {'line': b'-- Up-to-date symlink: /workspaces/UON-CS-robotlab-simulation-container/install/dynamixel_sdk/local/lib/python3.10/dist-packages/dynamixel_sdk/packet_handler.py\n'}
[2.858873] (turtlebot3_msgs) StdoutLine: {'line': b'[ 81%] Built target turtlebot3_msgs__rosidl_typesupport_cpp\n'}
[2.869547] (dynamixel_sdk) StdoutLine: {'line': b'-- Up-to-date symlink: /workspaces/UON-CS-robotlab-simulation-container/install/dynamixel_sdk/local/lib/python3.10/dist-packages/dynamixel_sdk/port_handler.cpp\n'}
[2.873708] (dynamixel_sdk) StdoutLine: {'line': b'-- Up-to-date symlink: /workspaces/UON-CS-robotlab-simulation-container/install/dynamixel_sdk/local/lib/python3.10/dist-packages/dynamixel_sdk/port_handler.py\n'}
[2.873903] (dynamixel_sdk) StdoutLine: {'line': b'-- Up-to-date symlink: /workspaces/UON-CS-robotlab-simulation-container/install/dynamixel_sdk/local/lib/python3.10/dist-packages/dynamixel_sdk/port_handler_arduino.cpp\n'}
[2.876188] (dynamixel_sdk) StdoutLine: {'line': b'-- Up-to-date symlink: /workspaces/UON-CS-robotlab-simulation-container/install/dynamixel_sdk/local/lib/python3.10/dist-packages/dynamixel_sdk/port_handler_linux.cpp\n'}
[2.880653] (dynamixel_sdk) StdoutLine: {'line': b'-- Up-to-date symlink: /workspaces/UON-CS-robotlab-simulation-container/install/dynamixel_sdk/local/lib/python3.10/dist-packages/dynamixel_sdk/port_handler_mac.cpp\n'}
[2.886901] (dynamixel_sdk) StdoutLine: {'line': b'-- Up-to-date symlink: /workspaces/UON-CS-robotlab-simulation-container/install/dynamixel_sdk/local/lib/python3.10/dist-packages/dynamixel_sdk/port_handler_windows.cpp\n'}
[2.888721] (dynamixel_sdk) StdoutLine: {'line': b'-- Up-to-date symlink: /workspaces/UON-CS-robotlab-simulation-container/install/dynamixel_sdk/local/lib/python3.10/dist-packages/dynamixel_sdk/protocol1_packet_handler.cpp\n'}
[2.893040] (dynamixel_sdk) StdoutLine: {'line': b'-- Up-to-date symlink: /workspaces/UON-CS-robotlab-simulation-container/install/dynamixel_sdk/local/lib/python3.10/dist-packages/dynamixel_sdk/protocol1_packet_handler.py\n'}
[2.895900] (dynamixel_sdk) StdoutLine: {'line': b'-- Up-to-date symlink: /workspaces/UON-CS-robotlab-simulation-container/install/dynamixel_sdk/local/lib/python3.10/dist-packages/dynamixel_sdk/protocol2_packet_handler.cpp\n'}
[2.897610] (dynamixel_sdk) StdoutLine: {'line': b'-- Up-to-date symlink: /workspaces/UON-CS-robotlab-simulation-container/install/dynamixel_sdk/local/lib/python3.10/dist-packages/dynamixel_sdk/protocol2_packet_handler.py\n'}
[2.901801] (dynamixel_sdk) StdoutLine: {'line': b'-- Up-to-date symlink: /workspaces/UON-CS-robotlab-simulation-container/install/dynamixel_sdk/local/lib/python3.10/dist-packages/dynamixel_sdk/robotis_def.py\n'}
[2.903147] (dynamixel_sdk) StdoutLine: {'line': b'-- Up-to-date symlink: /workspaces/UON-CS-robotlab-simulation-container/install/dynamixel_sdk/share/dynamixel_sdk/environment/library_path.sh\n'}
[2.904061] (dynamixel_sdk) StdoutLine: {'line': b'-- Up-to-date symlink: /workspaces/UON-CS-robotlab-simulation-container/install/dynamixel_sdk/share/dynamixel_sdk/environment/library_path.dsv\n'}
[2.906793] (dynamixel_sdk) StdoutLine: {'line': b'-- Up-to-date symlink: /workspaces/UON-CS-robotlab-simulation-container/install/dynamixel_sdk/share/ament_index/resource_index/package_run_dependencies/dynamixel_sdk\n'}
[2.909656] (dynamixel_sdk) StdoutLine: {'line': b'-- Up-to-date symlink: /workspaces/UON-CS-robotlab-simulation-container/install/dynamixel_sdk/share/ament_index/resource_index/parent_prefix_path/dynamixel_sdk\n'}
[2.915740] (dynamixel_sdk) StdoutLine: {'line': b'-- Up-to-date symlink: /workspaces/UON-CS-robotlab-simulation-container/install/dynamixel_sdk/share/dynamixel_sdk/environment/ament_prefix_path.sh\n'}
[2.915933] (dynamixel_sdk) StdoutLine: {'line': b'-- Up-to-date symlink: /workspaces/UON-CS-robotlab-simulation-container/install/dynamixel_sdk/share/dynamixel_sdk/environment/ament_prefix_path.dsv\n'}
[2.920626] (dynamixel_sdk) StdoutLine: {'line': b'-- Up-to-date symlink: /workspaces/UON-CS-robotlab-simulation-container/install/dynamixel_sdk/share/dynamixel_sdk/environment/path.sh\n'}
[2.922031] (dynamixel_sdk) StdoutLine: {'line': b'-- Up-to-date symlink: /workspaces/UON-CS-robotlab-simulation-container/install/dynamixel_sdk/share/dynamixel_sdk/environment/path.dsv\n'}
[2.923327] (dynamixel_sdk) StdoutLine: {'line': b'-- Up-to-date symlink: /workspaces/UON-CS-robotlab-simulation-container/install/dynamixel_sdk/share/dynamixel_sdk/local_setup.bash\n'}
[2.928984] (dynamixel_sdk) StdoutLine: {'line': b'-- Up-to-date symlink: /workspaces/UON-CS-robotlab-simulation-container/install/dynamixel_sdk/share/dynamixel_sdk/local_setup.sh\n'}
[2.930256] (dynamixel_sdk) StdoutLine: {'line': b'-- Up-to-date symlink: /workspaces/UON-CS-robotlab-simulation-container/install/dynamixel_sdk/share/dynamixel_sdk/local_setup.zsh\n'}
[2.930637] (dynamixel_sdk) StdoutLine: {'line': b'-- Up-to-date symlink: /workspaces/UON-CS-robotlab-simulation-container/install/dynamixel_sdk/share/dynamixel_sdk/local_setup.dsv\n'}
[2.932896] (dynamixel_sdk) StdoutLine: {'line': b'-- Symlinking: /workspaces/UON-CS-robotlab-simulation-container/install/dynamixel_sdk/share/dynamixel_sdk/package.dsv\n'}
[2.947003] (-) TimerEvent: {}
[3.015170] (dynamixel_sdk) StdoutLine: {'line': b'-- Up-to-date symlink: /workspaces/UON-CS-robotlab-simulation-container/install/dynamixel_sdk/share/ament_index/resource_index/packages/dynamixel_sdk\n'}
[3.019406] (dynamixel_sdk) StdoutLine: {'line': b'-- Up-to-date symlink: /workspaces/UON-CS-robotlab-simulation-container/install/dynamixel_sdk/share/dynamixel_sdk/cmake/ament_cmake_export_targets-extras.cmake\n'}
[3.020830] (dynamixel_sdk) StdoutLine: {'line': b'-- Up-to-date symlink: /workspaces/UON-CS-robotlab-simulation-container/install/dynamixel_sdk/share/dynamixel_sdk/cmake/ament_cmake_export_include_directories-extras.cmake\n'}
[3.022841] (dynamixel_sdk) StdoutLine: {'line': b'-- Up-to-date symlink: /workspaces/UON-CS-robotlab-simulation-container/install/dynamixel_sdk/share/dynamixel_sdk/cmake/ament_cmake_export_libraries-extras.cmake\n'}
[3.023741] (dynamixel_sdk) StdoutLine: {'line': b'-- Up-to-date symlink: /workspaces/UON-CS-robotlab-simulation-container/install/dynamixel_sdk/share/dynamixel_sdk/cmake/dynamixel_sdkConfig.cmake\n'}
[3.024190] (dynamixel_sdk) StdoutLine: {'line': b'-- Up-to-date symlink: /workspaces/UON-CS-robotlab-simulation-container/install/dynamixel_sdk/share/dynamixel_sdk/cmake/dynamixel_sdkConfig-version.cmake\n'}
[3.024276] (dynamixel_sdk) StdoutLine: {'line': b'-- Up-to-date symlink: /workspaces/UON-CS-robotlab-simulation-container/install/dynamixel_sdk/share/dynamixel_sdk/package.xml\n'}
[3.032181] (dynamixel_sdk) StdoutLine: {'line': b'-- Up-to-date: /workspaces/UON-CS-robotlab-simulation-container/install/dynamixel_sdk/lib/libdynamixel_sdk.so\n'}
[3.048912] (-) TimerEvent: {}
[3.122105] (dynamixel_sdk) StdoutLine: {'line': b"Listing '/workspaces/UON-CS-robotlab-simulation-container/install/dynamixel_sdk/local/lib/python3.10/dist-packages/dynamixel_sdk'...\n"}
[3.132496] (dynamixel_sdk) StdoutLine: {'line': b'-- Up-to-date: /workspaces/UON-CS-robotlab-simulation-container/install/dynamixel_sdk/share/dynamixel_sdk/cmake/dynamixel_sdkExport.cmake\n'}
[3.132996] (dynamixel_sdk) StdoutLine: {'line': b'-- Up-to-date: /workspaces/UON-CS-robotlab-simulation-container/install/dynamixel_sdk/share/dynamixel_sdk/cmake/dynamixel_sdkExport-noconfig.cmake\n'}
[3.137171] (dynamixel_sdk) CommandEnded: {'returncode': 0}
[3.151375] (-) TimerEvent: {}
[3.215069] (dynamixel_sdk) JobEnded: {'identifier': 'dynamixel_sdk', 'rc': 0}
[3.216877] (turtlebot3_description) JobStarted: {'identifier': 'turtlebot3_description'}
[3.232162] (turtlebot3_description) JobProgress: {'identifier': 'turtlebot3_description', 'progress': 'cmake'}
[3.238053] (turtlebot3_description) JobProgress: {'identifier': 'turtlebot3_description', 'progress': 'build'}
[3.238623] (turtlebot3_description) Command: {'cmd': ['/usr/bin/cmake', '--build', '/workspaces/UON-CS-robotlab-simulation-container/build/turtlebot3_description', '--', '-j2', '-l2'], 'cwd': '/workspaces/UON-CS-robotlab-simulation-container/build/turtlebot3_description', 'env': OrderedDict([('GITHUB_TOKEN', 'ghu_B4O6CZhcVLRE0OX7B0pYH9Kn8C5gJq2RIGly'), ('GITHUB_CODESPACE_TOKEN', 'AOKRK4WKUJC5CQRMWNS6OXDKNJSNPANCNFSM4AXFRYHA'), ('FEATURE_SPARK_POST_COMMIT_CREATE_ITERATION', 'true'), ('HOSTNAME', 'codespaces-b7707e'), ('GITHUB_CODESPACES_PORT_FORWARDING_DOMAIN', 'app.github.dev'), ('SHLVL', '2'), ('LD_LIBRARY_PATH', '/workspaces/UON-CS-robotlab-simulation-container/install/turtlebot3_msgs/lib:/workspaces/UON-CS-robotlab-simulation-container/install/dynamixel_sdk_custom_interfaces/lib:/workspaces/UON-CS-robotlab-simulation-container/install/dynamixel_sdk/lib:/usr/lib/x86_64-linux-gnu/gazebo-11/plugins:/opt/ros/humble/opt/rviz_ogre_vendor/lib:/opt/ros/humble/lib/x86_64-linux-gnu:/opt/ros/humble/lib'), ('HOME', '/home/vscode'), ('OLDPWD', '/workspaces/UON-CS-robotlab-simulation-container'), ('CODESPACES', 'true'), ('ROS_PYTHON_VERSION', '3'), ('GITHUB_USER', 'mohammad-areeb'), ('GITHUB_GRAPHQL_URL', 'https://api.github.com/graphql'), ('COLCON_PREFIX_PATH', '/workspaces/UON-CS-robotlab-simulation-container/install'), ('ROS_DISTRO', 'humble'), ('ContainerVersion', '13'), ('GITHUB_API_URL', 'https://api.github.com'), ('RepositoryName', 'UON-CS-robotlab-simulation-container'), ('_', '/usr/bin/colcon'), ('ROS_VERSION', '2'), ('CLOUDENV_ENVIRONMENT_ID', '344bab99-1d47-4655-88f7-fee790854045'), ('TERM', 'xterm'), ('ROS_LOCALHOST_ONLY', '0'), ('PATH', '/opt/ros/humble/bin:/usr/local/sbin:/usr/local/bin:/usr/sbin:/usr/bin:/sbin:/bin'), ('SHELL_LOGGED_IN', 'true'), ('DISPLAY', ':1'), ('LANG', 'C.UTF-8'), ('LS_COLORS', ''), ('GITHUB_REPOSITORY', 'mohammad-areeb/UON-CS-robotlab-simulation-container'), ('ROS_DOMAIN_ID', '30'), ('AMENT_PREFIX_PATH', '/workspaces/UON-CS-robotlab-simulation-container/install/turtlebot3:/workspaces/UON-CS-robotlab-simulation-container/install/turtlebot3_teleop:/workspaces/UON-CS-robotlab-simulation-container/install/turtlebot3_simulations:/workspaces/UON-CS-robotlab-simulation-container/install/turtlebot3_bringup:/workspaces/UON-CS-robotlab-simulation-container/install/turtlebot3_node:/workspaces/UON-CS-robotlab-simulation-container/install/turtlebot3_navigation2:/workspaces/UON-CS-robotlab-simulation-container/install/turtlebot3_fake_node:/workspaces/UON-CS-robotlab-simulation-container/install/turtlebot3_example:/workspaces/UON-CS-robotlab-simulation-container/install/turtlebot3_msgs:/workspaces/UON-CS-robotlab-simulation-container/install/turtlebot3_manipulation_gazebo:/workspaces/UON-CS-robotlab-simulation-container/install/turtlebot3_gazebo:/workspaces/UON-CS-robotlab-simulation-container/install/turtlebot3_description:/workspaces/UON-CS-robotlab-simulation-container/install/turtlebot3_cartographer:/workspaces/UON-CS-robotlab-simulation-container/install/dynamixel_sdk_examples:/workspaces/UON-CS-robotlab-simulation-container/install/dynamixel_sdk_custom_interfaces:/workspaces/UON-CS-robotlab-simulation-container/install/dynamixel_sdk:/opt/ros/humble'), ('DEBIAN_FRONTEND', 'noninteractive'), ('SHELL', '/bin/bash'), ('PWD', '/workspaces/UON-CS-robotlab-simulation-container/build/turtlebot3_description'), ('INTERNAL_VSCS_TARGET_URL', 'https://uksouth.online.visualstudio.com'), ('TURTLEBOT3_MODEL', 'waffle'), ('LC_ALL', 'C.UTF-8'), ('GITHUB_SERVER_URL', 'https://github.com'), ('PYTHONPATH', '/workspaces/UON-CS-robotlab-simulation-container/build/turtlebot3_teleop:/workspaces/UON-CS-robotlab-simulation-container/install/turtlebot3_teleop/lib/python3.10/site-packages:/workspaces/UON-CS-robotlab-simulation-container/build/turtlebot3_example:/workspaces/UON-CS-robotlab-simulation-container/install/turtlebot3_example/lib/python3.10/site-packages:/workspaces/UON-CS-robotlab-simulation-container/install/turtlebot3_msgs/local/lib/python3.10/dist-packages:/workspaces/UON-CS-robotlab-simulation-container/install/dynamixel_sdk_custom_interfaces/local/lib/python3.10/dist-packages:/workspaces/UON-CS-robotlab-simulation-container/install/dynamixel_sdk/local/lib/python3.10/dist-packages:/opt/ros/humble/lib/python3.10/site-packages:/opt/ros/humble/local/lib/python3.10/dist-packages'), ('CODESPACE_NAME', 'urban-space-garbanzo-j7wwvprrjjp25j95'), ('COLCON', '1'), ('CMAKE_PREFIX_PATH', '/workspaces/UON-CS-robotlab-simulation-container/install/turtlebot3:/workspaces/UON-CS-robotlab-simulation-container/install/turtlebot3_simulations:/workspaces/UON-CS-robotlab-simulation-container/install/turtlebot3_bringup:/workspaces/UON-CS-robotlab-simulation-container/install/turtlebot3_node:/workspaces/UON-CS-robotlab-simulation-container/install/turtlebot3_navigation2:/workspaces/UON-CS-robotlab-simulation-container/install/turtlebot3_fake_node:/workspaces/UON-CS-robotlab-simulation-container/install/turtlebot3_msgs:/workspaces/UON-CS-robotlab-simulation-container/install/turtlebot3_manipulation_gazebo:/workspaces/UON-CS-robotlab-simulation-container/install/turtlebot3_gazebo:/workspaces/UON-CS-robotlab-simulation-container/install/turtlebot3_description:/workspaces/UON-CS-robotlab-simulation-container/install/turtlebot3_cartographer:/workspaces/UON-CS-robotlab-simulation-container/install/dynamixel_sdk_examples:/workspaces/UON-CS-robotlab-simulation-container/install/dynamixel_sdk_custom_interfaces:/workspaces/UON-CS-robotlab-simulation-container/install/dynamixel_sdk:/workspaces/UON-CS-robotlab-simulation-container/install/turtlebot3_teleop:/workspaces/UON-CS-robotlab-simulation-container/install/turtlebot3_example:/opt/ros/humble')]), 'shell': False}
[3.251506] (-) TimerEvent: {}
[3.353066] (-) TimerEvent: {}
[3.366632] (turtlebot3_description) CommandEnded: {'returncode': 0}
[3.370916] (turtlebot3_description) JobProgress: {'identifier': 'turtlebot3_description', 'progress': 'install'}
[3.371278] (turtlebot3_description) Command: {'cmd': ['/usr/bin/cmake', '--install', '/workspaces/UON-CS-robotlab-simulation-container/build/turtlebot3_description'], 'cwd': '/workspaces/UON-CS-robotlab-simulation-container/build/turtlebot3_description', 'env': OrderedDict([('GITHUB_TOKEN', 'ghu_B4O6CZhcVLRE0OX7B0pYH9Kn8C5gJq2RIGly'), ('GITHUB_CODESPACE_TOKEN', 'AOKRK4WKUJC5CQRMWNS6OXDKNJSNPANCNFSM4AXFRYHA'), ('FEATURE_SPARK_POST_COMMIT_CREATE_ITERATION', 'true'), ('HOSTNAME', 'codespaces-b7707e'), ('GITHUB_CODESPACES_PORT_FORWARDING_DOMAIN', 'app.github.dev'), ('SHLVL', '2'), ('LD_LIBRARY_PATH', '/workspaces/UON-CS-robotlab-simulation-container/install/turtlebot3_msgs/lib:/workspaces/UON-CS-robotlab-simulation-container/install/dynamixel_sdk_custom_interfaces/lib:/workspaces/UON-CS-robotlab-simulation-container/install/dynamixel_sdk/lib:/usr/lib/x86_64-linux-gnu/gazebo-11/plugins:/opt/ros/humble/opt/rviz_ogre_vendor/lib:/opt/ros/humble/lib/x86_64-linux-gnu:/opt/ros/humble/lib'), ('HOME', '/home/vscode'), ('OLDPWD', '/workspaces/UON-CS-robotlab-simulation-container'), ('CODESPACES', 'true'), ('ROS_PYTHON_VERSION', '3'), ('GITHUB_USER', 'mohammad-areeb'), ('GITHUB_GRAPHQL_URL', 'https://api.github.com/graphql'), ('COLCON_PREFIX_PATH', '/workspaces/UON-CS-robotlab-simulation-container/install'), ('ROS_DISTRO', 'humble'), ('ContainerVersion', '13'), ('GITHUB_API_URL', 'https://api.github.com'), ('RepositoryName', 'UON-CS-robotlab-simulation-container'), ('_', '/usr/bin/colcon'), ('ROS_VERSION', '2'), ('CLOUDENV_ENVIRONMENT_ID', '344bab99-1d47-4655-88f7-fee790854045'), ('TERM', 'xterm'), ('ROS_LOCALHOST_ONLY', '0'), ('PATH', '/opt/ros/humble/bin:/usr/local/sbin:/usr/local/bin:/usr/sbin:/usr/bin:/sbin:/bin'), ('SHELL_LOGGED_IN', 'true'), ('DISPLAY', ':1'), ('LANG', 'C.UTF-8'), ('LS_COLORS', ''), ('GITHUB_REPOSITORY', 'mohammad-areeb/UON-CS-robotlab-simulation-container'), ('ROS_DOMAIN_ID', '30'), ('AMENT_PREFIX_PATH', '/workspaces/UON-CS-robotlab-simulation-container/install/turtlebot3:/workspaces/UON-CS-robotlab-simulation-container/install/turtlebot3_teleop:/workspaces/UON-CS-robotlab-simulation-container/install/turtlebot3_simulations:/workspaces/UON-CS-robotlab-simulation-container/install/turtlebot3_bringup:/workspaces/UON-CS-robotlab-simulation-container/install/turtlebot3_node:/workspaces/UON-CS-robotlab-simulation-container/install/turtlebot3_navigation2:/workspaces/UON-CS-robotlab-simulation-container/install/turtlebot3_fake_node:/workspaces/UON-CS-robotlab-simulation-container/install/turtlebot3_example:/workspaces/UON-CS-robotlab-simulation-container/install/turtlebot3_msgs:/workspaces/UON-CS-robotlab-simulation-container/install/turtlebot3_manipulation_gazebo:/workspaces/UON-CS-robotlab-simulation-container/install/turtlebot3_gazebo:/workspaces/UON-CS-robotlab-simulation-container/install/turtlebot3_description:/workspaces/UON-CS-robotlab-simulation-container/install/turtlebot3_cartographer:/workspaces/UON-CS-robotlab-simulation-container/install/dynamixel_sdk_examples:/workspaces/UON-CS-robotlab-simulation-container/install/dynamixel_sdk_custom_interfaces:/workspaces/UON-CS-robotlab-simulation-container/install/dynamixel_sdk:/opt/ros/humble'), ('DEBIAN_FRONTEND', 'noninteractive'), ('SHELL', '/bin/bash'), ('PWD', '/workspaces/UON-CS-robotlab-simulation-container/build/turtlebot3_description'), ('INTERNAL_VSCS_TARGET_URL', 'https://uksouth.online.visualstudio.com'), ('TURTLEBOT3_MODEL', 'waffle'), ('LC_ALL', 'C.UTF-8'), ('GITHUB_SERVER_URL', 'https://github.com'), ('PYTHONPATH', '/workspaces/UON-CS-robotlab-simulation-container/build/turtlebot3_teleop:/workspaces/UON-CS-robotlab-simulation-container/install/turtlebot3_teleop/lib/python3.10/site-packages:/workspaces/UON-CS-robotlab-simulation-container/build/turtlebot3_example:/workspaces/UON-CS-robotlab-simulation-container/install/turtlebot3_example/lib/python3.10/site-packages:/workspaces/UON-CS-robotlab-simulation-container/install/turtlebot3_msgs/local/lib/python3.10/dist-packages:/workspaces/UON-CS-robotlab-simulation-container/install/dynamixel_sdk_custom_interfaces/local/lib/python3.10/dist-packages:/workspaces/UON-CS-robotlab-simulation-container/install/dynamixel_sdk/local/lib/python3.10/dist-packages:/opt/ros/humble/lib/python3.10/site-packages:/opt/ros/humble/local/lib/python3.10/dist-packages'), ('CODESPACE_NAME', 'urban-space-garbanzo-j7wwvprrjjp25j95'), ('COLCON', '1'), ('CMAKE_PREFIX_PATH', '/workspaces/UON-CS-robotlab-simulation-container/install/turtlebot3:/workspaces/UON-CS-robotlab-simulation-container/install/turtlebot3_simulations:/workspaces/UON-CS-robotlab-simulation-container/install/turtlebot3_bringup:/workspaces/UON-CS-robotlab-simulation-container/install/turtlebot3_node:/workspaces/UON-CS-robotlab-simulation-container/install/turtlebot3_navigation2:/workspaces/UON-CS-robotlab-simulation-container/install/turtlebot3_fake_node:/workspaces/UON-CS-robotlab-simulation-container/install/turtlebot3_msgs:/workspaces/UON-CS-robotlab-simulation-container/install/turtlebot3_manipulation_gazebo:/workspaces/UON-CS-robotlab-simulation-container/install/turtlebot3_gazebo:/workspaces/UON-CS-robotlab-simulation-container/install/turtlebot3_description:/workspaces/UON-CS-robotlab-simulation-container/install/turtlebot3_cartographer:/workspaces/UON-CS-robotlab-simulation-container/install/dynamixel_sdk_examples:/workspaces/UON-CS-robotlab-simulation-container/install/dynamixel_sdk_custom_interfaces:/workspaces/UON-CS-robotlab-simulation-container/install/dynamixel_sdk:/workspaces/UON-CS-robotlab-simulation-container/install/turtlebot3_teleop:/workspaces/UON-CS-robotlab-simulation-container/install/turtlebot3_example:/opt/ros/humble')]), 'shell': False}
[3.398673] (turtlebot3_description) StdoutLine: {'line': b'-- Install configuration: ""\n'}
[3.406344] (turtlebot3_description) StdoutLine: {'line': b'-- Execute custom install script\n'}
[3.407367] (turtlebot3_description) StdoutLine: {'line': b'-- Up-to-date symlink: /workspaces/UON-CS-robotlab-simulation-container/install/turtlebot3_description/share/turtlebot3_description/meshes/bases/burger_base.stl\n'}
[3.408771] (turtlebot3_description) StdoutLine: {'line': b'-- Up-to-date symlink: /workspaces/UON-CS-robotlab-simulation-container/install/turtlebot3_description/share/turtlebot3_description/meshes/bases/waffle_base.stl\n'}
[3.411947] (turtlebot3_description) StdoutLine: {'line': b'-- Up-to-date symlink: /workspaces/UON-CS-robotlab-simulation-container/install/turtlebot3_description/share/turtlebot3_description/meshes/bases/waffle_pi_base.stl\n'}
[3.417778] (turtlebot3_description) StdoutLine: {'line': b'-- Up-to-date symlink: /workspaces/UON-CS-robotlab-simulation-container/install/turtlebot3_description/share/turtlebot3_description/meshes/sensors/astra.dae\n'}
[3.453159] (-) TimerEvent: {}
[3.501482] (turtlebot3_description) StdoutLine: {'line': b'-- Up-to-date symlink: /workspaces/UON-CS-robotlab-simulation-container/install/turtlebot3_description/share/turtlebot3_description/meshes/sensors/astra.jpg\n'}
[3.504835] (turtlebot3_description) StdoutLine: {'line': b'-- Up-to-date symlink: /workspaces/UON-CS-robotlab-simulation-container/install/turtlebot3_description/share/turtlebot3_description/meshes/sensors/lds.stl\n'}
[3.505783] (turtlebot3_description) StdoutLine: {'line': b'-- Up-to-date symlink: /workspaces/UON-CS-robotlab-simulation-container/install/turtlebot3_description/share/turtlebot3_description/meshes/sensors/r200.dae\n'}
[3.507222] (turtlebot3_description) StdoutLine: {'line': b'-- Up-to-date symlink: /workspaces/UON-CS-robotlab-simulation-container/install/turtlebot3_description/share/turtlebot3_description/meshes/sensors/r200.jpg\n'}
[3.509379] (turtlebot3_description) StdoutLine: {'line': b'-- Up-to-date symlink: /workspaces/UON-CS-robotlab-simulation-container/install/turtlebot3_description/share/turtlebot3_description/meshes/wheels/left_tire.stl\n'}
[3.512139] (turtlebot3_description) StdoutLine: {'line': b'-- Up-to-date symlink: /workspaces/UON-CS-robotlab-simulation-container/install/turtlebot3_description/share/turtlebot3_description/meshes/wheels/right_tire.stl\n'}
[3.512479] (turtlebot3_msgs) StdoutLine: {'line': b'running egg_info\n'}
[3.513756] (turtlebot3_description) StdoutLine: {'line': b'-- Up-to-date symlink: /workspaces/UON-CS-robotlab-simulation-container/install/turtlebot3_description/share/turtlebot3_description/rviz/model.rviz\n'}
[3.514649] (turtlebot3_msgs) StdoutLine: {'line': b'writing turtlebot3_msgs.egg-info/PKG-INFO\n'}
[3.516779] (turtlebot3_msgs) StdoutLine: {'line': b'writing dependency_links to turtlebot3_msgs.egg-info/dependency_links.txt\n'}
[3.517018] (turtlebot3_msgs) StdoutLine: {'line': b'writing top-level names to turtlebot3_msgs.egg-info/top_level.txt\n'}
[3.517845] (turtlebot3_description) StdoutLine: {'line': b'-- Up-to-date symlink: /workspaces/UON-CS-robotlab-simulation-container/install/turtlebot3_description/share/turtlebot3_description/urdf/common_properties.urdf\n'}
[3.522231] (turtlebot3_msgs) StdoutLine: {'line': b"reading manifest file 'turtlebot3_msgs.egg-info/SOURCES.txt'\n"}
[3.524178] (turtlebot3_description) StdoutLine: {'line': b'-- Up-to-date symlink: /workspaces/UON-CS-robotlab-simulation-container/install/turtlebot3_description/share/turtlebot3_description/urdf/turtlebot3_burger.urdf\n'}
[3.528627] (turtlebot3_description) StdoutLine: {'line': b'-- Up-to-date symlink: /workspaces/UON-CS-robotlab-simulation-container/install/turtlebot3_description/share/turtlebot3_description/urdf/turtlebot3_waffle.urdf\n'}
[3.530814] (turtlebot3_msgs) StdoutLine: {'line': b"writing manifest file 'turtlebot3_msgs.egg-info/SOURCES.txt'\n"}
[3.542773] (turtlebot3_description) StdoutLine: {'line': b'-- Up-to-date symlink: /workspaces/UON-CS-robotlab-simulation-container/install/turtlebot3_description/share/turtlebot3_description/urdf/turtlebot3_waffle_pi.urdf\n'}
[3.548124] (turtlebot3_description) StdoutLine: {'line': b'-- Up-to-date symlink: /workspaces/UON-CS-robotlab-simulation-container/install/turtlebot3_description/share/ament_index/resource_index/package_run_dependencies/turtlebot3_description\n'}
[3.555904] (-) TimerEvent: {}
[3.558856] (turtlebot3_description) StdoutLine: {'line': b'-- Up-to-date symlink: /workspaces/UON-CS-robotlab-simulation-container/install/turtlebot3_description/share/ament_index/resource_index/parent_prefix_path/turtlebot3_description\n'}
[3.570175] (turtlebot3_description) StdoutLine: {'line': b'-- Up-to-date symlink: /workspaces/UON-CS-robotlab-simulation-container/install/turtlebot3_description/share/turtlebot3_description/environment/ament_prefix_path.sh\n'}
[3.570365] (turtlebot3_description) StdoutLine: {'line': b'-- Up-to-date symlink: /workspaces/UON-CS-robotlab-simulation-container/install/turtlebot3_description/share/turtlebot3_description/environment/ament_prefix_path.dsv\n'}
[3.570919] (turtlebot3_description) StdoutLine: {'line': b'-- Up-to-date symlink: /workspaces/UON-CS-robotlab-simulation-container/install/turtlebot3_description/share/turtlebot3_description/environment/path.sh\n'}
[3.572741] (turtlebot3_description) StdoutLine: {'line': b'-- Up-to-date symlink: /workspaces/UON-CS-robotlab-simulation-container/install/turtlebot3_description/share/turtlebot3_description/environment/path.dsv\n'}
[3.576221] (turtlebot3_description) StdoutLine: {'line': b'-- Up-to-date symlink: /workspaces/UON-CS-robotlab-simulation-container/install/turtlebot3_description/share/turtlebot3_description/local_setup.bash\n'}
[3.581913] (turtlebot3_description) StdoutLine: {'line': b'-- Up-to-date symlink: /workspaces/UON-CS-robotlab-simulation-container/install/turtlebot3_description/share/turtlebot3_description/local_setup.sh\n'}
[3.598739] (turtlebot3_description) StdoutLine: {'line': b'-- Up-to-date symlink: /workspaces/UON-CS-robotlab-simulation-container/install/turtlebot3_description/share/turtlebot3_description/local_setup.zsh\n'}
[3.599736] (turtlebot3_description) StdoutLine: {'line': b'-- Up-to-date symlink: /workspaces/UON-CS-robotlab-simulation-container/install/turtlebot3_description/share/turtlebot3_description/local_setup.dsv\n'}
[3.600955] (turtlebot3_description) StdoutLine: {'line': b'-- Symlinking: /workspaces/UON-CS-robotlab-simulation-container/install/turtlebot3_description/share/turtlebot3_description/package.dsv\n'}
[3.616752] (turtlebot3_msgs) StdoutLine: {'line': b'[ 81%] Built target ament_cmake_python_build_turtlebot3_msgs_egg\n'}
[3.625050] (turtlebot3_description) StdoutLine: {'line': b'-- Up-to-date symlink: /workspaces/UON-CS-robotlab-simulation-container/install/turtlebot3_description/share/ament_index/resource_index/packages/turtlebot3_description\n'}
[3.628189] (turtlebot3_description) StdoutLine: {'line': b'-- Up-to-date symlink: /workspaces/UON-CS-robotlab-simulation-container/install/turtlebot3_description/share/turtlebot3_description/cmake/turtlebot3_descriptionConfig.cmake\n'}
[3.636186] (turtlebot3_description) StdoutLine: {'line': b'-- Up-to-date symlink: /workspaces/UON-CS-robotlab-simulation-container/install/turtlebot3_description/share/turtlebot3_description/cmake/turtlebot3_descriptionConfig-version.cmake\n'}
[3.638889] (turtlebot3_description) StdoutLine: {'line': b'-- Up-to-date symlink: /workspaces/UON-CS-robotlab-simulation-container/install/turtlebot3_description/share/turtlebot3_description/package.xml\n'}
[3.642156] (turtlebot3_description) CommandEnded: {'returncode': 0}
[3.656011] (-) TimerEvent: {}
[3.669252] (turtlebot3_description) JobEnded: {'identifier': 'turtlebot3_description', 'rc': 0}
[3.670042] (dynamixel_sdk_custom_interfaces) JobStarted: {'identifier': 'dynamixel_sdk_custom_interfaces'}
[3.681821] (dynamixel_sdk_custom_interfaces) JobProgress: {'identifier': 'dynamixel_sdk_custom_interfaces', 'progress': 'cmake'}
[3.692506] (dynamixel_sdk_custom_interfaces) JobProgress: {'identifier': 'dynamixel_sdk_custom_interfaces', 'progress': 'build'}
[3.692614] (dynamixel_sdk_custom_interfaces) Command: {'cmd': ['/usr/bin/cmake', '--build', '/workspaces/UON-CS-robotlab-simulation-container/build/dynamixel_sdk_custom_interfaces', '--', '-j2', '-l2'], 'cwd': '/workspaces/UON-CS-robotlab-simulation-container/build/dynamixel_sdk_custom_interfaces', 'env': OrderedDict([('GITHUB_TOKEN', 'ghu_B4O6CZhcVLRE0OX7B0pYH9Kn8C5gJq2RIGly'), ('GITHUB_CODESPACE_TOKEN', 'AOKRK4WKUJC5CQRMWNS6OXDKNJSNPANCNFSM4AXFRYHA'), ('FEATURE_SPARK_POST_COMMIT_CREATE_ITERATION', 'true'), ('HOSTNAME', 'codespaces-b7707e'), ('GITHUB_CODESPACES_PORT_FORWARDING_DOMAIN', 'app.github.dev'), ('SHLVL', '2'), ('LD_LIBRARY_PATH', '/workspaces/UON-CS-robotlab-simulation-container/install/turtlebot3_msgs/lib:/workspaces/UON-CS-robotlab-simulation-container/install/dynamixel_sdk_custom_interfaces/lib:/workspaces/UON-CS-robotlab-simulation-container/install/dynamixel_sdk/lib:/usr/lib/x86_64-linux-gnu/gazebo-11/plugins:/opt/ros/humble/opt/rviz_ogre_vendor/lib:/opt/ros/humble/lib/x86_64-linux-gnu:/opt/ros/humble/lib'), ('HOME', '/home/vscode'), ('OLDPWD', '/workspaces/UON-CS-robotlab-simulation-container'), ('CODESPACES', 'true'), ('ROS_PYTHON_VERSION', '3'), ('GITHUB_USER', 'mohammad-areeb'), ('GITHUB_GRAPHQL_URL', 'https://api.github.com/graphql'), ('COLCON_PREFIX_PATH', '/workspaces/UON-CS-robotlab-simulation-container/install'), ('ROS_DISTRO', 'humble'), ('ContainerVersion', '13'), ('GITHUB_API_URL', 'https://api.github.com'), ('RepositoryName', 'UON-CS-robotlab-simulation-container'), ('_', '/usr/bin/colcon'), ('ROS_VERSION', '2'), ('CLOUDENV_ENVIRONMENT_ID', '344bab99-1d47-4655-88f7-fee790854045'), ('TERM', 'xterm'), ('ROS_LOCALHOST_ONLY', '0'), ('PATH', '/opt/ros/humble/bin:/usr/local/sbin:/usr/local/bin:/usr/sbin:/usr/bin:/sbin:/bin'), ('SHELL_LOGGED_IN', 'true'), ('DISPLAY', ':1'), ('LANG', 'C.UTF-8'), ('LS_COLORS', ''), ('GITHUB_REPOSITORY', 'mohammad-areeb/UON-CS-robotlab-simulation-container'), ('ROS_DOMAIN_ID', '30'), ('AMENT_PREFIX_PATH', '/workspaces/UON-CS-robotlab-simulation-container/install/turtlebot3:/workspaces/UON-CS-robotlab-simulation-container/install/turtlebot3_teleop:/workspaces/UON-CS-robotlab-simulation-container/install/turtlebot3_simulations:/workspaces/UON-CS-robotlab-simulation-container/install/turtlebot3_bringup:/workspaces/UON-CS-robotlab-simulation-container/install/turtlebot3_node:/workspaces/UON-CS-robotlab-simulation-container/install/turtlebot3_navigation2:/workspaces/UON-CS-robotlab-simulation-container/install/turtlebot3_fake_node:/workspaces/UON-CS-robotlab-simulation-container/install/turtlebot3_example:/workspaces/UON-CS-robotlab-simulation-container/install/turtlebot3_msgs:/workspaces/UON-CS-robotlab-simulation-container/install/turtlebot3_manipulation_gazebo:/workspaces/UON-CS-robotlab-simulation-container/install/turtlebot3_gazebo:/workspaces/UON-CS-robotlab-simulation-container/install/turtlebot3_description:/workspaces/UON-CS-robotlab-simulation-container/install/turtlebot3_cartographer:/workspaces/UON-CS-robotlab-simulation-container/install/dynamixel_sdk_examples:/workspaces/UON-CS-robotlab-simulation-container/install/dynamixel_sdk_custom_interfaces:/workspaces/UON-CS-robotlab-simulation-container/install/dynamixel_sdk:/opt/ros/humble'), ('DEBIAN_FRONTEND', 'noninteractive'), ('SHELL', '/bin/bash'), ('PWD', '/workspaces/UON-CS-robotlab-simulation-container/build/dynamixel_sdk_custom_interfaces'), ('INTERNAL_VSCS_TARGET_URL', 'https://uksouth.online.visualstudio.com'), ('TURTLEBOT3_MODEL', 'waffle'), ('LC_ALL', 'C.UTF-8'), ('GITHUB_SERVER_URL', 'https://github.com'), ('PYTHONPATH', '/workspaces/UON-CS-robotlab-simulation-container/build/turtlebot3_teleop:/workspaces/UON-CS-robotlab-simulation-container/install/turtlebot3_teleop/lib/python3.10/site-packages:/workspaces/UON-CS-robotlab-simulation-container/build/turtlebot3_example:/workspaces/UON-CS-robotlab-simulation-container/install/turtlebot3_example/lib/python3.10/site-packages:/workspaces/UON-CS-robotlab-simulation-container/install/turtlebot3_msgs/local/lib/python3.10/dist-packages:/workspaces/UON-CS-robotlab-simulation-container/install/dynamixel_sdk_custom_interfaces/local/lib/python3.10/dist-packages:/workspaces/UON-CS-robotlab-simulation-container/install/dynamixel_sdk/local/lib/python3.10/dist-packages:/opt/ros/humble/lib/python3.10/site-packages:/opt/ros/humble/local/lib/python3.10/dist-packages'), ('CODESPACE_NAME', 'urban-space-garbanzo-j7wwvprrjjp25j95'), ('COLCON', '1'), ('CMAKE_PREFIX_PATH', '/workspaces/UON-CS-robotlab-simulation-container/install/turtlebot3:/workspaces/UON-CS-robotlab-simulation-container/install/turtlebot3_simulations:/workspaces/UON-CS-robotlab-simulation-container/install/turtlebot3_bringup:/workspaces/UON-CS-robotlab-simulation-container/install/turtlebot3_node:/workspaces/UON-CS-robotlab-simulation-container/install/turtlebot3_navigation2:/workspaces/UON-CS-robotlab-simulation-container/install/turtlebot3_fake_node:/workspaces/UON-CS-robotlab-simulation-container/install/turtlebot3_msgs:/workspaces/UON-CS-robotlab-simulation-container/install/turtlebot3_manipulation_gazebo:/workspaces/UON-CS-robotlab-simulation-container/install/turtlebot3_gazebo:/workspaces/UON-CS-robotlab-simulation-container/install/turtlebot3_description:/workspaces/UON-CS-robotlab-simulation-container/install/turtlebot3_cartographer:/workspaces/UON-CS-robotlab-simulation-container/install/dynamixel_sdk_examples:/workspaces/UON-CS-robotlab-simulation-container/install/dynamixel_sdk_custom_interfaces:/workspaces/UON-CS-robotlab-simulation-container/install/dynamixel_sdk:/workspaces/UON-CS-robotlab-simulation-container/install/turtlebot3_teleop:/workspaces/UON-CS-robotlab-simulation-container/install/turtlebot3_example:/opt/ros/humble')]), 'shell': False}
[3.696703] (turtlebot3_msgs) StdoutLine: {'line': b'[ 81%] Built target turtlebot3_msgs\n'}
[3.756161] (-) TimerEvent: {}
[3.794779] (turtlebot3_msgs) StdoutLine: {'line': b'[ 82%] Built target turtlebot3_msgs__py\n'}
[3.856275] (-) TimerEvent: {}
[3.862223] (turtlebot3_msgs) StdoutLine: {'line': b'[ 92%] Built target turtlebot3_msgs__rosidl_generator_py\n'}
[3.884643] (dynamixel_sdk_custom_interfaces) StdoutLine: {'line': b'[  2%] Built target dynamixel_sdk_custom_interfaces__rs\n'}
[3.947359] (dynamixel_sdk_custom_interfaces) StdoutLine: {'line': b'[  5%] Built target dynamixel_sdk_custom_interfaces__cpp\n'}
[3.959864] (-) TimerEvent: {}
[3.980977] (turtlebot3_msgs) StdoutLine: {'line': b'[ 95%] Built target turtlebot3_msgs__rosidl_typesupport_fastrtps_c__pyext\n'}
[4.038470] (dynamixel_sdk_custom_interfaces) StdoutLine: {'line': b'[ 15%] Built target dynamixel_sdk_custom_interfaces__rosidl_generator_c\n'}
[4.065133] (-) TimerEvent: {}
[4.076413] (turtlebot3_msgs) StdoutLine: {'line': b'[ 97%] Built target turtlebot3_msgs__rosidl_typesupport_introspection_c__pyext\n'}
[4.160690] (dynamixel_sdk_custom_interfaces) StdoutLine: {'line': b'[ 15%] Built target ament_cmake_python_symlink_dynamixel_sdk_custom_interfaces\n'}
[4.165635] (-) TimerEvent: {}
[4.193356] (turtlebot3_msgs) StdoutLine: {'line': b'[100%] Built target turtlebot3_msgs__rosidl_typesupport_c__pyext\n'}
[4.242624] (turtlebot3_msgs) CommandEnded: {'returncode': 0}
[4.270941] (turtlebot3_msgs) JobProgress: {'identifier': 'turtlebot3_msgs', 'progress': 'install'}
[4.271023] (-) TimerEvent: {}
[4.271190] (turtlebot3_msgs) Command: {'cmd': ['/usr/bin/cmake', '--install', '/workspaces/UON-CS-robotlab-simulation-container/build/turtlebot3_msgs'], 'cwd': '/workspaces/UON-CS-robotlab-simulation-container/build/turtlebot3_msgs', 'env': OrderedDict([('GITHUB_TOKEN', 'ghu_B4O6CZhcVLRE0OX7B0pYH9Kn8C5gJq2RIGly'), ('GITHUB_CODESPACE_TOKEN', 'AOKRK4WKUJC5CQRMWNS6OXDKNJSNPANCNFSM4AXFRYHA'), ('FEATURE_SPARK_POST_COMMIT_CREATE_ITERATION', 'true'), ('HOSTNAME', 'codespaces-b7707e'), ('GITHUB_CODESPACES_PORT_FORWARDING_DOMAIN', 'app.github.dev'), ('SHLVL', '2'), ('LD_LIBRARY_PATH', '/workspaces/UON-CS-robotlab-simulation-container/install/turtlebot3_msgs/lib:/workspaces/UON-CS-robotlab-simulation-container/install/dynamixel_sdk_custom_interfaces/lib:/workspaces/UON-CS-robotlab-simulation-container/install/dynamixel_sdk/lib:/usr/lib/x86_64-linux-gnu/gazebo-11/plugins:/opt/ros/humble/opt/rviz_ogre_vendor/lib:/opt/ros/humble/lib/x86_64-linux-gnu:/opt/ros/humble/lib'), ('HOME', '/home/vscode'), ('OLDPWD', '/workspaces/UON-CS-robotlab-simulation-container'), ('CODESPACES', 'true'), ('ROS_PYTHON_VERSION', '3'), ('GITHUB_USER', 'mohammad-areeb'), ('GITHUB_GRAPHQL_URL', 'https://api.github.com/graphql'), ('COLCON_PREFIX_PATH', '/workspaces/UON-CS-robotlab-simulation-container/install'), ('ROS_DISTRO', 'humble'), ('ContainerVersion', '13'), ('GITHUB_API_URL', 'https://api.github.com'), ('RepositoryName', 'UON-CS-robotlab-simulation-container'), ('_', '/usr/bin/colcon'), ('ROS_VERSION', '2'), ('CLOUDENV_ENVIRONMENT_ID', '344bab99-1d47-4655-88f7-fee790854045'), ('TERM', 'xterm'), ('ROS_LOCALHOST_ONLY', '0'), ('PATH', '/opt/ros/humble/bin:/usr/local/sbin:/usr/local/bin:/usr/sbin:/usr/bin:/sbin:/bin'), ('SHELL_LOGGED_IN', 'true'), ('DISPLAY', ':1'), ('LANG', 'C.UTF-8'), ('LS_COLORS', ''), ('GITHUB_REPOSITORY', 'mohammad-areeb/UON-CS-robotlab-simulation-container'), ('ROS_DOMAIN_ID', '30'), ('AMENT_PREFIX_PATH', '/workspaces/UON-CS-robotlab-simulation-container/install/turtlebot3:/workspaces/UON-CS-robotlab-simulation-container/install/turtlebot3_teleop:/workspaces/UON-CS-robotlab-simulation-container/install/turtlebot3_simulations:/workspaces/UON-CS-robotlab-simulation-container/install/turtlebot3_bringup:/workspaces/UON-CS-robotlab-simulation-container/install/turtlebot3_node:/workspaces/UON-CS-robotlab-simulation-container/install/turtlebot3_navigation2:/workspaces/UON-CS-robotlab-simulation-container/install/turtlebot3_fake_node:/workspaces/UON-CS-robotlab-simulation-container/install/turtlebot3_example:/workspaces/UON-CS-robotlab-simulation-container/install/turtlebot3_msgs:/workspaces/UON-CS-robotlab-simulation-container/install/turtlebot3_manipulation_gazebo:/workspaces/UON-CS-robotlab-simulation-container/install/turtlebot3_gazebo:/workspaces/UON-CS-robotlab-simulation-container/install/turtlebot3_description:/workspaces/UON-CS-robotlab-simulation-container/install/turtlebot3_cartographer:/workspaces/UON-CS-robotlab-simulation-container/install/dynamixel_sdk_examples:/workspaces/UON-CS-robotlab-simulation-container/install/dynamixel_sdk_custom_interfaces:/workspaces/UON-CS-robotlab-simulation-container/install/dynamixel_sdk:/opt/ros/humble'), ('DEBIAN_FRONTEND', 'noninteractive'), ('SHELL', '/bin/bash'), ('PWD', '/workspaces/UON-CS-robotlab-simulation-container/build/turtlebot3_msgs'), ('INTERNAL_VSCS_TARGET_URL', 'https://uksouth.online.visualstudio.com'), ('TURTLEBOT3_MODEL', 'waffle'), ('LC_ALL', 'C.UTF-8'), ('GITHUB_SERVER_URL', 'https://github.com'), ('PYTHONPATH', '/workspaces/UON-CS-robotlab-simulation-container/build/turtlebot3_teleop:/workspaces/UON-CS-robotlab-simulation-container/install/turtlebot3_teleop/lib/python3.10/site-packages:/workspaces/UON-CS-robotlab-simulation-container/build/turtlebot3_example:/workspaces/UON-CS-robotlab-simulation-container/install/turtlebot3_example/lib/python3.10/site-packages:/workspaces/UON-CS-robotlab-simulation-container/install/turtlebot3_msgs/local/lib/python3.10/dist-packages:/workspaces/UON-CS-robotlab-simulation-container/install/dynamixel_sdk_custom_interfaces/local/lib/python3.10/dist-packages:/workspaces/UON-CS-robotlab-simulation-container/install/dynamixel_sdk/local/lib/python3.10/dist-packages:/opt/ros/humble/lib/python3.10/site-packages:/opt/ros/humble/local/lib/python3.10/dist-packages'), ('CODESPACE_NAME', 'urban-space-garbanzo-j7wwvprrjjp25j95'), ('COLCON', '1'), ('CMAKE_PREFIX_PATH', '/workspaces/UON-CS-robotlab-simulation-container/install/turtlebot3:/workspaces/UON-CS-robotlab-simulation-container/install/turtlebot3_simulations:/workspaces/UON-CS-robotlab-simulation-container/install/turtlebot3_bringup:/workspaces/UON-CS-robotlab-simulation-container/install/turtlebot3_node:/workspaces/UON-CS-robotlab-simulation-container/install/turtlebot3_navigation2:/workspaces/UON-CS-robotlab-simulation-container/install/turtlebot3_fake_node:/workspaces/UON-CS-robotlab-simulation-container/install/turtlebot3_msgs:/workspaces/UON-CS-robotlab-simulation-container/install/turtlebot3_manipulation_gazebo:/workspaces/UON-CS-robotlab-simulation-container/install/turtlebot3_gazebo:/workspaces/UON-CS-robotlab-simulation-container/install/turtlebot3_description:/workspaces/UON-CS-robotlab-simulation-container/install/turtlebot3_cartographer:/workspaces/UON-CS-robotlab-simulation-container/install/dynamixel_sdk_examples:/workspaces/UON-CS-robotlab-simulation-container/install/dynamixel_sdk_custom_interfaces:/workspaces/UON-CS-robotlab-simulation-container/install/dynamixel_sdk:/workspaces/UON-CS-robotlab-simulation-container/install/turtlebot3_teleop:/workspaces/UON-CS-robotlab-simulation-container/install/turtlebot3_example:/opt/ros/humble')]), 'shell': False}
[4.286330] (dynamixel_sdk_custom_interfaces) StdoutLine: {'line': b'[ 25%] Built target dynamixel_sdk_custom_interfaces__rosidl_typesupport_fastrtps_cpp\n'}
[4.303301] (turtlebot3_msgs) StdoutLine: {'line': b'-- Install configuration: ""\n'}
[4.339646] (turtlebot3_msgs) StdoutLine: {'line': b'-- Execute custom install script\n'}
[4.339918] (turtlebot3_msgs) StdoutLine: {'line': b'-- Up-to-date symlink: /workspaces/UON-CS-robotlab-simulation-container/install/turtlebot3_msgs/share/ament_index/resource_index/rosidl_interfaces/turtlebot3_msgs\n'}
[4.340909] (turtlebot3_msgs) StdoutLine: {'line': b'-- Up-to-date symlink: /workspaces/UON-CS-robotlab-simulation-container/install/turtlebot3_msgs/include/turtlebot3_msgs/turtlebot3_msgs/action/detail/patrol__functions.h\n'}
[4.345132] (turtlebot3_msgs) StdoutLine: {'line': b'-- Up-to-date symlink: /workspaces/UON-CS-robotlab-simulation-container/install/turtlebot3_msgs/include/turtlebot3_msgs/turtlebot3_msgs/action/detail/patrol__struct.h\n'}
[4.345831] (turtlebot3_msgs) StdoutLine: {'line': b'-- Up-to-date symlink: /workspaces/UON-CS-robotlab-simulation-container/install/turtlebot3_msgs/include/turtlebot3_msgs/turtlebot3_msgs/action/detail/patrol__type_support.h\n'}
[4.346653] (turtlebot3_msgs) StdoutLine: {'line': b'-- Up-to-date symlink: /workspaces/UON-CS-robotlab-simulation-container/install/turtlebot3_msgs/include/turtlebot3_msgs/turtlebot3_msgs/action/patrol.h\n'}
[4.346811] (turtlebot3_msgs) StdoutLine: {'line': b'-- Up-to-date symlink: /workspaces/UON-CS-robotlab-simulation-container/install/turtlebot3_msgs/include/turtlebot3_msgs/turtlebot3_msgs/msg/detail/sensor_state__functions.h\n'}
[4.347418] (turtlebot3_msgs) StdoutLine: {'line': b'-- Up-to-date symlink: /workspaces/UON-CS-robotlab-simulation-container/install/turtlebot3_msgs/include/turtlebot3_msgs/turtlebot3_msgs/msg/detail/sensor_state__struct.h\n'}
[4.352566] (turtlebot3_msgs) StdoutLine: {'line': b'-- Up-to-date symlink: /workspaces/UON-CS-robotlab-simulation-container/install/turtlebot3_msgs/include/turtlebot3_msgs/turtlebot3_msgs/msg/detail/sensor_state__type_support.h\n'}
[4.352778] (turtlebot3_msgs) StdoutLine: {'line': b'-- Up-to-date symlink: /workspaces/UON-CS-robotlab-simulation-container/install/turtlebot3_msgs/include/turtlebot3_msgs/turtlebot3_msgs/msg/detail/sound__functions.h\n'}
[4.353267] (turtlebot3_msgs) StdoutLine: {'line': b'-- Up-to-date symlink: /workspaces/UON-CS-robotlab-simulation-container/install/turtlebot3_msgs/include/turtlebot3_msgs/turtlebot3_msgs/msg/detail/sound__struct.h\n'}
[4.353848] (turtlebot3_msgs) StdoutLine: {'line': b'-- Up-to-date symlink: /workspaces/UON-CS-robotlab-simulation-container/install/turtlebot3_msgs/include/turtlebot3_msgs/turtlebot3_msgs/msg/detail/sound__type_support.h\n'}
[4.355739] (turtlebot3_msgs) StdoutLine: {'line': b'-- Up-to-date symlink: /workspaces/UON-CS-robotlab-simulation-container/install/turtlebot3_msgs/include/turtlebot3_msgs/turtlebot3_msgs/msg/detail/version_info__functions.h\n'}
[4.356405] (turtlebot3_msgs) StdoutLine: {'line': b'-- Up-to-date symlink: /workspaces/UON-CS-robotlab-simulation-container/install/turtlebot3_msgs/include/turtlebot3_msgs/turtlebot3_msgs/msg/detail/version_info__struct.h\n'}
[4.359399] (turtlebot3_msgs) StdoutLine: {'line': b'-- Up-to-date symlink: /workspaces/UON-CS-robotlab-simulation-container/install/turtlebot3_msgs/include/turtlebot3_msgs/turtlebot3_msgs/msg/detail/version_info__type_support.h\n'}
[4.359566] (turtlebot3_msgs) StdoutLine: {'line': b'-- Up-to-date symlink: /workspaces/UON-CS-robotlab-simulation-container/install/turtlebot3_msgs/include/turtlebot3_msgs/turtlebot3_msgs/msg/rosidl_generator_c__visibility_control.h\n'}
[4.362840] (turtlebot3_msgs) StdoutLine: {'line': b'-- Up-to-date symlink: /workspaces/UON-CS-robotlab-simulation-container/install/turtlebot3_msgs/include/turtlebot3_msgs/turtlebot3_msgs/msg/sensor_state.h\n'}
[4.363429] (turtlebot3_msgs) StdoutLine: {'line': b'-- Up-to-date symlink: /workspaces/UON-CS-robotlab-simulation-container/install/turtlebot3_msgs/include/turtlebot3_msgs/turtlebot3_msgs/msg/sound.h\n'}
[4.364319] (turtlebot3_msgs) StdoutLine: {'line': b'-- Up-to-date symlink: /workspaces/UON-CS-robotlab-simulation-container/install/turtlebot3_msgs/include/turtlebot3_msgs/turtlebot3_msgs/msg/version_info.h\n'}
[4.373097] (turtlebot3_msgs) StdoutLine: {'line': b'-- Up-to-date symlink: /workspaces/UON-CS-robotlab-simulation-container/install/turtlebot3_msgs/include/turtlebot3_msgs/turtlebot3_msgs/srv/detail/dqn__functions.h\n'}
[4.373268] (-) TimerEvent: {}
[4.382399] (turtlebot3_msgs) StdoutLine: {'line': b'-- Up-to-date symlink: /workspaces/UON-CS-robotlab-simulation-container/install/turtlebot3_msgs/include/turtlebot3_msgs/turtlebot3_msgs/srv/detail/dqn__struct.h\n'}
[4.384711] (turtlebot3_msgs) StdoutLine: {'line': b'-- Up-to-date symlink: /workspaces/UON-CS-robotlab-simulation-container/install/turtlebot3_msgs/include/turtlebot3_msgs/turtlebot3_msgs/srv/detail/dqn__type_support.h\n'}
[4.385841] (turtlebot3_msgs) StdoutLine: {'line': b'-- Up-to-date symlink: /workspaces/UON-CS-robotlab-simulation-container/install/turtlebot3_msgs/include/turtlebot3_msgs/turtlebot3_msgs/srv/detail/goal__functions.h\n'}
[4.392927] (turtlebot3_msgs) StdoutLine: {'line': b'-- Up-to-date symlink: /workspaces/UON-CS-robotlab-simulation-container/install/turtlebot3_msgs/include/turtlebot3_msgs/turtlebot3_msgs/srv/detail/goal__struct.h\n'}
[4.393417] (turtlebot3_msgs) StdoutLine: {'line': b'-- Up-to-date symlink: /workspaces/UON-CS-robotlab-simulation-container/install/turtlebot3_msgs/include/turtlebot3_msgs/turtlebot3_msgs/srv/detail/goal__type_support.h\n'}
[4.393567] (turtlebot3_msgs) StdoutLine: {'line': b'-- Up-to-date symlink: /workspaces/UON-CS-robotlab-simulation-container/install/turtlebot3_msgs/include/turtlebot3_msgs/turtlebot3_msgs/srv/detail/sound__functions.h\n'}
[4.393984] (turtlebot3_msgs) StdoutLine: {'line': b'-- Up-to-date symlink: /workspaces/UON-CS-robotlab-simulation-container/install/turtlebot3_msgs/include/turtlebot3_msgs/turtlebot3_msgs/srv/detail/sound__struct.h\n'}
[4.394423] (turtlebot3_msgs) StdoutLine: {'line': b'-- Up-to-date symlink: /workspaces/UON-CS-robotlab-simulation-container/install/turtlebot3_msgs/include/turtlebot3_msgs/turtlebot3_msgs/srv/detail/sound__type_support.h\n'}
[4.394774] (turtlebot3_msgs) StdoutLine: {'line': b'-- Up-to-date symlink: /workspaces/UON-CS-robotlab-simulation-container/install/turtlebot3_msgs/include/turtlebot3_msgs/turtlebot3_msgs/srv/dqn.h\n'}
[4.395131] (turtlebot3_msgs) StdoutLine: {'line': b'-- Up-to-date symlink: /workspaces/UON-CS-robotlab-simulation-container/install/turtlebot3_msgs/include/turtlebot3_msgs/turtlebot3_msgs/srv/goal.h\n'}
[4.399620] (turtlebot3_msgs) StdoutLine: {'line': b'-- Up-to-date symlink: /workspaces/UON-CS-robotlab-simulation-container/install/turtlebot3_msgs/include/turtlebot3_msgs/turtlebot3_msgs/srv/sound.h\n'}
[4.399832] (turtlebot3_msgs) StdoutLine: {'line': b'-- Up-to-date symlink: /workspaces/UON-CS-robotlab-simulation-container/install/turtlebot3_msgs/share/turtlebot3_msgs/environment/library_path.sh\n'}
[4.399971] (turtlebot3_msgs) StdoutLine: {'line': b'-- Up-to-date symlink: /workspaces/UON-CS-robotlab-simulation-container/install/turtlebot3_msgs/share/turtlebot3_msgs/environment/library_path.dsv\n'}
[4.400925] (turtlebot3_msgs) StdoutLine: {'line': b'-- Up-to-date symlink: /workspaces/UON-CS-robotlab-simulation-container/install/turtlebot3_msgs/include/turtlebot3_msgs/turtlebot3_msgs/action/detail/patrol__rosidl_typesupport_fastrtps_c.h\n'}
[4.401377] (turtlebot3_msgs) StdoutLine: {'line': b'-- Up-to-date symlink: /workspaces/UON-CS-robotlab-simulation-container/install/turtlebot3_msgs/include/turtlebot3_msgs/turtlebot3_msgs/msg/detail/sensor_state__rosidl_typesupport_fastrtps_c.h\n'}
[4.403093] (turtlebot3_msgs) StdoutLine: {'line': b'-- Up-to-date symlink: /workspaces/UON-CS-robotlab-simulation-container/install/turtlebot3_msgs/include/turtlebot3_msgs/turtlebot3_msgs/msg/detail/sound__rosidl_typesupport_fastrtps_c.h\n'}
[4.403544] (turtlebot3_msgs) StdoutLine: {'line': b'-- Up-to-date symlink: /workspaces/UON-CS-robotlab-simulation-container/install/turtlebot3_msgs/include/turtlebot3_msgs/turtlebot3_msgs/msg/detail/version_info__rosidl_typesupport_fastrtps_c.h\n'}
[4.403987] (turtlebot3_msgs) StdoutLine: {'line': b'-- Up-to-date symlink: /workspaces/UON-CS-robotlab-simulation-container/install/turtlebot3_msgs/include/turtlebot3_msgs/turtlebot3_msgs/msg/rosidl_typesupport_fastrtps_c__visibility_control.h\n'}
[4.404289] (turtlebot3_msgs) StdoutLine: {'line': b'-- Up-to-date symlink: /workspaces/UON-CS-robotlab-simulation-container/install/turtlebot3_msgs/include/turtlebot3_msgs/turtlebot3_msgs/srv/detail/dqn__rosidl_typesupport_fastrtps_c.h\n'}
[4.405832] (turtlebot3_msgs) StdoutLine: {'line': b'-- Up-to-date symlink: /workspaces/UON-CS-robotlab-simulation-container/install/turtlebot3_msgs/include/turtlebot3_msgs/turtlebot3_msgs/srv/detail/goal__rosidl_typesupport_fastrtps_c.h\n'}
[4.407210] (turtlebot3_msgs) StdoutLine: {'line': b'-- Up-to-date symlink: /workspaces/UON-CS-robotlab-simulation-container/install/turtlebot3_msgs/include/turtlebot3_msgs/turtlebot3_msgs/srv/detail/sound__rosidl_typesupport_fastrtps_c.h\n'}
[4.408550] (turtlebot3_msgs) StdoutLine: {'line': b'-- Up-to-date symlink: /workspaces/UON-CS-robotlab-simulation-container/install/turtlebot3_msgs/include/turtlebot3_msgs/turtlebot3_msgs/action/detail/patrol__builder.hpp\n'}
[4.411421] (turtlebot3_msgs) StdoutLine: {'line': b'-- Up-to-date symlink: /workspaces/UON-CS-robotlab-simulation-container/install/turtlebot3_msgs/include/turtlebot3_msgs/turtlebot3_msgs/action/detail/patrol__struct.hpp\n'}
[4.411945] (turtlebot3_msgs) StdoutLine: {'line': b'-- Up-to-date symlink: /workspaces/UON-CS-robotlab-simulation-container/install/turtlebot3_msgs/include/turtlebot3_msgs/turtlebot3_msgs/action/detail/patrol__traits.hpp\n'}
[4.412641] (turtlebot3_msgs) StdoutLine: {'line': b'-- Up-to-date symlink: /workspaces/UON-CS-robotlab-simulation-container/install/turtlebot3_msgs/include/turtlebot3_msgs/turtlebot3_msgs/action/detail/patrol__type_support.hpp\n'}
[4.413049] (turtlebot3_msgs) StdoutLine: {'line': b'-- Up-to-date symlink: /workspaces/UON-CS-robotlab-simulation-container/install/turtlebot3_msgs/include/turtlebot3_msgs/turtlebot3_msgs/action/patrol.hpp\n'}
[4.413352] (turtlebot3_msgs) StdoutLine: {'line': b'-- Up-to-date symlink: /workspaces/UON-CS-robotlab-simulation-container/install/turtlebot3_msgs/include/turtlebot3_msgs/turtlebot3_msgs/msg/detail/sensor_state__builder.hpp\n'}
[4.414288] (dynamixel_sdk_custom_interfaces) StdoutLine: {'line': b'[ 35%] Built target dynamixel_sdk_custom_interfaces__rosidl_typesupport_introspection_c\n'}
[4.414466] (turtlebot3_msgs) StdoutLine: {'line': b'-- Up-to-date symlink: /workspaces/UON-CS-robotlab-simulation-container/install/turtlebot3_msgs/include/turtlebot3_msgs/turtlebot3_msgs/msg/detail/sensor_state__struct.hpp\n'}
[4.414594] (turtlebot3_msgs) StdoutLine: {'line': b'-- Up-to-date symlink: /workspaces/UON-CS-robotlab-simulation-container/install/turtlebot3_msgs/include/turtlebot3_msgs/turtlebot3_msgs/msg/detail/sensor_state__traits.hpp\n'}
[4.415845] (turtlebot3_msgs) StdoutLine: {'line': b'-- Up-to-date symlink: /workspaces/UON-CS-robotlab-simulation-container/install/turtlebot3_msgs/include/turtlebot3_msgs/turtlebot3_msgs/msg/detail/sensor_state__type_support.hpp\n'}
[4.416007] (turtlebot3_msgs) StdoutLine: {'line': b'-- Up-to-date symlink: /workspaces/UON-CS-robotlab-simulation-container/install/turtlebot3_msgs/include/turtlebot3_msgs/turtlebot3_msgs/msg/detail/sound__builder.hpp\n'}
[4.416118] (turtlebot3_msgs) StdoutLine: {'line': b'-- Up-to-date symlink: /workspaces/UON-CS-robotlab-simulation-container/install/turtlebot3_msgs/include/turtlebot3_msgs/turtlebot3_msgs/msg/detail/sound__struct.hpp\n'}
[4.417648] (turtlebot3_msgs) StdoutLine: {'line': b'-- Up-to-date symlink: /workspaces/UON-CS-robotlab-simulation-container/install/turtlebot3_msgs/include/turtlebot3_msgs/turtlebot3_msgs/msg/detail/sound__traits.hpp\n'}
[4.417817] (turtlebot3_msgs) StdoutLine: {'line': b'-- Up-to-date symlink: /workspaces/UON-CS-robotlab-simulation-container/install/turtlebot3_msgs/include/turtlebot3_msgs/turtlebot3_msgs/msg/detail/sound__type_support.hpp\n'}
[4.420969] (turtlebot3_msgs) StdoutLine: {'line': b'-- Up-to-date symlink: /workspaces/UON-CS-robotlab-simulation-container/install/turtlebot3_msgs/include/turtlebot3_msgs/turtlebot3_msgs/msg/detail/version_info__builder.hpp\n'}
[4.422060] (turtlebot3_msgs) StdoutLine: {'line': b'-- Up-to-date symlink: /workspaces/UON-CS-robotlab-simulation-container/install/turtlebot3_msgs/include/turtlebot3_msgs/turtlebot3_msgs/msg/detail/version_info__struct.hpp\n'}
[4.423086] (turtlebot3_msgs) StdoutLine: {'line': b'-- Up-to-date symlink: /workspaces/UON-CS-robotlab-simulation-container/install/turtlebot3_msgs/include/turtlebot3_msgs/turtlebot3_msgs/msg/detail/version_info__traits.hpp\n'}
[4.423894] (turtlebot3_msgs) StdoutLine: {'line': b'-- Up-to-date symlink: /workspaces/UON-CS-robotlab-simulation-container/install/turtlebot3_msgs/include/turtlebot3_msgs/turtlebot3_msgs/msg/detail/version_info__type_support.hpp\n'}
[4.425925] (turtlebot3_msgs) StdoutLine: {'line': b'-- Up-to-date symlink: /workspaces/UON-CS-robotlab-simulation-container/install/turtlebot3_msgs/include/turtlebot3_msgs/turtlebot3_msgs/msg/rosidl_generator_cpp__visibility_control.hpp\n'}
[4.426250] (turtlebot3_msgs) StdoutLine: {'line': b'-- Up-to-date symlink: /workspaces/UON-CS-robotlab-simulation-container/install/turtlebot3_msgs/include/turtlebot3_msgs/turtlebot3_msgs/msg/sensor_state.hpp\n'}
[4.427331] (turtlebot3_msgs) StdoutLine: {'line': b'-- Up-to-date symlink: /workspaces/UON-CS-robotlab-simulation-container/install/turtlebot3_msgs/include/turtlebot3_msgs/turtlebot3_msgs/msg/sound.hpp\n'}
[4.430035] (turtlebot3_msgs) StdoutLine: {'line': b'-- Up-to-date symlink: /workspaces/UON-CS-robotlab-simulation-container/install/turtlebot3_msgs/include/turtlebot3_msgs/turtlebot3_msgs/msg/version_info.hpp\n'}
[4.430194] (turtlebot3_msgs) StdoutLine: {'line': b'-- Up-to-date symlink: /workspaces/UON-CS-robotlab-simulation-container/install/turtlebot3_msgs/include/turtlebot3_msgs/turtlebot3_msgs/srv/detail/dqn__builder.hpp\n'}
[4.432622] (turtlebot3_msgs) StdoutLine: {'line': b'-- Up-to-date symlink: /workspaces/UON-CS-robotlab-simulation-container/install/turtlebot3_msgs/include/turtlebot3_msgs/turtlebot3_msgs/srv/detail/dqn__struct.hpp\n'}
[4.433439] (turtlebot3_msgs) StdoutLine: {'line': b'-- Up-to-date symlink: /workspaces/UON-CS-robotlab-simulation-container/install/turtlebot3_msgs/include/turtlebot3_msgs/turtlebot3_msgs/srv/detail/dqn__traits.hpp\n'}
[4.433844] (turtlebot3_msgs) StdoutLine: {'line': b'-- Up-to-date symlink: /workspaces/UON-CS-robotlab-simulation-container/install/turtlebot3_msgs/include/turtlebot3_msgs/turtlebot3_msgs/srv/detail/dqn__type_support.hpp\n'}
[4.435405] (turtlebot3_msgs) StdoutLine: {'line': b'-- Up-to-date symlink: /workspaces/UON-CS-robotlab-simulation-container/install/turtlebot3_msgs/include/turtlebot3_msgs/turtlebot3_msgs/srv/detail/goal__builder.hpp\n'}
[4.437270] (turtlebot3_msgs) StdoutLine: {'line': b'-- Up-to-date symlink: /workspaces/UON-CS-robotlab-simulation-container/install/turtlebot3_msgs/include/turtlebot3_msgs/turtlebot3_msgs/srv/detail/goal__struct.hpp\n'}
[4.437960] (turtlebot3_msgs) StdoutLine: {'line': b'-- Up-to-date symlink: /workspaces/UON-CS-robotlab-simulation-container/install/turtlebot3_msgs/include/turtlebot3_msgs/turtlebot3_msgs/srv/detail/goal__traits.hpp\n'}
[4.439360] (turtlebot3_msgs) StdoutLine: {'line': b'-- Up-to-date symlink: /workspaces/UON-CS-robotlab-simulation-container/install/turtlebot3_msgs/include/turtlebot3_msgs/turtlebot3_msgs/srv/detail/goal__type_support.hpp\n'}
[4.440263] (turtlebot3_msgs) StdoutLine: {'line': b'-- Up-to-date symlink: /workspaces/UON-CS-robotlab-simulation-container/install/turtlebot3_msgs/include/turtlebot3_msgs/turtlebot3_msgs/srv/detail/sound__builder.hpp\n'}
[4.441019] (turtlebot3_msgs) StdoutLine: {'line': b'-- Up-to-date symlink: /workspaces/UON-CS-robotlab-simulation-container/install/turtlebot3_msgs/include/turtlebot3_msgs/turtlebot3_msgs/srv/detail/sound__struct.hpp\n'}
[4.442698] (turtlebot3_msgs) StdoutLine: {'line': b'-- Up-to-date symlink: /workspaces/UON-CS-robotlab-simulation-container/install/turtlebot3_msgs/include/turtlebot3_msgs/turtlebot3_msgs/srv/detail/sound__traits.hpp\n'}
[4.445514] (turtlebot3_msgs) StdoutLine: {'line': b'-- Up-to-date symlink: /workspaces/UON-CS-robotlab-simulation-container/install/turtlebot3_msgs/include/turtlebot3_msgs/turtlebot3_msgs/srv/detail/sound__type_support.hpp\n'}
[4.446469] (turtlebot3_msgs) StdoutLine: {'line': b'-- Up-to-date symlink: /workspaces/UON-CS-robotlab-simulation-container/install/turtlebot3_msgs/include/turtlebot3_msgs/turtlebot3_msgs/srv/dqn.hpp\n'}
[4.447656] (turtlebot3_msgs) StdoutLine: {'line': b'-- Up-to-date symlink: /workspaces/UON-CS-robotlab-simulation-container/install/turtlebot3_msgs/include/turtlebot3_msgs/turtlebot3_msgs/srv/goal.hpp\n'}
[4.449280] (turtlebot3_msgs) StdoutLine: {'line': b'-- Up-to-date symlink: /workspaces/UON-CS-robotlab-simulation-container/install/turtlebot3_msgs/include/turtlebot3_msgs/turtlebot3_msgs/srv/sound.hpp\n'}
[4.452022] (turtlebot3_msgs) StdoutLine: {'line': b'-- Up-to-date symlink: /workspaces/UON-CS-robotlab-simulation-container/install/turtlebot3_msgs/include/turtlebot3_msgs/turtlebot3_msgs/action/detail/patrol__rosidl_typesupport_fastrtps_cpp.hpp\n'}
[4.453182] (turtlebot3_msgs) StdoutLine: {'line': b'-- Up-to-date symlink: /workspaces/UON-CS-robotlab-simulation-container/install/turtlebot3_msgs/include/turtlebot3_msgs/turtlebot3_msgs/msg/detail/sensor_state__rosidl_typesupport_fastrtps_cpp.hpp\n'}
[4.453350] (turtlebot3_msgs) StdoutLine: {'line': b'-- Up-to-date symlink: /workspaces/UON-CS-robotlab-simulation-container/install/turtlebot3_msgs/include/turtlebot3_msgs/turtlebot3_msgs/msg/detail/sound__rosidl_typesupport_fastrtps_cpp.hpp\n'}
[4.453459] (turtlebot3_msgs) StdoutLine: {'line': b'-- Up-to-date symlink: /workspaces/UON-CS-robotlab-simulation-container/install/turtlebot3_msgs/include/turtlebot3_msgs/turtlebot3_msgs/msg/detail/version_info__rosidl_typesupport_fastrtps_cpp.hpp\n'}
[4.455137] (turtlebot3_msgs) StdoutLine: {'line': b'-- Up-to-date symlink: /workspaces/UON-CS-robotlab-simulation-container/install/turtlebot3_msgs/include/turtlebot3_msgs/turtlebot3_msgs/msg/rosidl_typesupport_fastrtps_cpp__visibility_control.h\n'}
[4.455305] (turtlebot3_msgs) StdoutLine: {'line': b'-- Up-to-date symlink: /workspaces/UON-CS-robotlab-simulation-container/install/turtlebot3_msgs/include/turtlebot3_msgs/turtlebot3_msgs/srv/detail/dqn__rosidl_typesupport_fastrtps_cpp.hpp\n'}
[4.458919] (turtlebot3_msgs) StdoutLine: {'line': b'-- Up-to-date symlink: /workspaces/UON-CS-robotlab-simulation-container/install/turtlebot3_msgs/include/turtlebot3_msgs/turtlebot3_msgs/srv/detail/goal__rosidl_typesupport_fastrtps_cpp.hpp\n'}
[4.459650] (turtlebot3_msgs) StdoutLine: {'line': b'-- Up-to-date symlink: /workspaces/UON-CS-robotlab-simulation-container/install/turtlebot3_msgs/include/turtlebot3_msgs/turtlebot3_msgs/srv/detail/sound__rosidl_typesupport_fastrtps_cpp.hpp\n'}
[4.460913] (turtlebot3_msgs) StdoutLine: {'line': b'-- Up-to-date symlink: /workspaces/UON-CS-robotlab-simulation-container/install/turtlebot3_msgs/include/turtlebot3_msgs/turtlebot3_msgs/action/detail/patrol__rosidl_typesupport_introspection_c.h\n'}
[4.461911] (turtlebot3_msgs) StdoutLine: {'line': b'-- Up-to-date symlink: /workspaces/UON-CS-robotlab-simulation-container/install/turtlebot3_msgs/include/turtlebot3_msgs/turtlebot3_msgs/msg/detail/sensor_state__rosidl_typesupport_introspection_c.h\n'}
[4.462135] (turtlebot3_msgs) StdoutLine: {'line': b'-- Up-to-date symlink: /workspaces/UON-CS-robotlab-simulation-container/install/turtlebot3_msgs/include/turtlebot3_msgs/turtlebot3_msgs/msg/detail/sound__rosidl_typesupport_introspection_c.h\n'}
[4.462807] (turtlebot3_msgs) StdoutLine: {'line': b'-- Up-to-date symlink: /workspaces/UON-CS-robotlab-simulation-container/install/turtlebot3_msgs/include/turtlebot3_msgs/turtlebot3_msgs/msg/detail/version_info__rosidl_typesupport_introspection_c.h\n'}
[4.467306] (turtlebot3_msgs) StdoutLine: {'line': b'-- Up-to-date symlink: /workspaces/UON-CS-robotlab-simulation-container/install/turtlebot3_msgs/include/turtlebot3_msgs/turtlebot3_msgs/msg/rosidl_typesupport_introspection_c__visibility_control.h\n'}
[4.468896] (turtlebot3_msgs) StdoutLine: {'line': b'-- Up-to-date symlink: /workspaces/UON-CS-robotlab-simulation-container/install/turtlebot3_msgs/include/turtlebot3_msgs/turtlebot3_msgs/srv/detail/dqn__rosidl_typesupport_introspection_c.h\n'}
[4.469069] (turtlebot3_msgs) StdoutLine: {'line': b'-- Up-to-date symlink: /workspaces/UON-CS-robotlab-simulation-container/install/turtlebot3_msgs/include/turtlebot3_msgs/turtlebot3_msgs/srv/detail/goal__rosidl_typesupport_introspection_c.h\n'}
[4.470091] (turtlebot3_msgs) StdoutLine: {'line': b'-- Up-to-date symlink: /workspaces/UON-CS-robotlab-simulation-container/install/turtlebot3_msgs/include/turtlebot3_msgs/turtlebot3_msgs/srv/detail/sound__rosidl_typesupport_introspection_c.h\n'}
[4.473359] (-) TimerEvent: {}
[4.479670] (turtlebot3_msgs) StdoutLine: {'line': b'-- Up-to-date symlink: /workspaces/UON-CS-robotlab-simulation-container/install/turtlebot3_msgs/include/turtlebot3_msgs/turtlebot3_msgs/action/detail/patrol__rosidl_typesupport_introspection_cpp.hpp\n'}
[4.484390] (turtlebot3_msgs) StdoutLine: {'line': b'-- Up-to-date symlink: /workspaces/UON-CS-robotlab-simulation-container/install/turtlebot3_msgs/include/turtlebot3_msgs/turtlebot3_msgs/msg/detail/sensor_state__rosidl_typesupport_introspection_cpp.hpp\n'}
[4.484750] (turtlebot3_msgs) StdoutLine: {'line': b'-- Up-to-date symlink: /workspaces/UON-CS-robotlab-simulation-container/install/turtlebot3_msgs/include/turtlebot3_msgs/turtlebot3_msgs/msg/detail/sound__rosidl_typesupport_introspection_cpp.hpp\n'}
[4.485241] (turtlebot3_msgs) StdoutLine: {'line': b'-- Up-to-date symlink: /workspaces/UON-CS-robotlab-simulation-container/install/turtlebot3_msgs/include/turtlebot3_msgs/turtlebot3_msgs/msg/detail/version_info__rosidl_typesupport_introspection_cpp.hpp\n'}
[4.486012] (turtlebot3_msgs) StdoutLine: {'line': b'-- Up-to-date symlink: /workspaces/UON-CS-robotlab-simulation-container/install/turtlebot3_msgs/include/turtlebot3_msgs/turtlebot3_msgs/srv/detail/dqn__rosidl_typesupport_introspection_cpp.hpp\n'}
[4.486653] (turtlebot3_msgs) StdoutLine: {'line': b'-- Up-to-date symlink: /workspaces/UON-CS-robotlab-simulation-container/install/turtlebot3_msgs/include/turtlebot3_msgs/turtlebot3_msgs/srv/detail/goal__rosidl_typesupport_introspection_cpp.hpp\n'}
[4.487568] (turtlebot3_msgs) StdoutLine: {'line': b'-- Up-to-date symlink: /workspaces/UON-CS-robotlab-simulation-container/install/turtlebot3_msgs/include/turtlebot3_msgs/turtlebot3_msgs/srv/detail/sound__rosidl_typesupport_introspection_cpp.hpp\n'}
[4.488062] (turtlebot3_msgs) StdoutLine: {'line': b'-- Up-to-date symlink: /workspaces/UON-CS-robotlab-simulation-container/install/turtlebot3_msgs/share/turtlebot3_msgs/environment/pythonpath.sh\n'}
[4.488835] (turtlebot3_msgs) StdoutLine: {'line': b'-- Up-to-date symlink: /workspaces/UON-CS-robotlab-simulation-container/install/turtlebot3_msgs/share/turtlebot3_msgs/environment/pythonpath.dsv\n'}
[4.492277] (turtlebot3_msgs) StdoutLine: {'line': b'-- Up-to-date symlink: /workspaces/UON-CS-robotlab-simulation-container/install/turtlebot3_msgs/local/lib/python3.10/dist-packages/turtlebot3_msgs-2.4.0-py3.10.egg-info/PKG-INFO\n'}
[4.492420] (turtlebot3_msgs) StdoutLine: {'line': b'-- Up-to-date symlink: /workspaces/UON-CS-robotlab-simulation-container/install/turtlebot3_msgs/local/lib/python3.10/dist-packages/turtlebot3_msgs-2.4.0-py3.10.egg-info/SOURCES.txt\n'}
[4.493683] (turtlebot3_msgs) StdoutLine: {'line': b'-- Up-to-date symlink: /workspaces/UON-CS-robotlab-simulation-container/install/turtlebot3_msgs/local/lib/python3.10/dist-packages/turtlebot3_msgs-2.4.0-py3.10.egg-info/dependency_links.txt\n'}
[4.495623] (turtlebot3_msgs) StdoutLine: {'line': b'-- Up-to-date symlink: /workspaces/UON-CS-robotlab-simulation-container/install/turtlebot3_msgs/local/lib/python3.10/dist-packages/turtlebot3_msgs-2.4.0-py3.10.egg-info/top_level.txt\n'}
[4.498669] (dynamixel_sdk_custom_interfaces) StdoutLine: {'line': b'[ 45%] Built target dynamixel_sdk_custom_interfaces__rosidl_typesupport_c\n'}
[4.498913] (turtlebot3_msgs) StdoutLine: {'line': b'-- Up-to-date symlink: /workspaces/UON-CS-robotlab-simulation-container/install/turtlebot3_msgs/local/lib/python3.10/dist-packages/turtlebot3_msgs/__init__.py\n'}
[4.499219] (turtlebot3_msgs) StdoutLine: {'line': b'-- Up-to-date symlink: /workspaces/UON-CS-robotlab-simulation-container/install/turtlebot3_msgs/local/lib/python3.10/dist-packages/turtlebot3_msgs/_turtlebot3_msgs_s.ep.rosidl_typesupport_c.c\n'}
[4.499799] (turtlebot3_msgs) StdoutLine: {'line': b'-- Up-to-date symlink: /workspaces/UON-CS-robotlab-simulation-container/install/turtlebot3_msgs/local/lib/python3.10/dist-packages/turtlebot3_msgs/_turtlebot3_msgs_s.ep.rosidl_typesupport_fastrtps_c.c\n'}
[4.500534] (turtlebot3_msgs) StdoutLine: {'line': b'-- Up-to-date symlink: /workspaces/UON-CS-robotlab-simulation-container/install/turtlebot3_msgs/local/lib/python3.10/dist-packages/turtlebot3_msgs/_turtlebot3_msgs_s.ep.rosidl_typesupport_introspection_c.c\n'}
[4.501375] (turtlebot3_msgs) StdoutLine: {'line': b'-- Up-to-date symlink: /workspaces/UON-CS-robotlab-simulation-container/install/turtlebot3_msgs/local/lib/python3.10/dist-packages/turtlebot3_msgs/action/__init__.py\n'}
[4.503112] (turtlebot3_msgs) StdoutLine: {'line': b'-- Up-to-date symlink: /workspaces/UON-CS-robotlab-simulation-container/install/turtlebot3_msgs/local/lib/python3.10/dist-packages/turtlebot3_msgs/action/_patrol.py\n'}
[4.504747] (turtlebot3_msgs) StdoutLine: {'line': b'-- Up-to-date symlink: /workspaces/UON-CS-robotlab-simulation-container/install/turtlebot3_msgs/local/lib/python3.10/dist-packages/turtlebot3_msgs/action/_patrol_s.c\n'}
[4.504991] (turtlebot3_msgs) StdoutLine: {'line': b'-- Up-to-date symlink: /workspaces/UON-CS-robotlab-simulation-container/install/turtlebot3_msgs/local/lib/python3.10/dist-packages/turtlebot3_msgs/libturtlebot3_msgs__rosidl_generator_py.so\n'}
[4.505117] (turtlebot3_msgs) StdoutLine: {'line': b'-- Up-to-date symlink: /workspaces/UON-CS-robotlab-simulation-container/install/turtlebot3_msgs/local/lib/python3.10/dist-packages/turtlebot3_msgs/msg/__init__.py\n'}
[4.505230] (turtlebot3_msgs) StdoutLine: {'line': b'-- Up-to-date symlink: /workspaces/UON-CS-robotlab-simulation-container/install/turtlebot3_msgs/local/lib/python3.10/dist-packages/turtlebot3_msgs/msg/_sensor_state.py\n'}
[4.505342] (turtlebot3_msgs) StdoutLine: {'line': b'-- Up-to-date symlink: /workspaces/UON-CS-robotlab-simulation-container/install/turtlebot3_msgs/local/lib/python3.10/dist-packages/turtlebot3_msgs/msg/_sensor_state_s.c\n'}
[4.506680] (turtlebot3_msgs) StdoutLine: {'line': b'-- Up-to-date symlink: /workspaces/UON-CS-robotlab-simulation-container/install/turtlebot3_msgs/local/lib/python3.10/dist-packages/turtlebot3_msgs/msg/_sound.py\n'}
[4.506891] (turtlebot3_msgs) StdoutLine: {'line': b'-- Up-to-date symlink: /workspaces/UON-CS-robotlab-simulation-container/install/turtlebot3_msgs/local/lib/python3.10/dist-packages/turtlebot3_msgs/msg/_sound_s.c\n'}
[4.507050] (turtlebot3_msgs) StdoutLine: {'line': b'-- Up-to-date symlink: /workspaces/UON-CS-robotlab-simulation-container/install/turtlebot3_msgs/local/lib/python3.10/dist-packages/turtlebot3_msgs/msg/_version_info.py\n'}
[4.507160] (turtlebot3_msgs) StdoutLine: {'line': b'-- Up-to-date symlink: /workspaces/UON-CS-robotlab-simulation-container/install/turtlebot3_msgs/local/lib/python3.10/dist-packages/turtlebot3_msgs/msg/_version_info_s.c\n'}
[4.507967] (turtlebot3_msgs) StdoutLine: {'line': b'-- Up-to-date symlink: /workspaces/UON-CS-robotlab-simulation-container/install/turtlebot3_msgs/local/lib/python3.10/dist-packages/turtlebot3_msgs/srv/__init__.py\n'}
[4.509349] (turtlebot3_msgs) StdoutLine: {'line': b'-- Up-to-date symlink: /workspaces/UON-CS-robotlab-simulation-container/install/turtlebot3_msgs/local/lib/python3.10/dist-packages/turtlebot3_msgs/srv/_dqn.py\n'}
[4.509966] (turtlebot3_msgs) StdoutLine: {'line': b'-- Up-to-date symlink: /workspaces/UON-CS-robotlab-simulation-container/install/turtlebot3_msgs/local/lib/python3.10/dist-packages/turtlebot3_msgs/srv/_dqn_s.c\n'}
[4.510662] (turtlebot3_msgs) StdoutLine: {'line': b'-- Up-to-date symlink: /workspaces/UON-CS-robotlab-simulation-container/install/turtlebot3_msgs/local/lib/python3.10/dist-packages/turtlebot3_msgs/srv/_goal.py\n'}
[4.511496] (turtlebot3_msgs) StdoutLine: {'line': b'-- Up-to-date symlink: /workspaces/UON-CS-robotlab-simulation-container/install/turtlebot3_msgs/local/lib/python3.10/dist-packages/turtlebot3_msgs/srv/_goal_s.c\n'}
[4.512037] (turtlebot3_msgs) StdoutLine: {'line': b'-- Up-to-date symlink: /workspaces/UON-CS-robotlab-simulation-container/install/turtlebot3_msgs/local/lib/python3.10/dist-packages/turtlebot3_msgs/srv/_sound.py\n'}
[4.518994] (turtlebot3_msgs) StdoutLine: {'line': b'-- Up-to-date symlink: /workspaces/UON-CS-robotlab-simulation-container/install/turtlebot3_msgs/local/lib/python3.10/dist-packages/turtlebot3_msgs/srv/_sound_s.c\n'}
[4.519695] (turtlebot3_msgs) StdoutLine: {'line': b'-- Up-to-date symlink: /workspaces/UON-CS-robotlab-simulation-container/install/turtlebot3_msgs/local/lib/python3.10/dist-packages/turtlebot3_msgs/turtlebot3_msgs_s__rosidl_typesupport_c.cpython-310-x86_64-linux-gnu.so\n'}
[4.521839] (turtlebot3_msgs) StdoutLine: {'line': b'-- Up-to-date symlink: /workspaces/UON-CS-robotlab-simulation-container/install/turtlebot3_msgs/local/lib/python3.10/dist-packages/turtlebot3_msgs/turtlebot3_msgs_s__rosidl_typesupport_fastrtps_c.cpython-310-x86_64-linux-gnu.so\n'}
[4.524888] (turtlebot3_msgs) StdoutLine: {'line': b'-- Up-to-date symlink: /workspaces/UON-CS-robotlab-simulation-container/install/turtlebot3_msgs/local/lib/python3.10/dist-packages/turtlebot3_msgs/turtlebot3_msgs_s__rosidl_typesupport_introspection_c.cpython-310-x86_64-linux-gnu.so\n'}
[4.525633] (turtlebot3_msgs) StdoutLine: {'line': b'-- Up-to-date symlink: /workspaces/UON-CS-robotlab-simulation-container/install/turtlebot3_msgs/local/lib/python3.10/dist-packages/turtlebot3_msgs/turtlebot3_msgs_s__rosidl_typesupport_fastrtps_c.cpython-310-x86_64-linux-gnu.so\n'}
[4.526528] (turtlebot3_msgs) StdoutLine: {'line': b'-- Up-to-date symlink: /workspaces/UON-CS-robotlab-simulation-container/install/turtlebot3_msgs/local/lib/python3.10/dist-packages/turtlebot3_msgs/turtlebot3_msgs_s__rosidl_typesupport_introspection_c.cpython-310-x86_64-linux-gnu.so\n'}
[4.528485] (turtlebot3_msgs) StdoutLine: {'line': b'-- Up-to-date symlink: /workspaces/UON-CS-robotlab-simulation-container/install/turtlebot3_msgs/local/lib/python3.10/dist-packages/turtlebot3_msgs/turtlebot3_msgs_s__rosidl_typesupport_c.cpython-310-x86_64-linux-gnu.so\n'}
[4.531837] (turtlebot3_msgs) StdoutLine: {'line': b'-- Up-to-date symlink: /workspaces/UON-CS-robotlab-simulation-container/install/turtlebot3_msgs/share/ament_index/resource_index/rust_packages/turtlebot3_msgs\n'}
[4.532556] (turtlebot3_msgs) StdoutLine: {'line': b'-- Up-to-date symlink: /workspaces/UON-CS-robotlab-simulation-container/install/turtlebot3_msgs/share/turtlebot3_msgs/rust/Cargo.toml\n'}
[4.533285] (turtlebot3_msgs) StdoutLine: {'line': b'-- Up-to-date symlink: /workspaces/UON-CS-robotlab-simulation-container/install/turtlebot3_msgs/share/turtlebot3_msgs/rust/build.rs\n'}
[4.533638] (turtlebot3_msgs) StdoutLine: {'line': b'-- Up-to-date symlink: /workspaces/UON-CS-robotlab-simulation-container/install/turtlebot3_msgs/share/turtlebot3_msgs/rust/src/action.rs\n'}
[4.534212] (turtlebot3_msgs) StdoutLine: {'line': b'-- Up-to-date symlink: /workspaces/UON-CS-robotlab-simulation-container/install/turtlebot3_msgs/share/turtlebot3_msgs/rust/src/action/rmw.rs\n'}
[4.536657] (turtlebot3_msgs) StdoutLine: {'line': b'-- Up-to-date symlink: /workspaces/UON-CS-robotlab-simulation-container/install/turtlebot3_msgs/share/turtlebot3_msgs/rust/src/lib.rs\n'}
[4.537181] (turtlebot3_msgs) StdoutLine: {'line': b'-- Up-to-date symlink: /workspaces/UON-CS-robotlab-simulation-container/install/turtlebot3_msgs/share/turtlebot3_msgs/rust/src/msg.rs\n'}
[4.537651] (turtlebot3_msgs) StdoutLine: {'line': b'-- Up-to-date symlink: /workspaces/UON-CS-robotlab-simulation-container/install/turtlebot3_msgs/share/turtlebot3_msgs/rust/src/msg/rmw.rs\n'}
[4.537948] (turtlebot3_msgs) StdoutLine: {'line': b'-- Up-to-date symlink: /workspaces/UON-CS-robotlab-simulation-container/install/turtlebot3_msgs/share/turtlebot3_msgs/rust/src/srv.rs\n'}
[4.538432] (turtlebot3_msgs) StdoutLine: {'line': b'-- Up-to-date symlink: /workspaces/UON-CS-robotlab-simulation-container/install/turtlebot3_msgs/share/turtlebot3_msgs/rust/src/srv/rmw.rs\n'}
[4.539394] (turtlebot3_msgs) StdoutLine: {'line': b'-- Up-to-date symlink: /workspaces/UON-CS-robotlab-simulation-container/install/turtlebot3_msgs/share/turtlebot3_msgs/msg/SensorState.idl\n'}
[4.539565] (turtlebot3_msgs) StdoutLine: {'line': b'-- Up-to-date symlink: /workspaces/UON-CS-robotlab-simulation-container/install/turtlebot3_msgs/share/turtlebot3_msgs/msg/Sound.idl\n'}
[4.539824] (turtlebot3_msgs) StdoutLine: {'line': b'-- Up-to-date symlink: /workspaces/UON-CS-robotlab-simulation-container/install/turtlebot3_msgs/share/turtlebot3_msgs/msg/VersionInfo.idl\n'}
[4.540327] (turtlebot3_msgs) StdoutLine: {'line': b'-- Up-to-date symlink: /workspaces/UON-CS-robotlab-simulation-container/install/turtlebot3_msgs/share/turtlebot3_msgs/srv/Sound.idl\n'}
[4.540914] (turtlebot3_msgs) StdoutLine: {'line': b'-- Up-to-date symlink: /workspaces/UON-CS-robotlab-simulation-container/install/turtlebot3_msgs/share/turtlebot3_msgs/srv/Dqn.idl\n'}
[4.542012] (turtlebot3_msgs) StdoutLine: {'line': b'-- Up-to-date symlink: /workspaces/UON-CS-robotlab-simulation-container/install/turtlebot3_msgs/share/turtlebot3_msgs/srv/Goal.idl\n'}
[4.544703] (turtlebot3_msgs) StdoutLine: {'line': b'-- Up-to-date symlink: /workspaces/UON-CS-robotlab-simulation-container/install/turtlebot3_msgs/share/turtlebot3_msgs/action/Patrol.idl\n'}
[4.545623] (turtlebot3_msgs) StdoutLine: {'line': b'-- Up-to-date symlink: /workspaces/UON-CS-robotlab-simulation-container/install/turtlebot3_msgs/share/turtlebot3_msgs/msg/SensorState.msg\n'}
[4.545964] (turtlebot3_msgs) StdoutLine: {'line': b'-- Up-to-date symlink: /workspaces/UON-CS-robotlab-simulation-container/install/turtlebot3_msgs/share/turtlebot3_msgs/msg/Sound.msg\n'}
[4.546626] (turtlebot3_msgs) StdoutLine: {'line': b'-- Up-to-date symlink: /workspaces/UON-CS-robotlab-simulation-container/install/turtlebot3_msgs/share/turtlebot3_msgs/msg/VersionInfo.msg\n'}
[4.547748] (turtlebot3_msgs) StdoutLine: {'line': b'-- Up-to-date symlink: /workspaces/UON-CS-robotlab-simulation-container/install/turtlebot3_msgs/share/turtlebot3_msgs/srv/Sound.srv\n'}
[4.547907] (turtlebot3_msgs) StdoutLine: {'line': b'-- Up-to-date symlink: /workspaces/UON-CS-robotlab-simulation-container/install/turtlebot3_msgs/share/turtlebot3_msgs/srv/Sound_Request.msg\n'}
[4.548135] (turtlebot3_msgs) StdoutLine: {'line': b'-- Up-to-date symlink: /workspaces/UON-CS-robotlab-simulation-container/install/turtlebot3_msgs/share/turtlebot3_msgs/srv/Sound_Response.msg\n'}
[4.548220] (turtlebot3_msgs) StdoutLine: {'line': b'-- Up-to-date symlink: /workspaces/UON-CS-robotlab-simulation-container/install/turtlebot3_msgs/share/turtlebot3_msgs/srv/Dqn.srv\n'}
[4.548308] (turtlebot3_msgs) StdoutLine: {'line': b'-- Up-to-date symlink: /workspaces/UON-CS-robotlab-simulation-container/install/turtlebot3_msgs/share/turtlebot3_msgs/srv/Dqn_Request.msg\n'}
[4.548442] (turtlebot3_msgs) StdoutLine: {'line': b'-- Up-to-date symlink: /workspaces/UON-CS-robotlab-simulation-container/install/turtlebot3_msgs/share/turtlebot3_msgs/srv/Dqn_Response.msg\n'}
[4.548552] (turtlebot3_msgs) StdoutLine: {'line': b'-- Up-to-date symlink: /workspaces/UON-CS-robotlab-simulation-container/install/turtlebot3_msgs/share/turtlebot3_msgs/srv/Goal.srv\n'}
[4.549900] (turtlebot3_msgs) StdoutLine: {'line': b'-- Up-to-date symlink: /workspaces/UON-CS-robotlab-simulation-container/install/turtlebot3_msgs/share/turtlebot3_msgs/srv/Goal_Request.msg\n'}
[4.550727] (turtlebot3_msgs) StdoutLine: {'line': b'-- Up-to-date symlink: /workspaces/UON-CS-robotlab-simulation-container/install/turtlebot3_msgs/share/turtlebot3_msgs/srv/Goal_Response.msg\n'}
[4.550918] (turtlebot3_msgs) StdoutLine: {'line': b'-- Up-to-date symlink: /workspaces/UON-CS-robotlab-simulation-container/install/turtlebot3_msgs/share/turtlebot3_msgs/action/Patrol.action\n'}
[4.551152] (turtlebot3_msgs) StdoutLine: {'line': b'-- Up-to-date symlink: /workspaces/UON-CS-robotlab-simulation-container/install/turtlebot3_msgs/share/ament_index/resource_index/package_run_dependencies/turtlebot3_msgs\n'}
[4.551601] (turtlebot3_msgs) StdoutLine: {'line': b'-- Up-to-date symlink: /workspaces/UON-CS-robotlab-simulation-container/install/turtlebot3_msgs/share/ament_index/resource_index/parent_prefix_path/turtlebot3_msgs\n'}
[4.552842] (turtlebot3_msgs) StdoutLine: {'line': b'-- Up-to-date symlink: /workspaces/UON-CS-robotlab-simulation-container/install/turtlebot3_msgs/share/turtlebot3_msgs/environment/ament_prefix_path.sh\n'}
[4.553146] (turtlebot3_msgs) StdoutLine: {'line': b'-- Up-to-date symlink: /workspaces/UON-CS-robotlab-simulation-container/install/turtlebot3_msgs/share/turtlebot3_msgs/environment/ament_prefix_path.dsv\n'}
[4.553499] (turtlebot3_msgs) StdoutLine: {'line': b'-- Up-to-date symlink: /workspaces/UON-CS-robotlab-simulation-container/install/turtlebot3_msgs/share/turtlebot3_msgs/environment/path.sh\n'}
[4.554453] (turtlebot3_msgs) StdoutLine: {'line': b'-- Up-to-date symlink: /workspaces/UON-CS-robotlab-simulation-container/install/turtlebot3_msgs/share/turtlebot3_msgs/environment/path.dsv\n'}
[4.561021] (turtlebot3_msgs) StdoutLine: {'line': b'-- Up-to-date symlink: /workspaces/UON-CS-robotlab-simulation-container/install/turtlebot3_msgs/share/turtlebot3_msgs/local_setup.bash\n'}
[4.561206] (turtlebot3_msgs) StdoutLine: {'line': b'-- Up-to-date symlink: /workspaces/UON-CS-robotlab-simulation-container/install/turtlebot3_msgs/share/turtlebot3_msgs/local_setup.sh\n'}
[4.561347] (turtlebot3_msgs) StdoutLine: {'line': b'-- Up-to-date symlink: /workspaces/UON-CS-robotlab-simulation-container/install/turtlebot3_msgs/share/turtlebot3_msgs/local_setup.zsh\n'}
[4.561476] (turtlebot3_msgs) StdoutLine: {'line': b'-- Up-to-date symlink: /workspaces/UON-CS-robotlab-simulation-container/install/turtlebot3_msgs/share/turtlebot3_msgs/local_setup.dsv\n'}
[4.561688] (turtlebot3_msgs) StdoutLine: {'line': b'-- Symlinking: /workspaces/UON-CS-robotlab-simulation-container/install/turtlebot3_msgs/share/turtlebot3_msgs/package.dsv\n'}
[4.568777] (turtlebot3_msgs) StdoutLine: {'line': b'-- Up-to-date symlink: /workspaces/UON-CS-robotlab-simulation-container/install/turtlebot3_msgs/share/ament_index/resource_index/packages/turtlebot3_msgs\n'}
[4.568954] (turtlebot3_msgs) StdoutLine: {'line': b'-- Up-to-date symlink: /workspaces/UON-CS-robotlab-simulation-container/install/turtlebot3_msgs/share/turtlebot3_msgs/cmake/rosidl_cmake-extras.cmake\n'}
[4.569923] (turtlebot3_msgs) StdoutLine: {'line': b'-- Up-to-date symlink: /workspaces/UON-CS-robotlab-simulation-container/install/turtlebot3_msgs/share/turtlebot3_msgs/cmake/ament_cmake_export_dependencies-extras.cmake\n'}
[4.570297] (turtlebot3_msgs) StdoutLine: {'line': b'-- Up-to-date symlink: /workspaces/UON-CS-robotlab-simulation-container/install/turtlebot3_msgs/share/turtlebot3_msgs/cmake/ament_cmake_export_include_directories-extras.cmake\n'}
[4.571259] (turtlebot3_msgs) StdoutLine: {'line': b'-- Up-to-date symlink: /workspaces/UON-CS-robotlab-simulation-container/install/turtlebot3_msgs/share/turtlebot3_msgs/cmake/ament_cmake_export_libraries-extras.cmake\n'}
[4.572001] (turtlebot3_msgs) StdoutLine: {'line': b'-- Up-to-date symlink: /workspaces/UON-CS-robotlab-simulation-container/install/turtlebot3_msgs/share/turtlebot3_msgs/cmake/ament_cmake_export_targets-extras.cmake\n'}
[4.572139] (turtlebot3_msgs) StdoutLine: {'line': b'-- Up-to-date symlink: /workspaces/UON-CS-robotlab-simulation-container/install/turtlebot3_msgs/share/turtlebot3_msgs/cmake/rosidl_cmake_export_typesupport_targets-extras.cmake\n'}
[4.572615] (turtlebot3_msgs) StdoutLine: {'line': b'-- Up-to-date symlink: /workspaces/UON-CS-robotlab-simulation-container/install/turtlebot3_msgs/share/turtlebot3_msgs/cmake/rosidl_cmake_export_typesupport_libraries-extras.cmake\n'}
[4.572743] (turtlebot3_msgs) StdoutLine: {'line': b'-- Up-to-date symlink: /workspaces/UON-CS-robotlab-simulation-container/install/turtlebot3_msgs/share/turtlebot3_msgs/cmake/turtlebot3_msgsConfig.cmake\n'}
[4.572827] (turtlebot3_msgs) StdoutLine: {'line': b'-- Up-to-date symlink: /workspaces/UON-CS-robotlab-simulation-container/install/turtlebot3_msgs/share/turtlebot3_msgs/cmake/turtlebot3_msgsConfig-version.cmake\n'}
[4.572914] (turtlebot3_msgs) StdoutLine: {'line': b'-- Up-to-date symlink: /workspaces/UON-CS-robotlab-simulation-container/install/turtlebot3_msgs/share/turtlebot3_msgs/package.xml\n'}
[4.574216] (-) TimerEvent: {}
[4.579422] (dynamixel_sdk_custom_interfaces) StdoutLine: {'line': b'[ 55%] Built target dynamixel_sdk_custom_interfaces__rosidl_typesupport_introspection_cpp\n'}
[4.583507] (turtlebot3_msgs) StdoutLine: {'line': b'-- Up-to-date: /workspaces/UON-CS-robotlab-simulation-container/install/turtlebot3_msgs/lib/libturtlebot3_msgs__rosidl_generator_c.so\n'}
[4.585306] (turtlebot3_msgs) StdoutLine: {'line': b'-- Up-to-date: /workspaces/UON-CS-robotlab-simulation-container/install/turtlebot3_msgs/lib/libturtlebot3_msgs__rosidl_typesupport_fastrtps_c.so\n'}
[4.591018] (turtlebot3_msgs) StdoutLine: {'line': b'-- Up-to-date: /workspaces/UON-CS-robotlab-simulation-container/install/turtlebot3_msgs/lib/libturtlebot3_msgs__rosidl_typesupport_fastrtps_cpp.so\n'}
[4.626548] (turtlebot3_msgs) StdoutLine: {'line': b'-- Up-to-date: /workspaces/UON-CS-robotlab-simulation-container/install/turtlebot3_msgs/lib/libturtlebot3_msgs__rosidl_typesupport_introspection_c.so\n'}
[4.650190] (turtlebot3_msgs) StdoutLine: {'line': b'-- Up-to-date: /workspaces/UON-CS-robotlab-simulation-container/install/turtlebot3_msgs/lib/libturtlebot3_msgs__rosidl_typesupport_c.so\n'}
[4.652717] (turtlebot3_msgs) StdoutLine: {'line': b'-- Up-to-date: /workspaces/UON-CS-robotlab-simulation-container/install/turtlebot3_msgs/lib/libturtlebot3_msgs__rosidl_typesupport_introspection_cpp.so\n'}
[4.654851] (turtlebot3_msgs) StdoutLine: {'line': b'-- Up-to-date: /workspaces/UON-CS-robotlab-simulation-container/install/turtlebot3_msgs/lib/libturtlebot3_msgs__rosidl_typesupport_cpp.so\n'}
[4.676637] (-) TimerEvent: {}
[4.700768] (dynamixel_sdk_custom_interfaces) StdoutLine: {'line': b'[ 65%] Built target dynamixel_sdk_custom_interfaces__rosidl_typesupport_fastrtps_c\n'}
[4.783651] (-) TimerEvent: {}
[4.830687] (turtlebot3_msgs) StdoutLine: {'line': b"Listing '/workspaces/UON-CS-robotlab-simulation-container/install/turtlebot3_msgs/local/lib/python3.10/dist-packages/turtlebot3_msgs'...\n"}
[4.832729] (turtlebot3_msgs) StdoutLine: {'line': b"Listing '/workspaces/UON-CS-robotlab-simulation-container/install/turtlebot3_msgs/local/lib/python3.10/dist-packages/turtlebot3_msgs/action'...\n"}
[4.835788] (turtlebot3_msgs) StdoutLine: {'line': b"Listing '/workspaces/UON-CS-robotlab-simulation-container/install/turtlebot3_msgs/local/lib/python3.10/dist-packages/turtlebot3_msgs/msg'...\n"}
[4.837204] (turtlebot3_msgs) StdoutLine: {'line': b"Listing '/workspaces/UON-CS-robotlab-simulation-container/install/turtlebot3_msgs/local/lib/python3.10/dist-packages/turtlebot3_msgs/srv'...\n"}
[4.851317] (turtlebot3_msgs) StdoutLine: {'line': b'-- Up-to-date: /workspaces/UON-CS-robotlab-simulation-container/install/turtlebot3_msgs/lib/libturtlebot3_msgs__rosidl_generator_py.so\n'}
[4.852759] (turtlebot3_msgs) StdoutLine: {'line': b'-- Up-to-date: /workspaces/UON-CS-robotlab-simulation-container/install/turtlebot3_msgs/share/turtlebot3_msgs/cmake/export_turtlebot3_msgs__rosidl_generator_cExport.cmake\n'}
[4.852945] (turtlebot3_msgs) StdoutLine: {'line': b'-- Up-to-date: /workspaces/UON-CS-robotlab-simulation-container/install/turtlebot3_msgs/share/turtlebot3_msgs/cmake/export_turtlebot3_msgs__rosidl_generator_cExport-noconfig.cmake\n'}
[4.853087] (turtlebot3_msgs) StdoutLine: {'line': b'-- Up-to-date: /workspaces/UON-CS-robotlab-simulation-container/install/turtlebot3_msgs/share/turtlebot3_msgs/cmake/export_turtlebot3_msgs__rosidl_typesupport_fastrtps_cExport.cmake\n'}
[4.854129] (turtlebot3_msgs) StdoutLine: {'line': b'-- Up-to-date: /workspaces/UON-CS-robotlab-simulation-container/install/turtlebot3_msgs/share/turtlebot3_msgs/cmake/export_turtlebot3_msgs__rosidl_typesupport_fastrtps_cExport-noconfig.cmake\n'}
[4.854222] (turtlebot3_msgs) StdoutLine: {'line': b'-- Up-to-date: /workspaces/UON-CS-robotlab-simulation-container/install/turtlebot3_msgs/share/turtlebot3_msgs/cmake/export_turtlebot3_msgs__rosidl_generator_cppExport.cmake\n'}
[4.854305] (turtlebot3_msgs) StdoutLine: {'line': b'-- Up-to-date: /workspaces/UON-CS-robotlab-simulation-container/install/turtlebot3_msgs/share/turtlebot3_msgs/cmake/export_turtlebot3_msgs__rosidl_typesupport_fastrtps_cppExport.cmake\n'}
[4.854376] (turtlebot3_msgs) StdoutLine: {'line': b'-- Up-to-date: /workspaces/UON-CS-robotlab-simulation-container/install/turtlebot3_msgs/share/turtlebot3_msgs/cmake/export_turtlebot3_msgs__rosidl_typesupport_fastrtps_cppExport-noconfig.cmake\n'}
[4.856122] (turtlebot3_msgs) StdoutLine: {'line': b'-- Up-to-date: /workspaces/UON-CS-robotlab-simulation-container/install/turtlebot3_msgs/share/turtlebot3_msgs/cmake/turtlebot3_msgs__rosidl_typesupport_introspection_cExport.cmake\n'}
[4.856349] (turtlebot3_msgs) StdoutLine: {'line': b'-- Up-to-date: /workspaces/UON-CS-robotlab-simulation-container/install/turtlebot3_msgs/share/turtlebot3_msgs/cmake/turtlebot3_msgs__rosidl_typesupport_introspection_cExport-noconfig.cmake\n'}
[4.861489] (turtlebot3_msgs) StdoutLine: {'line': b'-- Up-to-date: /workspaces/UON-CS-robotlab-simulation-container/install/turtlebot3_msgs/share/turtlebot3_msgs/cmake/turtlebot3_msgs__rosidl_typesupport_cExport.cmake\n'}
[4.861652] (turtlebot3_msgs) StdoutLine: {'line': b'-- Up-to-date: /workspaces/UON-CS-robotlab-simulation-container/install/turtlebot3_msgs/share/turtlebot3_msgs/cmake/turtlebot3_msgs__rosidl_typesupport_cExport-noconfig.cmake\n'}
[4.861754] (turtlebot3_msgs) StdoutLine: {'line': b'-- Up-to-date: /workspaces/UON-CS-robotlab-simulation-container/install/turtlebot3_msgs/share/turtlebot3_msgs/cmake/turtlebot3_msgs__rosidl_typesupport_introspection_cppExport.cmake\n'}
[4.861839] (turtlebot3_msgs) StdoutLine: {'line': b'-- Up-to-date: /workspaces/UON-CS-robotlab-simulation-container/install/turtlebot3_msgs/share/turtlebot3_msgs/cmake/turtlebot3_msgs__rosidl_typesupport_introspection_cppExport-noconfig.cmake\n'}
[4.861914] (turtlebot3_msgs) StdoutLine: {'line': b'-- Up-to-date: /workspaces/UON-CS-robotlab-simulation-container/install/turtlebot3_msgs/share/turtlebot3_msgs/cmake/turtlebot3_msgs__rosidl_typesupport_cppExport.cmake\n'}
[4.861983] (turtlebot3_msgs) StdoutLine: {'line': b'-- Up-to-date: /workspaces/UON-CS-robotlab-simulation-container/install/turtlebot3_msgs/share/turtlebot3_msgs/cmake/turtlebot3_msgs__rosidl_typesupport_cppExport-noconfig.cmake\n'}
[4.862051] (turtlebot3_msgs) StdoutLine: {'line': b'-- Up-to-date: /workspaces/UON-CS-robotlab-simulation-container/install/turtlebot3_msgs/share/turtlebot3_msgs/cmake/export_turtlebot3_msgs__rosidl_generator_pyExport.cmake\n'}
[4.862118] (turtlebot3_msgs) StdoutLine: {'line': b'-- Up-to-date: /workspaces/UON-CS-robotlab-simulation-container/install/turtlebot3_msgs/share/turtlebot3_msgs/cmake/export_turtlebot3_msgs__rosidl_generator_pyExport-noconfig.cmake\n'}
[4.881873] (turtlebot3_msgs) CommandEnded: {'returncode': 0}
[4.885055] (-) TimerEvent: {}
[4.904271] (dynamixel_sdk_custom_interfaces) StdoutLine: {'line': b'[ 75%] Built target dynamixel_sdk_custom_interfaces__rosidl_typesupport_cpp\n'}
[4.967527] (turtlebot3_msgs) JobEnded: {'identifier': 'turtlebot3_msgs', 'rc': 0}
[4.974904] (turtlebot3_node) JobStarted: {'identifier': 'turtlebot3_node'}
[4.986567] (-) TimerEvent: {}
[5.056259] (turtlebot3_node) JobProgress: {'identifier': 'turtlebot3_node', 'progress': 'cmake'}
[5.059365] (turtlebot3_node) JobProgress: {'identifier': 'turtlebot3_node', 'progress': 'build'}
[5.059450] (turtlebot3_node) Command: {'cmd': ['/usr/bin/cmake', '--build', '/workspaces/UON-CS-robotlab-simulation-container/build/turtlebot3_node', '--', '-j2', '-l2'], 'cwd': '/workspaces/UON-CS-robotlab-simulation-container/build/turtlebot3_node', 'env': OrderedDict([('GITHUB_TOKEN', 'ghu_B4O6CZhcVLRE0OX7B0pYH9Kn8C5gJq2RIGly'), ('GITHUB_CODESPACE_TOKEN', 'AOKRK4WKUJC5CQRMWNS6OXDKNJSNPANCNFSM4AXFRYHA'), ('FEATURE_SPARK_POST_COMMIT_CREATE_ITERATION', 'true'), ('HOSTNAME', 'codespaces-b7707e'), ('GITHUB_CODESPACES_PORT_FORWARDING_DOMAIN', 'app.github.dev'), ('SHLVL', '2'), ('LD_LIBRARY_PATH', '/workspaces/UON-CS-robotlab-simulation-container/install/turtlebot3_msgs/lib:/workspaces/UON-CS-robotlab-simulation-container/install/dynamixel_sdk/lib:/workspaces/UON-CS-robotlab-simulation-container/install/dynamixel_sdk_custom_interfaces/lib:/usr/lib/x86_64-linux-gnu/gazebo-11/plugins:/opt/ros/humble/opt/rviz_ogre_vendor/lib:/opt/ros/humble/lib/x86_64-linux-gnu:/opt/ros/humble/lib'), ('HOME', '/home/vscode'), ('OLDPWD', '/workspaces/UON-CS-robotlab-simulation-container'), ('CODESPACES', 'true'), ('ROS_PYTHON_VERSION', '3'), ('GITHUB_USER', 'mohammad-areeb'), ('GITHUB_GRAPHQL_URL', 'https://api.github.com/graphql'), ('COLCON_PREFIX_PATH', '/workspaces/UON-CS-robotlab-simulation-container/install'), ('ROS_DISTRO', 'humble'), ('ContainerVersion', '13'), ('GITHUB_API_URL', 'https://api.github.com'), ('RepositoryName', 'UON-CS-robotlab-simulation-container'), ('_', '/usr/bin/colcon'), ('ROS_VERSION', '2'), ('CLOUDENV_ENVIRONMENT_ID', '344bab99-1d47-4655-88f7-fee790854045'), ('TERM', 'xterm'), ('ROS_LOCALHOST_ONLY', '0'), ('PATH', '/opt/ros/humble/bin:/usr/local/sbin:/usr/local/bin:/usr/sbin:/usr/bin:/sbin:/bin'), ('SHELL_LOGGED_IN', 'true'), ('DISPLAY', ':1'), ('LANG', 'C.UTF-8'), ('LS_COLORS', ''), ('GITHUB_REPOSITORY', 'mohammad-areeb/UON-CS-robotlab-simulation-container'), ('ROS_DOMAIN_ID', '30'), ('AMENT_PREFIX_PATH', '/workspaces/UON-CS-robotlab-simulation-container/install/turtlebot3:/workspaces/UON-CS-robotlab-simulation-container/install/turtlebot3_teleop:/workspaces/UON-CS-robotlab-simulation-container/install/turtlebot3_simulations:/workspaces/UON-CS-robotlab-simulation-container/install/turtlebot3_bringup:/workspaces/UON-CS-robotlab-simulation-container/install/turtlebot3_node:/workspaces/UON-CS-robotlab-simulation-container/install/turtlebot3_navigation2:/workspaces/UON-CS-robotlab-simulation-container/install/turtlebot3_fake_node:/workspaces/UON-CS-robotlab-simulation-container/install/turtlebot3_example:/workspaces/UON-CS-robotlab-simulation-container/install/turtlebot3_msgs:/workspaces/UON-CS-robotlab-simulation-container/install/turtlebot3_manipulation_gazebo:/workspaces/UON-CS-robotlab-simulation-container/install/turtlebot3_gazebo:/workspaces/UON-CS-robotlab-simulation-container/install/turtlebot3_description:/workspaces/UON-CS-robotlab-simulation-container/install/turtlebot3_cartographer:/workspaces/UON-CS-robotlab-simulation-container/install/dynamixel_sdk_examples:/workspaces/UON-CS-robotlab-simulation-container/install/dynamixel_sdk_custom_interfaces:/workspaces/UON-CS-robotlab-simulation-container/install/dynamixel_sdk:/opt/ros/humble'), ('DEBIAN_FRONTEND', 'noninteractive'), ('SHELL', '/bin/bash'), ('PWD', '/workspaces/UON-CS-robotlab-simulation-container/build/turtlebot3_node'), ('INTERNAL_VSCS_TARGET_URL', 'https://uksouth.online.visualstudio.com'), ('TURTLEBOT3_MODEL', 'waffle'), ('LC_ALL', 'C.UTF-8'), ('GITHUB_SERVER_URL', 'https://github.com'), ('PYTHONPATH', '/workspaces/UON-CS-robotlab-simulation-container/build/turtlebot3_teleop:/workspaces/UON-CS-robotlab-simulation-container/install/turtlebot3_teleop/lib/python3.10/site-packages:/workspaces/UON-CS-robotlab-simulation-container/build/turtlebot3_example:/workspaces/UON-CS-robotlab-simulation-container/install/turtlebot3_example/lib/python3.10/site-packages:/workspaces/UON-CS-robotlab-simulation-container/install/turtlebot3_msgs/local/lib/python3.10/dist-packages:/workspaces/UON-CS-robotlab-simulation-container/install/dynamixel_sdk_custom_interfaces/local/lib/python3.10/dist-packages:/workspaces/UON-CS-robotlab-simulation-container/install/dynamixel_sdk/local/lib/python3.10/dist-packages:/opt/ros/humble/lib/python3.10/site-packages:/opt/ros/humble/local/lib/python3.10/dist-packages'), ('CODESPACE_NAME', 'urban-space-garbanzo-j7wwvprrjjp25j95'), ('COLCON', '1'), ('CMAKE_PREFIX_PATH', '/workspaces/UON-CS-robotlab-simulation-container/install/turtlebot3_msgs:/workspaces/UON-CS-robotlab-simulation-container/install/dynamixel_sdk:/workspaces/UON-CS-robotlab-simulation-container/install/turtlebot3:/workspaces/UON-CS-robotlab-simulation-container/install/turtlebot3_simulations:/workspaces/UON-CS-robotlab-simulation-container/install/turtlebot3_bringup:/workspaces/UON-CS-robotlab-simulation-container/install/turtlebot3_node:/workspaces/UON-CS-robotlab-simulation-container/install/turtlebot3_navigation2:/workspaces/UON-CS-robotlab-simulation-container/install/turtlebot3_fake_node:/workspaces/UON-CS-robotlab-simulation-container/install/turtlebot3_manipulation_gazebo:/workspaces/UON-CS-robotlab-simulation-container/install/turtlebot3_gazebo:/workspaces/UON-CS-robotlab-simulation-container/install/turtlebot3_description:/workspaces/UON-CS-robotlab-simulation-container/install/turtlebot3_cartographer:/workspaces/UON-CS-robotlab-simulation-container/install/dynamixel_sdk_examples:/workspaces/UON-CS-robotlab-simulation-container/install/dynamixel_sdk_custom_interfaces:/workspaces/UON-CS-robotlab-simulation-container/install/turtlebot3_teleop:/workspaces/UON-CS-robotlab-simulation-container/install/turtlebot3_example:/opt/ros/humble')]), 'shell': False}
[5.086917] (-) TimerEvent: {}
[5.189864] (-) TimerEvent: {}
[5.295258] (-) TimerEvent: {}
[5.396963] (-) TimerEvent: {}
[5.500031] (-) TimerEvent: {}
[5.601738] (-) TimerEvent: {}
[5.702671] (-) TimerEvent: {}
[5.712638] (dynamixel_sdk_custom_interfaces) StdoutLine: {'line': b'running egg_info\n'}
[5.719151] (dynamixel_sdk_custom_interfaces) StdoutLine: {'line': b'writing dynamixel_sdk_custom_interfaces.egg-info/PKG-INFO\n'}
[5.719512] (dynamixel_sdk_custom_interfaces) StdoutLine: {'line': b'writing dependency_links to dynamixel_sdk_custom_interfaces.egg-info/dependency_links.txt\n'}
[5.720125] (dynamixel_sdk_custom_interfaces) StdoutLine: {'line': b'writing top-level names to dynamixel_sdk_custom_interfaces.egg-info/top_level.txt\n'}
[5.738630] (dynamixel_sdk_custom_interfaces) StdoutLine: {'line': b"reading manifest file 'dynamixel_sdk_custom_interfaces.egg-info/SOURCES.txt'\n"}
[5.748942] (dynamixel_sdk_custom_interfaces) StdoutLine: {'line': b"writing manifest file 'dynamixel_sdk_custom_interfaces.egg-info/SOURCES.txt'\n"}
[5.749862] (turtlebot3_node) StdoutLine: {'line': b'[ 85%] Built target turtlebot3_node_lib\n'}
[5.802789] (-) TimerEvent: {}
[5.840401] (dynamixel_sdk_custom_interfaces) StdoutLine: {'line': b'[ 75%] Built target ament_cmake_python_build_dynamixel_sdk_custom_interfaces_egg\n'}
[5.913380] (-) TimerEvent: {}
[6.006705] (turtlebot3_node) StdoutLine: {'line': b'[100%] Built target turtlebot3_ros\n'}
[6.021761] (-) TimerEvent: {}
[6.032564] (dynamixel_sdk_custom_interfaces) StdoutLine: {'line': b'[ 75%] Built target dynamixel_sdk_custom_interfaces\n'}
[6.124679] (-) TimerEvent: {}
[6.160944] (turtlebot3_node) CommandEnded: {'returncode': 0}
[6.162218] (turtlebot3_node) JobProgress: {'identifier': 'turtlebot3_node', 'progress': 'install'}
[6.162266] (turtlebot3_node) Command: {'cmd': ['/usr/bin/cmake', '--install', '/workspaces/UON-CS-robotlab-simulation-container/build/turtlebot3_node'], 'cwd': '/workspaces/UON-CS-robotlab-simulation-container/build/turtlebot3_node', 'env': OrderedDict([('GITHUB_TOKEN', 'ghu_B4O6CZhcVLRE0OX7B0pYH9Kn8C5gJq2RIGly'), ('GITHUB_CODESPACE_TOKEN', 'AOKRK4WKUJC5CQRMWNS6OXDKNJSNPANCNFSM4AXFRYHA'), ('FEATURE_SPARK_POST_COMMIT_CREATE_ITERATION', 'true'), ('HOSTNAME', 'codespaces-b7707e'), ('GITHUB_CODESPACES_PORT_FORWARDING_DOMAIN', 'app.github.dev'), ('SHLVL', '2'), ('LD_LIBRARY_PATH', '/workspaces/UON-CS-robotlab-simulation-container/install/turtlebot3_msgs/lib:/workspaces/UON-CS-robotlab-simulation-container/install/dynamixel_sdk/lib:/workspaces/UON-CS-robotlab-simulation-container/install/dynamixel_sdk_custom_interfaces/lib:/usr/lib/x86_64-linux-gnu/gazebo-11/plugins:/opt/ros/humble/opt/rviz_ogre_vendor/lib:/opt/ros/humble/lib/x86_64-linux-gnu:/opt/ros/humble/lib'), ('HOME', '/home/vscode'), ('OLDPWD', '/workspaces/UON-CS-robotlab-simulation-container'), ('CODESPACES', 'true'), ('ROS_PYTHON_VERSION', '3'), ('GITHUB_USER', 'mohammad-areeb'), ('GITHUB_GRAPHQL_URL', 'https://api.github.com/graphql'), ('COLCON_PREFIX_PATH', '/workspaces/UON-CS-robotlab-simulation-container/install'), ('ROS_DISTRO', 'humble'), ('ContainerVersion', '13'), ('GITHUB_API_URL', 'https://api.github.com'), ('RepositoryName', 'UON-CS-robotlab-simulation-container'), ('_', '/usr/bin/colcon'), ('ROS_VERSION', '2'), ('CLOUDENV_ENVIRONMENT_ID', '344bab99-1d47-4655-88f7-fee790854045'), ('TERM', 'xterm'), ('ROS_LOCALHOST_ONLY', '0'), ('PATH', '/opt/ros/humble/bin:/usr/local/sbin:/usr/local/bin:/usr/sbin:/usr/bin:/sbin:/bin'), ('SHELL_LOGGED_IN', 'true'), ('DISPLAY', ':1'), ('LANG', 'C.UTF-8'), ('LS_COLORS', ''), ('GITHUB_REPOSITORY', 'mohammad-areeb/UON-CS-robotlab-simulation-container'), ('ROS_DOMAIN_ID', '30'), ('AMENT_PREFIX_PATH', '/workspaces/UON-CS-robotlab-simulation-container/install/turtlebot3:/workspaces/UON-CS-robotlab-simulation-container/install/turtlebot3_teleop:/workspaces/UON-CS-robotlab-simulation-container/install/turtlebot3_simulations:/workspaces/UON-CS-robotlab-simulation-container/install/turtlebot3_bringup:/workspaces/UON-CS-robotlab-simulation-container/install/turtlebot3_node:/workspaces/UON-CS-robotlab-simulation-container/install/turtlebot3_navigation2:/workspaces/UON-CS-robotlab-simulation-container/install/turtlebot3_fake_node:/workspaces/UON-CS-robotlab-simulation-container/install/turtlebot3_example:/workspaces/UON-CS-robotlab-simulation-container/install/turtlebot3_msgs:/workspaces/UON-CS-robotlab-simulation-container/install/turtlebot3_manipulation_gazebo:/workspaces/UON-CS-robotlab-simulation-container/install/turtlebot3_gazebo:/workspaces/UON-CS-robotlab-simulation-container/install/turtlebot3_description:/workspaces/UON-CS-robotlab-simulation-container/install/turtlebot3_cartographer:/workspaces/UON-CS-robotlab-simulation-container/install/dynamixel_sdk_examples:/workspaces/UON-CS-robotlab-simulation-container/install/dynamixel_sdk_custom_interfaces:/workspaces/UON-CS-robotlab-simulation-container/install/dynamixel_sdk:/opt/ros/humble'), ('DEBIAN_FRONTEND', 'noninteractive'), ('SHELL', '/bin/bash'), ('PWD', '/workspaces/UON-CS-robotlab-simulation-container/build/turtlebot3_node'), ('INTERNAL_VSCS_TARGET_URL', 'https://uksouth.online.visualstudio.com'), ('TURTLEBOT3_MODEL', 'waffle'), ('LC_ALL', 'C.UTF-8'), ('GITHUB_SERVER_URL', 'https://github.com'), ('PYTHONPATH', '/workspaces/UON-CS-robotlab-simulation-container/build/turtlebot3_teleop:/workspaces/UON-CS-robotlab-simulation-container/install/turtlebot3_teleop/lib/python3.10/site-packages:/workspaces/UON-CS-robotlab-simulation-container/build/turtlebot3_example:/workspaces/UON-CS-robotlab-simulation-container/install/turtlebot3_example/lib/python3.10/site-packages:/workspaces/UON-CS-robotlab-simulation-container/install/turtlebot3_msgs/local/lib/python3.10/dist-packages:/workspaces/UON-CS-robotlab-simulation-container/install/dynamixel_sdk_custom_interfaces/local/lib/python3.10/dist-packages:/workspaces/UON-CS-robotlab-simulation-container/install/dynamixel_sdk/local/lib/python3.10/dist-packages:/opt/ros/humble/lib/python3.10/site-packages:/opt/ros/humble/local/lib/python3.10/dist-packages'), ('CODESPACE_NAME', 'urban-space-garbanzo-j7wwvprrjjp25j95'), ('COLCON', '1'), ('CMAKE_PREFIX_PATH', '/workspaces/UON-CS-robotlab-simulation-container/install/turtlebot3_msgs:/workspaces/UON-CS-robotlab-simulation-container/install/dynamixel_sdk:/workspaces/UON-CS-robotlab-simulation-container/install/turtlebot3:/workspaces/UON-CS-robotlab-simulation-container/install/turtlebot3_simulations:/workspaces/UON-CS-robotlab-simulation-container/install/turtlebot3_bringup:/workspaces/UON-CS-robotlab-simulation-container/install/turtlebot3_node:/workspaces/UON-CS-robotlab-simulation-container/install/turtlebot3_navigation2:/workspaces/UON-CS-robotlab-simulation-container/install/turtlebot3_fake_node:/workspaces/UON-CS-robotlab-simulation-container/install/turtlebot3_manipulation_gazebo:/workspaces/UON-CS-robotlab-simulation-container/install/turtlebot3_gazebo:/workspaces/UON-CS-robotlab-simulation-container/install/turtlebot3_description:/workspaces/UON-CS-robotlab-simulation-container/install/turtlebot3_cartographer:/workspaces/UON-CS-robotlab-simulation-container/install/dynamixel_sdk_examples:/workspaces/UON-CS-robotlab-simulation-container/install/dynamixel_sdk_custom_interfaces:/workspaces/UON-CS-robotlab-simulation-container/install/turtlebot3_teleop:/workspaces/UON-CS-robotlab-simulation-container/install/turtlebot3_example:/opt/ros/humble')]), 'shell': False}
[6.223801] (turtlebot3_node) StdoutLine: {'line': b'-- Install configuration: ""\n'}
[6.224065] (turtlebot3_node) StdoutLine: {'line': b'-- Execute custom install script\n'}
[6.229569] (-) TimerEvent: {}
[6.236395] (turtlebot3_node) StdoutLine: {'line': b'-- Up-to-date symlink: /workspaces/UON-CS-robotlab-simulation-container/install/turtlebot3_node/share/turtlebot3_node/param/burger.yaml\n'}
[6.246330] (turtlebot3_node) StdoutLine: {'line': b'-- Up-to-date symlink: /workspaces/UON-CS-robotlab-simulation-container/install/turtlebot3_node/share/turtlebot3_node/param/waffle.yaml\n'}
[6.246524] (turtlebot3_node) StdoutLine: {'line': b'-- Up-to-date symlink: /workspaces/UON-CS-robotlab-simulation-container/install/turtlebot3_node/share/turtlebot3_node/param/waffle_pi.yaml\n'}
[6.246653] (turtlebot3_node) StdoutLine: {'line': b'-- Up-to-date symlink: /workspaces/UON-CS-robotlab-simulation-container/install/turtlebot3_node/lib/turtlebot3_node/turtlebot3_ros\n'}
[6.246755] (turtlebot3_node) StdoutLine: {'line': b'-- Up-to-date symlink: /workspaces/UON-CS-robotlab-simulation-container/install/turtlebot3_node/share/ament_index/resource_index/package_run_dependencies/turtlebot3_node\n'}
[6.251782] (turtlebot3_node) StdoutLine: {'line': b'-- Up-to-date symlink: /workspaces/UON-CS-robotlab-simulation-container/install/turtlebot3_node/share/ament_index/resource_index/parent_prefix_path/turtlebot3_node\n'}
[6.255023] (turtlebot3_node) StdoutLine: {'line': b'-- Up-to-date symlink: /workspaces/UON-CS-robotlab-simulation-container/install/turtlebot3_node/share/turtlebot3_node/environment/ament_prefix_path.sh\n'}
[6.256934] (turtlebot3_node) StdoutLine: {'line': b'-- Up-to-date symlink: /workspaces/UON-CS-robotlab-simulation-container/install/turtlebot3_node/share/turtlebot3_node/environment/ament_prefix_path.dsv\n'}
[6.282248] (turtlebot3_node) StdoutLine: {'line': b'-- Up-to-date symlink: /workspaces/UON-CS-robotlab-simulation-container/install/turtlebot3_node/share/turtlebot3_node/environment/path.sh\n'}
[6.283927] (turtlebot3_node) StdoutLine: {'line': b'-- Up-to-date symlink: /workspaces/UON-CS-robotlab-simulation-container/install/turtlebot3_node/share/turtlebot3_node/environment/path.dsv\n'}
[6.286789] (turtlebot3_node) StdoutLine: {'line': b'-- Up-to-date symlink: /workspaces/UON-CS-robotlab-simulation-container/install/turtlebot3_node/share/turtlebot3_node/local_setup.bash\n'}
[6.288782] (turtlebot3_node) StdoutLine: {'line': b'-- Up-to-date symlink: /workspaces/UON-CS-robotlab-simulation-container/install/turtlebot3_node/share/turtlebot3_node/local_setup.sh\n'}
[6.294682] (turtlebot3_node) StdoutLine: {'line': b'-- Up-to-date symlink: /workspaces/UON-CS-robotlab-simulation-container/install/turtlebot3_node/share/turtlebot3_node/local_setup.zsh\n'}
[6.313816] (turtlebot3_node) StdoutLine: {'line': b'-- Up-to-date symlink: /workspaces/UON-CS-robotlab-simulation-container/install/turtlebot3_node/share/turtlebot3_node/local_setup.dsv\n'}
[6.314099] (turtlebot3_node) StdoutLine: {'line': b'-- Symlinking: /workspaces/UON-CS-robotlab-simulation-container/install/turtlebot3_node/share/turtlebot3_node/package.dsv\n'}
[6.332151] (dynamixel_sdk_custom_interfaces) StdoutLine: {'line': b'[ 77%] Built target dynamixel_sdk_custom_interfaces__py\n'}
[6.332441] (-) TimerEvent: {}
[6.416039] (turtlebot3_node) StdoutLine: {'line': b'-- Up-to-date symlink: /workspaces/UON-CS-robotlab-simulation-container/install/turtlebot3_node/share/ament_index/resource_index/packages/turtlebot3_node\n'}
[6.416345] (turtlebot3_node) StdoutLine: {'line': b'-- Up-to-date symlink: /workspaces/UON-CS-robotlab-simulation-container/install/turtlebot3_node/share/turtlebot3_node/cmake/ament_cmake_export_dependencies-extras.cmake\n'}
[6.418983] (turtlebot3_node) StdoutLine: {'line': b'-- Up-to-date symlink: /workspaces/UON-CS-robotlab-simulation-container/install/turtlebot3_node/share/turtlebot3_node/cmake/ament_cmake_export_include_directories-extras.cmake\n'}
[6.419206] (turtlebot3_node) StdoutLine: {'line': b'-- Up-to-date symlink: /workspaces/UON-CS-robotlab-simulation-container/install/turtlebot3_node/share/turtlebot3_node/cmake/turtlebot3_nodeConfig.cmake\n'}
[6.419295] (turtlebot3_node) StdoutLine: {'line': b'-- Up-to-date symlink: /workspaces/UON-CS-robotlab-simulation-container/install/turtlebot3_node/share/turtlebot3_node/cmake/turtlebot3_nodeConfig-version.cmake\n'}
[6.425637] (turtlebot3_node) StdoutLine: {'line': b'-- Up-to-date symlink: /workspaces/UON-CS-robotlab-simulation-container/install/turtlebot3_node/share/turtlebot3_node/package.xml\n'}
[6.435277] (turtlebot3_node) CommandEnded: {'returncode': 0}
[6.453357] (-) TimerEvent: {}
[6.553716] (turtlebot3_node) JobEnded: {'identifier': 'turtlebot3_node', 'rc': 0}
[6.554794] (-) TimerEvent: {}
[6.555116] (turtlebot3_cartographer) JobStarted: {'identifier': 'turtlebot3_cartographer'}
[6.655797] (dynamixel_sdk_custom_interfaces) StdoutLine: {'line': b'[ 85%] Built target dynamixel_sdk_custom_interfaces__rosidl_generator_py\n'}
[6.656067] (-) TimerEvent: {}
[6.656998] (turtlebot3_cartographer) JobProgress: {'identifier': 'turtlebot3_cartographer', 'progress': 'cmake'}
[6.694123] (turtlebot3_cartographer) JobProgress: {'identifier': 'turtlebot3_cartographer', 'progress': 'build'}
[6.694244] (turtlebot3_cartographer) Command: {'cmd': ['/usr/bin/cmake', '--build', '/workspaces/UON-CS-robotlab-simulation-container/build/turtlebot3_cartographer', '--', '-j2', '-l2'], 'cwd': '/workspaces/UON-CS-robotlab-simulation-container/build/turtlebot3_cartographer', 'env': OrderedDict([('GITHUB_TOKEN', 'ghu_B4O6CZhcVLRE0OX7B0pYH9Kn8C5gJq2RIGly'), ('GITHUB_CODESPACE_TOKEN', 'AOKRK4WKUJC5CQRMWNS6OXDKNJSNPANCNFSM4AXFRYHA'), ('FEATURE_SPARK_POST_COMMIT_CREATE_ITERATION', 'true'), ('HOSTNAME', 'codespaces-b7707e'), ('GITHUB_CODESPACES_PORT_FORWARDING_DOMAIN', 'app.github.dev'), ('SHLVL', '2'), ('LD_LIBRARY_PATH', '/workspaces/UON-CS-robotlab-simulation-container/install/turtlebot3_msgs/lib:/workspaces/UON-CS-robotlab-simulation-container/install/dynamixel_sdk_custom_interfaces/lib:/workspaces/UON-CS-robotlab-simulation-container/install/dynamixel_sdk/lib:/usr/lib/x86_64-linux-gnu/gazebo-11/plugins:/opt/ros/humble/opt/rviz_ogre_vendor/lib:/opt/ros/humble/lib/x86_64-linux-gnu:/opt/ros/humble/lib'), ('HOME', '/home/vscode'), ('OLDPWD', '/workspaces/UON-CS-robotlab-simulation-container'), ('CODESPACES', 'true'), ('ROS_PYTHON_VERSION', '3'), ('GITHUB_USER', 'mohammad-areeb'), ('GITHUB_GRAPHQL_URL', 'https://api.github.com/graphql'), ('COLCON_PREFIX_PATH', '/workspaces/UON-CS-robotlab-simulation-container/install'), ('ROS_DISTRO', 'humble'), ('ContainerVersion', '13'), ('GITHUB_API_URL', 'https://api.github.com'), ('RepositoryName', 'UON-CS-robotlab-simulation-container'), ('_', '/usr/bin/colcon'), ('ROS_VERSION', '2'), ('CLOUDENV_ENVIRONMENT_ID', '344bab99-1d47-4655-88f7-fee790854045'), ('TERM', 'xterm'), ('ROS_LOCALHOST_ONLY', '0'), ('PATH', '/opt/ros/humble/bin:/usr/local/sbin:/usr/local/bin:/usr/sbin:/usr/bin:/sbin:/bin'), ('SHELL_LOGGED_IN', 'true'), ('DISPLAY', ':1'), ('LANG', 'C.UTF-8'), ('LS_COLORS', ''), ('GITHUB_REPOSITORY', 'mohammad-areeb/UON-CS-robotlab-simulation-container'), ('ROS_DOMAIN_ID', '30'), ('AMENT_PREFIX_PATH', '/workspaces/UON-CS-robotlab-simulation-container/install/turtlebot3:/workspaces/UON-CS-robotlab-simulation-container/install/turtlebot3_teleop:/workspaces/UON-CS-robotlab-simulation-container/install/turtlebot3_simulations:/workspaces/UON-CS-robotlab-simulation-container/install/turtlebot3_bringup:/workspaces/UON-CS-robotlab-simulation-container/install/turtlebot3_node:/workspaces/UON-CS-robotlab-simulation-container/install/turtlebot3_navigation2:/workspaces/UON-CS-robotlab-simulation-container/install/turtlebot3_fake_node:/workspaces/UON-CS-robotlab-simulation-container/install/turtlebot3_example:/workspaces/UON-CS-robotlab-simulation-container/install/turtlebot3_msgs:/workspaces/UON-CS-robotlab-simulation-container/install/turtlebot3_manipulation_gazebo:/workspaces/UON-CS-robotlab-simulation-container/install/turtlebot3_gazebo:/workspaces/UON-CS-robotlab-simulation-container/install/turtlebot3_description:/workspaces/UON-CS-robotlab-simulation-container/install/turtlebot3_cartographer:/workspaces/UON-CS-robotlab-simulation-container/install/dynamixel_sdk_examples:/workspaces/UON-CS-robotlab-simulation-container/install/dynamixel_sdk_custom_interfaces:/workspaces/UON-CS-robotlab-simulation-container/install/dynamixel_sdk:/opt/ros/humble'), ('DEBIAN_FRONTEND', 'noninteractive'), ('SHELL', '/bin/bash'), ('PWD', '/workspaces/UON-CS-robotlab-simulation-container/build/turtlebot3_cartographer'), ('INTERNAL_VSCS_TARGET_URL', 'https://uksouth.online.visualstudio.com'), ('TURTLEBOT3_MODEL', 'waffle'), ('LC_ALL', 'C.UTF-8'), ('GITHUB_SERVER_URL', 'https://github.com'), ('PYTHONPATH', '/workspaces/UON-CS-robotlab-simulation-container/build/turtlebot3_teleop:/workspaces/UON-CS-robotlab-simulation-container/install/turtlebot3_teleop/lib/python3.10/site-packages:/workspaces/UON-CS-robotlab-simulation-container/build/turtlebot3_example:/workspaces/UON-CS-robotlab-simulation-container/install/turtlebot3_example/lib/python3.10/site-packages:/workspaces/UON-CS-robotlab-simulation-container/install/turtlebot3_msgs/local/lib/python3.10/dist-packages:/workspaces/UON-CS-robotlab-simulation-container/install/dynamixel_sdk_custom_interfaces/local/lib/python3.10/dist-packages:/workspaces/UON-CS-robotlab-simulation-container/install/dynamixel_sdk/local/lib/python3.10/dist-packages:/opt/ros/humble/lib/python3.10/site-packages:/opt/ros/humble/local/lib/python3.10/dist-packages'), ('CODESPACE_NAME', 'urban-space-garbanzo-j7wwvprrjjp25j95'), ('COLCON', '1'), ('CMAKE_PREFIX_PATH', '/workspaces/UON-CS-robotlab-simulation-container/install/turtlebot3:/workspaces/UON-CS-robotlab-simulation-container/install/turtlebot3_simulations:/workspaces/UON-CS-robotlab-simulation-container/install/turtlebot3_bringup:/workspaces/UON-CS-robotlab-simulation-container/install/turtlebot3_node:/workspaces/UON-CS-robotlab-simulation-container/install/turtlebot3_navigation2:/workspaces/UON-CS-robotlab-simulation-container/install/turtlebot3_fake_node:/workspaces/UON-CS-robotlab-simulation-container/install/turtlebot3_msgs:/workspaces/UON-CS-robotlab-simulation-container/install/turtlebot3_manipulation_gazebo:/workspaces/UON-CS-robotlab-simulation-container/install/turtlebot3_gazebo:/workspaces/UON-CS-robotlab-simulation-container/install/turtlebot3_description:/workspaces/UON-CS-robotlab-simulation-container/install/turtlebot3_cartographer:/workspaces/UON-CS-robotlab-simulation-container/install/dynamixel_sdk_examples:/workspaces/UON-CS-robotlab-simulation-container/install/dynamixel_sdk_custom_interfaces:/workspaces/UON-CS-robotlab-simulation-container/install/dynamixel_sdk:/workspaces/UON-CS-robotlab-simulation-container/install/turtlebot3_teleop:/workspaces/UON-CS-robotlab-simulation-container/install/turtlebot3_example:/opt/ros/humble')]), 'shell': False}
[6.763670] (-) TimerEvent: {}
[6.870680] (-) TimerEvent: {}
[6.971444] (-) TimerEvent: {}
[7.008648] (dynamixel_sdk_custom_interfaces) StdoutLine: {'line': b'[ 90%] Built target dynamixel_sdk_custom_interfaces__rosidl_typesupport_fastrtps_c__pyext\n'}
[7.079682] (-) TimerEvent: {}
[7.187225] (-) TimerEvent: {}
[7.290682] (-) TimerEvent: {}
[7.299222] (turtlebot3_cartographer) CommandEnded: {'returncode': 0}
[7.300130] (turtlebot3_cartographer) JobProgress: {'identifier': 'turtlebot3_cartographer', 'progress': 'install'}
[7.306691] (turtlebot3_cartographer) Command: {'cmd': ['/usr/bin/cmake', '--install', '/workspaces/UON-CS-robotlab-simulation-container/build/turtlebot3_cartographer'], 'cwd': '/workspaces/UON-CS-robotlab-simulation-container/build/turtlebot3_cartographer', 'env': OrderedDict([('GITHUB_TOKEN', 'ghu_B4O6CZhcVLRE0OX7B0pYH9Kn8C5gJq2RIGly'), ('GITHUB_CODESPACE_TOKEN', 'AOKRK4WKUJC5CQRMWNS6OXDKNJSNPANCNFSM4AXFRYHA'), ('FEATURE_SPARK_POST_COMMIT_CREATE_ITERATION', 'true'), ('HOSTNAME', 'codespaces-b7707e'), ('GITHUB_CODESPACES_PORT_FORWARDING_DOMAIN', 'app.github.dev'), ('SHLVL', '2'), ('LD_LIBRARY_PATH', '/workspaces/UON-CS-robotlab-simulation-container/install/turtlebot3_msgs/lib:/workspaces/UON-CS-robotlab-simulation-container/install/dynamixel_sdk_custom_interfaces/lib:/workspaces/UON-CS-robotlab-simulation-container/install/dynamixel_sdk/lib:/usr/lib/x86_64-linux-gnu/gazebo-11/plugins:/opt/ros/humble/opt/rviz_ogre_vendor/lib:/opt/ros/humble/lib/x86_64-linux-gnu:/opt/ros/humble/lib'), ('HOME', '/home/vscode'), ('OLDPWD', '/workspaces/UON-CS-robotlab-simulation-container'), ('CODESPACES', 'true'), ('ROS_PYTHON_VERSION', '3'), ('GITHUB_USER', 'mohammad-areeb'), ('GITHUB_GRAPHQL_URL', 'https://api.github.com/graphql'), ('COLCON_PREFIX_PATH', '/workspaces/UON-CS-robotlab-simulation-container/install'), ('ROS_DISTRO', 'humble'), ('ContainerVersion', '13'), ('GITHUB_API_URL', 'https://api.github.com'), ('RepositoryName', 'UON-CS-robotlab-simulation-container'), ('_', '/usr/bin/colcon'), ('ROS_VERSION', '2'), ('CLOUDENV_ENVIRONMENT_ID', '344bab99-1d47-4655-88f7-fee790854045'), ('TERM', 'xterm'), ('ROS_LOCALHOST_ONLY', '0'), ('PATH', '/opt/ros/humble/bin:/usr/local/sbin:/usr/local/bin:/usr/sbin:/usr/bin:/sbin:/bin'), ('SHELL_LOGGED_IN', 'true'), ('DISPLAY', ':1'), ('LANG', 'C.UTF-8'), ('LS_COLORS', ''), ('GITHUB_REPOSITORY', 'mohammad-areeb/UON-CS-robotlab-simulation-container'), ('ROS_DOMAIN_ID', '30'), ('AMENT_PREFIX_PATH', '/workspaces/UON-CS-robotlab-simulation-container/install/turtlebot3:/workspaces/UON-CS-robotlab-simulation-container/install/turtlebot3_teleop:/workspaces/UON-CS-robotlab-simulation-container/install/turtlebot3_simulations:/workspaces/UON-CS-robotlab-simulation-container/install/turtlebot3_bringup:/workspaces/UON-CS-robotlab-simulation-container/install/turtlebot3_node:/workspaces/UON-CS-robotlab-simulation-container/install/turtlebot3_navigation2:/workspaces/UON-CS-robotlab-simulation-container/install/turtlebot3_fake_node:/workspaces/UON-CS-robotlab-simulation-container/install/turtlebot3_example:/workspaces/UON-CS-robotlab-simulation-container/install/turtlebot3_msgs:/workspaces/UON-CS-robotlab-simulation-container/install/turtlebot3_manipulation_gazebo:/workspaces/UON-CS-robotlab-simulation-container/install/turtlebot3_gazebo:/workspaces/UON-CS-robotlab-simulation-container/install/turtlebot3_description:/workspaces/UON-CS-robotlab-simulation-container/install/turtlebot3_cartographer:/workspaces/UON-CS-robotlab-simulation-container/install/dynamixel_sdk_examples:/workspaces/UON-CS-robotlab-simulation-container/install/dynamixel_sdk_custom_interfaces:/workspaces/UON-CS-robotlab-simulation-container/install/dynamixel_sdk:/opt/ros/humble'), ('DEBIAN_FRONTEND', 'noninteractive'), ('SHELL', '/bin/bash'), ('PWD', '/workspaces/UON-CS-robotlab-simulation-container/build/turtlebot3_cartographer'), ('INTERNAL_VSCS_TARGET_URL', 'https://uksouth.online.visualstudio.com'), ('TURTLEBOT3_MODEL', 'waffle'), ('LC_ALL', 'C.UTF-8'), ('GITHUB_SERVER_URL', 'https://github.com'), ('PYTHONPATH', '/workspaces/UON-CS-robotlab-simulation-container/build/turtlebot3_teleop:/workspaces/UON-CS-robotlab-simulation-container/install/turtlebot3_teleop/lib/python3.10/site-packages:/workspaces/UON-CS-robotlab-simulation-container/build/turtlebot3_example:/workspaces/UON-CS-robotlab-simulation-container/install/turtlebot3_example/lib/python3.10/site-packages:/workspaces/UON-CS-robotlab-simulation-container/install/turtlebot3_msgs/local/lib/python3.10/dist-packages:/workspaces/UON-CS-robotlab-simulation-container/install/dynamixel_sdk_custom_interfaces/local/lib/python3.10/dist-packages:/workspaces/UON-CS-robotlab-simulation-container/install/dynamixel_sdk/local/lib/python3.10/dist-packages:/opt/ros/humble/lib/python3.10/site-packages:/opt/ros/humble/local/lib/python3.10/dist-packages'), ('CODESPACE_NAME', 'urban-space-garbanzo-j7wwvprrjjp25j95'), ('COLCON', '1'), ('CMAKE_PREFIX_PATH', '/workspaces/UON-CS-robotlab-simulation-container/install/turtlebot3:/workspaces/UON-CS-robotlab-simulation-container/install/turtlebot3_simulations:/workspaces/UON-CS-robotlab-simulation-container/install/turtlebot3_bringup:/workspaces/UON-CS-robotlab-simulation-container/install/turtlebot3_node:/workspaces/UON-CS-robotlab-simulation-container/install/turtlebot3_navigation2:/workspaces/UON-CS-robotlab-simulation-container/install/turtlebot3_fake_node:/workspaces/UON-CS-robotlab-simulation-container/install/turtlebot3_msgs:/workspaces/UON-CS-robotlab-simulation-container/install/turtlebot3_manipulation_gazebo:/workspaces/UON-CS-robotlab-simulation-container/install/turtlebot3_gazebo:/workspaces/UON-CS-robotlab-simulation-container/install/turtlebot3_description:/workspaces/UON-CS-robotlab-simulation-container/install/turtlebot3_cartographer:/workspaces/UON-CS-robotlab-simulation-container/install/dynamixel_sdk_examples:/workspaces/UON-CS-robotlab-simulation-container/install/dynamixel_sdk_custom_interfaces:/workspaces/UON-CS-robotlab-simulation-container/install/dynamixel_sdk:/workspaces/UON-CS-robotlab-simulation-container/install/turtlebot3_teleop:/workspaces/UON-CS-robotlab-simulation-container/install/turtlebot3_example:/opt/ros/humble')]), 'shell': False}
[7.326792] (turtlebot3_cartographer) StdoutLine: {'line': b'-- Install configuration: ""\n'}
[7.364282] (dynamixel_sdk_custom_interfaces) StdoutLine: {'line': b'[ 95%] Built target dynamixel_sdk_custom_interfaces__rosidl_typesupport_introspection_c__pyext\n'}
[7.395659] (turtlebot3_cartographer) StdoutLine: {'line': b'-- Execute custom install script\n'}
[7.395986] (-) TimerEvent: {}
[7.396872] (turtlebot3_cartographer) StdoutLine: {'line': b'-- Up-to-date symlink: /workspaces/UON-CS-robotlab-simulation-container/install/turtlebot3_cartographer/share/turtlebot3_cartographer/config/turtlebot3_lds_2d.lua\n'}
[7.413396] (turtlebot3_cartographer) StdoutLine: {'line': b'-- Up-to-date symlink: /workspaces/UON-CS-robotlab-simulation-container/install/turtlebot3_cartographer/share/turtlebot3_cartographer/launch/cartographer.launch.py\n'}
[7.424771] (turtlebot3_cartographer) StdoutLine: {'line': b'-- Up-to-date symlink: /workspaces/UON-CS-robotlab-simulation-container/install/turtlebot3_cartographer/share/turtlebot3_cartographer/launch/occupancy_grid.launch.py\n'}
[7.425624] (turtlebot3_cartographer) StdoutLine: {'line': b'-- Up-to-date symlink: /workspaces/UON-CS-robotlab-simulation-container/install/turtlebot3_cartographer/share/turtlebot3_cartographer/rviz/tb3_cartographer.rviz\n'}
[7.426331] (turtlebot3_cartographer) StdoutLine: {'line': b'-- Up-to-date symlink: /workspaces/UON-CS-robotlab-simulation-container/install/turtlebot3_cartographer/share/ament_index/resource_index/package_run_dependencies/turtlebot3_cartographer\n'}
[7.432495] (turtlebot3_cartographer) StdoutLine: {'line': b'-- Up-to-date symlink: /workspaces/UON-CS-robotlab-simulation-container/install/turtlebot3_cartographer/share/ament_index/resource_index/parent_prefix_path/turtlebot3_cartographer\n'}
[7.432965] (turtlebot3_cartographer) StdoutLine: {'line': b'-- Up-to-date symlink: /workspaces/UON-CS-robotlab-simulation-container/install/turtlebot3_cartographer/share/turtlebot3_cartographer/environment/ament_prefix_path.sh\n'}
[7.433137] (turtlebot3_cartographer) StdoutLine: {'line': b'-- Up-to-date symlink: /workspaces/UON-CS-robotlab-simulation-container/install/turtlebot3_cartographer/share/turtlebot3_cartographer/environment/ament_prefix_path.dsv\n'}
[7.449631] (turtlebot3_cartographer) StdoutLine: {'line': b'-- Up-to-date symlink: /workspaces/UON-CS-robotlab-simulation-container/install/turtlebot3_cartographer/share/turtlebot3_cartographer/environment/path.sh\n'}
[7.449875] (turtlebot3_cartographer) StdoutLine: {'line': b'-- Up-to-date symlink: /workspaces/UON-CS-robotlab-simulation-container/install/turtlebot3_cartographer/share/turtlebot3_cartographer/environment/path.dsv\n'}
[7.451307] (turtlebot3_cartographer) StdoutLine: {'line': b'-- Up-to-date symlink: /workspaces/UON-CS-robotlab-simulation-container/install/turtlebot3_cartographer/share/turtlebot3_cartographer/local_setup.bash\n'}
[7.451498] (turtlebot3_cartographer) StdoutLine: {'line': b'-- Up-to-date symlink: /workspaces/UON-CS-robotlab-simulation-container/install/turtlebot3_cartographer/share/turtlebot3_cartographer/local_setup.sh\n'}
[7.451672] (turtlebot3_cartographer) StdoutLine: {'line': b'-- Up-to-date symlink: /workspaces/UON-CS-robotlab-simulation-container/install/turtlebot3_cartographer/share/turtlebot3_cartographer/local_setup.zsh\n'}
[7.454252] (turtlebot3_cartographer) StdoutLine: {'line': b'-- Up-to-date symlink: /workspaces/UON-CS-robotlab-simulation-container/install/turtlebot3_cartographer/share/turtlebot3_cartographer/local_setup.dsv\n'}
[7.456946] (turtlebot3_cartographer) StdoutLine: {'line': b'-- Symlinking: /workspaces/UON-CS-robotlab-simulation-container/install/turtlebot3_cartographer/share/turtlebot3_cartographer/package.dsv\n'}
[7.499663] (-) TimerEvent: {}
[7.541940] (dynamixel_sdk_custom_interfaces) StdoutLine: {'line': b'[100%] Built target dynamixel_sdk_custom_interfaces__rosidl_typesupport_c__pyext\n'}
[7.548627] (turtlebot3_cartographer) StdoutLine: {'line': b'-- Up-to-date symlink: /workspaces/UON-CS-robotlab-simulation-container/install/turtlebot3_cartographer/share/ament_index/resource_index/packages/turtlebot3_cartographer\n'}
[7.548930] (turtlebot3_cartographer) StdoutLine: {'line': b'-- Up-to-date symlink: /workspaces/UON-CS-robotlab-simulation-container/install/turtlebot3_cartographer/share/turtlebot3_cartographer/cmake/turtlebot3_cartographerConfig.cmake\n'}
[7.553872] (turtlebot3_cartographer) StdoutLine: {'line': b'-- Up-to-date symlink: /workspaces/UON-CS-robotlab-simulation-container/install/turtlebot3_cartographer/share/turtlebot3_cartographer/cmake/turtlebot3_cartographerConfig-version.cmake\n'}
[7.554110] (turtlebot3_cartographer) StdoutLine: {'line': b'-- Up-to-date symlink: /workspaces/UON-CS-robotlab-simulation-container/install/turtlebot3_cartographer/share/turtlebot3_cartographer/package.xml\n'}
[7.576450] (turtlebot3_cartographer) CommandEnded: {'returncode': 0}
[7.606647] (-) TimerEvent: {}
[7.704667] (turtlebot3_cartographer) JobEnded: {'identifier': 'turtlebot3_cartographer', 'rc': 0}
[7.717729] (-) TimerEvent: {}
[7.717883] (turtlebot3_gazebo) JobStarted: {'identifier': 'turtlebot3_gazebo'}
[7.771149] (dynamixel_sdk_custom_interfaces) CommandEnded: {'returncode': 0}
[7.785854] (dynamixel_sdk_custom_interfaces) JobProgress: {'identifier': 'dynamixel_sdk_custom_interfaces', 'progress': 'install'}
[7.786825] (dynamixel_sdk_custom_interfaces) Command: {'cmd': ['/usr/bin/cmake', '--install', '/workspaces/UON-CS-robotlab-simulation-container/build/dynamixel_sdk_custom_interfaces'], 'cwd': '/workspaces/UON-CS-robotlab-simulation-container/build/dynamixel_sdk_custom_interfaces', 'env': OrderedDict([('GITHUB_TOKEN', 'ghu_B4O6CZhcVLRE0OX7B0pYH9Kn8C5gJq2RIGly'), ('GITHUB_CODESPACE_TOKEN', 'AOKRK4WKUJC5CQRMWNS6OXDKNJSNPANCNFSM4AXFRYHA'), ('FEATURE_SPARK_POST_COMMIT_CREATE_ITERATION', 'true'), ('HOSTNAME', 'codespaces-b7707e'), ('GITHUB_CODESPACES_PORT_FORWARDING_DOMAIN', 'app.github.dev'), ('SHLVL', '2'), ('LD_LIBRARY_PATH', '/workspaces/UON-CS-robotlab-simulation-container/install/turtlebot3_msgs/lib:/workspaces/UON-CS-robotlab-simulation-container/install/dynamixel_sdk_custom_interfaces/lib:/workspaces/UON-CS-robotlab-simulation-container/install/dynamixel_sdk/lib:/usr/lib/x86_64-linux-gnu/gazebo-11/plugins:/opt/ros/humble/opt/rviz_ogre_vendor/lib:/opt/ros/humble/lib/x86_64-linux-gnu:/opt/ros/humble/lib'), ('HOME', '/home/vscode'), ('OLDPWD', '/workspaces/UON-CS-robotlab-simulation-container'), ('CODESPACES', 'true'), ('ROS_PYTHON_VERSION', '3'), ('GITHUB_USER', 'mohammad-areeb'), ('GITHUB_GRAPHQL_URL', 'https://api.github.com/graphql'), ('COLCON_PREFIX_PATH', '/workspaces/UON-CS-robotlab-simulation-container/install'), ('ROS_DISTRO', 'humble'), ('ContainerVersion', '13'), ('GITHUB_API_URL', 'https://api.github.com'), ('RepositoryName', 'UON-CS-robotlab-simulation-container'), ('_', '/usr/bin/colcon'), ('ROS_VERSION', '2'), ('CLOUDENV_ENVIRONMENT_ID', '344bab99-1d47-4655-88f7-fee790854045'), ('TERM', 'xterm'), ('ROS_LOCALHOST_ONLY', '0'), ('PATH', '/opt/ros/humble/bin:/usr/local/sbin:/usr/local/bin:/usr/sbin:/usr/bin:/sbin:/bin'), ('SHELL_LOGGED_IN', 'true'), ('DISPLAY', ':1'), ('LANG', 'C.UTF-8'), ('LS_COLORS', ''), ('GITHUB_REPOSITORY', 'mohammad-areeb/UON-CS-robotlab-simulation-container'), ('ROS_DOMAIN_ID', '30'), ('AMENT_PREFIX_PATH', '/workspaces/UON-CS-robotlab-simulation-container/install/turtlebot3:/workspaces/UON-CS-robotlab-simulation-container/install/turtlebot3_teleop:/workspaces/UON-CS-robotlab-simulation-container/install/turtlebot3_simulations:/workspaces/UON-CS-robotlab-simulation-container/install/turtlebot3_bringup:/workspaces/UON-CS-robotlab-simulation-container/install/turtlebot3_node:/workspaces/UON-CS-robotlab-simulation-container/install/turtlebot3_navigation2:/workspaces/UON-CS-robotlab-simulation-container/install/turtlebot3_fake_node:/workspaces/UON-CS-robotlab-simulation-container/install/turtlebot3_example:/workspaces/UON-CS-robotlab-simulation-container/install/turtlebot3_msgs:/workspaces/UON-CS-robotlab-simulation-container/install/turtlebot3_manipulation_gazebo:/workspaces/UON-CS-robotlab-simulation-container/install/turtlebot3_gazebo:/workspaces/UON-CS-robotlab-simulation-container/install/turtlebot3_description:/workspaces/UON-CS-robotlab-simulation-container/install/turtlebot3_cartographer:/workspaces/UON-CS-robotlab-simulation-container/install/dynamixel_sdk_examples:/workspaces/UON-CS-robotlab-simulation-container/install/dynamixel_sdk_custom_interfaces:/workspaces/UON-CS-robotlab-simulation-container/install/dynamixel_sdk:/opt/ros/humble'), ('DEBIAN_FRONTEND', 'noninteractive'), ('SHELL', '/bin/bash'), ('PWD', '/workspaces/UON-CS-robotlab-simulation-container/build/dynamixel_sdk_custom_interfaces'), ('INTERNAL_VSCS_TARGET_URL', 'https://uksouth.online.visualstudio.com'), ('TURTLEBOT3_MODEL', 'waffle'), ('LC_ALL', 'C.UTF-8'), ('GITHUB_SERVER_URL', 'https://github.com'), ('PYTHONPATH', '/workspaces/UON-CS-robotlab-simulation-container/build/turtlebot3_teleop:/workspaces/UON-CS-robotlab-simulation-container/install/turtlebot3_teleop/lib/python3.10/site-packages:/workspaces/UON-CS-robotlab-simulation-container/build/turtlebot3_example:/workspaces/UON-CS-robotlab-simulation-container/install/turtlebot3_example/lib/python3.10/site-packages:/workspaces/UON-CS-robotlab-simulation-container/install/turtlebot3_msgs/local/lib/python3.10/dist-packages:/workspaces/UON-CS-robotlab-simulation-container/install/dynamixel_sdk_custom_interfaces/local/lib/python3.10/dist-packages:/workspaces/UON-CS-robotlab-simulation-container/install/dynamixel_sdk/local/lib/python3.10/dist-packages:/opt/ros/humble/lib/python3.10/site-packages:/opt/ros/humble/local/lib/python3.10/dist-packages'), ('CODESPACE_NAME', 'urban-space-garbanzo-j7wwvprrjjp25j95'), ('COLCON', '1'), ('CMAKE_PREFIX_PATH', '/workspaces/UON-CS-robotlab-simulation-container/install/turtlebot3:/workspaces/UON-CS-robotlab-simulation-container/install/turtlebot3_simulations:/workspaces/UON-CS-robotlab-simulation-container/install/turtlebot3_bringup:/workspaces/UON-CS-robotlab-simulation-container/install/turtlebot3_node:/workspaces/UON-CS-robotlab-simulation-container/install/turtlebot3_navigation2:/workspaces/UON-CS-robotlab-simulation-container/install/turtlebot3_fake_node:/workspaces/UON-CS-robotlab-simulation-container/install/turtlebot3_msgs:/workspaces/UON-CS-robotlab-simulation-container/install/turtlebot3_manipulation_gazebo:/workspaces/UON-CS-robotlab-simulation-container/install/turtlebot3_gazebo:/workspaces/UON-CS-robotlab-simulation-container/install/turtlebot3_description:/workspaces/UON-CS-robotlab-simulation-container/install/turtlebot3_cartographer:/workspaces/UON-CS-robotlab-simulation-container/install/dynamixel_sdk_examples:/workspaces/UON-CS-robotlab-simulation-container/install/dynamixel_sdk_custom_interfaces:/workspaces/UON-CS-robotlab-simulation-container/install/dynamixel_sdk:/workspaces/UON-CS-robotlab-simulation-container/install/turtlebot3_teleop:/workspaces/UON-CS-robotlab-simulation-container/install/turtlebot3_example:/opt/ros/humble')]), 'shell': False}
[7.792781] (turtlebot3_gazebo) JobProgress: {'identifier': 'turtlebot3_gazebo', 'progress': 'cmake'}
[7.806792] (turtlebot3_gazebo) JobProgress: {'identifier': 'turtlebot3_gazebo', 'progress': 'build'}
[7.806871] (turtlebot3_gazebo) Command: {'cmd': ['/usr/bin/cmake', '--build', '/workspaces/UON-CS-robotlab-simulation-container/build/turtlebot3_gazebo', '--', '-j2', '-l2'], 'cwd': '/workspaces/UON-CS-robotlab-simulation-container/build/turtlebot3_gazebo', 'env': OrderedDict([('GITHUB_TOKEN', 'ghu_B4O6CZhcVLRE0OX7B0pYH9Kn8C5gJq2RIGly'), ('GITHUB_CODESPACE_TOKEN', 'AOKRK4WKUJC5CQRMWNS6OXDKNJSNPANCNFSM4AXFRYHA'), ('FEATURE_SPARK_POST_COMMIT_CREATE_ITERATION', 'true'), ('HOSTNAME', 'codespaces-b7707e'), ('GITHUB_CODESPACES_PORT_FORWARDING_DOMAIN', 'app.github.dev'), ('SHLVL', '2'), ('LD_LIBRARY_PATH', '/workspaces/UON-CS-robotlab-simulation-container/install/turtlebot3_msgs/lib:/workspaces/UON-CS-robotlab-simulation-container/install/dynamixel_sdk_custom_interfaces/lib:/workspaces/UON-CS-robotlab-simulation-container/install/dynamixel_sdk/lib:/usr/lib/x86_64-linux-gnu/gazebo-11/plugins:/opt/ros/humble/opt/rviz_ogre_vendor/lib:/opt/ros/humble/lib/x86_64-linux-gnu:/opt/ros/humble/lib'), ('HOME', '/home/vscode'), ('OLDPWD', '/workspaces/UON-CS-robotlab-simulation-container'), ('CODESPACES', 'true'), ('ROS_PYTHON_VERSION', '3'), ('GITHUB_USER', 'mohammad-areeb'), ('GITHUB_GRAPHQL_URL', 'https://api.github.com/graphql'), ('COLCON_PREFIX_PATH', '/workspaces/UON-CS-robotlab-simulation-container/install'), ('ROS_DISTRO', 'humble'), ('ContainerVersion', '13'), ('GITHUB_API_URL', 'https://api.github.com'), ('RepositoryName', 'UON-CS-robotlab-simulation-container'), ('_', '/usr/bin/colcon'), ('ROS_VERSION', '2'), ('CLOUDENV_ENVIRONMENT_ID', '344bab99-1d47-4655-88f7-fee790854045'), ('TERM', 'xterm'), ('ROS_LOCALHOST_ONLY', '0'), ('PATH', '/opt/ros/humble/bin:/usr/local/sbin:/usr/local/bin:/usr/sbin:/usr/bin:/sbin:/bin'), ('SHELL_LOGGED_IN', 'true'), ('DISPLAY', ':1'), ('LANG', 'C.UTF-8'), ('LS_COLORS', ''), ('GITHUB_REPOSITORY', 'mohammad-areeb/UON-CS-robotlab-simulation-container'), ('ROS_DOMAIN_ID', '30'), ('AMENT_PREFIX_PATH', '/workspaces/UON-CS-robotlab-simulation-container/install/turtlebot3:/workspaces/UON-CS-robotlab-simulation-container/install/turtlebot3_teleop:/workspaces/UON-CS-robotlab-simulation-container/install/turtlebot3_simulations:/workspaces/UON-CS-robotlab-simulation-container/install/turtlebot3_bringup:/workspaces/UON-CS-robotlab-simulation-container/install/turtlebot3_node:/workspaces/UON-CS-robotlab-simulation-container/install/turtlebot3_navigation2:/workspaces/UON-CS-robotlab-simulation-container/install/turtlebot3_fake_node:/workspaces/UON-CS-robotlab-simulation-container/install/turtlebot3_example:/workspaces/UON-CS-robotlab-simulation-container/install/turtlebot3_msgs:/workspaces/UON-CS-robotlab-simulation-container/install/turtlebot3_manipulation_gazebo:/workspaces/UON-CS-robotlab-simulation-container/install/turtlebot3_gazebo:/workspaces/UON-CS-robotlab-simulation-container/install/turtlebot3_description:/workspaces/UON-CS-robotlab-simulation-container/install/turtlebot3_cartographer:/workspaces/UON-CS-robotlab-simulation-container/install/dynamixel_sdk_examples:/workspaces/UON-CS-robotlab-simulation-container/install/dynamixel_sdk_custom_interfaces:/workspaces/UON-CS-robotlab-simulation-container/install/dynamixel_sdk:/opt/ros/humble'), ('DEBIAN_FRONTEND', 'noninteractive'), ('SHELL', '/bin/bash'), ('PWD', '/workspaces/UON-CS-robotlab-simulation-container/build/turtlebot3_gazebo'), ('INTERNAL_VSCS_TARGET_URL', 'https://uksouth.online.visualstudio.com'), ('TURTLEBOT3_MODEL', 'waffle'), ('LC_ALL', 'C.UTF-8'), ('GITHUB_SERVER_URL', 'https://github.com'), ('PYTHONPATH', '/workspaces/UON-CS-robotlab-simulation-container/build/turtlebot3_teleop:/workspaces/UON-CS-robotlab-simulation-container/install/turtlebot3_teleop/lib/python3.10/site-packages:/workspaces/UON-CS-robotlab-simulation-container/build/turtlebot3_example:/workspaces/UON-CS-robotlab-simulation-container/install/turtlebot3_example/lib/python3.10/site-packages:/workspaces/UON-CS-robotlab-simulation-container/install/turtlebot3_msgs/local/lib/python3.10/dist-packages:/workspaces/UON-CS-robotlab-simulation-container/install/dynamixel_sdk_custom_interfaces/local/lib/python3.10/dist-packages:/workspaces/UON-CS-robotlab-simulation-container/install/dynamixel_sdk/local/lib/python3.10/dist-packages:/opt/ros/humble/lib/python3.10/site-packages:/opt/ros/humble/local/lib/python3.10/dist-packages'), ('CODESPACE_NAME', 'urban-space-garbanzo-j7wwvprrjjp25j95'), ('COLCON', '1'), ('CMAKE_PREFIX_PATH', '/workspaces/UON-CS-robotlab-simulation-container/install/turtlebot3:/workspaces/UON-CS-robotlab-simulation-container/install/turtlebot3_simulations:/workspaces/UON-CS-robotlab-simulation-container/install/turtlebot3_bringup:/workspaces/UON-CS-robotlab-simulation-container/install/turtlebot3_node:/workspaces/UON-CS-robotlab-simulation-container/install/turtlebot3_navigation2:/workspaces/UON-CS-robotlab-simulation-container/install/turtlebot3_fake_node:/workspaces/UON-CS-robotlab-simulation-container/install/turtlebot3_msgs:/workspaces/UON-CS-robotlab-simulation-container/install/turtlebot3_manipulation_gazebo:/workspaces/UON-CS-robotlab-simulation-container/install/turtlebot3_gazebo:/workspaces/UON-CS-robotlab-simulation-container/install/turtlebot3_description:/workspaces/UON-CS-robotlab-simulation-container/install/turtlebot3_cartographer:/workspaces/UON-CS-robotlab-simulation-container/install/dynamixel_sdk_examples:/workspaces/UON-CS-robotlab-simulation-container/install/dynamixel_sdk_custom_interfaces:/workspaces/UON-CS-robotlab-simulation-container/install/dynamixel_sdk:/workspaces/UON-CS-robotlab-simulation-container/install/turtlebot3_teleop:/workspaces/UON-CS-robotlab-simulation-container/install/turtlebot3_example:/opt/ros/humble')]), 'shell': False}
[7.822667] (-) TimerEvent: {}
[7.853329] (dynamixel_sdk_custom_interfaces) StdoutLine: {'line': b'-- Install configuration: ""\n'}
[7.855492] (dynamixel_sdk_custom_interfaces) StdoutLine: {'line': b'-- Execute custom install script\n'}
[7.866269] (dynamixel_sdk_custom_interfaces) StdoutLine: {'line': b'-- Up-to-date symlink: /workspaces/UON-CS-robotlab-simulation-container/install/dynamixel_sdk_custom_interfaces/share/ament_index/resource_index/rosidl_interfaces/dynamixel_sdk_custom_interfaces\n'}
[7.871185] (dynamixel_sdk_custom_interfaces) StdoutLine: {'line': b'-- Up-to-date symlink: /workspaces/UON-CS-robotlab-simulation-container/install/dynamixel_sdk_custom_interfaces/include/dynamixel_sdk_custom_interfaces/dynamixel_sdk_custom_interfaces/msg/detail/set_position__functions.h\n'}
[7.871697] (dynamixel_sdk_custom_interfaces) StdoutLine: {'line': b'-- Up-to-date symlink: /workspaces/UON-CS-robotlab-simulation-container/install/dynamixel_sdk_custom_interfaces/include/dynamixel_sdk_custom_interfaces/dynamixel_sdk_custom_interfaces/msg/detail/set_position__struct.h\n'}
[7.871857] (dynamixel_sdk_custom_interfaces) StdoutLine: {'line': b'-- Up-to-date symlink: /workspaces/UON-CS-robotlab-simulation-container/install/dynamixel_sdk_custom_interfaces/include/dynamixel_sdk_custom_interfaces/dynamixel_sdk_custom_interfaces/msg/detail/set_position__type_support.h\n'}
[7.873072] (dynamixel_sdk_custom_interfaces) StdoutLine: {'line': b'-- Up-to-date symlink: /workspaces/UON-CS-robotlab-simulation-container/install/dynamixel_sdk_custom_interfaces/include/dynamixel_sdk_custom_interfaces/dynamixel_sdk_custom_interfaces/msg/rosidl_generator_c__visibility_control.h\n'}
[7.873240] (dynamixel_sdk_custom_interfaces) StdoutLine: {'line': b'-- Up-to-date symlink: /workspaces/UON-CS-robotlab-simulation-container/install/dynamixel_sdk_custom_interfaces/include/dynamixel_sdk_custom_interfaces/dynamixel_sdk_custom_interfaces/msg/set_position.h\n'}
[7.873361] (dynamixel_sdk_custom_interfaces) StdoutLine: {'line': b'-- Up-to-date symlink: /workspaces/UON-CS-robotlab-simulation-container/install/dynamixel_sdk_custom_interfaces/include/dynamixel_sdk_custom_interfaces/dynamixel_sdk_custom_interfaces/srv/detail/get_position__functions.h\n'}
[7.873486] (dynamixel_sdk_custom_interfaces) StdoutLine: {'line': b'-- Up-to-date symlink: /workspaces/UON-CS-robotlab-simulation-container/install/dynamixel_sdk_custom_interfaces/include/dynamixel_sdk_custom_interfaces/dynamixel_sdk_custom_interfaces/srv/detail/get_position__struct.h\n'}
[7.877807] (dynamixel_sdk_custom_interfaces) StdoutLine: {'line': b'-- Up-to-date symlink: /workspaces/UON-CS-robotlab-simulation-container/install/dynamixel_sdk_custom_interfaces/include/dynamixel_sdk_custom_interfaces/dynamixel_sdk_custom_interfaces/srv/detail/get_position__type_support.h\n'}
[7.877979] (dynamixel_sdk_custom_interfaces) StdoutLine: {'line': b'-- Up-to-date symlink: /workspaces/UON-CS-robotlab-simulation-container/install/dynamixel_sdk_custom_interfaces/include/dynamixel_sdk_custom_interfaces/dynamixel_sdk_custom_interfaces/srv/get_position.h\n'}
[7.878105] (dynamixel_sdk_custom_interfaces) StdoutLine: {'line': b'-- Up-to-date symlink: /workspaces/UON-CS-robotlab-simulation-container/install/dynamixel_sdk_custom_interfaces/share/dynamixel_sdk_custom_interfaces/environment/library_path.sh\n'}
[7.878224] (dynamixel_sdk_custom_interfaces) StdoutLine: {'line': b'-- Up-to-date symlink: /workspaces/UON-CS-robotlab-simulation-container/install/dynamixel_sdk_custom_interfaces/share/dynamixel_sdk_custom_interfaces/environment/library_path.dsv\n'}
[7.880814] (dynamixel_sdk_custom_interfaces) StdoutLine: {'line': b'-- Up-to-date symlink: /workspaces/UON-CS-robotlab-simulation-container/install/dynamixel_sdk_custom_interfaces/include/dynamixel_sdk_custom_interfaces/dynamixel_sdk_custom_interfaces/msg/detail/set_position__rosidl_typesupport_fastrtps_c.h\n'}
[7.883788] (dynamixel_sdk_custom_interfaces) StdoutLine: {'line': b'-- Up-to-date symlink: /workspaces/UON-CS-robotlab-simulation-container/install/dynamixel_sdk_custom_interfaces/include/dynamixel_sdk_custom_interfaces/dynamixel_sdk_custom_interfaces/msg/rosidl_typesupport_fastrtps_c__visibility_control.h\n'}
[7.887634] (dynamixel_sdk_custom_interfaces) StdoutLine: {'line': b'-- Up-to-date symlink: /workspaces/UON-CS-robotlab-simulation-container/install/dynamixel_sdk_custom_interfaces/include/dynamixel_sdk_custom_interfaces/dynamixel_sdk_custom_interfaces/srv/detail/get_position__rosidl_typesupport_fastrtps_c.h\n'}
[7.888020] (dynamixel_sdk_custom_interfaces) StdoutLine: {'line': b'-- Up-to-date symlink: /workspaces/UON-CS-robotlab-simulation-container/install/dynamixel_sdk_custom_interfaces/include/dynamixel_sdk_custom_interfaces/dynamixel_sdk_custom_interfaces/msg/detail/set_position__builder.hpp\n'}
[7.889558] (dynamixel_sdk_custom_interfaces) StdoutLine: {'line': b'-- Up-to-date symlink: /workspaces/UON-CS-robotlab-simulation-container/install/dynamixel_sdk_custom_interfaces/include/dynamixel_sdk_custom_interfaces/dynamixel_sdk_custom_interfaces/msg/detail/set_position__struct.hpp\n'}
[7.894669] (dynamixel_sdk_custom_interfaces) StdoutLine: {'line': b'-- Up-to-date symlink: /workspaces/UON-CS-robotlab-simulation-container/install/dynamixel_sdk_custom_interfaces/include/dynamixel_sdk_custom_interfaces/dynamixel_sdk_custom_interfaces/msg/detail/set_position__traits.hpp\n'}
[7.894832] (dynamixel_sdk_custom_interfaces) StdoutLine: {'line': b'-- Up-to-date symlink: /workspaces/UON-CS-robotlab-simulation-container/install/dynamixel_sdk_custom_interfaces/include/dynamixel_sdk_custom_interfaces/dynamixel_sdk_custom_interfaces/msg/detail/set_position__type_support.hpp\n'}
[7.894952] (dynamixel_sdk_custom_interfaces) StdoutLine: {'line': b'-- Up-to-date symlink: /workspaces/UON-CS-robotlab-simulation-container/install/dynamixel_sdk_custom_interfaces/include/dynamixel_sdk_custom_interfaces/dynamixel_sdk_custom_interfaces/msg/rosidl_generator_cpp__visibility_control.hpp\n'}
[7.895052] (dynamixel_sdk_custom_interfaces) StdoutLine: {'line': b'-- Up-to-date symlink: /workspaces/UON-CS-robotlab-simulation-container/install/dynamixel_sdk_custom_interfaces/include/dynamixel_sdk_custom_interfaces/dynamixel_sdk_custom_interfaces/msg/set_position.hpp\n'}
[7.895689] (dynamixel_sdk_custom_interfaces) StdoutLine: {'line': b'-- Up-to-date symlink: /workspaces/UON-CS-robotlab-simulation-container/install/dynamixel_sdk_custom_interfaces/include/dynamixel_sdk_custom_interfaces/dynamixel_sdk_custom_interfaces/srv/detail/get_position__builder.hpp\n'}
[7.896148] (dynamixel_sdk_custom_interfaces) StdoutLine: {'line': b'-- Up-to-date symlink: /workspaces/UON-CS-robotlab-simulation-container/install/dynamixel_sdk_custom_interfaces/include/dynamixel_sdk_custom_interfaces/dynamixel_sdk_custom_interfaces/srv/detail/get_position__struct.hpp\n'}
[7.896288] (dynamixel_sdk_custom_interfaces) StdoutLine: {'line': b'-- Up-to-date symlink: /workspaces/UON-CS-robotlab-simulation-container/install/dynamixel_sdk_custom_interfaces/include/dynamixel_sdk_custom_interfaces/dynamixel_sdk_custom_interfaces/srv/detail/get_position__traits.hpp\n'}
[7.897798] (dynamixel_sdk_custom_interfaces) StdoutLine: {'line': b'-- Up-to-date symlink: /workspaces/UON-CS-robotlab-simulation-container/install/dynamixel_sdk_custom_interfaces/include/dynamixel_sdk_custom_interfaces/dynamixel_sdk_custom_interfaces/srv/detail/get_position__type_support.hpp\n'}
[7.899630] (dynamixel_sdk_custom_interfaces) StdoutLine: {'line': b'-- Up-to-date symlink: /workspaces/UON-CS-robotlab-simulation-container/install/dynamixel_sdk_custom_interfaces/include/dynamixel_sdk_custom_interfaces/dynamixel_sdk_custom_interfaces/srv/get_position.hpp\n'}
[7.903963] (dynamixel_sdk_custom_interfaces) StdoutLine: {'line': b'-- Up-to-date symlink: /workspaces/UON-CS-robotlab-simulation-container/install/dynamixel_sdk_custom_interfaces/include/dynamixel_sdk_custom_interfaces/dynamixel_sdk_custom_interfaces/msg/detail/set_position__rosidl_typesupport_fastrtps_cpp.hpp\n'}
[7.904451] (dynamixel_sdk_custom_interfaces) StdoutLine: {'line': b'-- Up-to-date symlink: /workspaces/UON-CS-robotlab-simulation-container/install/dynamixel_sdk_custom_interfaces/include/dynamixel_sdk_custom_interfaces/dynamixel_sdk_custom_interfaces/msg/rosidl_typesupport_fastrtps_cpp__visibility_control.h\n'}
[7.906153] (dynamixel_sdk_custom_interfaces) StdoutLine: {'line': b'-- Up-to-date symlink: /workspaces/UON-CS-robotlab-simulation-container/install/dynamixel_sdk_custom_interfaces/include/dynamixel_sdk_custom_interfaces/dynamixel_sdk_custom_interfaces/srv/detail/get_position__rosidl_typesupport_fastrtps_cpp.hpp\n'}
[7.916659] (dynamixel_sdk_custom_interfaces) StdoutLine: {'line': b'-- Up-to-date symlink: /workspaces/UON-CS-robotlab-simulation-container/install/dynamixel_sdk_custom_interfaces/include/dynamixel_sdk_custom_interfaces/dynamixel_sdk_custom_interfaces/msg/detail/set_position__rosidl_typesupport_introspection_c.h\n'}
[7.916863] (dynamixel_sdk_custom_interfaces) StdoutLine: {'line': b'-- Up-to-date symlink: /workspaces/UON-CS-robotlab-simulation-container/install/dynamixel_sdk_custom_interfaces/include/dynamixel_sdk_custom_interfaces/dynamixel_sdk_custom_interfaces/msg/rosidl_typesupport_introspection_c__visibility_control.h\n'}
[7.916991] (dynamixel_sdk_custom_interfaces) StdoutLine: {'line': b'-- Up-to-date symlink: /workspaces/UON-CS-robotlab-simulation-container/install/dynamixel_sdk_custom_interfaces/include/dynamixel_sdk_custom_interfaces/dynamixel_sdk_custom_interfaces/srv/detail/get_position__rosidl_typesupport_introspection_c.h\n'}
[7.920768] (dynamixel_sdk_custom_interfaces) StdoutLine: {'line': b'-- Up-to-date symlink: /workspaces/UON-CS-robotlab-simulation-container/install/dynamixel_sdk_custom_interfaces/include/dynamixel_sdk_custom_interfaces/dynamixel_sdk_custom_interfaces/msg/detail/set_position__rosidl_typesupport_introspection_cpp.hpp\n'}
[7.920958] (dynamixel_sdk_custom_interfaces) StdoutLine: {'line': b'-- Up-to-date symlink: /workspaces/UON-CS-robotlab-simulation-container/install/dynamixel_sdk_custom_interfaces/include/dynamixel_sdk_custom_interfaces/dynamixel_sdk_custom_interfaces/srv/detail/get_position__rosidl_typesupport_introspection_cpp.hpp\n'}
[7.924719] (dynamixel_sdk_custom_interfaces) StdoutLine: {'line': b'-- Up-to-date symlink: /workspaces/UON-CS-robotlab-simulation-container/install/dynamixel_sdk_custom_interfaces/share/dynamixel_sdk_custom_interfaces/environment/pythonpath.sh\n'}
[7.924893] (-) TimerEvent: {}
[7.925060] (dynamixel_sdk_custom_interfaces) StdoutLine: {'line': b'-- Up-to-date symlink: /workspaces/UON-CS-robotlab-simulation-container/install/dynamixel_sdk_custom_interfaces/share/dynamixel_sdk_custom_interfaces/environment/pythonpath.dsv\n'}
[7.925190] (dynamixel_sdk_custom_interfaces) StdoutLine: {'line': b'-- Up-to-date symlink: /workspaces/UON-CS-robotlab-simulation-container/install/dynamixel_sdk_custom_interfaces/local/lib/python3.10/dist-packages/dynamixel_sdk_custom_interfaces-3.8.4-py3.10.egg-info/PKG-INFO\n'}
[7.927570] (dynamixel_sdk_custom_interfaces) StdoutLine: {'line': b'-- Up-to-date symlink: /workspaces/UON-CS-robotlab-simulation-container/install/dynamixel_sdk_custom_interfaces/local/lib/python3.10/dist-packages/dynamixel_sdk_custom_interfaces-3.8.4-py3.10.egg-info/SOURCES.txt\n'}
[7.933922] (dynamixel_sdk_custom_interfaces) StdoutLine: {'line': b'-- Up-to-date symlink: /workspaces/UON-CS-robotlab-simulation-container/install/dynamixel_sdk_custom_interfaces/local/lib/python3.10/dist-packages/dynamixel_sdk_custom_interfaces-3.8.4-py3.10.egg-info/dependency_links.txt\n'}
[7.944683] (dynamixel_sdk_custom_interfaces) StdoutLine: {'line': b'-- Up-to-date symlink: /workspaces/UON-CS-robotlab-simulation-container/install/dynamixel_sdk_custom_interfaces/local/lib/python3.10/dist-packages/dynamixel_sdk_custom_interfaces-3.8.4-py3.10.egg-info/top_level.txt\n'}
[7.946906] (dynamixel_sdk_custom_interfaces) StdoutLine: {'line': b'-- Up-to-date symlink: /workspaces/UON-CS-robotlab-simulation-container/install/dynamixel_sdk_custom_interfaces/local/lib/python3.10/dist-packages/dynamixel_sdk_custom_interfaces/__init__.py\n'}
[7.950736] (dynamixel_sdk_custom_interfaces) StdoutLine: {'line': b'-- Up-to-date symlink: /workspaces/UON-CS-robotlab-simulation-container/install/dynamixel_sdk_custom_interfaces/local/lib/python3.10/dist-packages/dynamixel_sdk_custom_interfaces/_dynamixel_sdk_custom_interfaces_s.ep.rosidl_typesupport_c.c\n'}
[7.951279] (dynamixel_sdk_custom_interfaces) StdoutLine: {'line': b'-- Up-to-date symlink: /workspaces/UON-CS-robotlab-simulation-container/install/dynamixel_sdk_custom_interfaces/local/lib/python3.10/dist-packages/dynamixel_sdk_custom_interfaces/_dynamixel_sdk_custom_interfaces_s.ep.rosidl_typesupport_fastrtps_c.c\n'}
[7.957241] (dynamixel_sdk_custom_interfaces) StdoutLine: {'line': b'-- Up-to-date symlink: /workspaces/UON-CS-robotlab-simulation-container/install/dynamixel_sdk_custom_interfaces/local/lib/python3.10/dist-packages/dynamixel_sdk_custom_interfaces/_dynamixel_sdk_custom_interfaces_s.ep.rosidl_typesupport_introspection_c.c\n'}
[7.957466] (dynamixel_sdk_custom_interfaces) StdoutLine: {'line': b'-- Up-to-date symlink: /workspaces/UON-CS-robotlab-simulation-container/install/dynamixel_sdk_custom_interfaces/local/lib/python3.10/dist-packages/dynamixel_sdk_custom_interfaces/dynamixel_sdk_custom_interfaces_s__rosidl_typesupport_c.cpython-310-x86_64-linux-gnu.so\n'}
[7.957640] (dynamixel_sdk_custom_interfaces) StdoutLine: {'line': b'-- Up-to-date symlink: /workspaces/UON-CS-robotlab-simulation-container/install/dynamixel_sdk_custom_interfaces/local/lib/python3.10/dist-packages/dynamixel_sdk_custom_interfaces/dynamixel_sdk_custom_interfaces_s__rosidl_typesupport_fastrtps_c.cpython-310-x86_64-linux-gnu.so\n'}
[7.957762] (dynamixel_sdk_custom_interfaces) StdoutLine: {'line': b'-- Up-to-date symlink: /workspaces/UON-CS-robotlab-simulation-container/install/dynamixel_sdk_custom_interfaces/local/lib/python3.10/dist-packages/dynamixel_sdk_custom_interfaces/dynamixel_sdk_custom_interfaces_s__rosidl_typesupport_introspection_c.cpython-310-x86_64-linux-gnu.so\n'}
[7.960250] (dynamixel_sdk_custom_interfaces) StdoutLine: {'line': b'-- Up-to-date symlink: /workspaces/UON-CS-robotlab-simulation-container/install/dynamixel_sdk_custom_interfaces/local/lib/python3.10/dist-packages/dynamixel_sdk_custom_interfaces/libdynamixel_sdk_custom_interfaces__rosidl_generator_py.so\n'}
[7.960459] (dynamixel_sdk_custom_interfaces) StdoutLine: {'line': b'-- Up-to-date symlink: /workspaces/UON-CS-robotlab-simulation-container/install/dynamixel_sdk_custom_interfaces/local/lib/python3.10/dist-packages/dynamixel_sdk_custom_interfaces/msg/__init__.py\n'}
[7.961250] (dynamixel_sdk_custom_interfaces) StdoutLine: {'line': b'-- Up-to-date symlink: /workspaces/UON-CS-robotlab-simulation-container/install/dynamixel_sdk_custom_interfaces/local/lib/python3.10/dist-packages/dynamixel_sdk_custom_interfaces/msg/_set_position.py\n'}
[7.961727] (dynamixel_sdk_custom_interfaces) StdoutLine: {'line': b'-- Up-to-date symlink: /workspaces/UON-CS-robotlab-simulation-container/install/dynamixel_sdk_custom_interfaces/local/lib/python3.10/dist-packages/dynamixel_sdk_custom_interfaces/msg/_set_position_s.c\n'}
[7.965937] (dynamixel_sdk_custom_interfaces) StdoutLine: {'line': b'-- Up-to-date symlink: /workspaces/UON-CS-robotlab-simulation-container/install/dynamixel_sdk_custom_interfaces/local/lib/python3.10/dist-packages/dynamixel_sdk_custom_interfaces/srv/__init__.py\n'}
[7.966159] (dynamixel_sdk_custom_interfaces) StdoutLine: {'line': b'-- Up-to-date symlink: /workspaces/UON-CS-robotlab-simulation-container/install/dynamixel_sdk_custom_interfaces/local/lib/python3.10/dist-packages/dynamixel_sdk_custom_interfaces/srv/_get_position.py\n'}
[7.967614] (dynamixel_sdk_custom_interfaces) StdoutLine: {'line': b'-- Up-to-date symlink: /workspaces/UON-CS-robotlab-simulation-container/install/dynamixel_sdk_custom_interfaces/local/lib/python3.10/dist-packages/dynamixel_sdk_custom_interfaces/srv/_get_position_s.c\n'}
[7.971147] (dynamixel_sdk_custom_interfaces) StdoutLine: {'line': b'-- Up-to-date symlink: /workspaces/UON-CS-robotlab-simulation-container/install/dynamixel_sdk_custom_interfaces/local/lib/python3.10/dist-packages/dynamixel_sdk_custom_interfaces/dynamixel_sdk_custom_interfaces_s__rosidl_typesupport_fastrtps_c.cpython-310-x86_64-linux-gnu.so\n'}
[7.972232] (dynamixel_sdk_custom_interfaces) StdoutLine: {'line': b'-- Up-to-date symlink: /workspaces/UON-CS-robotlab-simulation-container/install/dynamixel_sdk_custom_interfaces/local/lib/python3.10/dist-packages/dynamixel_sdk_custom_interfaces/dynamixel_sdk_custom_interfaces_s__rosidl_typesupport_introspection_c.cpython-310-x86_64-linux-gnu.so\n'}
[7.979685] (dynamixel_sdk_custom_interfaces) StdoutLine: {'line': b'-- Up-to-date symlink: /workspaces/UON-CS-robotlab-simulation-container/install/dynamixel_sdk_custom_interfaces/local/lib/python3.10/dist-packages/dynamixel_sdk_custom_interfaces/dynamixel_sdk_custom_interfaces_s__rosidl_typesupport_c.cpython-310-x86_64-linux-gnu.so\n'}
[7.979908] (dynamixel_sdk_custom_interfaces) StdoutLine: {'line': b'-- Up-to-date symlink: /workspaces/UON-CS-robotlab-simulation-container/install/dynamixel_sdk_custom_interfaces/share/ament_index/resource_index/rust_packages/dynamixel_sdk_custom_interfaces\n'}
[7.980922] (dynamixel_sdk_custom_interfaces) StdoutLine: {'line': b'-- Up-to-date symlink: /workspaces/UON-CS-robotlab-simulation-container/install/dynamixel_sdk_custom_interfaces/share/dynamixel_sdk_custom_interfaces/rust/Cargo.toml\n'}
[7.985807] (dynamixel_sdk_custom_interfaces) StdoutLine: {'line': b'-- Up-to-date symlink: /workspaces/UON-CS-robotlab-simulation-container/install/dynamixel_sdk_custom_interfaces/share/dynamixel_sdk_custom_interfaces/rust/build.rs\n'}
[7.986508] (dynamixel_sdk_custom_interfaces) StdoutLine: {'line': b'-- Up-to-date symlink: /workspaces/UON-CS-robotlab-simulation-container/install/dynamixel_sdk_custom_interfaces/share/dynamixel_sdk_custom_interfaces/rust/src/lib.rs\n'}
[7.986684] (dynamixel_sdk_custom_interfaces) StdoutLine: {'line': b'-- Up-to-date symlink: /workspaces/UON-CS-robotlab-simulation-container/install/dynamixel_sdk_custom_interfaces/share/dynamixel_sdk_custom_interfaces/rust/src/msg.rs\n'}
[7.989622] (dynamixel_sdk_custom_interfaces) StdoutLine: {'line': b'-- Up-to-date symlink: /workspaces/UON-CS-robotlab-simulation-container/install/dynamixel_sdk_custom_interfaces/share/dynamixel_sdk_custom_interfaces/rust/src/msg/rmw.rs\n'}
[7.990139] (dynamixel_sdk_custom_interfaces) StdoutLine: {'line': b'-- Up-to-date symlink: /workspaces/UON-CS-robotlab-simulation-container/install/dynamixel_sdk_custom_interfaces/share/dynamixel_sdk_custom_interfaces/rust/src/srv.rs\n'}
[7.994987] (dynamixel_sdk_custom_interfaces) StdoutLine: {'line': b'-- Up-to-date symlink: /workspaces/UON-CS-robotlab-simulation-container/install/dynamixel_sdk_custom_interfaces/share/dynamixel_sdk_custom_interfaces/rust/src/srv/rmw.rs\n'}
[8.000017] (dynamixel_sdk_custom_interfaces) StdoutLine: {'line': b'-- Up-to-date symlink: /workspaces/UON-CS-robotlab-simulation-container/install/dynamixel_sdk_custom_interfaces/share/dynamixel_sdk_custom_interfaces/msg/SetPosition.idl\n'}
[8.000221] (dynamixel_sdk_custom_interfaces) StdoutLine: {'line': b'-- Up-to-date symlink: /workspaces/UON-CS-robotlab-simulation-container/install/dynamixel_sdk_custom_interfaces/share/dynamixel_sdk_custom_interfaces/srv/GetPosition.idl\n'}
[8.000764] (dynamixel_sdk_custom_interfaces) StdoutLine: {'line': b'-- Up-to-date symlink: /workspaces/UON-CS-robotlab-simulation-container/install/dynamixel_sdk_custom_interfaces/share/dynamixel_sdk_custom_interfaces/msg/SetPosition.msg\n'}
[8.001285] (dynamixel_sdk_custom_interfaces) StdoutLine: {'line': b'-- Up-to-date symlink: /workspaces/UON-CS-robotlab-simulation-container/install/dynamixel_sdk_custom_interfaces/share/dynamixel_sdk_custom_interfaces/srv/GetPosition.srv\n'}
[8.003986] (dynamixel_sdk_custom_interfaces) StdoutLine: {'line': b'-- Up-to-date symlink: /workspaces/UON-CS-robotlab-simulation-container/install/dynamixel_sdk_custom_interfaces/share/dynamixel_sdk_custom_interfaces/srv/GetPosition_Request.msg\n'}
[8.010472] (dynamixel_sdk_custom_interfaces) StdoutLine: {'line': b'-- Up-to-date symlink: /workspaces/UON-CS-robotlab-simulation-container/install/dynamixel_sdk_custom_interfaces/share/dynamixel_sdk_custom_interfaces/srv/GetPosition_Response.msg\n'}
[8.010758] (dynamixel_sdk_custom_interfaces) StdoutLine: {'line': b'-- Up-to-date symlink: /workspaces/UON-CS-robotlab-simulation-container/install/dynamixel_sdk_custom_interfaces/share/ament_index/resource_index/package_run_dependencies/dynamixel_sdk_custom_interfaces\n'}
[8.010921] (dynamixel_sdk_custom_interfaces) StdoutLine: {'line': b'-- Up-to-date symlink: /workspaces/UON-CS-robotlab-simulation-container/install/dynamixel_sdk_custom_interfaces/share/ament_index/resource_index/parent_prefix_path/dynamixel_sdk_custom_interfaces\n'}
[8.012746] (dynamixel_sdk_custom_interfaces) StdoutLine: {'line': b'-- Up-to-date symlink: /workspaces/UON-CS-robotlab-simulation-container/install/dynamixel_sdk_custom_interfaces/share/dynamixel_sdk_custom_interfaces/environment/ament_prefix_path.sh\n'}
[8.014317] (dynamixel_sdk_custom_interfaces) StdoutLine: {'line': b'-- Up-to-date symlink: /workspaces/UON-CS-robotlab-simulation-container/install/dynamixel_sdk_custom_interfaces/share/dynamixel_sdk_custom_interfaces/environment/ament_prefix_path.dsv\n'}
[8.024320] (dynamixel_sdk_custom_interfaces) StdoutLine: {'line': b'-- Up-to-date symlink: /workspaces/UON-CS-robotlab-simulation-container/install/dynamixel_sdk_custom_interfaces/share/dynamixel_sdk_custom_interfaces/environment/path.sh\n'}
[8.024912] (-) TimerEvent: {}
[8.025072] (dynamixel_sdk_custom_interfaces) StdoutLine: {'line': b'-- Up-to-date symlink: /workspaces/UON-CS-robotlab-simulation-container/install/dynamixel_sdk_custom_interfaces/share/dynamixel_sdk_custom_interfaces/environment/path.dsv\n'}
[8.029237] (dynamixel_sdk_custom_interfaces) StdoutLine: {'line': b'-- Up-to-date symlink: /workspaces/UON-CS-robotlab-simulation-container/install/dynamixel_sdk_custom_interfaces/share/dynamixel_sdk_custom_interfaces/local_setup.bash\n'}
[8.031763] (dynamixel_sdk_custom_interfaces) StdoutLine: {'line': b'-- Up-to-date symlink: /workspaces/UON-CS-robotlab-simulation-container/install/dynamixel_sdk_custom_interfaces/share/dynamixel_sdk_custom_interfaces/local_setup.sh\n'}
[8.032776] (dynamixel_sdk_custom_interfaces) StdoutLine: {'line': b'-- Up-to-date symlink: /workspaces/UON-CS-robotlab-simulation-container/install/dynamixel_sdk_custom_interfaces/share/dynamixel_sdk_custom_interfaces/local_setup.zsh\n'}
[8.034868] (dynamixel_sdk_custom_interfaces) StdoutLine: {'line': b'-- Up-to-date symlink: /workspaces/UON-CS-robotlab-simulation-container/install/dynamixel_sdk_custom_interfaces/share/dynamixel_sdk_custom_interfaces/local_setup.dsv\n'}
[8.047081] (dynamixel_sdk_custom_interfaces) StdoutLine: {'line': b'-- Symlinking: /workspaces/UON-CS-robotlab-simulation-container/install/dynamixel_sdk_custom_interfaces/share/dynamixel_sdk_custom_interfaces/package.dsv\n'}
[8.119074] (dynamixel_sdk_custom_interfaces) StdoutLine: {'line': b'-- Up-to-date symlink: /workspaces/UON-CS-robotlab-simulation-container/install/dynamixel_sdk_custom_interfaces/share/ament_index/resource_index/packages/dynamixel_sdk_custom_interfaces\n'}
[8.119848] (dynamixel_sdk_custom_interfaces) StdoutLine: {'line': b'-- Up-to-date symlink: /workspaces/UON-CS-robotlab-simulation-container/install/dynamixel_sdk_custom_interfaces/share/dynamixel_sdk_custom_interfaces/cmake/rosidl_cmake-extras.cmake\n'}
[8.120981] (dynamixel_sdk_custom_interfaces) StdoutLine: {'line': b'-- Up-to-date symlink: /workspaces/UON-CS-robotlab-simulation-container/install/dynamixel_sdk_custom_interfaces/share/dynamixel_sdk_custom_interfaces/cmake/ament_cmake_export_dependencies-extras.cmake\n'}
[8.125245] (-) TimerEvent: {}
[8.134565] (dynamixel_sdk_custom_interfaces) StdoutLine: {'line': b'-- Up-to-date symlink: /workspaces/UON-CS-robotlab-simulation-container/install/dynamixel_sdk_custom_interfaces/share/dynamixel_sdk_custom_interfaces/cmake/ament_cmake_export_include_directories-extras.cmake\n'}
[8.136954] (dynamixel_sdk_custom_interfaces) StdoutLine: {'line': b'-- Up-to-date symlink: /workspaces/UON-CS-robotlab-simulation-container/install/dynamixel_sdk_custom_interfaces/share/dynamixel_sdk_custom_interfaces/cmake/ament_cmake_export_libraries-extras.cmake\n'}
[8.137119] (dynamixel_sdk_custom_interfaces) StdoutLine: {'line': b'-- Up-to-date symlink: /workspaces/UON-CS-robotlab-simulation-container/install/dynamixel_sdk_custom_interfaces/share/dynamixel_sdk_custom_interfaces/cmake/ament_cmake_export_targets-extras.cmake\n'}
[8.142630] (dynamixel_sdk_custom_interfaces) StdoutLine: {'line': b'-- Up-to-date symlink: /workspaces/UON-CS-robotlab-simulation-container/install/dynamixel_sdk_custom_interfaces/share/dynamixel_sdk_custom_interfaces/cmake/rosidl_cmake_export_typesupport_targets-extras.cmake\n'}
[8.145641] (dynamixel_sdk_custom_interfaces) StdoutLine: {'line': b'-- Up-to-date symlink: /workspaces/UON-CS-robotlab-simulation-container/install/dynamixel_sdk_custom_interfaces/share/dynamixel_sdk_custom_interfaces/cmake/rosidl_cmake_export_typesupport_libraries-extras.cmake\n'}
[8.147758] (dynamixel_sdk_custom_interfaces) StdoutLine: {'line': b'-- Up-to-date symlink: /workspaces/UON-CS-robotlab-simulation-container/install/dynamixel_sdk_custom_interfaces/share/dynamixel_sdk_custom_interfaces/cmake/dynamixel_sdk_custom_interfacesConfig.cmake\n'}
[8.148922] (dynamixel_sdk_custom_interfaces) StdoutLine: {'line': b'-- Up-to-date symlink: /workspaces/UON-CS-robotlab-simulation-container/install/dynamixel_sdk_custom_interfaces/share/dynamixel_sdk_custom_interfaces/cmake/dynamixel_sdk_custom_interfacesConfig-version.cmake\n'}
[8.157965] (dynamixel_sdk_custom_interfaces) StdoutLine: {'line': b'-- Up-to-date symlink: /workspaces/UON-CS-robotlab-simulation-container/install/dynamixel_sdk_custom_interfaces/share/dynamixel_sdk_custom_interfaces/package.xml\n'}
[8.162778] (dynamixel_sdk_custom_interfaces) StdoutLine: {'line': b'-- Up-to-date: /workspaces/UON-CS-robotlab-simulation-container/install/dynamixel_sdk_custom_interfaces/lib/libdynamixel_sdk_custom_interfaces__rosidl_generator_c.so\n'}
[8.162979] (dynamixel_sdk_custom_interfaces) StdoutLine: {'line': b'-- Up-to-date: /workspaces/UON-CS-robotlab-simulation-container/install/dynamixel_sdk_custom_interfaces/lib/libdynamixel_sdk_custom_interfaces__rosidl_typesupport_fastrtps_c.so\n'}
[8.180014] (dynamixel_sdk_custom_interfaces) StdoutLine: {'line': b'-- Up-to-date: /workspaces/UON-CS-robotlab-simulation-container/install/dynamixel_sdk_custom_interfaces/lib/libdynamixel_sdk_custom_interfaces__rosidl_typesupport_fastrtps_cpp.so\n'}
[8.181933] (dynamixel_sdk_custom_interfaces) StdoutLine: {'line': b'-- Up-to-date: /workspaces/UON-CS-robotlab-simulation-container/install/dynamixel_sdk_custom_interfaces/lib/libdynamixel_sdk_custom_interfaces__rosidl_typesupport_introspection_c.so\n'}
[8.182098] (dynamixel_sdk_custom_interfaces) StdoutLine: {'line': b'-- Up-to-date: /workspaces/UON-CS-robotlab-simulation-container/install/dynamixel_sdk_custom_interfaces/lib/libdynamixel_sdk_custom_interfaces__rosidl_typesupport_c.so\n'}
[8.184630] (dynamixel_sdk_custom_interfaces) StdoutLine: {'line': b'-- Up-to-date: /workspaces/UON-CS-robotlab-simulation-container/install/dynamixel_sdk_custom_interfaces/lib/libdynamixel_sdk_custom_interfaces__rosidl_typesupport_introspection_cpp.so\n'}
[8.196363] (dynamixel_sdk_custom_interfaces) StdoutLine: {'line': b'-- Up-to-date: /workspaces/UON-CS-robotlab-simulation-container/install/dynamixel_sdk_custom_interfaces/lib/libdynamixel_sdk_custom_interfaces__rosidl_typesupport_cpp.so\n'}
[8.225345] (-) TimerEvent: {}
[8.328686] (-) TimerEvent: {}
[8.429934] (-) TimerEvent: {}
[8.470899] (turtlebot3_gazebo) StdoutLine: {'line': b'[ 16%] Built target turtlebot3_drive\n'}
[8.487656] (dynamixel_sdk_custom_interfaces) StdoutLine: {'line': b"Listing '/workspaces/UON-CS-robotlab-simulation-container/install/dynamixel_sdk_custom_interfaces/local/lib/python3.10/dist-packages/dynamixel_sdk_custom_interfaces'...\n"}
[8.487979] (dynamixel_sdk_custom_interfaces) StdoutLine: {'line': b"Listing '/workspaces/UON-CS-robotlab-simulation-container/install/dynamixel_sdk_custom_interfaces/local/lib/python3.10/dist-packages/dynamixel_sdk_custom_interfaces/msg'...\n"}
[8.488198] (dynamixel_sdk_custom_interfaces) StdoutLine: {'line': b"Listing '/workspaces/UON-CS-robotlab-simulation-container/install/dynamixel_sdk_custom_interfaces/local/lib/python3.10/dist-packages/dynamixel_sdk_custom_interfaces/srv'...\n"}
[8.513092] (dynamixel_sdk_custom_interfaces) StdoutLine: {'line': b'-- Up-to-date: /workspaces/UON-CS-robotlab-simulation-container/install/dynamixel_sdk_custom_interfaces/lib/libdynamixel_sdk_custom_interfaces__rosidl_generator_py.so\n'}
[8.513463] (dynamixel_sdk_custom_interfaces) StdoutLine: {'line': b'-- Up-to-date: /workspaces/UON-CS-robotlab-simulation-container/install/dynamixel_sdk_custom_interfaces/share/dynamixel_sdk_custom_interfaces/cmake/export_dynamixel_sdk_custom_interfaces__rosidl_generator_cExport.cmake\n'}
[8.513640] (dynamixel_sdk_custom_interfaces) StdoutLine: {'line': b'-- Up-to-date: /workspaces/UON-CS-robotlab-simulation-container/install/dynamixel_sdk_custom_interfaces/share/dynamixel_sdk_custom_interfaces/cmake/export_dynamixel_sdk_custom_interfaces__rosidl_generator_cExport-noconfig.cmake\n'}
[8.513978] (dynamixel_sdk_custom_interfaces) StdoutLine: {'line': b'-- Up-to-date: /workspaces/UON-CS-robotlab-simulation-container/install/dynamixel_sdk_custom_interfaces/share/dynamixel_sdk_custom_interfaces/cmake/export_dynamixel_sdk_custom_interfaces__rosidl_typesupport_fastrtps_cExport.cmake\n'}
[8.519964] (dynamixel_sdk_custom_interfaces) StdoutLine: {'line': b'-- Up-to-date: /workspaces/UON-CS-robotlab-simulation-container/install/dynamixel_sdk_custom_interfaces/share/dynamixel_sdk_custom_interfaces/cmake/export_dynamixel_sdk_custom_interfaces__rosidl_typesupport_fastrtps_cExport-noconfig.cmake\n'}
[8.520154] (dynamixel_sdk_custom_interfaces) StdoutLine: {'line': b'-- Up-to-date: /workspaces/UON-CS-robotlab-simulation-container/install/dynamixel_sdk_custom_interfaces/share/dynamixel_sdk_custom_interfaces/cmake/export_dynamixel_sdk_custom_interfaces__rosidl_generator_cppExport.cmake\n'}
[8.520279] (dynamixel_sdk_custom_interfaces) StdoutLine: {'line': b'-- Up-to-date: /workspaces/UON-CS-robotlab-simulation-container/install/dynamixel_sdk_custom_interfaces/share/dynamixel_sdk_custom_interfaces/cmake/export_dynamixel_sdk_custom_interfaces__rosidl_typesupport_fastrtps_cppExport.cmake\n'}
[8.520365] (dynamixel_sdk_custom_interfaces) StdoutLine: {'line': b'-- Up-to-date: /workspaces/UON-CS-robotlab-simulation-container/install/dynamixel_sdk_custom_interfaces/share/dynamixel_sdk_custom_interfaces/cmake/export_dynamixel_sdk_custom_interfaces__rosidl_typesupport_fastrtps_cppExport-noconfig.cmake\n'}
[8.528307] (dynamixel_sdk_custom_interfaces) StdoutLine: {'line': b'-- Up-to-date: /workspaces/UON-CS-robotlab-simulation-container/install/dynamixel_sdk_custom_interfaces/share/dynamixel_sdk_custom_interfaces/cmake/dynamixel_sdk_custom_interfaces__rosidl_typesupport_introspection_cExport.cmake\n'}
[8.528695] (dynamixel_sdk_custom_interfaces) StdoutLine: {'line': b'-- Up-to-date: /workspaces/UON-CS-robotlab-simulation-container/install/dynamixel_sdk_custom_interfaces/share/dynamixel_sdk_custom_interfaces/cmake/dynamixel_sdk_custom_interfaces__rosidl_typesupport_introspection_cExport-noconfig.cmake\n'}
[8.528868] (dynamixel_sdk_custom_interfaces) StdoutLine: {'line': b'-- Up-to-date: /workspaces/UON-CS-robotlab-simulation-container/install/dynamixel_sdk_custom_interfaces/share/dynamixel_sdk_custom_interfaces/cmake/dynamixel_sdk_custom_interfaces__rosidl_typesupport_cExport.cmake\n'}
[8.529024] (dynamixel_sdk_custom_interfaces) StdoutLine: {'line': b'-- Up-to-date: /workspaces/UON-CS-robotlab-simulation-container/install/dynamixel_sdk_custom_interfaces/share/dynamixel_sdk_custom_interfaces/cmake/dynamixel_sdk_custom_interfaces__rosidl_typesupport_cExport-noconfig.cmake\n'}
[8.530634] (dynamixel_sdk_custom_interfaces) StdoutLine: {'line': b'-- Up-to-date: /workspaces/UON-CS-robotlab-simulation-container/install/dynamixel_sdk_custom_interfaces/share/dynamixel_sdk_custom_interfaces/cmake/dynamixel_sdk_custom_interfaces__rosidl_typesupport_introspection_cppExport.cmake\n'}
[8.530860] (-) TimerEvent: {}
[8.531156] (dynamixel_sdk_custom_interfaces) StdoutLine: {'line': b'-- Up-to-date: /workspaces/UON-CS-robotlab-simulation-container/install/dynamixel_sdk_custom_interfaces/share/dynamixel_sdk_custom_interfaces/cmake/dynamixel_sdk_custom_interfaces__rosidl_typesupport_introspection_cppExport-noconfig.cmake\n'}
[8.533436] (dynamixel_sdk_custom_interfaces) StdoutLine: {'line': b'-- Up-to-date: /workspaces/UON-CS-robotlab-simulation-container/install/dynamixel_sdk_custom_interfaces/share/dynamixel_sdk_custom_interfaces/cmake/dynamixel_sdk_custom_interfaces__rosidl_typesupport_cppExport.cmake\n'}
[8.533561] (dynamixel_sdk_custom_interfaces) StdoutLine: {'line': b'-- Up-to-date: /workspaces/UON-CS-robotlab-simulation-container/install/dynamixel_sdk_custom_interfaces/share/dynamixel_sdk_custom_interfaces/cmake/dynamixel_sdk_custom_interfaces__rosidl_typesupport_cppExport-noconfig.cmake\n'}
[8.538467] (dynamixel_sdk_custom_interfaces) StdoutLine: {'line': b'-- Up-to-date: /workspaces/UON-CS-robotlab-simulation-container/install/dynamixel_sdk_custom_interfaces/share/dynamixel_sdk_custom_interfaces/cmake/export_dynamixel_sdk_custom_interfaces__rosidl_generator_pyExport.cmake\n'}
[8.538722] (dynamixel_sdk_custom_interfaces) StdoutLine: {'line': b'-- Up-to-date: /workspaces/UON-CS-robotlab-simulation-container/install/dynamixel_sdk_custom_interfaces/share/dynamixel_sdk_custom_interfaces/cmake/export_dynamixel_sdk_custom_interfaces__rosidl_generator_pyExport-noconfig.cmake\n'}
[8.572860] (dynamixel_sdk_custom_interfaces) CommandEnded: {'returncode': 0}
[8.630963] (-) TimerEvent: {}
[8.731709] (-) TimerEvent: {}
[8.816387] (dynamixel_sdk_custom_interfaces) JobEnded: {'identifier': 'dynamixel_sdk_custom_interfaces', 'rc': 0}
[8.819154] (turtlebot3_manipulation_gazebo) JobStarted: {'identifier': 'turtlebot3_manipulation_gazebo'}
[8.840547] (-) TimerEvent: {}
[8.911243] (turtlebot3_manipulation_gazebo) JobProgress: {'identifier': 'turtlebot3_manipulation_gazebo', 'progress': 'cmake'}
[8.952239] (turtlebot3_manipulation_gazebo) JobProgress: {'identifier': 'turtlebot3_manipulation_gazebo', 'progress': 'build'}
[8.952345] (-) TimerEvent: {}
[8.952534] (turtlebot3_manipulation_gazebo) Command: {'cmd': ['/usr/bin/cmake', '--build', '/workspaces/UON-CS-robotlab-simulation-container/build/turtlebot3_manipulation_gazebo', '--', '-j2', '-l2'], 'cwd': '/workspaces/UON-CS-robotlab-simulation-container/build/turtlebot3_manipulation_gazebo', 'env': OrderedDict([('GITHUB_TOKEN', 'ghu_B4O6CZhcVLRE0OX7B0pYH9Kn8C5gJq2RIGly'), ('GITHUB_CODESPACE_TOKEN', 'AOKRK4WKUJC5CQRMWNS6OXDKNJSNPANCNFSM4AXFRYHA'), ('FEATURE_SPARK_POST_COMMIT_CREATE_ITERATION', 'true'), ('HOSTNAME', 'codespaces-b7707e'), ('GITHUB_CODESPACES_PORT_FORWARDING_DOMAIN', 'app.github.dev'), ('SHLVL', '2'), ('LD_LIBRARY_PATH', '/workspaces/UON-CS-robotlab-simulation-container/install/turtlebot3_msgs/lib:/workspaces/UON-CS-robotlab-simulation-container/install/dynamixel_sdk_custom_interfaces/lib:/workspaces/UON-CS-robotlab-simulation-container/install/dynamixel_sdk/lib:/usr/lib/x86_64-linux-gnu/gazebo-11/plugins:/opt/ros/humble/opt/rviz_ogre_vendor/lib:/opt/ros/humble/lib/x86_64-linux-gnu:/opt/ros/humble/lib'), ('HOME', '/home/vscode'), ('OLDPWD', '/workspaces/UON-CS-robotlab-simulation-container'), ('CODESPACES', 'true'), ('ROS_PYTHON_VERSION', '3'), ('GITHUB_USER', 'mohammad-areeb'), ('GITHUB_GRAPHQL_URL', 'https://api.github.com/graphql'), ('COLCON_PREFIX_PATH', '/workspaces/UON-CS-robotlab-simulation-container/install'), ('ROS_DISTRO', 'humble'), ('ContainerVersion', '13'), ('GITHUB_API_URL', 'https://api.github.com'), ('RepositoryName', 'UON-CS-robotlab-simulation-container'), ('_', '/usr/bin/colcon'), ('ROS_VERSION', '2'), ('CLOUDENV_ENVIRONMENT_ID', '344bab99-1d47-4655-88f7-fee790854045'), ('TERM', 'xterm'), ('ROS_LOCALHOST_ONLY', '0'), ('PATH', '/opt/ros/humble/bin:/usr/local/sbin:/usr/local/bin:/usr/sbin:/usr/bin:/sbin:/bin'), ('SHELL_LOGGED_IN', 'true'), ('DISPLAY', ':1'), ('LANG', 'C.UTF-8'), ('LS_COLORS', ''), ('GITHUB_REPOSITORY', 'mohammad-areeb/UON-CS-robotlab-simulation-container'), ('ROS_DOMAIN_ID', '30'), ('AMENT_PREFIX_PATH', '/workspaces/UON-CS-robotlab-simulation-container/install/turtlebot3:/workspaces/UON-CS-robotlab-simulation-container/install/turtlebot3_teleop:/workspaces/UON-CS-robotlab-simulation-container/install/turtlebot3_simulations:/workspaces/UON-CS-robotlab-simulation-container/install/turtlebot3_bringup:/workspaces/UON-CS-robotlab-simulation-container/install/turtlebot3_node:/workspaces/UON-CS-robotlab-simulation-container/install/turtlebot3_navigation2:/workspaces/UON-CS-robotlab-simulation-container/install/turtlebot3_fake_node:/workspaces/UON-CS-robotlab-simulation-container/install/turtlebot3_example:/workspaces/UON-CS-robotlab-simulation-container/install/turtlebot3_msgs:/workspaces/UON-CS-robotlab-simulation-container/install/turtlebot3_manipulation_gazebo:/workspaces/UON-CS-robotlab-simulation-container/install/turtlebot3_gazebo:/workspaces/UON-CS-robotlab-simulation-container/install/turtlebot3_description:/workspaces/UON-CS-robotlab-simulation-container/install/turtlebot3_cartographer:/workspaces/UON-CS-robotlab-simulation-container/install/dynamixel_sdk_examples:/workspaces/UON-CS-robotlab-simulation-container/install/dynamixel_sdk_custom_interfaces:/workspaces/UON-CS-robotlab-simulation-container/install/dynamixel_sdk:/opt/ros/humble'), ('DEBIAN_FRONTEND', 'noninteractive'), ('SHELL', '/bin/bash'), ('PWD', '/workspaces/UON-CS-robotlab-simulation-container/build/turtlebot3_manipulation_gazebo'), ('INTERNAL_VSCS_TARGET_URL', 'https://uksouth.online.visualstudio.com'), ('TURTLEBOT3_MODEL', 'waffle'), ('LC_ALL', 'C.UTF-8'), ('GITHUB_SERVER_URL', 'https://github.com'), ('PYTHONPATH', '/workspaces/UON-CS-robotlab-simulation-container/build/turtlebot3_teleop:/workspaces/UON-CS-robotlab-simulation-container/install/turtlebot3_teleop/lib/python3.10/site-packages:/workspaces/UON-CS-robotlab-simulation-container/build/turtlebot3_example:/workspaces/UON-CS-robotlab-simulation-container/install/turtlebot3_example/lib/python3.10/site-packages:/workspaces/UON-CS-robotlab-simulation-container/install/turtlebot3_msgs/local/lib/python3.10/dist-packages:/workspaces/UON-CS-robotlab-simulation-container/install/dynamixel_sdk_custom_interfaces/local/lib/python3.10/dist-packages:/workspaces/UON-CS-robotlab-simulation-container/install/dynamixel_sdk/local/lib/python3.10/dist-packages:/opt/ros/humble/lib/python3.10/site-packages:/opt/ros/humble/local/lib/python3.10/dist-packages'), ('CODESPACE_NAME', 'urban-space-garbanzo-j7wwvprrjjp25j95'), ('COLCON', '1'), ('CMAKE_PREFIX_PATH', '/workspaces/UON-CS-robotlab-simulation-container/install/turtlebot3:/workspaces/UON-CS-robotlab-simulation-container/install/turtlebot3_simulations:/workspaces/UON-CS-robotlab-simulation-container/install/turtlebot3_bringup:/workspaces/UON-CS-robotlab-simulation-container/install/turtlebot3_node:/workspaces/UON-CS-robotlab-simulation-container/install/turtlebot3_navigation2:/workspaces/UON-CS-robotlab-simulation-container/install/turtlebot3_fake_node:/workspaces/UON-CS-robotlab-simulation-container/install/turtlebot3_msgs:/workspaces/UON-CS-robotlab-simulation-container/install/turtlebot3_manipulation_gazebo:/workspaces/UON-CS-robotlab-simulation-container/install/turtlebot3_gazebo:/workspaces/UON-CS-robotlab-simulation-container/install/turtlebot3_description:/workspaces/UON-CS-robotlab-simulation-container/install/turtlebot3_cartographer:/workspaces/UON-CS-robotlab-simulation-container/install/dynamixel_sdk_examples:/workspaces/UON-CS-robotlab-simulation-container/install/dynamixel_sdk_custom_interfaces:/workspaces/UON-CS-robotlab-simulation-container/install/dynamixel_sdk:/workspaces/UON-CS-robotlab-simulation-container/install/turtlebot3_teleop:/workspaces/UON-CS-robotlab-simulation-container/install/turtlebot3_example:/opt/ros/humble')]), 'shell': False}
[9.057679] (-) TimerEvent: {}
[9.163073] (-) TimerEvent: {}
[9.269315] (-) TimerEvent: {}
[9.374510] (-) TimerEvent: {}
[9.481927] (-) TimerEvent: {}
[9.583847] (-) TimerEvent: {}
[9.646622] (turtlebot3_manipulation_gazebo) CommandEnded: {'returncode': 0}
[9.680684] (turtlebot3_manipulation_gazebo) JobProgress: {'identifier': 'turtlebot3_manipulation_gazebo', 'progress': 'install'}
[9.680788] (turtlebot3_manipulation_gazebo) Command: {'cmd': ['/usr/bin/cmake', '--install', '/workspaces/UON-CS-robotlab-simulation-container/build/turtlebot3_manipulation_gazebo'], 'cwd': '/workspaces/UON-CS-robotlab-simulation-container/build/turtlebot3_manipulation_gazebo', 'env': OrderedDict([('GITHUB_TOKEN', 'ghu_B4O6CZhcVLRE0OX7B0pYH9Kn8C5gJq2RIGly'), ('GITHUB_CODESPACE_TOKEN', 'AOKRK4WKUJC5CQRMWNS6OXDKNJSNPANCNFSM4AXFRYHA'), ('FEATURE_SPARK_POST_COMMIT_CREATE_ITERATION', 'true'), ('HOSTNAME', 'codespaces-b7707e'), ('GITHUB_CODESPACES_PORT_FORWARDING_DOMAIN', 'app.github.dev'), ('SHLVL', '2'), ('LD_LIBRARY_PATH', '/workspaces/UON-CS-robotlab-simulation-container/install/turtlebot3_msgs/lib:/workspaces/UON-CS-robotlab-simulation-container/install/dynamixel_sdk_custom_interfaces/lib:/workspaces/UON-CS-robotlab-simulation-container/install/dynamixel_sdk/lib:/usr/lib/x86_64-linux-gnu/gazebo-11/plugins:/opt/ros/humble/opt/rviz_ogre_vendor/lib:/opt/ros/humble/lib/x86_64-linux-gnu:/opt/ros/humble/lib'), ('HOME', '/home/vscode'), ('OLDPWD', '/workspaces/UON-CS-robotlab-simulation-container'), ('CODESPACES', 'true'), ('ROS_PYTHON_VERSION', '3'), ('GITHUB_USER', 'mohammad-areeb'), ('GITHUB_GRAPHQL_URL', 'https://api.github.com/graphql'), ('COLCON_PREFIX_PATH', '/workspaces/UON-CS-robotlab-simulation-container/install'), ('ROS_DISTRO', 'humble'), ('ContainerVersion', '13'), ('GITHUB_API_URL', 'https://api.github.com'), ('RepositoryName', 'UON-CS-robotlab-simulation-container'), ('_', '/usr/bin/colcon'), ('ROS_VERSION', '2'), ('CLOUDENV_ENVIRONMENT_ID', '344bab99-1d47-4655-88f7-fee790854045'), ('TERM', 'xterm'), ('ROS_LOCALHOST_ONLY', '0'), ('PATH', '/opt/ros/humble/bin:/usr/local/sbin:/usr/local/bin:/usr/sbin:/usr/bin:/sbin:/bin'), ('SHELL_LOGGED_IN', 'true'), ('DISPLAY', ':1'), ('LANG', 'C.UTF-8'), ('LS_COLORS', ''), ('GITHUB_REPOSITORY', 'mohammad-areeb/UON-CS-robotlab-simulation-container'), ('ROS_DOMAIN_ID', '30'), ('AMENT_PREFIX_PATH', '/workspaces/UON-CS-robotlab-simulation-container/install/turtlebot3:/workspaces/UON-CS-robotlab-simulation-container/install/turtlebot3_teleop:/workspaces/UON-CS-robotlab-simulation-container/install/turtlebot3_simulations:/workspaces/UON-CS-robotlab-simulation-container/install/turtlebot3_bringup:/workspaces/UON-CS-robotlab-simulation-container/install/turtlebot3_node:/workspaces/UON-CS-robotlab-simulation-container/install/turtlebot3_navigation2:/workspaces/UON-CS-robotlab-simulation-container/install/turtlebot3_fake_node:/workspaces/UON-CS-robotlab-simulation-container/install/turtlebot3_example:/workspaces/UON-CS-robotlab-simulation-container/install/turtlebot3_msgs:/workspaces/UON-CS-robotlab-simulation-container/install/turtlebot3_manipulation_gazebo:/workspaces/UON-CS-robotlab-simulation-container/install/turtlebot3_gazebo:/workspaces/UON-CS-robotlab-simulation-container/install/turtlebot3_description:/workspaces/UON-CS-robotlab-simulation-container/install/turtlebot3_cartographer:/workspaces/UON-CS-robotlab-simulation-container/install/dynamixel_sdk_examples:/workspaces/UON-CS-robotlab-simulation-container/install/dynamixel_sdk_custom_interfaces:/workspaces/UON-CS-robotlab-simulation-container/install/dynamixel_sdk:/opt/ros/humble'), ('DEBIAN_FRONTEND', 'noninteractive'), ('SHELL', '/bin/bash'), ('PWD', '/workspaces/UON-CS-robotlab-simulation-container/build/turtlebot3_manipulation_gazebo'), ('INTERNAL_VSCS_TARGET_URL', 'https://uksouth.online.visualstudio.com'), ('TURTLEBOT3_MODEL', 'waffle'), ('LC_ALL', 'C.UTF-8'), ('GITHUB_SERVER_URL', 'https://github.com'), ('PYTHONPATH', '/workspaces/UON-CS-robotlab-simulation-container/build/turtlebot3_teleop:/workspaces/UON-CS-robotlab-simulation-container/install/turtlebot3_teleop/lib/python3.10/site-packages:/workspaces/UON-CS-robotlab-simulation-container/build/turtlebot3_example:/workspaces/UON-CS-robotlab-simulation-container/install/turtlebot3_example/lib/python3.10/site-packages:/workspaces/UON-CS-robotlab-simulation-container/install/turtlebot3_msgs/local/lib/python3.10/dist-packages:/workspaces/UON-CS-robotlab-simulation-container/install/dynamixel_sdk_custom_interfaces/local/lib/python3.10/dist-packages:/workspaces/UON-CS-robotlab-simulation-container/install/dynamixel_sdk/local/lib/python3.10/dist-packages:/opt/ros/humble/lib/python3.10/site-packages:/opt/ros/humble/local/lib/python3.10/dist-packages'), ('CODESPACE_NAME', 'urban-space-garbanzo-j7wwvprrjjp25j95'), ('COLCON', '1'), ('CMAKE_PREFIX_PATH', '/workspaces/UON-CS-robotlab-simulation-container/install/turtlebot3:/workspaces/UON-CS-robotlab-simulation-container/install/turtlebot3_simulations:/workspaces/UON-CS-robotlab-simulation-container/install/turtlebot3_bringup:/workspaces/UON-CS-robotlab-simulation-container/install/turtlebot3_node:/workspaces/UON-CS-robotlab-simulation-container/install/turtlebot3_navigation2:/workspaces/UON-CS-robotlab-simulation-container/install/turtlebot3_fake_node:/workspaces/UON-CS-robotlab-simulation-container/install/turtlebot3_msgs:/workspaces/UON-CS-robotlab-simulation-container/install/turtlebot3_manipulation_gazebo:/workspaces/UON-CS-robotlab-simulation-container/install/turtlebot3_gazebo:/workspaces/UON-CS-robotlab-simulation-container/install/turtlebot3_description:/workspaces/UON-CS-robotlab-simulation-container/install/turtlebot3_cartographer:/workspaces/UON-CS-robotlab-simulation-container/install/dynamixel_sdk_examples:/workspaces/UON-CS-robotlab-simulation-container/install/dynamixel_sdk_custom_interfaces:/workspaces/UON-CS-robotlab-simulation-container/install/dynamixel_sdk:/workspaces/UON-CS-robotlab-simulation-container/install/turtlebot3_teleop:/workspaces/UON-CS-robotlab-simulation-container/install/turtlebot3_example:/opt/ros/humble')]), 'shell': False}
[9.689689] (-) TimerEvent: {}
[9.790788] (-) TimerEvent: {}
[9.796525] (turtlebot3_manipulation_gazebo) StdoutLine: {'line': b'-- Install configuration: ""\n'}
[9.821988] (turtlebot3_manipulation_gazebo) StdoutLine: {'line': b'-- Execute custom install script\n'}
[9.826863] (turtlebot3_manipulation_gazebo) StdoutLine: {'line': b'-- Up-to-date symlink: /workspaces/UON-CS-robotlab-simulation-container/install/turtlebot3_manipulation_gazebo/share/turtlebot3_manipulation_gazebo/config/gazebo_controller_manager.yaml\n'}
[9.831764] (turtlebot3_manipulation_gazebo) StdoutLine: {'line': b'-- Up-to-date symlink: /workspaces/UON-CS-robotlab-simulation-container/install/turtlebot3_manipulation_gazebo/share/turtlebot3_manipulation_gazebo/config/hardware_controller_manager.yaml\n'}
[9.831903] (turtlebot3_manipulation_gazebo) StdoutLine: {'line': b'-- Up-to-date symlink: /workspaces/UON-CS-robotlab-simulation-container/install/turtlebot3_manipulation_gazebo/share/turtlebot3_manipulation_gazebo/gazebo/materials.xacro\n'}
[9.834772] (turtlebot3_manipulation_gazebo) StdoutLine: {'line': b'-- Up-to-date symlink: /workspaces/UON-CS-robotlab-simulation-container/install/turtlebot3_manipulation_gazebo/share/turtlebot3_manipulation_gazebo/gazebo/open_manipulator_x.gazebo.xacro\n'}
[9.835160] (turtlebot3_manipulation_gazebo) StdoutLine: {'line': b'-- Up-to-date symlink: /workspaces/UON-CS-robotlab-simulation-container/install/turtlebot3_manipulation_gazebo/share/turtlebot3_manipulation_gazebo/gazebo/turtlebot3_waffle_pi.gazebo.xacro\n'}
[9.835325] (turtlebot3_manipulation_gazebo) StdoutLine: {'line': b'-- Up-to-date symlink: /workspaces/UON-CS-robotlab-simulation-container/install/turtlebot3_manipulation_gazebo/share/turtlebot3_manipulation_gazebo/launch/base.launch.py\n'}
[9.835478] (turtlebot3_manipulation_gazebo) StdoutLine: {'line': b'-- Up-to-date symlink: /workspaces/UON-CS-robotlab-simulation-container/install/turtlebot3_manipulation_gazebo/share/turtlebot3_manipulation_gazebo/launch/fake.launch.py\n'}
[9.835645] (turtlebot3_manipulation_gazebo) StdoutLine: {'line': b'-- Up-to-date symlink: /workspaces/UON-CS-robotlab-simulation-container/install/turtlebot3_manipulation_gazebo/share/turtlebot3_manipulation_gazebo/launch/gazebo.launch.py\n'}
[9.835794] (turtlebot3_manipulation_gazebo) StdoutLine: {'line': b'-- Up-to-date symlink: /workspaces/UON-CS-robotlab-simulation-container/install/turtlebot3_manipulation_gazebo/share/turtlebot3_manipulation_gazebo/launch/turtlebot3_home_service_challenge.launch.py\n'}
[9.835913] (turtlebot3_manipulation_gazebo) StdoutLine: {'line': b'-- Up-to-date symlink: /workspaces/UON-CS-robotlab-simulation-container/install/turtlebot3_manipulation_gazebo/share/turtlebot3_manipulation_gazebo/ros2_control/turtlebot3_manipulation_system.ros2_control.xacro\n'}
[9.844185] (turtlebot3_manipulation_gazebo) StdoutLine: {'line': b'-- Up-to-date symlink: /workspaces/UON-CS-robotlab-simulation-container/install/turtlebot3_manipulation_gazebo/share/turtlebot3_manipulation_gazebo/rviz/turtlebot3_manipulation.rviz\n'}
[9.845963] (turtlebot3_manipulation_gazebo) StdoutLine: {'line': b'-- Up-to-date symlink: /workspaces/UON-CS-robotlab-simulation-container/install/turtlebot3_manipulation_gazebo/share/turtlebot3_manipulation_gazebo/urdf/open_manipulator_x.urdf.xacro\n'}
[9.846177] (turtlebot3_manipulation_gazebo) StdoutLine: {'line': b'-- Up-to-date symlink: /workspaces/UON-CS-robotlab-simulation-container/install/turtlebot3_manipulation_gazebo/share/turtlebot3_manipulation_gazebo/urdf/turtlebot3_manipulation.urdf.xacro\n'}
[9.847786] (turtlebot3_manipulation_gazebo) StdoutLine: {'line': b'-- Up-to-date symlink: /workspaces/UON-CS-robotlab-simulation-container/install/turtlebot3_manipulation_gazebo/share/turtlebot3_manipulation_gazebo/urdf/turtlebot3_waffle_pi.urdf.xacro\n'}
[9.847964] (turtlebot3_manipulation_gazebo) StdoutLine: {'line': b'-- Up-to-date symlink: /workspaces/UON-CS-robotlab-simulation-container/install/turtlebot3_manipulation_gazebo/share/turtlebot3_manipulation_gazebo/worlds/turtlebot3_home_service_challenge.world\n'}
[9.848118] (turtlebot3_manipulation_gazebo) StdoutLine: {'line': b'-- Up-to-date symlink: /workspaces/UON-CS-robotlab-simulation-container/install/turtlebot3_manipulation_gazebo/share/turtlebot3_manipulation_gazebo/models/turtlebot3_home_service_challenge/marker0/materials/textures/Marker0.png\n'}
[9.848267] (turtlebot3_manipulation_gazebo) StdoutLine: {'line': b'-- Up-to-date symlink: /workspaces/UON-CS-robotlab-simulation-container/install/turtlebot3_manipulation_gazebo/share/turtlebot3_manipulation_gazebo/models/turtlebot3_home_service_challenge/marker0/meshes/Marker0.dae\n'}
[9.856871] (turtlebot3_manipulation_gazebo) StdoutLine: {'line': b'-- Up-to-date symlink: /workspaces/UON-CS-robotlab-simulation-container/install/turtlebot3_manipulation_gazebo/share/turtlebot3_manipulation_gazebo/models/turtlebot3_home_service_challenge/marker0/model-1_4.sdf\n'}
[9.857351] (turtlebot3_manipulation_gazebo) StdoutLine: {'line': b'-- Up-to-date symlink: /workspaces/UON-CS-robotlab-simulation-container/install/turtlebot3_manipulation_gazebo/share/turtlebot3_manipulation_gazebo/models/turtlebot3_home_service_challenge/marker0/model-1_5.sdf\n'}
[9.857528] (turtlebot3_manipulation_gazebo) StdoutLine: {'line': b'-- Up-to-date symlink: /workspaces/UON-CS-robotlab-simulation-container/install/turtlebot3_manipulation_gazebo/share/turtlebot3_manipulation_gazebo/models/turtlebot3_home_service_challenge/marker0/model.config\n'}
[9.857718] (turtlebot3_manipulation_gazebo) StdoutLine: {'line': b'-- Up-to-date symlink: /workspaces/UON-CS-robotlab-simulation-container/install/turtlebot3_manipulation_gazebo/share/turtlebot3_manipulation_gazebo/models/turtlebot3_home_service_challenge/marker0/model.sdf\n'}
[9.857891] (turtlebot3_manipulation_gazebo) StdoutLine: {'line': b'-- Up-to-date symlink: /workspaces/UON-CS-robotlab-simulation-container/install/turtlebot3_manipulation_gazebo/share/turtlebot3_manipulation_gazebo/models/turtlebot3_home_service_challenge/marker1/materials/textures/Marker1.png\n'}
[9.858051] (turtlebot3_manipulation_gazebo) StdoutLine: {'line': b'-- Up-to-date symlink: /workspaces/UON-CS-robotlab-simulation-container/install/turtlebot3_manipulation_gazebo/share/turtlebot3_manipulation_gazebo/models/turtlebot3_home_service_challenge/marker1/meshes/Marker1.dae\n'}
[9.858204] (turtlebot3_manipulation_gazebo) StdoutLine: {'line': b'-- Up-to-date symlink: /workspaces/UON-CS-robotlab-simulation-container/install/turtlebot3_manipulation_gazebo/share/turtlebot3_manipulation_gazebo/models/turtlebot3_home_service_challenge/marker1/model-1_4.sdf\n'}
[9.860570] (turtlebot3_manipulation_gazebo) StdoutLine: {'line': b'-- Up-to-date symlink: /workspaces/UON-CS-robotlab-simulation-container/install/turtlebot3_manipulation_gazebo/share/turtlebot3_manipulation_gazebo/models/turtlebot3_home_service_challenge/marker1/model-1_5.sdf\n'}
[9.860796] (turtlebot3_manipulation_gazebo) StdoutLine: {'line': b'-- Up-to-date symlink: /workspaces/UON-CS-robotlab-simulation-container/install/turtlebot3_manipulation_gazebo/share/turtlebot3_manipulation_gazebo/models/turtlebot3_home_service_challenge/marker1/model.config\n'}
[9.860958] (turtlebot3_manipulation_gazebo) StdoutLine: {'line': b'-- Up-to-date symlink: /workspaces/UON-CS-robotlab-simulation-container/install/turtlebot3_manipulation_gazebo/share/turtlebot3_manipulation_gazebo/models/turtlebot3_home_service_challenge/marker1/model.sdf\n'}
[9.863671] (turtlebot3_manipulation_gazebo) StdoutLine: {'line': b'-- Up-to-date symlink: /workspaces/UON-CS-robotlab-simulation-container/install/turtlebot3_manipulation_gazebo/share/turtlebot3_manipulation_gazebo/models/turtlebot3_home_service_challenge/marker2/materials/textures/Marker2.png\n'}
[9.867937] (turtlebot3_manipulation_gazebo) StdoutLine: {'line': b'-- Up-to-date symlink: /workspaces/UON-CS-robotlab-simulation-container/install/turtlebot3_manipulation_gazebo/share/turtlebot3_manipulation_gazebo/models/turtlebot3_home_service_challenge/marker2/meshes/Marker2.dae\n'}
[9.868151] (turtlebot3_manipulation_gazebo) StdoutLine: {'line': b'-- Up-to-date symlink: /workspaces/UON-CS-robotlab-simulation-container/install/turtlebot3_manipulation_gazebo/share/turtlebot3_manipulation_gazebo/models/turtlebot3_home_service_challenge/marker2/model-1_4.sdf\n'}
[9.868302] (turtlebot3_manipulation_gazebo) StdoutLine: {'line': b'-- Up-to-date symlink: /workspaces/UON-CS-robotlab-simulation-container/install/turtlebot3_manipulation_gazebo/share/turtlebot3_manipulation_gazebo/models/turtlebot3_home_service_challenge/marker2/model-1_5.sdf\n'}
[9.868434] (turtlebot3_manipulation_gazebo) StdoutLine: {'line': b'-- Up-to-date symlink: /workspaces/UON-CS-robotlab-simulation-container/install/turtlebot3_manipulation_gazebo/share/turtlebot3_manipulation_gazebo/models/turtlebot3_home_service_challenge/marker2/model.config\n'}
[9.874633] (turtlebot3_manipulation_gazebo) StdoutLine: {'line': b'-- Up-to-date symlink: /workspaces/UON-CS-robotlab-simulation-container/install/turtlebot3_manipulation_gazebo/share/turtlebot3_manipulation_gazebo/models/turtlebot3_home_service_challenge/marker2/model.sdf\n'}
[9.874893] (turtlebot3_manipulation_gazebo) StdoutLine: {'line': b'-- Up-to-date symlink: /workspaces/UON-CS-robotlab-simulation-container/install/turtlebot3_manipulation_gazebo/share/turtlebot3_manipulation_gazebo/models/turtlebot3_home_service_challenge/marker3/materials/textures/Marker3.png\n'}
[9.880911] (turtlebot3_manipulation_gazebo) StdoutLine: {'line': b'-- Up-to-date symlink: /workspaces/UON-CS-robotlab-simulation-container/install/turtlebot3_manipulation_gazebo/share/turtlebot3_manipulation_gazebo/models/turtlebot3_home_service_challenge/marker3/meshes/Marker3.dae\n'}
[9.881151] (turtlebot3_manipulation_gazebo) StdoutLine: {'line': b'-- Up-to-date symlink: /workspaces/UON-CS-robotlab-simulation-container/install/turtlebot3_manipulation_gazebo/share/turtlebot3_manipulation_gazebo/models/turtlebot3_home_service_challenge/marker3/model-1_4.sdf\n'}
[9.881302] (turtlebot3_manipulation_gazebo) StdoutLine: {'line': b'-- Up-to-date symlink: /workspaces/UON-CS-robotlab-simulation-container/install/turtlebot3_manipulation_gazebo/share/turtlebot3_manipulation_gazebo/models/turtlebot3_home_service_challenge/marker3/model-1_5.sdf\n'}
[9.881423] (turtlebot3_manipulation_gazebo) StdoutLine: {'line': b'-- Up-to-date symlink: /workspaces/UON-CS-robotlab-simulation-container/install/turtlebot3_manipulation_gazebo/share/turtlebot3_manipulation_gazebo/models/turtlebot3_home_service_challenge/marker3/model.config\n'}
[9.886407] (turtlebot3_manipulation_gazebo) StdoutLine: {'line': b'-- Up-to-date symlink: /workspaces/UON-CS-robotlab-simulation-container/install/turtlebot3_manipulation_gazebo/share/turtlebot3_manipulation_gazebo/models/turtlebot3_home_service_challenge/marker3/model.sdf\n'}
[9.886598] (turtlebot3_manipulation_gazebo) StdoutLine: {'line': b'-- Up-to-date symlink: /workspaces/UON-CS-robotlab-simulation-container/install/turtlebot3_manipulation_gazebo/share/turtlebot3_manipulation_gazebo/models/turtlebot3_home_service_challenge/marker4/materials/textures/Marker4.png\n'}
[9.887608] (turtlebot3_manipulation_gazebo) StdoutLine: {'line': b'-- Up-to-date symlink: /workspaces/UON-CS-robotlab-simulation-container/install/turtlebot3_manipulation_gazebo/share/turtlebot3_manipulation_gazebo/models/turtlebot3_home_service_challenge/marker4/meshes/Marker4.dae\n'}
[9.887790] (turtlebot3_manipulation_gazebo) StdoutLine: {'line': b'-- Up-to-date symlink: /workspaces/UON-CS-robotlab-simulation-container/install/turtlebot3_manipulation_gazebo/share/turtlebot3_manipulation_gazebo/models/turtlebot3_home_service_challenge/marker4/model-1_4.sdf\n'}
[9.887901] (turtlebot3_manipulation_gazebo) StdoutLine: {'line': b'-- Up-to-date symlink: /workspaces/UON-CS-robotlab-simulation-container/install/turtlebot3_manipulation_gazebo/share/turtlebot3_manipulation_gazebo/models/turtlebot3_home_service_challenge/marker4/model-1_5.sdf\n'}
[9.893927] (-) TimerEvent: {}
[9.894097] (turtlebot3_manipulation_gazebo) StdoutLine: {'line': b'-- Up-to-date symlink: /workspaces/UON-CS-robotlab-simulation-container/install/turtlebot3_manipulation_gazebo/share/turtlebot3_manipulation_gazebo/models/turtlebot3_home_service_challenge/marker4/model.config\n'}
[9.894306] (turtlebot3_manipulation_gazebo) StdoutLine: {'line': b'-- Up-to-date symlink: /workspaces/UON-CS-robotlab-simulation-container/install/turtlebot3_manipulation_gazebo/share/turtlebot3_manipulation_gazebo/models/turtlebot3_home_service_challenge/marker4/model.sdf\n'}
[9.894760] (turtlebot3_manipulation_gazebo) StdoutLine: {'line': b'-- Up-to-date symlink: /workspaces/UON-CS-robotlab-simulation-container/install/turtlebot3_manipulation_gazebo/share/turtlebot3_manipulation_gazebo/models/turtlebot3_home_service_challenge/marker5/materials/textures/Marker5.png\n'}
[9.894917] (turtlebot3_manipulation_gazebo) StdoutLine: {'line': b'-- Up-to-date symlink: /workspaces/UON-CS-robotlab-simulation-container/install/turtlebot3_manipulation_gazebo/share/turtlebot3_manipulation_gazebo/models/turtlebot3_home_service_challenge/marker5/meshes/Marker5.dae\n'}
[9.900283] (turtlebot3_manipulation_gazebo) StdoutLine: {'line': b'-- Up-to-date symlink: /workspaces/UON-CS-robotlab-simulation-container/install/turtlebot3_manipulation_gazebo/share/turtlebot3_manipulation_gazebo/models/turtlebot3_home_service_challenge/marker5/model-1_4.sdf\n'}
[9.900446] (turtlebot3_manipulation_gazebo) StdoutLine: {'line': b'-- Up-to-date symlink: /workspaces/UON-CS-robotlab-simulation-container/install/turtlebot3_manipulation_gazebo/share/turtlebot3_manipulation_gazebo/models/turtlebot3_home_service_challenge/marker5/model-1_5.sdf\n'}
[9.900604] (turtlebot3_manipulation_gazebo) StdoutLine: {'line': b'-- Up-to-date symlink: /workspaces/UON-CS-robotlab-simulation-container/install/turtlebot3_manipulation_gazebo/share/turtlebot3_manipulation_gazebo/models/turtlebot3_home_service_challenge/marker5/model.config\n'}
[9.904294] (turtlebot3_manipulation_gazebo) StdoutLine: {'line': b'-- Up-to-date symlink: /workspaces/UON-CS-robotlab-simulation-container/install/turtlebot3_manipulation_gazebo/share/turtlebot3_manipulation_gazebo/models/turtlebot3_home_service_challenge/marker5/model.sdf\n'}
[9.907815] (turtlebot3_manipulation_gazebo) StdoutLine: {'line': b'-- Up-to-date symlink: /workspaces/UON-CS-robotlab-simulation-container/install/turtlebot3_manipulation_gazebo/share/turtlebot3_manipulation_gazebo/models/turtlebot3_home_service_challenge/marker6/materials/textures/Marker6.png\n'}
[9.912719] (turtlebot3_manipulation_gazebo) StdoutLine: {'line': b'-- Up-to-date symlink: /workspaces/UON-CS-robotlab-simulation-container/install/turtlebot3_manipulation_gazebo/share/turtlebot3_manipulation_gazebo/models/turtlebot3_home_service_challenge/marker6/meshes/Marker6.dae\n'}
[9.912988] (turtlebot3_manipulation_gazebo) StdoutLine: {'line': b'-- Up-to-date symlink: /workspaces/UON-CS-robotlab-simulation-container/install/turtlebot3_manipulation_gazebo/share/turtlebot3_manipulation_gazebo/models/turtlebot3_home_service_challenge/marker6/model-1_4.sdf\n'}
[9.913191] (turtlebot3_manipulation_gazebo) StdoutLine: {'line': b'-- Up-to-date symlink: /workspaces/UON-CS-robotlab-simulation-container/install/turtlebot3_manipulation_gazebo/share/turtlebot3_manipulation_gazebo/models/turtlebot3_home_service_challenge/marker6/model-1_5.sdf\n'}
[9.920722] (turtlebot3_manipulation_gazebo) StdoutLine: {'line': b'-- Up-to-date symlink: /workspaces/UON-CS-robotlab-simulation-container/install/turtlebot3_manipulation_gazebo/share/turtlebot3_manipulation_gazebo/models/turtlebot3_home_service_challenge/marker6/model.config\n'}
[9.922939] (turtlebot3_manipulation_gazebo) StdoutLine: {'line': b'-- Up-to-date symlink: /workspaces/UON-CS-robotlab-simulation-container/install/turtlebot3_manipulation_gazebo/share/turtlebot3_manipulation_gazebo/models/turtlebot3_home_service_challenge/marker6/model.sdf\n'}
[9.923120] (turtlebot3_manipulation_gazebo) StdoutLine: {'line': b'-- Up-to-date symlink: /workspaces/UON-CS-robotlab-simulation-container/install/turtlebot3_manipulation_gazebo/share/turtlebot3_manipulation_gazebo/models/turtlebot3_home_service_challenge/marker7/materials/textures/Marker7.png\n'}
[9.923302] (turtlebot3_manipulation_gazebo) StdoutLine: {'line': b'-- Up-to-date symlink: /workspaces/UON-CS-robotlab-simulation-container/install/turtlebot3_manipulation_gazebo/share/turtlebot3_manipulation_gazebo/models/turtlebot3_home_service_challenge/marker7/meshes/Marker7.dae\n'}
[9.923471] (turtlebot3_manipulation_gazebo) StdoutLine: {'line': b'-- Up-to-date symlink: /workspaces/UON-CS-robotlab-simulation-container/install/turtlebot3_manipulation_gazebo/share/turtlebot3_manipulation_gazebo/models/turtlebot3_home_service_challenge/marker7/model-1_4.sdf\n'}
[9.923640] (turtlebot3_manipulation_gazebo) StdoutLine: {'line': b'-- Up-to-date symlink: /workspaces/UON-CS-robotlab-simulation-container/install/turtlebot3_manipulation_gazebo/share/turtlebot3_manipulation_gazebo/models/turtlebot3_home_service_challenge/marker7/model-1_5.sdf\n'}
[9.929649] (turtlebot3_manipulation_gazebo) StdoutLine: {'line': b'-- Up-to-date symlink: /workspaces/UON-CS-robotlab-simulation-container/install/turtlebot3_manipulation_gazebo/share/turtlebot3_manipulation_gazebo/models/turtlebot3_home_service_challenge/marker7/model.config\n'}
[9.930989] (turtlebot3_manipulation_gazebo) StdoutLine: {'line': b'-- Up-to-date symlink: /workspaces/UON-CS-robotlab-simulation-container/install/turtlebot3_manipulation_gazebo/share/turtlebot3_manipulation_gazebo/models/turtlebot3_home_service_challenge/marker7/model.sdf\n'}
[9.939130] (turtlebot3_manipulation_gazebo) StdoutLine: {'line': b'-- Up-to-date symlink: /workspaces/UON-CS-robotlab-simulation-container/install/turtlebot3_manipulation_gazebo/share/turtlebot3_manipulation_gazebo/models/turtlebot3_home_service_challenge/marker8/materials/textures/Marker8.png\n'}
[9.939306] (turtlebot3_manipulation_gazebo) StdoutLine: {'line': b'-- Up-to-date symlink: /workspaces/UON-CS-robotlab-simulation-container/install/turtlebot3_manipulation_gazebo/share/turtlebot3_manipulation_gazebo/models/turtlebot3_home_service_challenge/marker8/meshes/Marker8.dae\n'}
[9.940933] (turtlebot3_manipulation_gazebo) StdoutLine: {'line': b'-- Up-to-date symlink: /workspaces/UON-CS-robotlab-simulation-container/install/turtlebot3_manipulation_gazebo/share/turtlebot3_manipulation_gazebo/models/turtlebot3_home_service_challenge/marker8/model-1_4.sdf\n'}
[9.941125] (turtlebot3_manipulation_gazebo) StdoutLine: {'line': b'-- Up-to-date symlink: /workspaces/UON-CS-robotlab-simulation-container/install/turtlebot3_manipulation_gazebo/share/turtlebot3_manipulation_gazebo/models/turtlebot3_home_service_challenge/marker8/model-1_5.sdf\n'}
[9.941322] (turtlebot3_manipulation_gazebo) StdoutLine: {'line': b'-- Up-to-date symlink: /workspaces/UON-CS-robotlab-simulation-container/install/turtlebot3_manipulation_gazebo/share/turtlebot3_manipulation_gazebo/models/turtlebot3_home_service_challenge/marker8/model.config\n'}
[9.947072] (turtlebot3_manipulation_gazebo) StdoutLine: {'line': b'-- Up-to-date symlink: /workspaces/UON-CS-robotlab-simulation-container/install/turtlebot3_manipulation_gazebo/share/turtlebot3_manipulation_gazebo/models/turtlebot3_home_service_challenge/marker8/model.sdf\n'}
[9.947220] (turtlebot3_manipulation_gazebo) StdoutLine: {'line': b'-- Up-to-date symlink: /workspaces/UON-CS-robotlab-simulation-container/install/turtlebot3_manipulation_gazebo/share/turtlebot3_manipulation_gazebo/models/turtlebot3_home_service_challenge/marker9/materials/textures/Marker9.png\n'}
[9.947348] (turtlebot3_manipulation_gazebo) StdoutLine: {'line': b'-- Up-to-date symlink: /workspaces/UON-CS-robotlab-simulation-container/install/turtlebot3_manipulation_gazebo/share/turtlebot3_manipulation_gazebo/models/turtlebot3_home_service_challenge/marker9/meshes/Marker9.dae\n'}
[9.947443] (turtlebot3_manipulation_gazebo) StdoutLine: {'line': b'-- Up-to-date symlink: /workspaces/UON-CS-robotlab-simulation-container/install/turtlebot3_manipulation_gazebo/share/turtlebot3_manipulation_gazebo/models/turtlebot3_home_service_challenge/marker9/model-1_4.sdf\n'}
[9.947535] (turtlebot3_manipulation_gazebo) StdoutLine: {'line': b'-- Up-to-date symlink: /workspaces/UON-CS-robotlab-simulation-container/install/turtlebot3_manipulation_gazebo/share/turtlebot3_manipulation_gazebo/models/turtlebot3_home_service_challenge/marker9/model-1_5.sdf\n'}
[9.957064] (turtlebot3_manipulation_gazebo) StdoutLine: {'line': b'-- Up-to-date symlink: /workspaces/UON-CS-robotlab-simulation-container/install/turtlebot3_manipulation_gazebo/share/turtlebot3_manipulation_gazebo/models/turtlebot3_home_service_challenge/marker9/model.config\n'}
[9.957232] (turtlebot3_manipulation_gazebo) StdoutLine: {'line': b'-- Up-to-date symlink: /workspaces/UON-CS-robotlab-simulation-container/install/turtlebot3_manipulation_gazebo/share/turtlebot3_manipulation_gazebo/models/turtlebot3_home_service_challenge/marker9/model.sdf\n'}
[9.957382] (turtlebot3_manipulation_gazebo) StdoutLine: {'line': b'-- Up-to-date symlink: /workspaces/UON-CS-robotlab-simulation-container/install/turtlebot3_manipulation_gazebo/share/turtlebot3_manipulation_gazebo/meshes/open_manipulator_x/gripper_left_palm.stl\n'}
[9.957513] (turtlebot3_manipulation_gazebo) StdoutLine: {'line': b'-- Up-to-date symlink: /workspaces/UON-CS-robotlab-simulation-container/install/turtlebot3_manipulation_gazebo/share/turtlebot3_manipulation_gazebo/meshes/open_manipulator_x/gripper_right_palm.stl\n'}
[9.957699] (turtlebot3_manipulation_gazebo) StdoutLine: {'line': b'-- Up-to-date symlink: /workspaces/UON-CS-robotlab-simulation-container/install/turtlebot3_manipulation_gazebo/share/turtlebot3_manipulation_gazebo/meshes/open_manipulator_x/link1.stl\n'}
[9.957862] (turtlebot3_manipulation_gazebo) StdoutLine: {'line': b'-- Up-to-date symlink: /workspaces/UON-CS-robotlab-simulation-container/install/turtlebot3_manipulation_gazebo/share/turtlebot3_manipulation_gazebo/meshes/open_manipulator_x/link2.stl\n'}
[9.958002] (turtlebot3_manipulation_gazebo) StdoutLine: {'line': b'-- Up-to-date symlink: /workspaces/UON-CS-robotlab-simulation-container/install/turtlebot3_manipulation_gazebo/share/turtlebot3_manipulation_gazebo/meshes/open_manipulator_x/link3.stl\n'}
[9.959840] (turtlebot3_manipulation_gazebo) StdoutLine: {'line': b'-- Up-to-date symlink: /workspaces/UON-CS-robotlab-simulation-container/install/turtlebot3_manipulation_gazebo/share/turtlebot3_manipulation_gazebo/meshes/open_manipulator_x/link4.stl\n'}
[9.961801] (turtlebot3_manipulation_gazebo) StdoutLine: {'line': b'-- Up-to-date symlink: /workspaces/UON-CS-robotlab-simulation-container/install/turtlebot3_manipulation_gazebo/share/turtlebot3_manipulation_gazebo/meshes/open_manipulator_x/link5.stl\n'}
[9.968737] (turtlebot3_manipulation_gazebo) StdoutLine: {'line': b'-- Up-to-date symlink: /workspaces/UON-CS-robotlab-simulation-container/install/turtlebot3_manipulation_gazebo/share/turtlebot3_manipulation_gazebo/meshes/turtlebot3_waffle_pi/base.stl\n'}
[9.968860] (turtlebot3_manipulation_gazebo) StdoutLine: {'line': b'-- Up-to-date symlink: /workspaces/UON-CS-robotlab-simulation-container/install/turtlebot3_manipulation_gazebo/share/turtlebot3_manipulation_gazebo/meshes/turtlebot3_waffle_pi/ladar.stl\n'}
[9.968961] (turtlebot3_manipulation_gazebo) StdoutLine: {'line': b'-- Up-to-date symlink: /workspaces/UON-CS-robotlab-simulation-container/install/turtlebot3_manipulation_gazebo/share/turtlebot3_manipulation_gazebo/meshes/turtlebot3_waffle_pi/left_tire.stl\n'}
[9.969053] (turtlebot3_manipulation_gazebo) StdoutLine: {'line': b'-- Up-to-date symlink: /workspaces/UON-CS-robotlab-simulation-container/install/turtlebot3_manipulation_gazebo/share/turtlebot3_manipulation_gazebo/meshes/turtlebot3_waffle_pi/right_tire.stl\n'}
[9.969248] (turtlebot3_manipulation_gazebo) StdoutLine: {'line': b'-- Up-to-date symlink: /workspaces/UON-CS-robotlab-simulation-container/install/turtlebot3_manipulation_gazebo/share/ament_index/resource_index/package_run_dependencies/turtlebot3_manipulation_gazebo\n'}
[9.969433] (turtlebot3_manipulation_gazebo) StdoutLine: {'line': b'-- Up-to-date symlink: /workspaces/UON-CS-robotlab-simulation-container/install/turtlebot3_manipulation_gazebo/share/ament_index/resource_index/parent_prefix_path/turtlebot3_manipulation_gazebo\n'}
[9.971070] (turtlebot3_manipulation_gazebo) StdoutLine: {'line': b'-- Up-to-date symlink: /workspaces/UON-CS-robotlab-simulation-container/install/turtlebot3_manipulation_gazebo/share/turtlebot3_manipulation_gazebo/environment/ament_prefix_path.sh\n'}
[9.972806] (turtlebot3_gazebo) StdoutLine: {'line': b'[ 33%] Built target traffic_light_plugin\n'}
[9.978742] (turtlebot3_manipulation_gazebo) StdoutLine: {'line': b'-- Up-to-date symlink: /workspaces/UON-CS-robotlab-simulation-container/install/turtlebot3_manipulation_gazebo/share/turtlebot3_manipulation_gazebo/environment/ament_prefix_path.dsv\n'}
[9.978930] (turtlebot3_manipulation_gazebo) StdoutLine: {'line': b'-- Up-to-date symlink: /workspaces/UON-CS-robotlab-simulation-container/install/turtlebot3_manipulation_gazebo/share/turtlebot3_manipulation_gazebo/environment/path.sh\n'}
[9.979078] (turtlebot3_manipulation_gazebo) StdoutLine: {'line': b'-- Up-to-date symlink: /workspaces/UON-CS-robotlab-simulation-container/install/turtlebot3_manipulation_gazebo/share/turtlebot3_manipulation_gazebo/environment/path.dsv\n'}
[9.979176] (turtlebot3_manipulation_gazebo) StdoutLine: {'line': b'-- Up-to-date symlink: /workspaces/UON-CS-robotlab-simulation-container/install/turtlebot3_manipulation_gazebo/share/turtlebot3_manipulation_gazebo/local_setup.bash\n'}
[9.979270] (turtlebot3_manipulation_gazebo) StdoutLine: {'line': b'-- Up-to-date symlink: /workspaces/UON-CS-robotlab-simulation-container/install/turtlebot3_manipulation_gazebo/share/turtlebot3_manipulation_gazebo/local_setup.sh\n'}
[9.979365] (turtlebot3_manipulation_gazebo) StdoutLine: {'line': b'-- Up-to-date symlink: /workspaces/UON-CS-robotlab-simulation-container/install/turtlebot3_manipulation_gazebo/share/turtlebot3_manipulation_gazebo/local_setup.zsh\n'}
[9.979459] (turtlebot3_manipulation_gazebo) StdoutLine: {'line': b'-- Up-to-date symlink: /workspaces/UON-CS-robotlab-simulation-container/install/turtlebot3_manipulation_gazebo/share/turtlebot3_manipulation_gazebo/local_setup.dsv\n'}
[9.979561] (turtlebot3_manipulation_gazebo) StdoutLine: {'line': b'-- Symlinking: /workspaces/UON-CS-robotlab-simulation-container/install/turtlebot3_manipulation_gazebo/share/turtlebot3_manipulation_gazebo/package.dsv\n'}
[9.993632] (turtlebot3_manipulation_gazebo) StdoutLine: {'line': b'-- Up-to-date symlink: /workspaces/UON-CS-robotlab-simulation-container/install/turtlebot3_manipulation_gazebo/share/ament_index/resource_index/packages/turtlebot3_manipulation_gazebo\n'}
[9.993883] (turtlebot3_manipulation_gazebo) StdoutLine: {'line': b'-- Up-to-date symlink: /workspaces/UON-CS-robotlab-simulation-container/install/turtlebot3_manipulation_gazebo/share/turtlebot3_manipulation_gazebo/cmake/turtlebot3_manipulation_gazeboConfig.cmake\n'}
[9.994065] (-) TimerEvent: {}
[9.994268] (turtlebot3_manipulation_gazebo) StdoutLine: {'line': b'-- Up-to-date symlink: /workspaces/UON-CS-robotlab-simulation-container/install/turtlebot3_manipulation_gazebo/share/turtlebot3_manipulation_gazebo/cmake/turtlebot3_manipulation_gazeboConfig-version.cmake\n'}
[9.994613] (turtlebot3_manipulation_gazebo) StdoutLine: {'line': b'-- Up-to-date symlink: /workspaces/UON-CS-robotlab-simulation-container/install/turtlebot3_manipulation_gazebo/share/turtlebot3_manipulation_gazebo/package.xml\n'}
[10.009626] (turtlebot3_manipulation_gazebo) CommandEnded: {'returncode': 0}
[10.094181] (-) TimerEvent: {}
[10.171706] (turtlebot3_manipulation_gazebo) JobEnded: {'identifier': 'turtlebot3_manipulation_gazebo', 'rc': 0}
[10.174265] (turtlebot3_navigation2) JobStarted: {'identifier': 'turtlebot3_navigation2'}
[10.205151] (-) TimerEvent: {}
[10.246329] (turtlebot3_navigation2) JobProgress: {'identifier': 'turtlebot3_navigation2', 'progress': 'cmake'}
[10.257734] (turtlebot3_navigation2) JobProgress: {'identifier': 'turtlebot3_navigation2', 'progress': 'build'}
[10.257836] (turtlebot3_navigation2) Command: {'cmd': ['/usr/bin/cmake', '--build', '/workspaces/UON-CS-robotlab-simulation-container/build/turtlebot3_navigation2', '--', '-j2', '-l2'], 'cwd': '/workspaces/UON-CS-robotlab-simulation-container/build/turtlebot3_navigation2', 'env': OrderedDict([('GITHUB_TOKEN', 'ghu_B4O6CZhcVLRE0OX7B0pYH9Kn8C5gJq2RIGly'), ('GITHUB_CODESPACE_TOKEN', 'AOKRK4WKUJC5CQRMWNS6OXDKNJSNPANCNFSM4AXFRYHA'), ('FEATURE_SPARK_POST_COMMIT_CREATE_ITERATION', 'true'), ('HOSTNAME', 'codespaces-b7707e'), ('GITHUB_CODESPACES_PORT_FORWARDING_DOMAIN', 'app.github.dev'), ('SHLVL', '2'), ('LD_LIBRARY_PATH', '/workspaces/UON-CS-robotlab-simulation-container/install/turtlebot3_msgs/lib:/workspaces/UON-CS-robotlab-simulation-container/install/dynamixel_sdk_custom_interfaces/lib:/workspaces/UON-CS-robotlab-simulation-container/install/dynamixel_sdk/lib:/usr/lib/x86_64-linux-gnu/gazebo-11/plugins:/opt/ros/humble/opt/rviz_ogre_vendor/lib:/opt/ros/humble/lib/x86_64-linux-gnu:/opt/ros/humble/lib'), ('HOME', '/home/vscode'), ('OLDPWD', '/workspaces/UON-CS-robotlab-simulation-container'), ('CODESPACES', 'true'), ('ROS_PYTHON_VERSION', '3'), ('GITHUB_USER', 'mohammad-areeb'), ('GITHUB_GRAPHQL_URL', 'https://api.github.com/graphql'), ('COLCON_PREFIX_PATH', '/workspaces/UON-CS-robotlab-simulation-container/install'), ('ROS_DISTRO', 'humble'), ('ContainerVersion', '13'), ('GITHUB_API_URL', 'https://api.github.com'), ('RepositoryName', 'UON-CS-robotlab-simulation-container'), ('_', '/usr/bin/colcon'), ('ROS_VERSION', '2'), ('CLOUDENV_ENVIRONMENT_ID', '344bab99-1d47-4655-88f7-fee790854045'), ('TERM', 'xterm'), ('ROS_LOCALHOST_ONLY', '0'), ('PATH', '/opt/ros/humble/bin:/usr/local/sbin:/usr/local/bin:/usr/sbin:/usr/bin:/sbin:/bin'), ('SHELL_LOGGED_IN', 'true'), ('DISPLAY', ':1'), ('LANG', 'C.UTF-8'), ('LS_COLORS', ''), ('GITHUB_REPOSITORY', 'mohammad-areeb/UON-CS-robotlab-simulation-container'), ('ROS_DOMAIN_ID', '30'), ('AMENT_PREFIX_PATH', '/workspaces/UON-CS-robotlab-simulation-container/install/turtlebot3:/workspaces/UON-CS-robotlab-simulation-container/install/turtlebot3_teleop:/workspaces/UON-CS-robotlab-simulation-container/install/turtlebot3_simulations:/workspaces/UON-CS-robotlab-simulation-container/install/turtlebot3_bringup:/workspaces/UON-CS-robotlab-simulation-container/install/turtlebot3_node:/workspaces/UON-CS-robotlab-simulation-container/install/turtlebot3_navigation2:/workspaces/UON-CS-robotlab-simulation-container/install/turtlebot3_fake_node:/workspaces/UON-CS-robotlab-simulation-container/install/turtlebot3_example:/workspaces/UON-CS-robotlab-simulation-container/install/turtlebot3_msgs:/workspaces/UON-CS-robotlab-simulation-container/install/turtlebot3_manipulation_gazebo:/workspaces/UON-CS-robotlab-simulation-container/install/turtlebot3_gazebo:/workspaces/UON-CS-robotlab-simulation-container/install/turtlebot3_description:/workspaces/UON-CS-robotlab-simulation-container/install/turtlebot3_cartographer:/workspaces/UON-CS-robotlab-simulation-container/install/dynamixel_sdk_examples:/workspaces/UON-CS-robotlab-simulation-container/install/dynamixel_sdk_custom_interfaces:/workspaces/UON-CS-robotlab-simulation-container/install/dynamixel_sdk:/opt/ros/humble'), ('DEBIAN_FRONTEND', 'noninteractive'), ('SHELL', '/bin/bash'), ('PWD', '/workspaces/UON-CS-robotlab-simulation-container/build/turtlebot3_navigation2'), ('INTERNAL_VSCS_TARGET_URL', 'https://uksouth.online.visualstudio.com'), ('TURTLEBOT3_MODEL', 'waffle'), ('LC_ALL', 'C.UTF-8'), ('GITHUB_SERVER_URL', 'https://github.com'), ('PYTHONPATH', '/workspaces/UON-CS-robotlab-simulation-container/build/turtlebot3_teleop:/workspaces/UON-CS-robotlab-simulation-container/install/turtlebot3_teleop/lib/python3.10/site-packages:/workspaces/UON-CS-robotlab-simulation-container/build/turtlebot3_example:/workspaces/UON-CS-robotlab-simulation-container/install/turtlebot3_example/lib/python3.10/site-packages:/workspaces/UON-CS-robotlab-simulation-container/install/turtlebot3_msgs/local/lib/python3.10/dist-packages:/workspaces/UON-CS-robotlab-simulation-container/install/dynamixel_sdk_custom_interfaces/local/lib/python3.10/dist-packages:/workspaces/UON-CS-robotlab-simulation-container/install/dynamixel_sdk/local/lib/python3.10/dist-packages:/opt/ros/humble/lib/python3.10/site-packages:/opt/ros/humble/local/lib/python3.10/dist-packages'), ('CODESPACE_NAME', 'urban-space-garbanzo-j7wwvprrjjp25j95'), ('COLCON', '1'), ('CMAKE_PREFIX_PATH', '/workspaces/UON-CS-robotlab-simulation-container/install/turtlebot3:/workspaces/UON-CS-robotlab-simulation-container/install/turtlebot3_simulations:/workspaces/UON-CS-robotlab-simulation-container/install/turtlebot3_bringup:/workspaces/UON-CS-robotlab-simulation-container/install/turtlebot3_node:/workspaces/UON-CS-robotlab-simulation-container/install/turtlebot3_navigation2:/workspaces/UON-CS-robotlab-simulation-container/install/turtlebot3_fake_node:/workspaces/UON-CS-robotlab-simulation-container/install/turtlebot3_msgs:/workspaces/UON-CS-robotlab-simulation-container/install/turtlebot3_manipulation_gazebo:/workspaces/UON-CS-robotlab-simulation-container/install/turtlebot3_gazebo:/workspaces/UON-CS-robotlab-simulation-container/install/turtlebot3_description:/workspaces/UON-CS-robotlab-simulation-container/install/turtlebot3_cartographer:/workspaces/UON-CS-robotlab-simulation-container/install/dynamixel_sdk_examples:/workspaces/UON-CS-robotlab-simulation-container/install/dynamixel_sdk_custom_interfaces:/workspaces/UON-CS-robotlab-simulation-container/install/dynamixel_sdk:/workspaces/UON-CS-robotlab-simulation-container/install/turtlebot3_teleop:/workspaces/UON-CS-robotlab-simulation-container/install/turtlebot3_example:/opt/ros/humble')]), 'shell': False}
[10.309801] (-) TimerEvent: {}
[10.418560] (-) TimerEvent: {}
[10.421815] (turtlebot3_gazebo) StdoutLine: {'line': b'[ 50%] Built target traffic_bar_plugin\n'}
[10.521668] (-) TimerEvent: {}
[10.622089] (-) TimerEvent: {}
[10.666061] (turtlebot3_navigation2) CommandEnded: {'returncode': 0}
[10.667832] (turtlebot3_navigation2) JobProgress: {'identifier': 'turtlebot3_navigation2', 'progress': 'install'}
[10.667921] (turtlebot3_navigation2) Command: {'cmd': ['/usr/bin/cmake', '--install', '/workspaces/UON-CS-robotlab-simulation-container/build/turtlebot3_navigation2'], 'cwd': '/workspaces/UON-CS-robotlab-simulation-container/build/turtlebot3_navigation2', 'env': OrderedDict([('GITHUB_TOKEN', 'ghu_B4O6CZhcVLRE0OX7B0pYH9Kn8C5gJq2RIGly'), ('GITHUB_CODESPACE_TOKEN', 'AOKRK4WKUJC5CQRMWNS6OXDKNJSNPANCNFSM4AXFRYHA'), ('FEATURE_SPARK_POST_COMMIT_CREATE_ITERATION', 'true'), ('HOSTNAME', 'codespaces-b7707e'), ('GITHUB_CODESPACES_PORT_FORWARDING_DOMAIN', 'app.github.dev'), ('SHLVL', '2'), ('LD_LIBRARY_PATH', '/workspaces/UON-CS-robotlab-simulation-container/install/turtlebot3_msgs/lib:/workspaces/UON-CS-robotlab-simulation-container/install/dynamixel_sdk_custom_interfaces/lib:/workspaces/UON-CS-robotlab-simulation-container/install/dynamixel_sdk/lib:/usr/lib/x86_64-linux-gnu/gazebo-11/plugins:/opt/ros/humble/opt/rviz_ogre_vendor/lib:/opt/ros/humble/lib/x86_64-linux-gnu:/opt/ros/humble/lib'), ('HOME', '/home/vscode'), ('OLDPWD', '/workspaces/UON-CS-robotlab-simulation-container'), ('CODESPACES', 'true'), ('ROS_PYTHON_VERSION', '3'), ('GITHUB_USER', 'mohammad-areeb'), ('GITHUB_GRAPHQL_URL', 'https://api.github.com/graphql'), ('COLCON_PREFIX_PATH', '/workspaces/UON-CS-robotlab-simulation-container/install'), ('ROS_DISTRO', 'humble'), ('ContainerVersion', '13'), ('GITHUB_API_URL', 'https://api.github.com'), ('RepositoryName', 'UON-CS-robotlab-simulation-container'), ('_', '/usr/bin/colcon'), ('ROS_VERSION', '2'), ('CLOUDENV_ENVIRONMENT_ID', '344bab99-1d47-4655-88f7-fee790854045'), ('TERM', 'xterm'), ('ROS_LOCALHOST_ONLY', '0'), ('PATH', '/opt/ros/humble/bin:/usr/local/sbin:/usr/local/bin:/usr/sbin:/usr/bin:/sbin:/bin'), ('SHELL_LOGGED_IN', 'true'), ('DISPLAY', ':1'), ('LANG', 'C.UTF-8'), ('LS_COLORS', ''), ('GITHUB_REPOSITORY', 'mohammad-areeb/UON-CS-robotlab-simulation-container'), ('ROS_DOMAIN_ID', '30'), ('AMENT_PREFIX_PATH', '/workspaces/UON-CS-robotlab-simulation-container/install/turtlebot3:/workspaces/UON-CS-robotlab-simulation-container/install/turtlebot3_teleop:/workspaces/UON-CS-robotlab-simulation-container/install/turtlebot3_simulations:/workspaces/UON-CS-robotlab-simulation-container/install/turtlebot3_bringup:/workspaces/UON-CS-robotlab-simulation-container/install/turtlebot3_node:/workspaces/UON-CS-robotlab-simulation-container/install/turtlebot3_navigation2:/workspaces/UON-CS-robotlab-simulation-container/install/turtlebot3_fake_node:/workspaces/UON-CS-robotlab-simulation-container/install/turtlebot3_example:/workspaces/UON-CS-robotlab-simulation-container/install/turtlebot3_msgs:/workspaces/UON-CS-robotlab-simulation-container/install/turtlebot3_manipulation_gazebo:/workspaces/UON-CS-robotlab-simulation-container/install/turtlebot3_gazebo:/workspaces/UON-CS-robotlab-simulation-container/install/turtlebot3_description:/workspaces/UON-CS-robotlab-simulation-container/install/turtlebot3_cartographer:/workspaces/UON-CS-robotlab-simulation-container/install/dynamixel_sdk_examples:/workspaces/UON-CS-robotlab-simulation-container/install/dynamixel_sdk_custom_interfaces:/workspaces/UON-CS-robotlab-simulation-container/install/dynamixel_sdk:/opt/ros/humble'), ('DEBIAN_FRONTEND', 'noninteractive'), ('SHELL', '/bin/bash'), ('PWD', '/workspaces/UON-CS-robotlab-simulation-container/build/turtlebot3_navigation2'), ('INTERNAL_VSCS_TARGET_URL', 'https://uksouth.online.visualstudio.com'), ('TURTLEBOT3_MODEL', 'waffle'), ('LC_ALL', 'C.UTF-8'), ('GITHUB_SERVER_URL', 'https://github.com'), ('PYTHONPATH', '/workspaces/UON-CS-robotlab-simulation-container/build/turtlebot3_teleop:/workspaces/UON-CS-robotlab-simulation-container/install/turtlebot3_teleop/lib/python3.10/site-packages:/workspaces/UON-CS-robotlab-simulation-container/build/turtlebot3_example:/workspaces/UON-CS-robotlab-simulation-container/install/turtlebot3_example/lib/python3.10/site-packages:/workspaces/UON-CS-robotlab-simulation-container/install/turtlebot3_msgs/local/lib/python3.10/dist-packages:/workspaces/UON-CS-robotlab-simulation-container/install/dynamixel_sdk_custom_interfaces/local/lib/python3.10/dist-packages:/workspaces/UON-CS-robotlab-simulation-container/install/dynamixel_sdk/local/lib/python3.10/dist-packages:/opt/ros/humble/lib/python3.10/site-packages:/opt/ros/humble/local/lib/python3.10/dist-packages'), ('CODESPACE_NAME', 'urban-space-garbanzo-j7wwvprrjjp25j95'), ('COLCON', '1'), ('CMAKE_PREFIX_PATH', '/workspaces/UON-CS-robotlab-simulation-container/install/turtlebot3:/workspaces/UON-CS-robotlab-simulation-container/install/turtlebot3_simulations:/workspaces/UON-CS-robotlab-simulation-container/install/turtlebot3_bringup:/workspaces/UON-CS-robotlab-simulation-container/install/turtlebot3_node:/workspaces/UON-CS-robotlab-simulation-container/install/turtlebot3_navigation2:/workspaces/UON-CS-robotlab-simulation-container/install/turtlebot3_fake_node:/workspaces/UON-CS-robotlab-simulation-container/install/turtlebot3_msgs:/workspaces/UON-CS-robotlab-simulation-container/install/turtlebot3_manipulation_gazebo:/workspaces/UON-CS-robotlab-simulation-container/install/turtlebot3_gazebo:/workspaces/UON-CS-robotlab-simulation-container/install/turtlebot3_description:/workspaces/UON-CS-robotlab-simulation-container/install/turtlebot3_cartographer:/workspaces/UON-CS-robotlab-simulation-container/install/dynamixel_sdk_examples:/workspaces/UON-CS-robotlab-simulation-container/install/dynamixel_sdk_custom_interfaces:/workspaces/UON-CS-robotlab-simulation-container/install/dynamixel_sdk:/workspaces/UON-CS-robotlab-simulation-container/install/turtlebot3_teleop:/workspaces/UON-CS-robotlab-simulation-container/install/turtlebot3_example:/opt/ros/humble')]), 'shell': False}
[10.730682] (-) TimerEvent: {}
[10.752312] (turtlebot3_navigation2) StdoutLine: {'line': b'-- Install configuration: ""\n'}
[10.754472] (turtlebot3_navigation2) StdoutLine: {'line': b'-- Execute custom install script\n'}
[10.764630] (turtlebot3_navigation2) StdoutLine: {'line': b'-- Up-to-date symlink: /workspaces/UON-CS-robotlab-simulation-container/install/turtlebot3_navigation2/share/turtlebot3_navigation2/launch/navigation2.launch.py\n'}
[10.765118] (turtlebot3_navigation2) StdoutLine: {'line': b'-- Up-to-date symlink: /workspaces/UON-CS-robotlab-simulation-container/install/turtlebot3_navigation2/share/turtlebot3_navigation2/map/map.pgm\n'}
[10.765364] (turtlebot3_navigation2) StdoutLine: {'line': b'-- Up-to-date symlink: /workspaces/UON-CS-robotlab-simulation-container/install/turtlebot3_navigation2/share/turtlebot3_navigation2/map/map.yaml\n'}
[10.770038] (turtlebot3_navigation2) StdoutLine: {'line': b'-- Up-to-date symlink: /workspaces/UON-CS-robotlab-simulation-container/install/turtlebot3_navigation2/share/turtlebot3_navigation2/param/burger.yaml\n'}
[10.770281] (turtlebot3_navigation2) StdoutLine: {'line': b'-- Up-to-date symlink: /workspaces/UON-CS-robotlab-simulation-container/install/turtlebot3_navigation2/share/turtlebot3_navigation2/param/burger_cam.yaml\n'}
[10.778622] (turtlebot3_navigation2) StdoutLine: {'line': b'-- Up-to-date symlink: /workspaces/UON-CS-robotlab-simulation-container/install/turtlebot3_navigation2/share/turtlebot3_navigation2/param/humble/burger.yaml\n'}
[10.778860] (turtlebot3_navigation2) StdoutLine: {'line': b'-- Up-to-date symlink: /workspaces/UON-CS-robotlab-simulation-container/install/turtlebot3_navigation2/share/turtlebot3_navigation2/param/humble/burger_cam.yaml\n'}
[10.780815] (turtlebot3_navigation2) StdoutLine: {'line': b'-- Up-to-date symlink: /workspaces/UON-CS-robotlab-simulation-container/install/turtlebot3_navigation2/share/turtlebot3_navigation2/param/humble/waffle.yaml\n'}
[10.780982] (turtlebot3_navigation2) StdoutLine: {'line': b'-- Up-to-date symlink: /workspaces/UON-CS-robotlab-simulation-container/install/turtlebot3_navigation2/share/turtlebot3_navigation2/param/humble/waffle_pi.yaml\n'}
[10.785625] (turtlebot3_navigation2) StdoutLine: {'line': b'-- Up-to-date symlink: /workspaces/UON-CS-robotlab-simulation-container/install/turtlebot3_navigation2/share/turtlebot3_navigation2/param/waffle.yaml\n'}
[10.785849] (turtlebot3_navigation2) StdoutLine: {'line': b'-- Up-to-date symlink: /workspaces/UON-CS-robotlab-simulation-container/install/turtlebot3_navigation2/share/turtlebot3_navigation2/param/waffle_pi.yaml\n'}
[10.788060] (turtlebot3_navigation2) StdoutLine: {'line': b'-- Up-to-date symlink: /workspaces/UON-CS-robotlab-simulation-container/install/turtlebot3_navigation2/share/turtlebot3_navigation2/rviz/tb3_navigation2.rviz\n'}
[10.788631] (turtlebot3_navigation2) StdoutLine: {'line': b'-- Up-to-date symlink: /workspaces/UON-CS-robotlab-simulation-container/install/turtlebot3_navigation2/share/ament_index/resource_index/package_run_dependencies/turtlebot3_navigation2\n'}
[10.793639] (turtlebot3_navigation2) StdoutLine: {'line': b'-- Up-to-date symlink: /workspaces/UON-CS-robotlab-simulation-container/install/turtlebot3_navigation2/share/ament_index/resource_index/parent_prefix_path/turtlebot3_navigation2\n'}
[10.796828] (turtlebot3_navigation2) StdoutLine: {'line': b'-- Up-to-date symlink: /workspaces/UON-CS-robotlab-simulation-container/install/turtlebot3_navigation2/share/turtlebot3_navigation2/environment/ament_prefix_path.sh\n'}
[10.797137] (turtlebot3_navigation2) StdoutLine: {'line': b'-- Up-to-date symlink: /workspaces/UON-CS-robotlab-simulation-container/install/turtlebot3_navigation2/share/turtlebot3_navigation2/environment/ament_prefix_path.dsv\n'}
[10.805623] (turtlebot3_navigation2) StdoutLine: {'line': b'-- Up-to-date symlink: /workspaces/UON-CS-robotlab-simulation-container/install/turtlebot3_navigation2/share/turtlebot3_navigation2/environment/path.sh\n'}
[10.805836] (turtlebot3_navigation2) StdoutLine: {'line': b'-- Up-to-date symlink: /workspaces/UON-CS-robotlab-simulation-container/install/turtlebot3_navigation2/share/turtlebot3_navigation2/environment/path.dsv\n'}
[10.807774] (turtlebot3_navigation2) StdoutLine: {'line': b'-- Up-to-date symlink: /workspaces/UON-CS-robotlab-simulation-container/install/turtlebot3_navigation2/share/turtlebot3_navigation2/local_setup.bash\n'}
[10.810664] (turtlebot3_navigation2) StdoutLine: {'line': b'-- Up-to-date symlink: /workspaces/UON-CS-robotlab-simulation-container/install/turtlebot3_navigation2/share/turtlebot3_navigation2/local_setup.sh\n'}
[10.818337] (turtlebot3_navigation2) StdoutLine: {'line': b'-- Up-to-date symlink: /workspaces/UON-CS-robotlab-simulation-container/install/turtlebot3_navigation2/share/turtlebot3_navigation2/local_setup.zsh\n'}
[10.818547] (turtlebot3_navigation2) StdoutLine: {'line': b'-- Up-to-date symlink: /workspaces/UON-CS-robotlab-simulation-container/install/turtlebot3_navigation2/share/turtlebot3_navigation2/local_setup.dsv\n'}
[10.820725] (turtlebot3_navigation2) StdoutLine: {'line': b'-- Symlinking: /workspaces/UON-CS-robotlab-simulation-container/install/turtlebot3_navigation2/share/turtlebot3_navigation2/package.dsv\n'}
[10.834674] (-) TimerEvent: {}
[10.922942] (turtlebot3_navigation2) StdoutLine: {'line': b'-- Up-to-date symlink: /workspaces/UON-CS-robotlab-simulation-container/install/turtlebot3_navigation2/share/ament_index/resource_index/packages/turtlebot3_navigation2\n'}
[10.933817] (turtlebot3_navigation2) StdoutLine: {'line': b'-- Up-to-date symlink: /workspaces/UON-CS-robotlab-simulation-container/install/turtlebot3_navigation2/share/turtlebot3_navigation2/cmake/turtlebot3_navigation2Config.cmake\n'}
[10.934764] (-) TimerEvent: {}
[10.935007] (turtlebot3_navigation2) StdoutLine: {'line': b'-- Up-to-date symlink: /workspaces/UON-CS-robotlab-simulation-container/install/turtlebot3_navigation2/share/turtlebot3_navigation2/cmake/turtlebot3_navigation2Config-version.cmake\n'}
[10.940604] (turtlebot3_navigation2) StdoutLine: {'line': b'-- Up-to-date symlink: /workspaces/UON-CS-robotlab-simulation-container/install/turtlebot3_navigation2/share/turtlebot3_navigation2/package.xml\n'}
[10.940820] (turtlebot3_navigation2) CommandEnded: {'returncode': 0}
[10.995300] (turtlebot3_gazebo) StdoutLine: {'line': b'[ 66%] Built target obstacle1\n'}
[11.039655] (-) TimerEvent: {}
[11.095408] (turtlebot3_navigation2) JobEnded: {'identifier': 'turtlebot3_navigation2', 'rc': 0}
[11.098904] (turtlebot3_teleop) JobStarted: {'identifier': 'turtlebot3_teleop'}
[11.185695] (-) TimerEvent: {}
[11.300782] (-) TimerEvent: {}
[11.403487] (-) TimerEvent: {}
[11.511410] (-) TimerEvent: {}
[11.612552] (-) TimerEvent: {}
[11.738374] (-) TimerEvent: {}
[11.858673] (-) TimerEvent: {}
[11.886309] (turtlebot3_gazebo) StdoutLine: {'line': b'[ 83%] Built target obstacle2\n'}
[11.960663] (-) TimerEvent: {}
[12.064660] (-) TimerEvent: {}
[12.171652] (-) TimerEvent: {}
[12.274280] (-) TimerEvent: {}
[12.377692] (-) TimerEvent: {}
[12.428751] (turtlebot3_gazebo) StdoutLine: {'line': b'[100%] Built target obstacles\n'}
[12.482167] (-) TimerEvent: {}
[12.588653] (-) TimerEvent: {}
[12.690665] (-) TimerEvent: {}
[12.791337] (-) TimerEvent: {}
[12.900058] (-) TimerEvent: {}
[13.000470] (-) TimerEvent: {}
[13.107665] (-) TimerEvent: {}
[13.208874] (-) TimerEvent: {}
[13.312664] (-) TimerEvent: {}
[13.413646] (-) TimerEvent: {}
[13.520660] (-) TimerEvent: {}
[13.627672] (-) TimerEvent: {}
[13.728160] (-) TimerEvent: {}
[13.828844] (-) TimerEvent: {}
[13.931343] (-) TimerEvent: {}
[14.034941] (-) TimerEvent: {}
[14.135302] (-) TimerEvent: {}
[14.244656] (-) TimerEvent: {}
[14.345051] (-) TimerEvent: {}
[14.446663] (-) TimerEvent: {}
[14.552660] (-) TimerEvent: {}
[14.653984] (-) TimerEvent: {}
[14.757657] (-) TimerEvent: {}
[14.861623] (-) TimerEvent: {}
[14.972661] (-) TimerEvent: {}
[15.073970] (-) TimerEvent: {}
[15.176985] (-) TimerEvent: {}
[15.288074] (-) TimerEvent: {}
[15.391910] (-) TimerEvent: {}
[15.412311] (turtlebot3_gazebo) CommandEnded: {'returncode': 0}
[15.441743] (turtlebot3_gazebo) JobProgress: {'identifier': 'turtlebot3_gazebo', 'progress': 'install'}
[15.442042] (turtlebot3_gazebo) Command: {'cmd': ['/usr/bin/cmake', '--install', '/workspaces/UON-CS-robotlab-simulation-container/build/turtlebot3_gazebo'], 'cwd': '/workspaces/UON-CS-robotlab-simulation-container/build/turtlebot3_gazebo', 'env': OrderedDict([('GITHUB_TOKEN', 'ghu_B4O6CZhcVLRE0OX7B0pYH9Kn8C5gJq2RIGly'), ('GITHUB_CODESPACE_TOKEN', 'AOKRK4WKUJC5CQRMWNS6OXDKNJSNPANCNFSM4AXFRYHA'), ('FEATURE_SPARK_POST_COMMIT_CREATE_ITERATION', 'true'), ('HOSTNAME', 'codespaces-b7707e'), ('GITHUB_CODESPACES_PORT_FORWARDING_DOMAIN', 'app.github.dev'), ('SHLVL', '2'), ('LD_LIBRARY_PATH', '/workspaces/UON-CS-robotlab-simulation-container/install/turtlebot3_msgs/lib:/workspaces/UON-CS-robotlab-simulation-container/install/dynamixel_sdk_custom_interfaces/lib:/workspaces/UON-CS-robotlab-simulation-container/install/dynamixel_sdk/lib:/usr/lib/x86_64-linux-gnu/gazebo-11/plugins:/opt/ros/humble/opt/rviz_ogre_vendor/lib:/opt/ros/humble/lib/x86_64-linux-gnu:/opt/ros/humble/lib'), ('HOME', '/home/vscode'), ('OLDPWD', '/workspaces/UON-CS-robotlab-simulation-container'), ('CODESPACES', 'true'), ('ROS_PYTHON_VERSION', '3'), ('GITHUB_USER', 'mohammad-areeb'), ('GITHUB_GRAPHQL_URL', 'https://api.github.com/graphql'), ('COLCON_PREFIX_PATH', '/workspaces/UON-CS-robotlab-simulation-container/install'), ('ROS_DISTRO', 'humble'), ('ContainerVersion', '13'), ('GITHUB_API_URL', 'https://api.github.com'), ('RepositoryName', 'UON-CS-robotlab-simulation-container'), ('_', '/usr/bin/colcon'), ('ROS_VERSION', '2'), ('CLOUDENV_ENVIRONMENT_ID', '344bab99-1d47-4655-88f7-fee790854045'), ('TERM', 'xterm'), ('ROS_LOCALHOST_ONLY', '0'), ('PATH', '/opt/ros/humble/bin:/usr/local/sbin:/usr/local/bin:/usr/sbin:/usr/bin:/sbin:/bin'), ('SHELL_LOGGED_IN', 'true'), ('DISPLAY', ':1'), ('LANG', 'C.UTF-8'), ('LS_COLORS', ''), ('GITHUB_REPOSITORY', 'mohammad-areeb/UON-CS-robotlab-simulation-container'), ('ROS_DOMAIN_ID', '30'), ('AMENT_PREFIX_PATH', '/workspaces/UON-CS-robotlab-simulation-container/install/turtlebot3:/workspaces/UON-CS-robotlab-simulation-container/install/turtlebot3_teleop:/workspaces/UON-CS-robotlab-simulation-container/install/turtlebot3_simulations:/workspaces/UON-CS-robotlab-simulation-container/install/turtlebot3_bringup:/workspaces/UON-CS-robotlab-simulation-container/install/turtlebot3_node:/workspaces/UON-CS-robotlab-simulation-container/install/turtlebot3_navigation2:/workspaces/UON-CS-robotlab-simulation-container/install/turtlebot3_fake_node:/workspaces/UON-CS-robotlab-simulation-container/install/turtlebot3_example:/workspaces/UON-CS-robotlab-simulation-container/install/turtlebot3_msgs:/workspaces/UON-CS-robotlab-simulation-container/install/turtlebot3_manipulation_gazebo:/workspaces/UON-CS-robotlab-simulation-container/install/turtlebot3_gazebo:/workspaces/UON-CS-robotlab-simulation-container/install/turtlebot3_description:/workspaces/UON-CS-robotlab-simulation-container/install/turtlebot3_cartographer:/workspaces/UON-CS-robotlab-simulation-container/install/dynamixel_sdk_examples:/workspaces/UON-CS-robotlab-simulation-container/install/dynamixel_sdk_custom_interfaces:/workspaces/UON-CS-robotlab-simulation-container/install/dynamixel_sdk:/opt/ros/humble'), ('DEBIAN_FRONTEND', 'noninteractive'), ('SHELL', '/bin/bash'), ('PWD', '/workspaces/UON-CS-robotlab-simulation-container/build/turtlebot3_gazebo'), ('INTERNAL_VSCS_TARGET_URL', 'https://uksouth.online.visualstudio.com'), ('TURTLEBOT3_MODEL', 'waffle'), ('LC_ALL', 'C.UTF-8'), ('GITHUB_SERVER_URL', 'https://github.com'), ('PYTHONPATH', '/workspaces/UON-CS-robotlab-simulation-container/build/turtlebot3_teleop:/workspaces/UON-CS-robotlab-simulation-container/install/turtlebot3_teleop/lib/python3.10/site-packages:/workspaces/UON-CS-robotlab-simulation-container/build/turtlebot3_example:/workspaces/UON-CS-robotlab-simulation-container/install/turtlebot3_example/lib/python3.10/site-packages:/workspaces/UON-CS-robotlab-simulation-container/install/turtlebot3_msgs/local/lib/python3.10/dist-packages:/workspaces/UON-CS-robotlab-simulation-container/install/dynamixel_sdk_custom_interfaces/local/lib/python3.10/dist-packages:/workspaces/UON-CS-robotlab-simulation-container/install/dynamixel_sdk/local/lib/python3.10/dist-packages:/opt/ros/humble/lib/python3.10/site-packages:/opt/ros/humble/local/lib/python3.10/dist-packages'), ('CODESPACE_NAME', 'urban-space-garbanzo-j7wwvprrjjp25j95'), ('COLCON', '1'), ('CMAKE_PREFIX_PATH', '/workspaces/UON-CS-robotlab-simulation-container/install/turtlebot3:/workspaces/UON-CS-robotlab-simulation-container/install/turtlebot3_simulations:/workspaces/UON-CS-robotlab-simulation-container/install/turtlebot3_bringup:/workspaces/UON-CS-robotlab-simulation-container/install/turtlebot3_node:/workspaces/UON-CS-robotlab-simulation-container/install/turtlebot3_navigation2:/workspaces/UON-CS-robotlab-simulation-container/install/turtlebot3_fake_node:/workspaces/UON-CS-robotlab-simulation-container/install/turtlebot3_msgs:/workspaces/UON-CS-robotlab-simulation-container/install/turtlebot3_manipulation_gazebo:/workspaces/UON-CS-robotlab-simulation-container/install/turtlebot3_gazebo:/workspaces/UON-CS-robotlab-simulation-container/install/turtlebot3_description:/workspaces/UON-CS-robotlab-simulation-container/install/turtlebot3_cartographer:/workspaces/UON-CS-robotlab-simulation-container/install/dynamixel_sdk_examples:/workspaces/UON-CS-robotlab-simulation-container/install/dynamixel_sdk_custom_interfaces:/workspaces/UON-CS-robotlab-simulation-container/install/dynamixel_sdk:/workspaces/UON-CS-robotlab-simulation-container/install/turtlebot3_teleop:/workspaces/UON-CS-robotlab-simulation-container/install/turtlebot3_example:/opt/ros/humble')]), 'shell': False}
[15.493664] (-) TimerEvent: {}
[15.535654] (turtlebot3_gazebo) StdoutLine: {'line': b'-- Install configuration: ""\n'}
[15.553398] (turtlebot3_gazebo) StdoutLine: {'line': b'-- Execute custom install script\n'}
[15.554951] (turtlebot3_gazebo) StdoutLine: {'line': b'-- Up-to-date symlink: /workspaces/UON-CS-robotlab-simulation-container/install/turtlebot3_gazebo/lib/turtlebot3_gazebo/turtlebot3_drive\n'}
[15.569646] (turtlebot3_gazebo) StdoutLine: {'line': b'-- Up-to-date symlink: /workspaces/UON-CS-robotlab-simulation-container/install/turtlebot3_gazebo/share/turtlebot3_gazebo//launch/empty_world.launch.py\n'}
[15.569875] (turtlebot3_gazebo) StdoutLine: {'line': b'-- Up-to-date symlink: /workspaces/UON-CS-robotlab-simulation-container/install/turtlebot3_gazebo/share/turtlebot3_gazebo//launch/multi_robot.launch.py\n'}
[15.570027] (turtlebot3_gazebo) StdoutLine: {'line': b'-- Up-to-date symlink: /workspaces/UON-CS-robotlab-simulation-container/install/turtlebot3_gazebo/share/turtlebot3_gazebo//launch/multi_spawn_turtlebot3.launch.py\n'}
[15.570169] (turtlebot3_gazebo) StdoutLine: {'line': b'-- Up-to-date symlink: /workspaces/UON-CS-robotlab-simulation-container/install/turtlebot3_gazebo/share/turtlebot3_gazebo//launch/robot_state_publisher.launch.py\n'}
[15.570304] (turtlebot3_gazebo) StdoutLine: {'line': b'-- Up-to-date symlink: /workspaces/UON-CS-robotlab-simulation-container/install/turtlebot3_gazebo/share/turtlebot3_gazebo//launch/spawn_turtlebot3.launch.py\n'}
[15.570436] (turtlebot3_gazebo) StdoutLine: {'line': b'-- Up-to-date symlink: /workspaces/UON-CS-robotlab-simulation-container/install/turtlebot3_gazebo/share/turtlebot3_gazebo//launch/turtlebot3_autorace_2020.launch.py\n'}
[15.577874] (turtlebot3_gazebo) StdoutLine: {'line': b'-- Up-to-date symlink: /workspaces/UON-CS-robotlab-simulation-container/install/turtlebot3_gazebo/share/turtlebot3_gazebo//launch/turtlebot3_dqn_stage1.launch.py\n'}
[15.578651] (turtlebot3_gazebo) StdoutLine: {'line': b'-- Up-to-date symlink: /workspaces/UON-CS-robotlab-simulation-container/install/turtlebot3_gazebo/share/turtlebot3_gazebo//launch/turtlebot3_dqn_stage2.launch.py\n'}
[15.578843] (turtlebot3_gazebo) StdoutLine: {'line': b'-- Up-to-date symlink: /workspaces/UON-CS-robotlab-simulation-container/install/turtlebot3_gazebo/share/turtlebot3_gazebo//launch/turtlebot3_dqn_stage3.launch.py\n'}
[15.588638] (turtlebot3_gazebo) StdoutLine: {'line': b'-- Up-to-date symlink: /workspaces/UON-CS-robotlab-simulation-container/install/turtlebot3_gazebo/share/turtlebot3_gazebo//launch/turtlebot3_dqn_stage4.launch.py\n'}
[15.588833] (turtlebot3_gazebo) StdoutLine: {'line': b'-- Up-to-date symlink: /workspaces/UON-CS-robotlab-simulation-container/install/turtlebot3_gazebo/share/turtlebot3_gazebo//launch/turtlebot3_house.launch.py\n'}
[15.588943] (turtlebot3_gazebo) StdoutLine: {'line': b'-- Up-to-date symlink: /workspaces/UON-CS-robotlab-simulation-container/install/turtlebot3_gazebo/share/turtlebot3_gazebo//launch/turtlebot3_world.launch.py\n'}
[15.597688] (-) TimerEvent: {}
[15.623631] (turtlebot3_gazebo) StdoutLine: {'line': b'-- Up-to-date symlink: /workspaces/UON-CS-robotlab-simulation-container/install/turtlebot3_gazebo/share/turtlebot3_gazebo//models/turtlebot3_autorace_2020/checker/materials/checker.png\n'}
[15.628626] (turtlebot3_gazebo) StdoutLine: {'line': b'-- Up-to-date symlink: /workspaces/UON-CS-robotlab-simulation-container/install/turtlebot3_gazebo/share/turtlebot3_gazebo//models/turtlebot3_autorace_2020/checker/materials/scripts/checker.material\n'}
[15.632626] (turtlebot3_gazebo) StdoutLine: {'line': b'-- Up-to-date symlink: /workspaces/UON-CS-robotlab-simulation-container/install/turtlebot3_gazebo/share/turtlebot3_gazebo//models/turtlebot3_autorace_2020/checker/materials/textures/checker.png\n'}
[15.633732] (turtlebot3_gazebo) StdoutLine: {'line': b'-- Up-to-date symlink: /workspaces/UON-CS-robotlab-simulation-container/install/turtlebot3_gazebo/share/turtlebot3_gazebo//models/turtlebot3_autorace_2020/checker/model.config\n'}
[15.633866] (turtlebot3_gazebo) StdoutLine: {'line': b'-- Up-to-date symlink: /workspaces/UON-CS-robotlab-simulation-container/install/turtlebot3_gazebo/share/turtlebot3_gazebo//models/turtlebot3_autorace_2020/checker/model.sdf\n'}
[15.635845] (turtlebot3_gazebo) StdoutLine: {'line': b'-- Up-to-date symlink: /workspaces/UON-CS-robotlab-simulation-container/install/turtlebot3_gazebo/share/turtlebot3_gazebo//models/turtlebot3_autorace_2020/course/materials/scripts/course.material\n'}
[15.650625] (turtlebot3_gazebo) StdoutLine: {'line': b'-- Up-to-date symlink: /workspaces/UON-CS-robotlab-simulation-container/install/turtlebot3_gazebo/share/turtlebot3_gazebo//models/turtlebot3_autorace_2020/course/materials/textures/course.png\n'}
[15.650825] (turtlebot3_gazebo) StdoutLine: {'line': b'-- Up-to-date symlink: /workspaces/UON-CS-robotlab-simulation-container/install/turtlebot3_gazebo/share/turtlebot3_gazebo//models/turtlebot3_autorace_2020/course/model.config\n'}
[15.651696] (turtlebot3_gazebo) StdoutLine: {'line': b'-- Up-to-date symlink: /workspaces/UON-CS-robotlab-simulation-container/install/turtlebot3_gazebo/share/turtlebot3_gazebo//models/turtlebot3_autorace_2020/course/model.sdf\n'}
[15.651829] (turtlebot3_gazebo) StdoutLine: {'line': b'-- Up-to-date symlink: /workspaces/UON-CS-robotlab-simulation-container/install/turtlebot3_gazebo/share/turtlebot3_gazebo//models/turtlebot3_autorace_2020/traffic_bar/materials/scripts/traffic_bar.material\n'}
[15.651953] (turtlebot3_gazebo) StdoutLine: {'line': b'-- Up-to-date symlink: /workspaces/UON-CS-robotlab-simulation-container/install/turtlebot3_gazebo/share/turtlebot3_gazebo//models/turtlebot3_autorace_2020/traffic_bar/materials/textures/traffic_bar.png\n'}
[15.654625] (turtlebot3_gazebo) StdoutLine: {'line': b'-- Up-to-date symlink: /workspaces/UON-CS-robotlab-simulation-container/install/turtlebot3_gazebo/share/turtlebot3_gazebo//models/turtlebot3_autorace_2020/traffic_bar/model.config\n'}
[15.665622] (turtlebot3_gazebo) StdoutLine: {'line': b'-- Up-to-date symlink: /workspaces/UON-CS-robotlab-simulation-container/install/turtlebot3_gazebo/share/turtlebot3_gazebo//models/turtlebot3_autorace_2020/traffic_bar/model.sdf\n'}
[15.665882] (turtlebot3_gazebo) StdoutLine: {'line': b'-- Up-to-date symlink: /workspaces/UON-CS-robotlab-simulation-container/install/turtlebot3_gazebo/share/turtlebot3_gazebo//models/turtlebot3_autorace_2020/traffic_construction/materials/scripts/traffic_construction.material\n'}
[15.666003] (turtlebot3_gazebo) StdoutLine: {'line': b'-- Up-to-date symlink: /workspaces/UON-CS-robotlab-simulation-container/install/turtlebot3_gazebo/share/turtlebot3_gazebo//models/turtlebot3_autorace_2020/traffic_construction/materials/textures/traffic_construction.png\n'}
[15.666108] (turtlebot3_gazebo) StdoutLine: {'line': b'-- Up-to-date symlink: /workspaces/UON-CS-robotlab-simulation-container/install/turtlebot3_gazebo/share/turtlebot3_gazebo//models/turtlebot3_autorace_2020/traffic_construction/model.config\n'}
[15.666215] (turtlebot3_gazebo) StdoutLine: {'line': b'-- Up-to-date symlink: /workspaces/UON-CS-robotlab-simulation-container/install/turtlebot3_gazebo/share/turtlebot3_gazebo//models/turtlebot3_autorace_2020/traffic_construction/model.sdf\n'}
[15.684637] (turtlebot3_gazebo) StdoutLine: {'line': b'-- Up-to-date symlink: /workspaces/UON-CS-robotlab-simulation-container/install/turtlebot3_gazebo/share/turtlebot3_gazebo//models/turtlebot3_autorace_2020/traffic_intersection/materials/scripts/traffic_intersection.material\n'}
[15.684831] (turtlebot3_gazebo) StdoutLine: {'line': b'-- Up-to-date symlink: /workspaces/UON-CS-robotlab-simulation-container/install/turtlebot3_gazebo/share/turtlebot3_gazebo//models/turtlebot3_autorace_2020/traffic_intersection/materials/textures/traffic_intersection.png\n'}
[15.684951] (turtlebot3_gazebo) StdoutLine: {'line': b'-- Up-to-date symlink: /workspaces/UON-CS-robotlab-simulation-container/install/turtlebot3_gazebo/share/turtlebot3_gazebo//models/turtlebot3_autorace_2020/traffic_intersection/model.config\n'}
[15.685055] (turtlebot3_gazebo) StdoutLine: {'line': b'-- Up-to-date symlink: /workspaces/UON-CS-robotlab-simulation-container/install/turtlebot3_gazebo/share/turtlebot3_gazebo//models/turtlebot3_autorace_2020/traffic_intersection/model.sdf\n'}
[15.685150] (turtlebot3_gazebo) StdoutLine: {'line': b'-- Up-to-date symlink: /workspaces/UON-CS-robotlab-simulation-container/install/turtlebot3_gazebo/share/turtlebot3_gazebo//models/turtlebot3_autorace_2020/traffic_left/materials/scripts/traffic_is_left.material\n'}
[15.690870] (turtlebot3_gazebo) StdoutLine: {'line': b'-- Up-to-date symlink: /workspaces/UON-CS-robotlab-simulation-container/install/turtlebot3_gazebo/share/turtlebot3_gazebo//models/turtlebot3_autorace_2020/traffic_left/materials/textures/traffic_left.png\n'}
[15.696846] (turtlebot3_gazebo) StdoutLine: {'line': b'-- Up-to-date symlink: /workspaces/UON-CS-robotlab-simulation-container/install/turtlebot3_gazebo/share/turtlebot3_gazebo//models/turtlebot3_autorace_2020/traffic_left/model.config\n'}
[15.697027] (turtlebot3_gazebo) StdoutLine: {'line': b'-- Up-to-date symlink: /workspaces/UON-CS-robotlab-simulation-container/install/turtlebot3_gazebo/share/turtlebot3_gazebo//models/turtlebot3_autorace_2020/traffic_left/model.sdf\n'}
[15.697143] (turtlebot3_gazebo) StdoutLine: {'line': b'-- Up-to-date symlink: /workspaces/UON-CS-robotlab-simulation-container/install/turtlebot3_gazebo/share/turtlebot3_gazebo//models/turtlebot3_autorace_2020/traffic_light/materials/scripts/traffic_light.material\n'}
[15.697246] (turtlebot3_gazebo) StdoutLine: {'line': b'-- Up-to-date symlink: /workspaces/UON-CS-robotlab-simulation-container/install/turtlebot3_gazebo/share/turtlebot3_gazebo//models/turtlebot3_autorace_2020/traffic_light/materials/textures/traffic_light.png\n'}
[15.697343] (turtlebot3_gazebo) StdoutLine: {'line': b'-- Up-to-date symlink: /workspaces/UON-CS-robotlab-simulation-container/install/turtlebot3_gazebo/share/turtlebot3_gazebo//models/turtlebot3_autorace_2020/traffic_light/materials/textures/traffic_light_green.png\n'}
[15.699624] (-) TimerEvent: {}
[15.702800] (turtlebot3_gazebo) StdoutLine: {'line': b'-- Up-to-date symlink: /workspaces/UON-CS-robotlab-simulation-container/install/turtlebot3_gazebo/share/turtlebot3_gazebo//models/turtlebot3_autorace_2020/traffic_light/materials/textures/traffic_light_red.png\n'}
[15.706533] (turtlebot3_gazebo) StdoutLine: {'line': b'-- Up-to-date symlink: /workspaces/UON-CS-robotlab-simulation-container/install/turtlebot3_gazebo/share/turtlebot3_gazebo//models/turtlebot3_autorace_2020/traffic_light/materials/textures/traffic_light_yellow.png\n'}
[15.708045] (turtlebot3_gazebo) StdoutLine: {'line': b'-- Up-to-date symlink: /workspaces/UON-CS-robotlab-simulation-container/install/turtlebot3_gazebo/share/turtlebot3_gazebo//models/turtlebot3_autorace_2020/traffic_light/model.config\n'}
[15.711525] (turtlebot3_gazebo) StdoutLine: {'line': b'-- Up-to-date symlink: /workspaces/UON-CS-robotlab-simulation-container/install/turtlebot3_gazebo/share/turtlebot3_gazebo//models/turtlebot3_autorace_2020/traffic_light/model.sdf\n'}
[15.711705] (turtlebot3_gazebo) StdoutLine: {'line': b'-- Up-to-date symlink: /workspaces/UON-CS-robotlab-simulation-container/install/turtlebot3_gazebo/share/turtlebot3_gazebo//models/turtlebot3_autorace_2020/traffic_noentry/materials/scripts/traffic_noentry.material\n'}
[15.711831] (turtlebot3_gazebo) StdoutLine: {'line': b'-- Up-to-date symlink: /workspaces/UON-CS-robotlab-simulation-container/install/turtlebot3_gazebo/share/turtlebot3_gazebo//models/turtlebot3_autorace_2020/traffic_noentry/materials/textures/traffic_noentry.png\n'}
[15.711943] (turtlebot3_gazebo) StdoutLine: {'line': b'-- Up-to-date symlink: /workspaces/UON-CS-robotlab-simulation-container/install/turtlebot3_gazebo/share/turtlebot3_gazebo//models/turtlebot3_autorace_2020/traffic_noentry/model.config\n'}
[15.723835] (turtlebot3_gazebo) StdoutLine: {'line': b'-- Up-to-date symlink: /workspaces/UON-CS-robotlab-simulation-container/install/turtlebot3_gazebo/share/turtlebot3_gazebo//models/turtlebot3_autorace_2020/traffic_noentry/model.sdf\n'}
[15.723991] (turtlebot3_gazebo) StdoutLine: {'line': b'-- Up-to-date symlink: /workspaces/UON-CS-robotlab-simulation-container/install/turtlebot3_gazebo/share/turtlebot3_gazebo//models/turtlebot3_autorace_2020/traffic_parking/materials/scripts/traffic_parking.material\n'}
[15.724128] (turtlebot3_gazebo) StdoutLine: {'line': b'-- Up-to-date symlink: /workspaces/UON-CS-robotlab-simulation-container/install/turtlebot3_gazebo/share/turtlebot3_gazebo//models/turtlebot3_autorace_2020/traffic_parking/materials/textures/traffic_parking.png\n'}
[15.724255] (turtlebot3_gazebo) StdoutLine: {'line': b'-- Up-to-date symlink: /workspaces/UON-CS-robotlab-simulation-container/install/turtlebot3_gazebo/share/turtlebot3_gazebo//models/turtlebot3_autorace_2020/traffic_parking/model.config\n'}
[15.726800] (turtlebot3_gazebo) StdoutLine: {'line': b'-- Up-to-date symlink: /workspaces/UON-CS-robotlab-simulation-container/install/turtlebot3_gazebo/share/turtlebot3_gazebo//models/turtlebot3_autorace_2020/traffic_parking/model.sdf\n'}
[15.727156] (turtlebot3_gazebo) StdoutLine: {'line': b'-- Up-to-date symlink: /workspaces/UON-CS-robotlab-simulation-container/install/turtlebot3_gazebo/share/turtlebot3_gazebo//models/turtlebot3_autorace_2020/traffic_pl_left/materials/scripts/traffic_pl_left.material\n'}
[15.727319] (turtlebot3_gazebo) StdoutLine: {'line': b'-- Up-to-date symlink: /workspaces/UON-CS-robotlab-simulation-container/install/turtlebot3_gazebo/share/turtlebot3_gazebo//models/turtlebot3_autorace_2020/traffic_pl_left/materials/textures/traffic_pl_left.png\n'}
[15.727470] (turtlebot3_gazebo) StdoutLine: {'line': b'-- Up-to-date symlink: /workspaces/UON-CS-robotlab-simulation-container/install/turtlebot3_gazebo/share/turtlebot3_gazebo//models/turtlebot3_autorace_2020/traffic_pl_left/model.config\n'}
[15.736633] (turtlebot3_gazebo) StdoutLine: {'line': b'-- Up-to-date symlink: /workspaces/UON-CS-robotlab-simulation-container/install/turtlebot3_gazebo/share/turtlebot3_gazebo//models/turtlebot3_autorace_2020/traffic_pl_left/model.sdf\n'}
[15.736897] (turtlebot3_gazebo) StdoutLine: {'line': b'-- Up-to-date symlink: /workspaces/UON-CS-robotlab-simulation-container/install/turtlebot3_gazebo/share/turtlebot3_gazebo//models/turtlebot3_autorace_2020/traffic_right/materials/scripts/traffic_right.material\n'}
[15.742008] (turtlebot3_gazebo) StdoutLine: {'line': b'-- Up-to-date symlink: /workspaces/UON-CS-robotlab-simulation-container/install/turtlebot3_gazebo/share/turtlebot3_gazebo//models/turtlebot3_autorace_2020/traffic_right/materials/textures/traffic_right.png\n'}
[15.742356] (turtlebot3_gazebo) StdoutLine: {'line': b'-- Up-to-date symlink: /workspaces/UON-CS-robotlab-simulation-container/install/turtlebot3_gazebo/share/turtlebot3_gazebo//models/turtlebot3_autorace_2020/traffic_right/model.config\n'}
[15.742511] (turtlebot3_gazebo) StdoutLine: {'line': b'-- Up-to-date symlink: /workspaces/UON-CS-robotlab-simulation-container/install/turtlebot3_gazebo/share/turtlebot3_gazebo//models/turtlebot3_autorace_2020/traffic_right/model.sdf\n'}
[15.742691] (turtlebot3_gazebo) StdoutLine: {'line': b'-- Up-to-date symlink: /workspaces/UON-CS-robotlab-simulation-container/install/turtlebot3_gazebo/share/turtlebot3_gazebo//models/turtlebot3_autorace_2020/traffic_stop/materials/scripts/traffic_stop.material\n'}
[15.742859] (turtlebot3_gazebo) StdoutLine: {'line': b'-- Up-to-date symlink: /workspaces/UON-CS-robotlab-simulation-container/install/turtlebot3_gazebo/share/turtlebot3_gazebo//models/turtlebot3_autorace_2020/traffic_stop/materials/textures/traffic_stop.png\n'}
[15.748623] (turtlebot3_gazebo) StdoutLine: {'line': b'-- Up-to-date symlink: /workspaces/UON-CS-robotlab-simulation-container/install/turtlebot3_gazebo/share/turtlebot3_gazebo//models/turtlebot3_autorace_2020/traffic_stop/model.config\n'}
[15.755816] (turtlebot3_gazebo) StdoutLine: {'line': b'-- Up-to-date symlink: /workspaces/UON-CS-robotlab-simulation-container/install/turtlebot3_gazebo/share/turtlebot3_gazebo//models/turtlebot3_autorace_2020/traffic_stop/model.sdf\n'}
[15.756183] (turtlebot3_gazebo) StdoutLine: {'line': b'-- Up-to-date symlink: /workspaces/UON-CS-robotlab-simulation-container/install/turtlebot3_gazebo/share/turtlebot3_gazebo//models/turtlebot3_autorace_2020/traffic_tunnel/materials/scripts/tunnel.material\n'}
[15.756376] (turtlebot3_gazebo) StdoutLine: {'line': b'-- Up-to-date symlink: /workspaces/UON-CS-robotlab-simulation-container/install/turtlebot3_gazebo/share/turtlebot3_gazebo//models/turtlebot3_autorace_2020/traffic_tunnel/materials/textures/tunnel.png\n'}
[15.760623] (turtlebot3_gazebo) StdoutLine: {'line': b'-- Up-to-date symlink: /workspaces/UON-CS-robotlab-simulation-container/install/turtlebot3_gazebo/share/turtlebot3_gazebo//models/turtlebot3_autorace_2020/traffic_tunnel/model.config\n'}
[15.760860] (turtlebot3_gazebo) StdoutLine: {'line': b'-- Up-to-date symlink: /workspaces/UON-CS-robotlab-simulation-container/install/turtlebot3_gazebo/share/turtlebot3_gazebo//models/turtlebot3_autorace_2020/traffic_tunnel/model.sdf\n'}
[15.762851] (turtlebot3_gazebo) StdoutLine: {'line': b'-- Up-to-date symlink: /workspaces/UON-CS-robotlab-simulation-container/install/turtlebot3_gazebo/share/turtlebot3_gazebo//models/turtlebot3_burger/model-1_4.sdf\n'}
[15.763741] (turtlebot3_gazebo) StdoutLine: {'line': b'-- Up-to-date symlink: /workspaces/UON-CS-robotlab-simulation-container/install/turtlebot3_gazebo/share/turtlebot3_gazebo//models/turtlebot3_burger/model.config\n'}
[15.763945] (turtlebot3_gazebo) StdoutLine: {'line': b'-- Up-to-date symlink: /workspaces/UON-CS-robotlab-simulation-container/install/turtlebot3_gazebo/share/turtlebot3_gazebo//models/turtlebot3_burger/model.sdf\n'}
[15.771811] (turtlebot3_gazebo) StdoutLine: {'line': b'-- Up-to-date symlink: /workspaces/UON-CS-robotlab-simulation-container/install/turtlebot3_gazebo/share/turtlebot3_gazebo//models/turtlebot3_burger_cam/model-1_4.sdf\n'}
[15.772040] (turtlebot3_gazebo) StdoutLine: {'line': b'-- Up-to-date symlink: /workspaces/UON-CS-robotlab-simulation-container/install/turtlebot3_gazebo/share/turtlebot3_gazebo//models/turtlebot3_burger_cam/model.config\n'}
[15.772214] (turtlebot3_gazebo) StdoutLine: {'line': b'-- Up-to-date symlink: /workspaces/UON-CS-robotlab-simulation-container/install/turtlebot3_gazebo/share/turtlebot3_gazebo//models/turtlebot3_burger_cam/model.sdf\n'}
[15.779975] (turtlebot3_gazebo) StdoutLine: {'line': b'-- Up-to-date symlink: /workspaces/UON-CS-robotlab-simulation-container/install/turtlebot3_gazebo/share/turtlebot3_gazebo//models/turtlebot3_common/meshes/bases/burger_base.stl\n'}
[15.780678] (turtlebot3_gazebo) StdoutLine: {'line': b'-- Up-to-date symlink: /workspaces/UON-CS-robotlab-simulation-container/install/turtlebot3_gazebo/share/turtlebot3_gazebo//models/turtlebot3_common/meshes/bases/waffle_base.stl\n'}
[15.780891] (turtlebot3_gazebo) StdoutLine: {'line': b'-- Up-to-date symlink: /workspaces/UON-CS-robotlab-simulation-container/install/turtlebot3_gazebo/share/turtlebot3_gazebo//models/turtlebot3_common/meshes/bases/waffle_pi_base.stl\n'}
[15.785948] (turtlebot3_gazebo) StdoutLine: {'line': b'-- Up-to-date symlink: /workspaces/UON-CS-robotlab-simulation-container/install/turtlebot3_gazebo/share/turtlebot3_gazebo//models/turtlebot3_common/meshes/burger_base.dae\n'}
[15.786168] (turtlebot3_gazebo) StdoutLine: {'line': b'-- Up-to-date symlink: /workspaces/UON-CS-robotlab-simulation-container/install/turtlebot3_gazebo/share/turtlebot3_gazebo//models/turtlebot3_common/meshes/lds.dae\n'}
[15.798778] (turtlebot3_gazebo) StdoutLine: {'line': b'-- Up-to-date symlink: /workspaces/UON-CS-robotlab-simulation-container/install/turtlebot3_gazebo/share/turtlebot3_gazebo//models/turtlebot3_common/meshes/r200.dae\n'}
[15.799025] (turtlebot3_gazebo) StdoutLine: {'line': b'-- Up-to-date symlink: /workspaces/UON-CS-robotlab-simulation-container/install/turtlebot3_gazebo/share/turtlebot3_gazebo//models/turtlebot3_common/meshes/sensors/astra.dae\n'}
[15.799194] (turtlebot3_gazebo) StdoutLine: {'line': b'-- Up-to-date symlink: /workspaces/UON-CS-robotlab-simulation-container/install/turtlebot3_gazebo/share/turtlebot3_gazebo//models/turtlebot3_common/meshes/sensors/astra.jpg\n'}
[15.799347] (turtlebot3_gazebo) StdoutLine: {'line': b'-- Up-to-date symlink: /workspaces/UON-CS-robotlab-simulation-container/install/turtlebot3_gazebo/share/turtlebot3_gazebo//models/turtlebot3_common/meshes/sensors/lds.stl\n'}
[15.799496] (turtlebot3_gazebo) StdoutLine: {'line': b'-- Up-to-date symlink: /workspaces/UON-CS-robotlab-simulation-container/install/turtlebot3_gazebo/share/turtlebot3_gazebo//models/turtlebot3_common/meshes/sensors/r200.dae\n'}
[15.799656] (-) TimerEvent: {}
[15.800737] (turtlebot3_gazebo) StdoutLine: {'line': b'-- Up-to-date symlink: /workspaces/UON-CS-robotlab-simulation-container/install/turtlebot3_gazebo/share/turtlebot3_gazebo//models/turtlebot3_common/meshes/sensors/r200.jpg\n'}
[15.801018] (turtlebot3_gazebo) StdoutLine: {'line': b'-- Up-to-date symlink: /workspaces/UON-CS-robotlab-simulation-container/install/turtlebot3_gazebo/share/turtlebot3_gazebo//models/turtlebot3_common/meshes/tire.dae\n'}
[15.814646] (turtlebot3_gazebo) StdoutLine: {'line': b'-- Up-to-date symlink: /workspaces/UON-CS-robotlab-simulation-container/install/turtlebot3_gazebo/share/turtlebot3_gazebo//models/turtlebot3_common/meshes/waffle_base.dae\n'}
[15.814820] (turtlebot3_gazebo) StdoutLine: {'line': b'-- Up-to-date symlink: /workspaces/UON-CS-robotlab-simulation-container/install/turtlebot3_gazebo/share/turtlebot3_gazebo//models/turtlebot3_common/meshes/waffle_pi_base.dae\n'}
[15.814920] (turtlebot3_gazebo) StdoutLine: {'line': b'-- Up-to-date symlink: /workspaces/UON-CS-robotlab-simulation-container/install/turtlebot3_gazebo/share/turtlebot3_gazebo//models/turtlebot3_common/meshes/wheels/left_tire.stl\n'}
[15.815016] (turtlebot3_gazebo) StdoutLine: {'line': b'-- Up-to-date symlink: /workspaces/UON-CS-robotlab-simulation-container/install/turtlebot3_gazebo/share/turtlebot3_gazebo//models/turtlebot3_common/meshes/wheels/right_tire.stl\n'}
[15.815102] (turtlebot3_gazebo) StdoutLine: {'line': b'-- Up-to-date symlink: /workspaces/UON-CS-robotlab-simulation-container/install/turtlebot3_gazebo/share/turtlebot3_gazebo//models/turtlebot3_common/model.config\n'}
[15.818697] (turtlebot3_gazebo) StdoutLine: {'line': b'-- Up-to-date symlink: /workspaces/UON-CS-robotlab-simulation-container/install/turtlebot3_gazebo/share/turtlebot3_gazebo//models/turtlebot3_dqn_world/goal_box/model.config\n'}
[15.820378] (turtlebot3_gazebo) StdoutLine: {'line': b'-- Up-to-date symlink: /workspaces/UON-CS-robotlab-simulation-container/install/turtlebot3_gazebo/share/turtlebot3_gazebo//models/turtlebot3_dqn_world/goal_box/model.sdf\n'}
[15.821508] (turtlebot3_gazebo) StdoutLine: {'line': b'-- Up-to-date symlink: /workspaces/UON-CS-robotlab-simulation-container/install/turtlebot3_gazebo/share/turtlebot3_gazebo//models/turtlebot3_dqn_world/inner_walls/model.config\n'}
[15.822045] (turtlebot3_gazebo) StdoutLine: {'line': b'-- Up-to-date symlink: /workspaces/UON-CS-robotlab-simulation-container/install/turtlebot3_gazebo/share/turtlebot3_gazebo//models/turtlebot3_dqn_world/inner_walls/model.sdf\n'}
[15.824906] (turtlebot3_gazebo) StdoutLine: {'line': b'-- Up-to-date symlink: /workspaces/UON-CS-robotlab-simulation-container/install/turtlebot3_gazebo/share/turtlebot3_gazebo//models/turtlebot3_dqn_world/model.config\n'}
[15.833631] (turtlebot3_gazebo) StdoutLine: {'line': b'-- Up-to-date symlink: /workspaces/UON-CS-robotlab-simulation-container/install/turtlebot3_gazebo/share/turtlebot3_gazebo//models/turtlebot3_dqn_world/model.sdf\n'}
[15.833849] (turtlebot3_gazebo) StdoutLine: {'line': b'-- Up-to-date symlink: /workspaces/UON-CS-robotlab-simulation-container/install/turtlebot3_gazebo/share/turtlebot3_gazebo//models/turtlebot3_dqn_world/obstacle1/model.config\n'}
[15.833996] (turtlebot3_gazebo) StdoutLine: {'line': b'-- Up-to-date symlink: /workspaces/UON-CS-robotlab-simulation-container/install/turtlebot3_gazebo/share/turtlebot3_gazebo//models/turtlebot3_dqn_world/obstacle1/model.sdf\n'}
[15.834353] (turtlebot3_gazebo) StdoutLine: {'line': b'-- Up-to-date symlink: /workspaces/UON-CS-robotlab-simulation-container/install/turtlebot3_gazebo/share/turtlebot3_gazebo//models/turtlebot3_dqn_world/obstacle2/model.config\n'}
[15.834835] (turtlebot3_gazebo) StdoutLine: {'line': b'-- Up-to-date symlink: /workspaces/UON-CS-robotlab-simulation-container/install/turtlebot3_gazebo/share/turtlebot3_gazebo//models/turtlebot3_dqn_world/obstacle2/model.sdf\n'}
[15.836555] (turtlebot3_gazebo) StdoutLine: {'line': b'-- Up-to-date symlink: /workspaces/UON-CS-robotlab-simulation-container/install/turtlebot3_gazebo/share/turtlebot3_gazebo//models/turtlebot3_dqn_world/obstacles/model.config\n'}
[15.838845] (turtlebot3_gazebo) StdoutLine: {'line': b'-- Up-to-date symlink: /workspaces/UON-CS-robotlab-simulation-container/install/turtlebot3_gazebo/share/turtlebot3_gazebo//models/turtlebot3_dqn_world/obstacles/model.sdf\n'}
[15.845727] (turtlebot3_gazebo) StdoutLine: {'line': b'-- Up-to-date symlink: /workspaces/UON-CS-robotlab-simulation-container/install/turtlebot3_gazebo/share/turtlebot3_gazebo//models/turtlebot3_house/model.config\n'}
[15.846508] (turtlebot3_gazebo) StdoutLine: {'line': b'-- Up-to-date symlink: /workspaces/UON-CS-robotlab-simulation-container/install/turtlebot3_gazebo/share/turtlebot3_gazebo//models/turtlebot3_house/model.sdf\n'}
[15.847470] (turtlebot3_gazebo) StdoutLine: {'line': b'-- Up-to-date symlink: /workspaces/UON-CS-robotlab-simulation-container/install/turtlebot3_gazebo/share/turtlebot3_gazebo//models/turtlebot3_waffle/model-1_4.sdf\n'}
[15.847694] (turtlebot3_gazebo) StdoutLine: {'line': b'-- Up-to-date symlink: /workspaces/UON-CS-robotlab-simulation-container/install/turtlebot3_gazebo/share/turtlebot3_gazebo//models/turtlebot3_waffle/model.config\n'}
[15.851851] (turtlebot3_gazebo) StdoutLine: {'line': b'-- Up-to-date symlink: /workspaces/UON-CS-robotlab-simulation-container/install/turtlebot3_gazebo/share/turtlebot3_gazebo//models/turtlebot3_waffle/model.sdf\n'}
[15.855839] (turtlebot3_gazebo) StdoutLine: {'line': b'-- Up-to-date symlink: /workspaces/UON-CS-robotlab-simulation-container/install/turtlebot3_gazebo/share/turtlebot3_gazebo//models/turtlebot3_waffle_pi/model-1_4_.sdf\n'}
[15.862399] (turtlebot3_gazebo) StdoutLine: {'line': b'-- Up-to-date symlink: /workspaces/UON-CS-robotlab-simulation-container/install/turtlebot3_gazebo/share/turtlebot3_gazebo//models/turtlebot3_waffle_pi/model.config\n'}
[15.865993] (turtlebot3_gazebo) StdoutLine: {'line': b'-- Up-to-date symlink: /workspaces/UON-CS-robotlab-simulation-container/install/turtlebot3_gazebo/share/turtlebot3_gazebo//models/turtlebot3_waffle_pi/model.sdf\n'}
[15.866211] (turtlebot3_gazebo) StdoutLine: {'line': b'-- Up-to-date symlink: /workspaces/UON-CS-robotlab-simulation-container/install/turtlebot3_gazebo/share/turtlebot3_gazebo//models/turtlebot3_world/meshes/hexagon.dae\n'}
[15.866341] (turtlebot3_gazebo) StdoutLine: {'line': b'-- Up-to-date symlink: /workspaces/UON-CS-robotlab-simulation-container/install/turtlebot3_gazebo/share/turtlebot3_gazebo//models/turtlebot3_world/meshes/wall.dae\n'}
[15.866462] (turtlebot3_gazebo) StdoutLine: {'line': b'-- Up-to-date symlink: /workspaces/UON-CS-robotlab-simulation-container/install/turtlebot3_gazebo/share/turtlebot3_gazebo//models/turtlebot3_world/model-1_4.sdf\n'}
[15.868966] (turtlebot3_gazebo) StdoutLine: {'line': b'-- Up-to-date symlink: /workspaces/UON-CS-robotlab-simulation-container/install/turtlebot3_gazebo/share/turtlebot3_gazebo//models/turtlebot3_world/model.config\n'}
[15.869179] (turtlebot3_gazebo) StdoutLine: {'line': b'-- Up-to-date symlink: /workspaces/UON-CS-robotlab-simulation-container/install/turtlebot3_gazebo/share/turtlebot3_gazebo//models/turtlebot3_world/model.sdf\n'}
[15.888626] (turtlebot3_gazebo) StdoutLine: {'line': b'-- Up-to-date symlink: /workspaces/UON-CS-robotlab-simulation-container/install/turtlebot3_gazebo/share/turtlebot3_gazebo//rviz/tb3_gazebo.rviz\n'}
[15.889446] (turtlebot3_gazebo) StdoutLine: {'line': b'-- Up-to-date symlink: /workspaces/UON-CS-robotlab-simulation-container/install/turtlebot3_gazebo/share/turtlebot3_gazebo//urdf/common_properties.urdf\n'}
[15.890541] (turtlebot3_gazebo) StdoutLine: {'line': b'-- Up-to-date symlink: /workspaces/UON-CS-robotlab-simulation-container/install/turtlebot3_gazebo/share/turtlebot3_gazebo//urdf/turtlebot3_burger.urdf\n'}
[15.893317] (turtlebot3_gazebo) StdoutLine: {'line': b'-- Up-to-date symlink: /workspaces/UON-CS-robotlab-simulation-container/install/turtlebot3_gazebo/share/turtlebot3_gazebo//urdf/turtlebot3_burger_cam.urdf\n'}
[15.895859] (turtlebot3_gazebo) StdoutLine: {'line': b'-- Up-to-date symlink: /workspaces/UON-CS-robotlab-simulation-container/install/turtlebot3_gazebo/share/turtlebot3_gazebo//urdf/turtlebot3_waffle.urdf\n'}
[15.902050] (turtlebot3_gazebo) StdoutLine: {'line': b'-- Up-to-date symlink: /workspaces/UON-CS-robotlab-simulation-container/install/turtlebot3_gazebo/share/turtlebot3_gazebo//urdf/turtlebot3_waffle_pi.urdf\n'}
[15.902277] (-) TimerEvent: {}
[15.922894] (turtlebot3_gazebo) StdoutLine: {'line': b'-- Up-to-date symlink: /workspaces/UON-CS-robotlab-simulation-container/install/turtlebot3_gazebo/share/turtlebot3_gazebo//worlds/empty_world.world\n'}
[15.923133] (turtlebot3_gazebo) StdoutLine: {'line': b'-- Up-to-date symlink: /workspaces/UON-CS-robotlab-simulation-container/install/turtlebot3_gazebo/share/turtlebot3_gazebo//worlds/turtlebot3_autorace_2020.world\n'}
[15.923290] (turtlebot3_gazebo) StdoutLine: {'line': b'-- Up-to-date symlink: /workspaces/UON-CS-robotlab-simulation-container/install/turtlebot3_gazebo/share/turtlebot3_gazebo//worlds/turtlebot3_dqn_stage1.world\n'}
[15.923436] (turtlebot3_gazebo) StdoutLine: {'line': b'-- Up-to-date symlink: /workspaces/UON-CS-robotlab-simulation-container/install/turtlebot3_gazebo/share/turtlebot3_gazebo//worlds/turtlebot3_dqn_stage2.world\n'}
[15.923601] (turtlebot3_gazebo) StdoutLine: {'line': b'-- Up-to-date symlink: /workspaces/UON-CS-robotlab-simulation-container/install/turtlebot3_gazebo/share/turtlebot3_gazebo//worlds/turtlebot3_dqn_stage3.world\n'}
[15.928426] (turtlebot3_gazebo) StdoutLine: {'line': b'-- Up-to-date symlink: /workspaces/UON-CS-robotlab-simulation-container/install/turtlebot3_gazebo/share/turtlebot3_gazebo//worlds/turtlebot3_dqn_stage4.world\n'}
[15.935281] (turtlebot3_gazebo) StdoutLine: {'line': b'-- Up-to-date symlink: /workspaces/UON-CS-robotlab-simulation-container/install/turtlebot3_gazebo/share/turtlebot3_gazebo//worlds/turtlebot3_house.world\n'}
[15.935511] (turtlebot3_gazebo) StdoutLine: {'line': b'-- Up-to-date symlink: /workspaces/UON-CS-robotlab-simulation-container/install/turtlebot3_gazebo/share/turtlebot3_gazebo//worlds/turtlebot3_world.world\n'}
[15.949227] (turtlebot3_gazebo) StdoutLine: {'line': b'-- Up-to-date symlink: /workspaces/UON-CS-robotlab-simulation-container/install/turtlebot3_gazebo/include//turtlebot3_gazebo/obstacle1.hpp\n'}
[15.949414] (turtlebot3_gazebo) StdoutLine: {'line': b'-- Up-to-date symlink: /workspaces/UON-CS-robotlab-simulation-container/install/turtlebot3_gazebo/include//turtlebot3_gazebo/obstacle2.hpp\n'}
[15.956492] (turtlebot3_gazebo) StdoutLine: {'line': b'-- Up-to-date symlink: /workspaces/UON-CS-robotlab-simulation-container/install/turtlebot3_gazebo/include//turtlebot3_gazebo/obstacles.hpp\n'}
[15.956723] (turtlebot3_gazebo) StdoutLine: {'line': b'-- Up-to-date symlink: /workspaces/UON-CS-robotlab-simulation-container/install/turtlebot3_gazebo/include//turtlebot3_gazebo/traffic_bar_plugin.hpp\n'}
[15.965642] (turtlebot3_gazebo) StdoutLine: {'line': b'-- Up-to-date symlink: /workspaces/UON-CS-robotlab-simulation-container/install/turtlebot3_gazebo/include//turtlebot3_gazebo/traffic_light_plugin.hpp\n'}
[15.965845] (turtlebot3_gazebo) StdoutLine: {'line': b'-- Up-to-date symlink: /workspaces/UON-CS-robotlab-simulation-container/install/turtlebot3_gazebo/include//turtlebot3_gazebo/turtlebot3_drive.hpp\n'}
[15.977723] (turtlebot3_gazebo) StdoutLine: {'line': b'-- Up-to-date symlink: /workspaces/UON-CS-robotlab-simulation-container/install/turtlebot3_gazebo/share/ament_index/resource_index/package_run_dependencies/turtlebot3_gazebo\n'}
[15.994981] (turtlebot3_gazebo) StdoutLine: {'line': b'-- Up-to-date symlink: /workspaces/UON-CS-robotlab-simulation-container/install/turtlebot3_gazebo/share/ament_index/resource_index/parent_prefix_path/turtlebot3_gazebo\n'}
[15.995203] (turtlebot3_gazebo) StdoutLine: {'line': b'-- Up-to-date symlink: /workspaces/UON-CS-robotlab-simulation-container/install/turtlebot3_gazebo/share/turtlebot3_gazebo/environment/ament_prefix_path.sh\n'}
[15.995341] (turtlebot3_gazebo) StdoutLine: {'line': b'-- Up-to-date symlink: /workspaces/UON-CS-robotlab-simulation-container/install/turtlebot3_gazebo/share/turtlebot3_gazebo/environment/ament_prefix_path.dsv\n'}
[15.995423] (turtlebot3_gazebo) StdoutLine: {'line': b'-- Up-to-date symlink: /workspaces/UON-CS-robotlab-simulation-container/install/turtlebot3_gazebo/share/turtlebot3_gazebo/environment/path.sh\n'}
[16.006006] (turtlebot3_gazebo) StdoutLine: {'line': b'-- Up-to-date symlink: /workspaces/UON-CS-robotlab-simulation-container/install/turtlebot3_gazebo/share/turtlebot3_gazebo/environment/path.dsv\n'}
[16.006217] (-) TimerEvent: {}
[16.007049] (turtlebot3_gazebo) StdoutLine: {'line': b'-- Up-to-date symlink: /workspaces/UON-CS-robotlab-simulation-container/install/turtlebot3_gazebo/share/turtlebot3_gazebo/local_setup.bash\n'}
[16.017335] (turtlebot3_gazebo) StdoutLine: {'line': b'-- Up-to-date symlink: /workspaces/UON-CS-robotlab-simulation-container/install/turtlebot3_gazebo/share/turtlebot3_gazebo/local_setup.sh\n'}
[16.025746] (turtlebot3_gazebo) StdoutLine: {'line': b'-- Up-to-date symlink: /workspaces/UON-CS-robotlab-simulation-container/install/turtlebot3_gazebo/share/turtlebot3_gazebo/local_setup.zsh\n'}
[16.026004] (turtlebot3_gazebo) StdoutLine: {'line': b'-- Up-to-date symlink: /workspaces/UON-CS-robotlab-simulation-container/install/turtlebot3_gazebo/share/turtlebot3_gazebo/local_setup.dsv\n'}
[16.026163] (turtlebot3_gazebo) StdoutLine: {'line': b'-- Symlinking: /workspaces/UON-CS-robotlab-simulation-container/install/turtlebot3_gazebo/share/turtlebot3_gazebo/package.dsv\n'}
[16.113435] (-) TimerEvent: {}
[16.220665] (-) TimerEvent: {}
[16.226148] (turtlebot3_gazebo) StdoutLine: {'line': b'-- Up-to-date symlink: /workspaces/UON-CS-robotlab-simulation-container/install/turtlebot3_gazebo/share/ament_index/resource_index/packages/turtlebot3_gazebo\n'}
[16.239636] (turtlebot3_gazebo) StdoutLine: {'line': b'-- Up-to-date symlink: /workspaces/UON-CS-robotlab-simulation-container/install/turtlebot3_gazebo/share/turtlebot3_gazebo/cmake/ament_cmake_export_include_directories-extras.cmake\n'}
[16.239830] (turtlebot3_gazebo) StdoutLine: {'line': b'-- Up-to-date symlink: /workspaces/UON-CS-robotlab-simulation-container/install/turtlebot3_gazebo/share/turtlebot3_gazebo/cmake/ament_cmake_export_dependencies-extras.cmake\n'}
[16.248605] (turtlebot3_gazebo) StdoutLine: {'line': b'-- Up-to-date symlink: /workspaces/UON-CS-robotlab-simulation-container/install/turtlebot3_gazebo/share/turtlebot3_gazebo/cmake/turtlebot3_gazeboConfig.cmake\n'}
[16.248761] (turtlebot3_gazebo) StdoutLine: {'line': b'-- Up-to-date symlink: /workspaces/UON-CS-robotlab-simulation-container/install/turtlebot3_gazebo/share/turtlebot3_gazebo/cmake/turtlebot3_gazeboConfig-version.cmake\n'}
[16.266788] (turtlebot3_gazebo) StdoutLine: {'line': b'-- Up-to-date symlink: /workspaces/UON-CS-robotlab-simulation-container/install/turtlebot3_gazebo/share/turtlebot3_gazebo/package.xml\n'}
[16.286135] (turtlebot3_gazebo) CommandEnded: {'returncode': 0}
[16.330925] (-) TimerEvent: {}
[16.442359] (-) TimerEvent: {}
[16.551723] (-) TimerEvent: {}
[16.591608] (turtlebot3_gazebo) JobEnded: {'identifier': 'turtlebot3_gazebo', 'rc': 0}
[16.602851] (turtlebot3_example) JobStarted: {'identifier': 'turtlebot3_example'}
[16.663668] (-) TimerEvent: {}
[16.774209] (-) TimerEvent: {}
[16.875657] (-) TimerEvent: {}
[16.978671] (-) TimerEvent: {}
[17.079151] (-) TimerEvent: {}
[17.181800] (-) TimerEvent: {}
[17.287522] (-) TimerEvent: {}
[17.387911] (-) TimerEvent: {}
[17.489868] (-) TimerEvent: {}
[17.590456] (-) TimerEvent: {}
[17.692019] (-) TimerEvent: {}
[17.795714] (-) TimerEvent: {}
[17.898669] (-) TimerEvent: {}
[17.999123] (-) TimerEvent: {}
[18.104656] (-) TimerEvent: {}
[18.205017] (-) TimerEvent: {}
[18.305385] (-) TimerEvent: {}
[18.407791] (-) TimerEvent: {}
[18.509645] (-) TimerEvent: {}
[18.615230] (-) TimerEvent: {}
[18.716230] (-) TimerEvent: {}
[18.820653] (-) TimerEvent: {}
[18.925652] (-) TimerEvent: {}
[19.033803] (-) TimerEvent: {}
[19.135622] (-) TimerEvent: {}
[19.238753] (-) TimerEvent: {}
[19.340880] (-) TimerEvent: {}
[19.445822] (-) TimerEvent: {}
[19.547275] (-) TimerEvent: {}
[19.650096] (-) TimerEvent: {}
[19.754698] (-) TimerEvent: {}
[19.857664] (-) TimerEvent: {}
[19.960280] (-) TimerEvent: {}
[20.062994] (-) TimerEvent: {}
[20.171229] (-) TimerEvent: {}
[20.272152] (-) TimerEvent: {}
[20.374656] (-) TimerEvent: {}
[20.475729] (-) TimerEvent: {}
[20.578654] (-) TimerEvent: {}
[20.679677] (-) TimerEvent: {}
[20.781207] (-) TimerEvent: {}
[20.824324] (turtlebot3_teleop) Command: {'cmd': ['/usr/bin/python3', '-W', 'ignore:setup.py install is deprecated', '-W', 'ignore:easy_install command is deprecated', 'setup.py', 'develop', '--editable', '--build-directory', '/workspaces/UON-CS-robotlab-simulation-container/build/turtlebot3_teleop/build', '--no-deps', 'symlink_data'], 'cwd': '/workspaces/UON-CS-robotlab-simulation-container/build/turtlebot3_teleop', 'env': {'GITHUB_TOKEN': 'ghu_B4O6CZhcVLRE0OX7B0pYH9Kn8C5gJq2RIGly', 'GITHUB_CODESPACE_TOKEN': 'AOKRK4WKUJC5CQRMWNS6OXDKNJSNPANCNFSM4AXFRYHA', 'FEATURE_SPARK_POST_COMMIT_CREATE_ITERATION': 'true', 'HOSTNAME': 'codespaces-b7707e', 'GITHUB_CODESPACES_PORT_FORWARDING_DOMAIN': 'app.github.dev', 'SHLVL': '2', 'LD_LIBRARY_PATH': '/workspaces/UON-CS-robotlab-simulation-container/install/turtlebot3_msgs/lib:/workspaces/UON-CS-robotlab-simulation-container/install/dynamixel_sdk_custom_interfaces/lib:/workspaces/UON-CS-robotlab-simulation-container/install/dynamixel_sdk/lib:/usr/lib/x86_64-linux-gnu/gazebo-11/plugins:/opt/ros/humble/opt/rviz_ogre_vendor/lib:/opt/ros/humble/lib/x86_64-linux-gnu:/opt/ros/humble/lib', 'HOME': '/home/vscode', 'OLDPWD': '/workspaces/UON-CS-robotlab-simulation-container', 'CODESPACES': 'true', 'ROS_PYTHON_VERSION': '3', 'GITHUB_USER': 'mohammad-areeb', 'GITHUB_GRAPHQL_URL': 'https://api.github.com/graphql', 'COLCON_PREFIX_PATH': '/workspaces/UON-CS-robotlab-simulation-container/install', 'ROS_DISTRO': 'humble', 'ContainerVersion': '13', 'GITHUB_API_URL': 'https://api.github.com', 'RepositoryName': 'UON-CS-robotlab-simulation-container', '_': '/usr/bin/colcon', 'ROS_VERSION': '2', 'CLOUDENV_ENVIRONMENT_ID': '344bab99-1d47-4655-88f7-fee790854045', 'TERM': 'xterm', 'ROS_LOCALHOST_ONLY': '0', 'PATH': '/opt/ros/humble/bin:/usr/local/sbin:/usr/local/bin:/usr/sbin:/usr/bin:/sbin:/bin', 'SHELL_LOGGED_IN': 'true', 'DISPLAY': ':1', 'LANG': 'C.UTF-8', 'LS_COLORS': '', 'GITHUB_REPOSITORY': 'mohammad-areeb/UON-CS-robotlab-simulation-container', 'ROS_DOMAIN_ID': '30', 'AMENT_PREFIX_PATH': '/workspaces/UON-CS-robotlab-simulation-container/install/turtlebot3:/workspaces/UON-CS-robotlab-simulation-container/install/turtlebot3_teleop:/workspaces/UON-CS-robotlab-simulation-container/install/turtlebot3_simulations:/workspaces/UON-CS-robotlab-simulation-container/install/turtlebot3_bringup:/workspaces/UON-CS-robotlab-simulation-container/install/turtlebot3_node:/workspaces/UON-CS-robotlab-simulation-container/install/turtlebot3_navigation2:/workspaces/UON-CS-robotlab-simulation-container/install/turtlebot3_fake_node:/workspaces/UON-CS-robotlab-simulation-container/install/turtlebot3_example:/workspaces/UON-CS-robotlab-simulation-container/install/turtlebot3_msgs:/workspaces/UON-CS-robotlab-simulation-container/install/turtlebot3_manipulation_gazebo:/workspaces/UON-CS-robotlab-simulation-container/install/turtlebot3_gazebo:/workspaces/UON-CS-robotlab-simulation-container/install/turtlebot3_description:/workspaces/UON-CS-robotlab-simulation-container/install/turtlebot3_cartographer:/workspaces/UON-CS-robotlab-simulation-container/install/dynamixel_sdk_examples:/workspaces/UON-CS-robotlab-simulation-container/install/dynamixel_sdk_custom_interfaces:/workspaces/UON-CS-robotlab-simulation-container/install/dynamixel_sdk:/opt/ros/humble', 'DEBIAN_FRONTEND': 'noninteractive', 'SHELL': '/bin/bash', 'PWD': '/workspaces/UON-CS-robotlab-simulation-container/build/turtlebot3_teleop', 'INTERNAL_VSCS_TARGET_URL': 'https://uksouth.online.visualstudio.com', 'TURTLEBOT3_MODEL': 'waffle', 'LC_ALL': 'C.UTF-8', 'GITHUB_SERVER_URL': 'https://github.com', 'PYTHONPATH': '/workspaces/UON-CS-robotlab-simulation-container/build/turtlebot3_teleop/prefix_override:/usr/lib/python3/dist-packages/colcon_core/task/python/colcon_distutils_commands:/workspaces/UON-CS-robotlab-simulation-container/install/turtlebot3_teleop/lib/python3.10/site-packages:/workspaces/UON-CS-robotlab-simulation-container/build/turtlebot3_teleop:/workspaces/UON-CS-robotlab-simulation-container/install/turtlebot3_teleop/lib/python3.10/site-packages:/workspaces/UON-CS-robotlab-simulation-container/build/turtlebot3_example:/workspaces/UON-CS-robotlab-simulation-container/install/turtlebot3_example/lib/python3.10/site-packages:/workspaces/UON-CS-robotlab-simulation-container/install/turtlebot3_msgs/local/lib/python3.10/dist-packages:/workspaces/UON-CS-robotlab-simulation-container/install/dynamixel_sdk_custom_interfaces/local/lib/python3.10/dist-packages:/workspaces/UON-CS-robotlab-simulation-container/install/dynamixel_sdk/local/lib/python3.10/dist-packages:/opt/ros/humble/lib/python3.10/site-packages:/opt/ros/humble/local/lib/python3.10/dist-packages', 'CODESPACE_NAME': 'urban-space-garbanzo-j7wwvprrjjp25j95', 'COLCON': '1', 'CMAKE_PREFIX_PATH': '/workspaces/UON-CS-robotlab-simulation-container/install/turtlebot3:/workspaces/UON-CS-robotlab-simulation-container/install/turtlebot3_simulations:/workspaces/UON-CS-robotlab-simulation-container/install/turtlebot3_bringup:/workspaces/UON-CS-robotlab-simulation-container/install/turtlebot3_node:/workspaces/UON-CS-robotlab-simulation-container/install/turtlebot3_navigation2:/workspaces/UON-CS-robotlab-simulation-container/install/turtlebot3_fake_node:/workspaces/UON-CS-robotlab-simulation-container/install/turtlebot3_msgs:/workspaces/UON-CS-robotlab-simulation-container/install/turtlebot3_manipulation_gazebo:/workspaces/UON-CS-robotlab-simulation-container/install/turtlebot3_gazebo:/workspaces/UON-CS-robotlab-simulation-container/install/turtlebot3_description:/workspaces/UON-CS-robotlab-simulation-container/install/turtlebot3_cartographer:/workspaces/UON-CS-robotlab-simulation-container/install/dynamixel_sdk_examples:/workspaces/UON-CS-robotlab-simulation-container/install/dynamixel_sdk_custom_interfaces:/workspaces/UON-CS-robotlab-simulation-container/install/dynamixel_sdk'}, 'shell': False}
[20.883652] (-) TimerEvent: {}
[20.984288] (-) TimerEvent: {}
[21.086733] (-) TimerEvent: {}
[21.187547] (-) TimerEvent: {}
[21.291652] (-) TimerEvent: {}
[21.394390] (-) TimerEvent: {}
[21.497929] (-) TimerEvent: {}
[21.600608] (-) TimerEvent: {}
[21.703652] (-) TimerEvent: {}
[21.805648] (-) TimerEvent: {}
[21.907655] (-) TimerEvent: {}
[22.008398] (-) TimerEvent: {}
[22.109098] (-) TimerEvent: {}
[22.211647] (-) TimerEvent: {}
[22.314094] (-) TimerEvent: {}
[22.418652] (-) TimerEvent: {}
[22.437674] (turtlebot3_teleop) StdoutLine: {'line': b'running develop\n'}
[22.518756] (-) TimerEvent: {}
[22.558269] (turtlebot3_example) Command: {'cmd': ['/usr/bin/python3', '-W', 'ignore:setup.py install is deprecated', '-W', 'ignore:easy_install command is deprecated', 'setup.py', 'develop', '--editable', '--build-directory', '/workspaces/UON-CS-robotlab-simulation-container/build/turtlebot3_example/build', '--no-deps', 'symlink_data'], 'cwd': '/workspaces/UON-CS-robotlab-simulation-container/build/turtlebot3_example', 'env': {'GITHUB_TOKEN': 'ghu_B4O6CZhcVLRE0OX7B0pYH9Kn8C5gJq2RIGly', 'GITHUB_CODESPACE_TOKEN': 'AOKRK4WKUJC5CQRMWNS6OXDKNJSNPANCNFSM4AXFRYHA', 'FEATURE_SPARK_POST_COMMIT_CREATE_ITERATION': 'true', 'HOSTNAME': 'codespaces-b7707e', 'GITHUB_CODESPACES_PORT_FORWARDING_DOMAIN': 'app.github.dev', 'SHLVL': '2', 'LD_LIBRARY_PATH': '/workspaces/UON-CS-robotlab-simulation-container/install/turtlebot3_msgs/lib:/workspaces/UON-CS-robotlab-simulation-container/install/dynamixel_sdk_custom_interfaces/lib:/workspaces/UON-CS-robotlab-simulation-container/install/dynamixel_sdk/lib:/usr/lib/x86_64-linux-gnu/gazebo-11/plugins:/opt/ros/humble/opt/rviz_ogre_vendor/lib:/opt/ros/humble/lib/x86_64-linux-gnu:/opt/ros/humble/lib', 'HOME': '/home/vscode', 'OLDPWD': '/workspaces/UON-CS-robotlab-simulation-container', 'CODESPACES': 'true', 'ROS_PYTHON_VERSION': '3', 'GITHUB_USER': 'mohammad-areeb', 'GITHUB_GRAPHQL_URL': 'https://api.github.com/graphql', 'COLCON_PREFIX_PATH': '/workspaces/UON-CS-robotlab-simulation-container/install', 'ROS_DISTRO': 'humble', 'ContainerVersion': '13', 'GITHUB_API_URL': 'https://api.github.com', 'RepositoryName': 'UON-CS-robotlab-simulation-container', '_': '/usr/bin/colcon', 'ROS_VERSION': '2', 'CLOUDENV_ENVIRONMENT_ID': '344bab99-1d47-4655-88f7-fee790854045', 'TERM': 'xterm', 'ROS_LOCALHOST_ONLY': '0', 'PATH': '/opt/ros/humble/bin:/usr/local/sbin:/usr/local/bin:/usr/sbin:/usr/bin:/sbin:/bin', 'SHELL_LOGGED_IN': 'true', 'DISPLAY': ':1', 'LANG': 'C.UTF-8', 'LS_COLORS': '', 'GITHUB_REPOSITORY': 'mohammad-areeb/UON-CS-robotlab-simulation-container', 'ROS_DOMAIN_ID': '30', 'AMENT_PREFIX_PATH': '/workspaces/UON-CS-robotlab-simulation-container/install/turtlebot3:/workspaces/UON-CS-robotlab-simulation-container/install/turtlebot3_teleop:/workspaces/UON-CS-robotlab-simulation-container/install/turtlebot3_simulations:/workspaces/UON-CS-robotlab-simulation-container/install/turtlebot3_bringup:/workspaces/UON-CS-robotlab-simulation-container/install/turtlebot3_node:/workspaces/UON-CS-robotlab-simulation-container/install/turtlebot3_navigation2:/workspaces/UON-CS-robotlab-simulation-container/install/turtlebot3_fake_node:/workspaces/UON-CS-robotlab-simulation-container/install/turtlebot3_example:/workspaces/UON-CS-robotlab-simulation-container/install/turtlebot3_msgs:/workspaces/UON-CS-robotlab-simulation-container/install/turtlebot3_manipulation_gazebo:/workspaces/UON-CS-robotlab-simulation-container/install/turtlebot3_gazebo:/workspaces/UON-CS-robotlab-simulation-container/install/turtlebot3_description:/workspaces/UON-CS-robotlab-simulation-container/install/turtlebot3_cartographer:/workspaces/UON-CS-robotlab-simulation-container/install/dynamixel_sdk_examples:/workspaces/UON-CS-robotlab-simulation-container/install/dynamixel_sdk_custom_interfaces:/workspaces/UON-CS-robotlab-simulation-container/install/dynamixel_sdk:/opt/ros/humble', 'DEBIAN_FRONTEND': 'noninteractive', 'SHELL': '/bin/bash', 'PWD': '/workspaces/UON-CS-robotlab-simulation-container/build/turtlebot3_example', 'INTERNAL_VSCS_TARGET_URL': 'https://uksouth.online.visualstudio.com', 'TURTLEBOT3_MODEL': 'waffle', 'LC_ALL': 'C.UTF-8', 'GITHUB_SERVER_URL': 'https://github.com', 'PYTHONPATH': '/workspaces/UON-CS-robotlab-simulation-container/build/turtlebot3_example/prefix_override:/usr/lib/python3/dist-packages/colcon_core/task/python/colcon_distutils_commands:/workspaces/UON-CS-robotlab-simulation-container/install/turtlebot3_example/lib/python3.10/site-packages:/workspaces/UON-CS-robotlab-simulation-container/build/turtlebot3_teleop:/workspaces/UON-CS-robotlab-simulation-container/install/turtlebot3_teleop/lib/python3.10/site-packages:/workspaces/UON-CS-robotlab-simulation-container/build/turtlebot3_example:/workspaces/UON-CS-robotlab-simulation-container/install/turtlebot3_example/lib/python3.10/site-packages:/workspaces/UON-CS-robotlab-simulation-container/install/turtlebot3_msgs/local/lib/python3.10/dist-packages:/workspaces/UON-CS-robotlab-simulation-container/install/dynamixel_sdk_custom_interfaces/local/lib/python3.10/dist-packages:/workspaces/UON-CS-robotlab-simulation-container/install/dynamixel_sdk/local/lib/python3.10/dist-packages:/opt/ros/humble/lib/python3.10/site-packages:/opt/ros/humble/local/lib/python3.10/dist-packages', 'CODESPACE_NAME': 'urban-space-garbanzo-j7wwvprrjjp25j95', 'COLCON': '1', 'CMAKE_PREFIX_PATH': '/workspaces/UON-CS-robotlab-simulation-container/install/turtlebot3_msgs:/workspaces/UON-CS-robotlab-simulation-container/install/turtlebot3:/workspaces/UON-CS-robotlab-simulation-container/install/turtlebot3_simulations:/workspaces/UON-CS-robotlab-simulation-container/install/turtlebot3_bringup:/workspaces/UON-CS-robotlab-simulation-container/install/turtlebot3_node:/workspaces/UON-CS-robotlab-simulation-container/install/turtlebot3_navigation2:/workspaces/UON-CS-robotlab-simulation-container/install/turtlebot3_fake_node:/workspaces/UON-CS-robotlab-simulation-container/install/turtlebot3_manipulation_gazebo:/workspaces/UON-CS-robotlab-simulation-container/install/turtlebot3_gazebo:/workspaces/UON-CS-robotlab-simulation-container/install/turtlebot3_description:/workspaces/UON-CS-robotlab-simulation-container/install/turtlebot3_cartographer:/workspaces/UON-CS-robotlab-simulation-container/install/dynamixel_sdk_examples:/workspaces/UON-CS-robotlab-simulation-container/install/dynamixel_sdk_custom_interfaces:/workspaces/UON-CS-robotlab-simulation-container/install/dynamixel_sdk'}, 'shell': False}
[22.618864] (-) TimerEvent: {}
[22.719657] (-) TimerEvent: {}
[22.820491] (-) TimerEvent: {}
[22.922674] (-) TimerEvent: {}
[23.027624] (-) TimerEvent: {}
[23.128195] (-) TimerEvent: {}
[23.179715] (turtlebot3_teleop) StdoutLine: {'line': b'running egg_info\n'}
[23.180329] (turtlebot3_teleop) StdoutLine: {'line': b'writing turtlebot3_teleop.egg-info/PKG-INFO\n'}
[23.181790] (turtlebot3_teleop) StdoutLine: {'line': b'writing dependency_links to turtlebot3_teleop.egg-info/dependency_links.txt\n'}
[23.182915] (turtlebot3_teleop) StdoutLine: {'line': b'writing entry points to turtlebot3_teleop.egg-info/entry_points.txt\n'}
[23.186798] (turtlebot3_teleop) StdoutLine: {'line': b'writing requirements to turtlebot3_teleop.egg-info/requires.txt\n'}
[23.186968] (turtlebot3_teleop) StdoutLine: {'line': b'writing top-level names to turtlebot3_teleop.egg-info/top_level.txt\n'}
[23.197881] (turtlebot3_teleop) StdoutLine: {'line': b"reading manifest file 'turtlebot3_teleop.egg-info/SOURCES.txt'\n"}
[23.202862] (turtlebot3_teleop) StdoutLine: {'line': b"writing manifest file 'turtlebot3_teleop.egg-info/SOURCES.txt'\n"}
[23.211734] (turtlebot3_teleop) StdoutLine: {'line': b'running build_ext\n'}
[23.211908] (turtlebot3_teleop) StdoutLine: {'line': b'Creating /workspaces/UON-CS-robotlab-simulation-container/install/turtlebot3_teleop/lib/python3.10/site-packages/turtlebot3-teleop.egg-link (link to .)\n'}
[23.212023] (turtlebot3_teleop) StdoutLine: {'line': b'Installing teleop_keyboard script to /workspaces/UON-CS-robotlab-simulation-container/install/turtlebot3_teleop/lib/turtlebot3_teleop\n'}
[23.227508] (turtlebot3_teleop) StdoutLine: {'line': b'\n'}
[23.227723] (turtlebot3_teleop) StdoutLine: {'line': b'Installed /workspaces/UON-CS-robotlab-simulation-container/build/turtlebot3_teleop\n'}
[23.227867] (turtlebot3_teleop) StdoutLine: {'line': b'running symlink_data\n'}
[23.228261] (-) TimerEvent: {}
[23.314942] (turtlebot3_teleop) CommandEnded: {'returncode': 0}
[23.331272] (-) TimerEvent: {}
[23.374285] (turtlebot3_teleop) JobEnded: {'identifier': 'turtlebot3_teleop', 'rc': 0}
[23.374768] (turtlebot3_fake_node) JobStarted: {'identifier': 'turtlebot3_fake_node'}
[23.412987] (turtlebot3_fake_node) JobProgress: {'identifier': 'turtlebot3_fake_node', 'progress': 'cmake'}
[23.416654] (turtlebot3_fake_node) JobProgress: {'identifier': 'turtlebot3_fake_node', 'progress': 'build'}
[23.424634] (turtlebot3_fake_node) Command: {'cmd': ['/usr/bin/cmake', '--build', '/workspaces/UON-CS-robotlab-simulation-container/build/turtlebot3_fake_node', '--', '-j2', '-l2'], 'cwd': '/workspaces/UON-CS-robotlab-simulation-container/build/turtlebot3_fake_node', 'env': OrderedDict([('GITHUB_TOKEN', 'ghu_B4O6CZhcVLRE0OX7B0pYH9Kn8C5gJq2RIGly'), ('GITHUB_CODESPACE_TOKEN', 'AOKRK4WKUJC5CQRMWNS6OXDKNJSNPANCNFSM4AXFRYHA'), ('FEATURE_SPARK_POST_COMMIT_CREATE_ITERATION', 'true'), ('HOSTNAME', 'codespaces-b7707e'), ('GITHUB_CODESPACES_PORT_FORWARDING_DOMAIN', 'app.github.dev'), ('SHLVL', '2'), ('LD_LIBRARY_PATH', '/workspaces/UON-CS-robotlab-simulation-container/install/turtlebot3_msgs/lib:/workspaces/UON-CS-robotlab-simulation-container/install/dynamixel_sdk_custom_interfaces/lib:/workspaces/UON-CS-robotlab-simulation-container/install/dynamixel_sdk/lib:/usr/lib/x86_64-linux-gnu/gazebo-11/plugins:/opt/ros/humble/opt/rviz_ogre_vendor/lib:/opt/ros/humble/lib/x86_64-linux-gnu:/opt/ros/humble/lib'), ('HOME', '/home/vscode'), ('OLDPWD', '/workspaces/UON-CS-robotlab-simulation-container'), ('CODESPACES', 'true'), ('ROS_PYTHON_VERSION', '3'), ('GITHUB_USER', 'mohammad-areeb'), ('GITHUB_GRAPHQL_URL', 'https://api.github.com/graphql'), ('COLCON_PREFIX_PATH', '/workspaces/UON-CS-robotlab-simulation-container/install'), ('ROS_DISTRO', 'humble'), ('ContainerVersion', '13'), ('GITHUB_API_URL', 'https://api.github.com'), ('RepositoryName', 'UON-CS-robotlab-simulation-container'), ('_', '/usr/bin/colcon'), ('ROS_VERSION', '2'), ('CLOUDENV_ENVIRONMENT_ID', '344bab99-1d47-4655-88f7-fee790854045'), ('TERM', 'xterm'), ('ROS_LOCALHOST_ONLY', '0'), ('PATH', '/opt/ros/humble/bin:/usr/local/sbin:/usr/local/bin:/usr/sbin:/usr/bin:/sbin:/bin'), ('SHELL_LOGGED_IN', 'true'), ('DISPLAY', ':1'), ('LANG', 'C.UTF-8'), ('LS_COLORS', ''), ('GITHUB_REPOSITORY', 'mohammad-areeb/UON-CS-robotlab-simulation-container'), ('ROS_DOMAIN_ID', '30'), ('AMENT_PREFIX_PATH', '/workspaces/UON-CS-robotlab-simulation-container/install/turtlebot3:/workspaces/UON-CS-robotlab-simulation-container/install/turtlebot3_teleop:/workspaces/UON-CS-robotlab-simulation-container/install/turtlebot3_simulations:/workspaces/UON-CS-robotlab-simulation-container/install/turtlebot3_bringup:/workspaces/UON-CS-robotlab-simulation-container/install/turtlebot3_node:/workspaces/UON-CS-robotlab-simulation-container/install/turtlebot3_navigation2:/workspaces/UON-CS-robotlab-simulation-container/install/turtlebot3_fake_node:/workspaces/UON-CS-robotlab-simulation-container/install/turtlebot3_example:/workspaces/UON-CS-robotlab-simulation-container/install/turtlebot3_msgs:/workspaces/UON-CS-robotlab-simulation-container/install/turtlebot3_manipulation_gazebo:/workspaces/UON-CS-robotlab-simulation-container/install/turtlebot3_gazebo:/workspaces/UON-CS-robotlab-simulation-container/install/turtlebot3_description:/workspaces/UON-CS-robotlab-simulation-container/install/turtlebot3_cartographer:/workspaces/UON-CS-robotlab-simulation-container/install/dynamixel_sdk_examples:/workspaces/UON-CS-robotlab-simulation-container/install/dynamixel_sdk_custom_interfaces:/workspaces/UON-CS-robotlab-simulation-container/install/dynamixel_sdk:/opt/ros/humble'), ('DEBIAN_FRONTEND', 'noninteractive'), ('SHELL', '/bin/bash'), ('PWD', '/workspaces/UON-CS-robotlab-simulation-container/build/turtlebot3_fake_node'), ('INTERNAL_VSCS_TARGET_URL', 'https://uksouth.online.visualstudio.com'), ('TURTLEBOT3_MODEL', 'waffle'), ('LC_ALL', 'C.UTF-8'), ('GITHUB_SERVER_URL', 'https://github.com'), ('PYTHONPATH', '/workspaces/UON-CS-robotlab-simulation-container/build/turtlebot3_teleop:/workspaces/UON-CS-robotlab-simulation-container/install/turtlebot3_teleop/lib/python3.10/site-packages:/workspaces/UON-CS-robotlab-simulation-container/build/turtlebot3_example:/workspaces/UON-CS-robotlab-simulation-container/install/turtlebot3_example/lib/python3.10/site-packages:/workspaces/UON-CS-robotlab-simulation-container/install/turtlebot3_msgs/local/lib/python3.10/dist-packages:/workspaces/UON-CS-robotlab-simulation-container/install/dynamixel_sdk_custom_interfaces/local/lib/python3.10/dist-packages:/workspaces/UON-CS-robotlab-simulation-container/install/dynamixel_sdk/local/lib/python3.10/dist-packages:/opt/ros/humble/lib/python3.10/site-packages:/opt/ros/humble/local/lib/python3.10/dist-packages'), ('CODESPACE_NAME', 'urban-space-garbanzo-j7wwvprrjjp25j95'), ('COLCON', '1'), ('CMAKE_PREFIX_PATH', '/workspaces/UON-CS-robotlab-simulation-container/install/turtlebot3_msgs:/workspaces/UON-CS-robotlab-simulation-container/install/turtlebot3:/workspaces/UON-CS-robotlab-simulation-container/install/turtlebot3_simulations:/workspaces/UON-CS-robotlab-simulation-container/install/turtlebot3_bringup:/workspaces/UON-CS-robotlab-simulation-container/install/turtlebot3_node:/workspaces/UON-CS-robotlab-simulation-container/install/turtlebot3_navigation2:/workspaces/UON-CS-robotlab-simulation-container/install/turtlebot3_fake_node:/workspaces/UON-CS-robotlab-simulation-container/install/turtlebot3_manipulation_gazebo:/workspaces/UON-CS-robotlab-simulation-container/install/turtlebot3_gazebo:/workspaces/UON-CS-robotlab-simulation-container/install/turtlebot3_description:/workspaces/UON-CS-robotlab-simulation-container/install/turtlebot3_cartographer:/workspaces/UON-CS-robotlab-simulation-container/install/dynamixel_sdk_examples:/workspaces/UON-CS-robotlab-simulation-container/install/dynamixel_sdk_custom_interfaces:/workspaces/UON-CS-robotlab-simulation-container/install/dynamixel_sdk:/workspaces/UON-CS-robotlab-simulation-container/install/turtlebot3_teleop:/workspaces/UON-CS-robotlab-simulation-container/install/turtlebot3_example:/opt/ros/humble')]), 'shell': False}
[23.434633] (-) TimerEvent: {}
[23.439722] (turtlebot3_example) StdoutLine: {'line': b'running develop\n'}
[23.534885] (-) TimerEvent: {}
[23.635796] (-) TimerEvent: {}
[23.685641] (turtlebot3_fake_node) StdoutLine: {'line': b'[100%] Built target turtlebot3_fake_node\n'}
[23.710687] (turtlebot3_fake_node) CommandEnded: {'returncode': 0}
[23.723685] (turtlebot3_fake_node) JobProgress: {'identifier': 'turtlebot3_fake_node', 'progress': 'install'}
[23.723766] (turtlebot3_fake_node) Command: {'cmd': ['/usr/bin/cmake', '--install', '/workspaces/UON-CS-robotlab-simulation-container/build/turtlebot3_fake_node'], 'cwd': '/workspaces/UON-CS-robotlab-simulation-container/build/turtlebot3_fake_node', 'env': OrderedDict([('GITHUB_TOKEN', 'ghu_B4O6CZhcVLRE0OX7B0pYH9Kn8C5gJq2RIGly'), ('GITHUB_CODESPACE_TOKEN', 'AOKRK4WKUJC5CQRMWNS6OXDKNJSNPANCNFSM4AXFRYHA'), ('FEATURE_SPARK_POST_COMMIT_CREATE_ITERATION', 'true'), ('HOSTNAME', 'codespaces-b7707e'), ('GITHUB_CODESPACES_PORT_FORWARDING_DOMAIN', 'app.github.dev'), ('SHLVL', '2'), ('LD_LIBRARY_PATH', '/workspaces/UON-CS-robotlab-simulation-container/install/turtlebot3_msgs/lib:/workspaces/UON-CS-robotlab-simulation-container/install/dynamixel_sdk_custom_interfaces/lib:/workspaces/UON-CS-robotlab-simulation-container/install/dynamixel_sdk/lib:/usr/lib/x86_64-linux-gnu/gazebo-11/plugins:/opt/ros/humble/opt/rviz_ogre_vendor/lib:/opt/ros/humble/lib/x86_64-linux-gnu:/opt/ros/humble/lib'), ('HOME', '/home/vscode'), ('OLDPWD', '/workspaces/UON-CS-robotlab-simulation-container'), ('CODESPACES', 'true'), ('ROS_PYTHON_VERSION', '3'), ('GITHUB_USER', 'mohammad-areeb'), ('GITHUB_GRAPHQL_URL', 'https://api.github.com/graphql'), ('COLCON_PREFIX_PATH', '/workspaces/UON-CS-robotlab-simulation-container/install'), ('ROS_DISTRO', 'humble'), ('ContainerVersion', '13'), ('GITHUB_API_URL', 'https://api.github.com'), ('RepositoryName', 'UON-CS-robotlab-simulation-container'), ('_', '/usr/bin/colcon'), ('ROS_VERSION', '2'), ('CLOUDENV_ENVIRONMENT_ID', '344bab99-1d47-4655-88f7-fee790854045'), ('TERM', 'xterm'), ('ROS_LOCALHOST_ONLY', '0'), ('PATH', '/opt/ros/humble/bin:/usr/local/sbin:/usr/local/bin:/usr/sbin:/usr/bin:/sbin:/bin'), ('SHELL_LOGGED_IN', 'true'), ('DISPLAY', ':1'), ('LANG', 'C.UTF-8'), ('LS_COLORS', ''), ('GITHUB_REPOSITORY', 'mohammad-areeb/UON-CS-robotlab-simulation-container'), ('ROS_DOMAIN_ID', '30'), ('AMENT_PREFIX_PATH', '/workspaces/UON-CS-robotlab-simulation-container/install/turtlebot3:/workspaces/UON-CS-robotlab-simulation-container/install/turtlebot3_teleop:/workspaces/UON-CS-robotlab-simulation-container/install/turtlebot3_simulations:/workspaces/UON-CS-robotlab-simulation-container/install/turtlebot3_bringup:/workspaces/UON-CS-robotlab-simulation-container/install/turtlebot3_node:/workspaces/UON-CS-robotlab-simulation-container/install/turtlebot3_navigation2:/workspaces/UON-CS-robotlab-simulation-container/install/turtlebot3_fake_node:/workspaces/UON-CS-robotlab-simulation-container/install/turtlebot3_example:/workspaces/UON-CS-robotlab-simulation-container/install/turtlebot3_msgs:/workspaces/UON-CS-robotlab-simulation-container/install/turtlebot3_manipulation_gazebo:/workspaces/UON-CS-robotlab-simulation-container/install/turtlebot3_gazebo:/workspaces/UON-CS-robotlab-simulation-container/install/turtlebot3_description:/workspaces/UON-CS-robotlab-simulation-container/install/turtlebot3_cartographer:/workspaces/UON-CS-robotlab-simulation-container/install/dynamixel_sdk_examples:/workspaces/UON-CS-robotlab-simulation-container/install/dynamixel_sdk_custom_interfaces:/workspaces/UON-CS-robotlab-simulation-container/install/dynamixel_sdk:/opt/ros/humble'), ('DEBIAN_FRONTEND', 'noninteractive'), ('SHELL', '/bin/bash'), ('PWD', '/workspaces/UON-CS-robotlab-simulation-container/build/turtlebot3_fake_node'), ('INTERNAL_VSCS_TARGET_URL', 'https://uksouth.online.visualstudio.com'), ('TURTLEBOT3_MODEL', 'waffle'), ('LC_ALL', 'C.UTF-8'), ('GITHUB_SERVER_URL', 'https://github.com'), ('PYTHONPATH', '/workspaces/UON-CS-robotlab-simulation-container/build/turtlebot3_teleop:/workspaces/UON-CS-robotlab-simulation-container/install/turtlebot3_teleop/lib/python3.10/site-packages:/workspaces/UON-CS-robotlab-simulation-container/build/turtlebot3_example:/workspaces/UON-CS-robotlab-simulation-container/install/turtlebot3_example/lib/python3.10/site-packages:/workspaces/UON-CS-robotlab-simulation-container/install/turtlebot3_msgs/local/lib/python3.10/dist-packages:/workspaces/UON-CS-robotlab-simulation-container/install/dynamixel_sdk_custom_interfaces/local/lib/python3.10/dist-packages:/workspaces/UON-CS-robotlab-simulation-container/install/dynamixel_sdk/local/lib/python3.10/dist-packages:/opt/ros/humble/lib/python3.10/site-packages:/opt/ros/humble/local/lib/python3.10/dist-packages'), ('CODESPACE_NAME', 'urban-space-garbanzo-j7wwvprrjjp25j95'), ('COLCON', '1'), ('CMAKE_PREFIX_PATH', '/workspaces/UON-CS-robotlab-simulation-container/install/turtlebot3_msgs:/workspaces/UON-CS-robotlab-simulation-container/install/turtlebot3:/workspaces/UON-CS-robotlab-simulation-container/install/turtlebot3_simulations:/workspaces/UON-CS-robotlab-simulation-container/install/turtlebot3_bringup:/workspaces/UON-CS-robotlab-simulation-container/install/turtlebot3_node:/workspaces/UON-CS-robotlab-simulation-container/install/turtlebot3_navigation2:/workspaces/UON-CS-robotlab-simulation-container/install/turtlebot3_fake_node:/workspaces/UON-CS-robotlab-simulation-container/install/turtlebot3_manipulation_gazebo:/workspaces/UON-CS-robotlab-simulation-container/install/turtlebot3_gazebo:/workspaces/UON-CS-robotlab-simulation-container/install/turtlebot3_description:/workspaces/UON-CS-robotlab-simulation-container/install/turtlebot3_cartographer:/workspaces/UON-CS-robotlab-simulation-container/install/dynamixel_sdk_examples:/workspaces/UON-CS-robotlab-simulation-container/install/dynamixel_sdk_custom_interfaces:/workspaces/UON-CS-robotlab-simulation-container/install/dynamixel_sdk:/workspaces/UON-CS-robotlab-simulation-container/install/turtlebot3_teleop:/workspaces/UON-CS-robotlab-simulation-container/install/turtlebot3_example:/opt/ros/humble')]), 'shell': False}
[23.737662] (-) TimerEvent: {}
[23.754077] (turtlebot3_fake_node) StdoutLine: {'line': b'-- Install configuration: ""\n'}
[23.759624] (turtlebot3_fake_node) StdoutLine: {'line': b'-- Execute custom install script\n'}
[23.762309] (turtlebot3_fake_node) StdoutLine: {'line': b'-- Up-to-date symlink: /workspaces/UON-CS-robotlab-simulation-container/install/turtlebot3_fake_node/lib/turtlebot3_fake_node/turtlebot3_fake_node\n'}
[23.766877] (turtlebot3_fake_node) StdoutLine: {'line': b'-- Up-to-date symlink: /workspaces/UON-CS-robotlab-simulation-container/install/turtlebot3_fake_node/share/turtlebot3_fake_node/launch/rviz2.launch.py\n'}
[23.770643] (turtlebot3_fake_node) StdoutLine: {'line': b'-- Up-to-date symlink: /workspaces/UON-CS-robotlab-simulation-container/install/turtlebot3_fake_node/share/turtlebot3_fake_node/launch/turtlebot3_fake_node.launch.py\n'}
[23.774615] (turtlebot3_fake_node) StdoutLine: {'line': b'-- Up-to-date symlink: /workspaces/UON-CS-robotlab-simulation-container/install/turtlebot3_fake_node/share/turtlebot3_fake_node/param/burger.yaml\n'}
[23.774796] (turtlebot3_fake_node) StdoutLine: {'line': b'-- Up-to-date symlink: /workspaces/UON-CS-robotlab-simulation-container/install/turtlebot3_fake_node/share/turtlebot3_fake_node/param/waffle.yaml\n'}
[23.780110] (turtlebot3_fake_node) StdoutLine: {'line': b'-- Up-to-date symlink: /workspaces/UON-CS-robotlab-simulation-container/install/turtlebot3_fake_node/share/turtlebot3_fake_node/param/waffle_pi.yaml\n'}
[23.785968] (turtlebot3_fake_node) StdoutLine: {'line': b'-- Up-to-date symlink: /workspaces/UON-CS-robotlab-simulation-container/install/turtlebot3_fake_node/include//turtlebot3_fake_node/turtlebot3_fake_node.hpp\n'}
[23.786522] (turtlebot3_fake_node) StdoutLine: {'line': b'-- Up-to-date symlink: /workspaces/UON-CS-robotlab-simulation-container/install/turtlebot3_fake_node/share/ament_index/resource_index/package_run_dependencies/turtlebot3_fake_node\n'}
[23.786700] (turtlebot3_fake_node) StdoutLine: {'line': b'-- Up-to-date symlink: /workspaces/UON-CS-robotlab-simulation-container/install/turtlebot3_fake_node/share/ament_index/resource_index/parent_prefix_path/turtlebot3_fake_node\n'}
[23.788907] (turtlebot3_fake_node) StdoutLine: {'line': b'-- Up-to-date symlink: /workspaces/UON-CS-robotlab-simulation-container/install/turtlebot3_fake_node/share/turtlebot3_fake_node/environment/ament_prefix_path.sh\n'}
[23.789078] (turtlebot3_fake_node) StdoutLine: {'line': b'-- Up-to-date symlink: /workspaces/UON-CS-robotlab-simulation-container/install/turtlebot3_fake_node/share/turtlebot3_fake_node/environment/ament_prefix_path.dsv\n'}
[23.790179] (turtlebot3_fake_node) StdoutLine: {'line': b'-- Up-to-date symlink: /workspaces/UON-CS-robotlab-simulation-container/install/turtlebot3_fake_node/share/turtlebot3_fake_node/environment/path.sh\n'}
[23.793633] (turtlebot3_fake_node) StdoutLine: {'line': b'-- Up-to-date symlink: /workspaces/UON-CS-robotlab-simulation-container/install/turtlebot3_fake_node/share/turtlebot3_fake_node/environment/path.dsv\n'}
[23.795656] (turtlebot3_fake_node) StdoutLine: {'line': b'-- Up-to-date symlink: /workspaces/UON-CS-robotlab-simulation-container/install/turtlebot3_fake_node/share/turtlebot3_fake_node/local_setup.bash\n'}
[23.796171] (turtlebot3_fake_node) StdoutLine: {'line': b'-- Up-to-date symlink: /workspaces/UON-CS-robotlab-simulation-container/install/turtlebot3_fake_node/share/turtlebot3_fake_node/local_setup.sh\n'}
[23.796380] (turtlebot3_fake_node) StdoutLine: {'line': b'-- Up-to-date symlink: /workspaces/UON-CS-robotlab-simulation-container/install/turtlebot3_fake_node/share/turtlebot3_fake_node/local_setup.zsh\n'}
[23.798119] (turtlebot3_fake_node) StdoutLine: {'line': b'-- Up-to-date symlink: /workspaces/UON-CS-robotlab-simulation-container/install/turtlebot3_fake_node/share/turtlebot3_fake_node/local_setup.dsv\n'}
[23.798299] (turtlebot3_fake_node) StdoutLine: {'line': b'-- Symlinking: /workspaces/UON-CS-robotlab-simulation-container/install/turtlebot3_fake_node/share/turtlebot3_fake_node/package.dsv\n'}
[23.830504] (turtlebot3_fake_node) StdoutLine: {'line': b'-- Up-to-date symlink: /workspaces/UON-CS-robotlab-simulation-container/install/turtlebot3_fake_node/share/ament_index/resource_index/packages/turtlebot3_fake_node\n'}
[23.831043] (turtlebot3_fake_node) StdoutLine: {'line': b'-- Up-to-date symlink: /workspaces/UON-CS-robotlab-simulation-container/install/turtlebot3_fake_node/share/turtlebot3_fake_node/cmake/ament_cmake_export_include_directories-extras.cmake\n'}
[23.831498] (turtlebot3_fake_node) StdoutLine: {'line': b'-- Up-to-date symlink: /workspaces/UON-CS-robotlab-simulation-container/install/turtlebot3_fake_node/share/turtlebot3_fake_node/cmake/ament_cmake_export_dependencies-extras.cmake\n'}
[23.833888] (turtlebot3_fake_node) StdoutLine: {'line': b'-- Up-to-date symlink: /workspaces/UON-CS-robotlab-simulation-container/install/turtlebot3_fake_node/share/turtlebot3_fake_node/cmake/turtlebot3_fake_nodeConfig.cmake\n'}
[23.835814] (turtlebot3_fake_node) StdoutLine: {'line': b'-- Up-to-date symlink: /workspaces/UON-CS-robotlab-simulation-container/install/turtlebot3_fake_node/share/turtlebot3_fake_node/cmake/turtlebot3_fake_nodeConfig-version.cmake\n'}
[23.835981] (turtlebot3_fake_node) StdoutLine: {'line': b'-- Up-to-date symlink: /workspaces/UON-CS-robotlab-simulation-container/install/turtlebot3_fake_node/share/turtlebot3_fake_node/package.xml\n'}
[23.838077] (-) TimerEvent: {}
[23.843151] (turtlebot3_fake_node) CommandEnded: {'returncode': 0}
[23.907660] (turtlebot3_fake_node) JobEnded: {'identifier': 'turtlebot3_fake_node', 'rc': 0}
[23.913043] (turtlebot3_bringup) JobStarted: {'identifier': 'turtlebot3_bringup'}
[23.940642] (-) TimerEvent: {}
[23.978245] (turtlebot3_bringup) JobProgress: {'identifier': 'turtlebot3_bringup', 'progress': 'cmake'}
[23.981816] (turtlebot3_bringup) JobProgress: {'identifier': 'turtlebot3_bringup', 'progress': 'build'}
[23.982163] (turtlebot3_bringup) Command: {'cmd': ['/usr/bin/cmake', '--build', '/workspaces/UON-CS-robotlab-simulation-container/build/turtlebot3_bringup', '--', '-j2', '-l2'], 'cwd': '/workspaces/UON-CS-robotlab-simulation-container/build/turtlebot3_bringup', 'env': OrderedDict([('GITHUB_TOKEN', 'ghu_B4O6CZhcVLRE0OX7B0pYH9Kn8C5gJq2RIGly'), ('GITHUB_CODESPACE_TOKEN', 'AOKRK4WKUJC5CQRMWNS6OXDKNJSNPANCNFSM4AXFRYHA'), ('FEATURE_SPARK_POST_COMMIT_CREATE_ITERATION', 'true'), ('HOSTNAME', 'codespaces-b7707e'), ('GITHUB_CODESPACES_PORT_FORWARDING_DOMAIN', 'app.github.dev'), ('SHLVL', '2'), ('LD_LIBRARY_PATH', '/workspaces/UON-CS-robotlab-simulation-container/install/turtlebot3_msgs/lib:/workspaces/UON-CS-robotlab-simulation-container/install/dynamixel_sdk/lib:/workspaces/UON-CS-robotlab-simulation-container/install/dynamixel_sdk_custom_interfaces/lib:/usr/lib/x86_64-linux-gnu/gazebo-11/plugins:/opt/ros/humble/opt/rviz_ogre_vendor/lib:/opt/ros/humble/lib/x86_64-linux-gnu:/opt/ros/humble/lib'), ('HOME', '/home/vscode'), ('OLDPWD', '/workspaces/UON-CS-robotlab-simulation-container'), ('CODESPACES', 'true'), ('ROS_PYTHON_VERSION', '3'), ('GITHUB_USER', 'mohammad-areeb'), ('GITHUB_GRAPHQL_URL', 'https://api.github.com/graphql'), ('COLCON_PREFIX_PATH', '/workspaces/UON-CS-robotlab-simulation-container/install'), ('ROS_DISTRO', 'humble'), ('ContainerVersion', '13'), ('GITHUB_API_URL', 'https://api.github.com'), ('RepositoryName', 'UON-CS-robotlab-simulation-container'), ('_', '/usr/bin/colcon'), ('ROS_VERSION', '2'), ('CLOUDENV_ENVIRONMENT_ID', '344bab99-1d47-4655-88f7-fee790854045'), ('TERM', 'xterm'), ('ROS_LOCALHOST_ONLY', '0'), ('PATH', '/opt/ros/humble/bin:/usr/local/sbin:/usr/local/bin:/usr/sbin:/usr/bin:/sbin:/bin'), ('SHELL_LOGGED_IN', 'true'), ('DISPLAY', ':1'), ('LANG', 'C.UTF-8'), ('LS_COLORS', ''), ('GITHUB_REPOSITORY', 'mohammad-areeb/UON-CS-robotlab-simulation-container'), ('ROS_DOMAIN_ID', '30'), ('AMENT_PREFIX_PATH', '/workspaces/UON-CS-robotlab-simulation-container/install/turtlebot3:/workspaces/UON-CS-robotlab-simulation-container/install/turtlebot3_teleop:/workspaces/UON-CS-robotlab-simulation-container/install/turtlebot3_simulations:/workspaces/UON-CS-robotlab-simulation-container/install/turtlebot3_bringup:/workspaces/UON-CS-robotlab-simulation-container/install/turtlebot3_node:/workspaces/UON-CS-robotlab-simulation-container/install/turtlebot3_navigation2:/workspaces/UON-CS-robotlab-simulation-container/install/turtlebot3_fake_node:/workspaces/UON-CS-robotlab-simulation-container/install/turtlebot3_example:/workspaces/UON-CS-robotlab-simulation-container/install/turtlebot3_msgs:/workspaces/UON-CS-robotlab-simulation-container/install/turtlebot3_manipulation_gazebo:/workspaces/UON-CS-robotlab-simulation-container/install/turtlebot3_gazebo:/workspaces/UON-CS-robotlab-simulation-container/install/turtlebot3_description:/workspaces/UON-CS-robotlab-simulation-container/install/turtlebot3_cartographer:/workspaces/UON-CS-robotlab-simulation-container/install/dynamixel_sdk_examples:/workspaces/UON-CS-robotlab-simulation-container/install/dynamixel_sdk_custom_interfaces:/workspaces/UON-CS-robotlab-simulation-container/install/dynamixel_sdk:/opt/ros/humble'), ('DEBIAN_FRONTEND', 'noninteractive'), ('SHELL', '/bin/bash'), ('PWD', '/workspaces/UON-CS-robotlab-simulation-container/build/turtlebot3_bringup'), ('INTERNAL_VSCS_TARGET_URL', 'https://uksouth.online.visualstudio.com'), ('TURTLEBOT3_MODEL', 'waffle'), ('LC_ALL', 'C.UTF-8'), ('GITHUB_SERVER_URL', 'https://github.com'), ('PYTHONPATH', '/workspaces/UON-CS-robotlab-simulation-container/build/turtlebot3_teleop:/workspaces/UON-CS-robotlab-simulation-container/install/turtlebot3_teleop/lib/python3.10/site-packages:/workspaces/UON-CS-robotlab-simulation-container/build/turtlebot3_example:/workspaces/UON-CS-robotlab-simulation-container/install/turtlebot3_example/lib/python3.10/site-packages:/workspaces/UON-CS-robotlab-simulation-container/install/turtlebot3_msgs/local/lib/python3.10/dist-packages:/workspaces/UON-CS-robotlab-simulation-container/install/dynamixel_sdk_custom_interfaces/local/lib/python3.10/dist-packages:/workspaces/UON-CS-robotlab-simulation-container/install/dynamixel_sdk/local/lib/python3.10/dist-packages:/opt/ros/humble/lib/python3.10/site-packages:/opt/ros/humble/local/lib/python3.10/dist-packages'), ('CODESPACE_NAME', 'urban-space-garbanzo-j7wwvprrjjp25j95'), ('COLCON', '1'), ('CMAKE_PREFIX_PATH', '/workspaces/UON-CS-robotlab-simulation-container/install/turtlebot3_node:/workspaces/UON-CS-robotlab-simulation-container/install/turtlebot3_msgs:/workspaces/UON-CS-robotlab-simulation-container/install/turtlebot3_description:/workspaces/UON-CS-robotlab-simulation-container/install/dynamixel_sdk:/workspaces/UON-CS-robotlab-simulation-container/install/turtlebot3:/workspaces/UON-CS-robotlab-simulation-container/install/turtlebot3_simulations:/workspaces/UON-CS-robotlab-simulation-container/install/turtlebot3_bringup:/workspaces/UON-CS-robotlab-simulation-container/install/turtlebot3_navigation2:/workspaces/UON-CS-robotlab-simulation-container/install/turtlebot3_fake_node:/workspaces/UON-CS-robotlab-simulation-container/install/turtlebot3_manipulation_gazebo:/workspaces/UON-CS-robotlab-simulation-container/install/turtlebot3_gazebo:/workspaces/UON-CS-robotlab-simulation-container/install/turtlebot3_cartographer:/workspaces/UON-CS-robotlab-simulation-container/install/dynamixel_sdk_examples:/workspaces/UON-CS-robotlab-simulation-container/install/dynamixel_sdk_custom_interfaces:/workspaces/UON-CS-robotlab-simulation-container/install/turtlebot3_teleop:/workspaces/UON-CS-robotlab-simulation-container/install/turtlebot3_example:/opt/ros/humble')]), 'shell': False}
[24.043646] (-) TimerEvent: {}
[24.147652] (-) TimerEvent: {}
[24.199261] (turtlebot3_bringup) CommandEnded: {'returncode': 0}
[24.220659] (turtlebot3_bringup) JobProgress: {'identifier': 'turtlebot3_bringup', 'progress': 'install'}
[24.220956] (turtlebot3_bringup) Command: {'cmd': ['/usr/bin/cmake', '--install', '/workspaces/UON-CS-robotlab-simulation-container/build/turtlebot3_bringup'], 'cwd': '/workspaces/UON-CS-robotlab-simulation-container/build/turtlebot3_bringup', 'env': OrderedDict([('GITHUB_TOKEN', 'ghu_B4O6CZhcVLRE0OX7B0pYH9Kn8C5gJq2RIGly'), ('GITHUB_CODESPACE_TOKEN', 'AOKRK4WKUJC5CQRMWNS6OXDKNJSNPANCNFSM4AXFRYHA'), ('FEATURE_SPARK_POST_COMMIT_CREATE_ITERATION', 'true'), ('HOSTNAME', 'codespaces-b7707e'), ('GITHUB_CODESPACES_PORT_FORWARDING_DOMAIN', 'app.github.dev'), ('SHLVL', '2'), ('LD_LIBRARY_PATH', '/workspaces/UON-CS-robotlab-simulation-container/install/turtlebot3_msgs/lib:/workspaces/UON-CS-robotlab-simulation-container/install/dynamixel_sdk/lib:/workspaces/UON-CS-robotlab-simulation-container/install/dynamixel_sdk_custom_interfaces/lib:/usr/lib/x86_64-linux-gnu/gazebo-11/plugins:/opt/ros/humble/opt/rviz_ogre_vendor/lib:/opt/ros/humble/lib/x86_64-linux-gnu:/opt/ros/humble/lib'), ('HOME', '/home/vscode'), ('OLDPWD', '/workspaces/UON-CS-robotlab-simulation-container'), ('CODESPACES', 'true'), ('ROS_PYTHON_VERSION', '3'), ('GITHUB_USER', 'mohammad-areeb'), ('GITHUB_GRAPHQL_URL', 'https://api.github.com/graphql'), ('COLCON_PREFIX_PATH', '/workspaces/UON-CS-robotlab-simulation-container/install'), ('ROS_DISTRO', 'humble'), ('ContainerVersion', '13'), ('GITHUB_API_URL', 'https://api.github.com'), ('RepositoryName', 'UON-CS-robotlab-simulation-container'), ('_', '/usr/bin/colcon'), ('ROS_VERSION', '2'), ('CLOUDENV_ENVIRONMENT_ID', '344bab99-1d47-4655-88f7-fee790854045'), ('TERM', 'xterm'), ('ROS_LOCALHOST_ONLY', '0'), ('PATH', '/opt/ros/humble/bin:/usr/local/sbin:/usr/local/bin:/usr/sbin:/usr/bin:/sbin:/bin'), ('SHELL_LOGGED_IN', 'true'), ('DISPLAY', ':1'), ('LANG', 'C.UTF-8'), ('LS_COLORS', ''), ('GITHUB_REPOSITORY', 'mohammad-areeb/UON-CS-robotlab-simulation-container'), ('ROS_DOMAIN_ID', '30'), ('AMENT_PREFIX_PATH', '/workspaces/UON-CS-robotlab-simulation-container/install/turtlebot3:/workspaces/UON-CS-robotlab-simulation-container/install/turtlebot3_teleop:/workspaces/UON-CS-robotlab-simulation-container/install/turtlebot3_simulations:/workspaces/UON-CS-robotlab-simulation-container/install/turtlebot3_bringup:/workspaces/UON-CS-robotlab-simulation-container/install/turtlebot3_node:/workspaces/UON-CS-robotlab-simulation-container/install/turtlebot3_navigation2:/workspaces/UON-CS-robotlab-simulation-container/install/turtlebot3_fake_node:/workspaces/UON-CS-robotlab-simulation-container/install/turtlebot3_example:/workspaces/UON-CS-robotlab-simulation-container/install/turtlebot3_msgs:/workspaces/UON-CS-robotlab-simulation-container/install/turtlebot3_manipulation_gazebo:/workspaces/UON-CS-robotlab-simulation-container/install/turtlebot3_gazebo:/workspaces/UON-CS-robotlab-simulation-container/install/turtlebot3_description:/workspaces/UON-CS-robotlab-simulation-container/install/turtlebot3_cartographer:/workspaces/UON-CS-robotlab-simulation-container/install/dynamixel_sdk_examples:/workspaces/UON-CS-robotlab-simulation-container/install/dynamixel_sdk_custom_interfaces:/workspaces/UON-CS-robotlab-simulation-container/install/dynamixel_sdk:/opt/ros/humble'), ('DEBIAN_FRONTEND', 'noninteractive'), ('SHELL', '/bin/bash'), ('PWD', '/workspaces/UON-CS-robotlab-simulation-container/build/turtlebot3_bringup'), ('INTERNAL_VSCS_TARGET_URL', 'https://uksouth.online.visualstudio.com'), ('TURTLEBOT3_MODEL', 'waffle'), ('LC_ALL', 'C.UTF-8'), ('GITHUB_SERVER_URL', 'https://github.com'), ('PYTHONPATH', '/workspaces/UON-CS-robotlab-simulation-container/build/turtlebot3_teleop:/workspaces/UON-CS-robotlab-simulation-container/install/turtlebot3_teleop/lib/python3.10/site-packages:/workspaces/UON-CS-robotlab-simulation-container/build/turtlebot3_example:/workspaces/UON-CS-robotlab-simulation-container/install/turtlebot3_example/lib/python3.10/site-packages:/workspaces/UON-CS-robotlab-simulation-container/install/turtlebot3_msgs/local/lib/python3.10/dist-packages:/workspaces/UON-CS-robotlab-simulation-container/install/dynamixel_sdk_custom_interfaces/local/lib/python3.10/dist-packages:/workspaces/UON-CS-robotlab-simulation-container/install/dynamixel_sdk/local/lib/python3.10/dist-packages:/opt/ros/humble/lib/python3.10/site-packages:/opt/ros/humble/local/lib/python3.10/dist-packages'), ('CODESPACE_NAME', 'urban-space-garbanzo-j7wwvprrjjp25j95'), ('COLCON', '1'), ('CMAKE_PREFIX_PATH', '/workspaces/UON-CS-robotlab-simulation-container/install/turtlebot3_node:/workspaces/UON-CS-robotlab-simulation-container/install/turtlebot3_msgs:/workspaces/UON-CS-robotlab-simulation-container/install/turtlebot3_description:/workspaces/UON-CS-robotlab-simulation-container/install/dynamixel_sdk:/workspaces/UON-CS-robotlab-simulation-container/install/turtlebot3:/workspaces/UON-CS-robotlab-simulation-container/install/turtlebot3_simulations:/workspaces/UON-CS-robotlab-simulation-container/install/turtlebot3_bringup:/workspaces/UON-CS-robotlab-simulation-container/install/turtlebot3_navigation2:/workspaces/UON-CS-robotlab-simulation-container/install/turtlebot3_fake_node:/workspaces/UON-CS-robotlab-simulation-container/install/turtlebot3_manipulation_gazebo:/workspaces/UON-CS-robotlab-simulation-container/install/turtlebot3_gazebo:/workspaces/UON-CS-robotlab-simulation-container/install/turtlebot3_cartographer:/workspaces/UON-CS-robotlab-simulation-container/install/dynamixel_sdk_examples:/workspaces/UON-CS-robotlab-simulation-container/install/dynamixel_sdk_custom_interfaces:/workspaces/UON-CS-robotlab-simulation-container/install/turtlebot3_teleop:/workspaces/UON-CS-robotlab-simulation-container/install/turtlebot3_example:/opt/ros/humble')]), 'shell': False}
[24.227651] (turtlebot3_example) StdoutLine: {'line': b'running egg_info\n'}
[24.227879] (turtlebot3_example) StdoutLine: {'line': b'writing turtlebot3_example.egg-info/PKG-INFO\n'}
[24.228043] (turtlebot3_example) StdoutLine: {'line': b'writing dependency_links to turtlebot3_example.egg-info/dependency_links.txt\n'}
[24.228196] (turtlebot3_example) StdoutLine: {'line': b'writing entry points to turtlebot3_example.egg-info/entry_points.txt\n'}
[24.228747] (turtlebot3_example) StdoutLine: {'line': b'writing requirements to turtlebot3_example.egg-info/requires.txt\n'}
[24.230823] (turtlebot3_example) StdoutLine: {'line': b'writing top-level names to turtlebot3_example.egg-info/top_level.txt\n'}
[24.241626] (turtlebot3_example) StdoutLine: {'line': b"reading manifest file 'turtlebot3_example.egg-info/SOURCES.txt'\n"}
[24.241879] (turtlebot3_example) StdoutLine: {'line': b"writing manifest file 'turtlebot3_example.egg-info/SOURCES.txt'\n"}
[24.245691] (turtlebot3_example) StdoutLine: {'line': b'running build_ext\n'}
[24.247731] (-) TimerEvent: {}
[24.249696] (turtlebot3_example) StdoutLine: {'line': b'Creating /workspaces/UON-CS-robotlab-simulation-container/install/turtlebot3_example/lib/python3.10/site-packages/turtlebot3-example.egg-link (link to .)\n'}
[24.255626] (turtlebot3_bringup) StdoutLine: {'line': b'-- Install configuration: ""\n'}
[24.258428] (turtlebot3_example) StdoutLine: {'line': b'Installing turtlebot3_absolute_move script to /workspaces/UON-CS-robotlab-simulation-container/install/turtlebot3_example/lib/turtlebot3_example\n'}
[24.258593] (turtlebot3_example) StdoutLine: {'line': b'Installing turtlebot3_interactive_marker script to /workspaces/UON-CS-robotlab-simulation-container/install/turtlebot3_example/lib/turtlebot3_example\n'}
[24.265629] (turtlebot3_bringup) StdoutLine: {'line': b'-- Execute custom install script\n'}
[24.266973] (turtlebot3_example) StdoutLine: {'line': b'Installing turtlebot3_obstacle_detection script to /workspaces/UON-CS-robotlab-simulation-container/install/turtlebot3_example/lib/turtlebot3_example\n'}
[24.267089] (turtlebot3_example) StdoutLine: {'line': b'Installing turtlebot3_patrol_client script to /workspaces/UON-CS-robotlab-simulation-container/install/turtlebot3_example/lib/turtlebot3_example\n'}
[24.267182] (turtlebot3_example) StdoutLine: {'line': b'Installing turtlebot3_patrol_server script to /workspaces/UON-CS-robotlab-simulation-container/install/turtlebot3_example/lib/turtlebot3_example\n'}
[24.267271] (turtlebot3_example) StdoutLine: {'line': b'Installing turtlebot3_relative_move script to /workspaces/UON-CS-robotlab-simulation-container/install/turtlebot3_example/lib/turtlebot3_example\n'}
[24.269084] (turtlebot3_example) StdoutLine: {'line': b'\n'}
[24.270797] (turtlebot3_example) StdoutLine: {'line': b'Installed /workspaces/UON-CS-robotlab-simulation-container/build/turtlebot3_example\n'}
[24.270977] (turtlebot3_example) StdoutLine: {'line': b'running symlink_data\n'}
[24.348224] (-) TimerEvent: {}
[24.363601] (turtlebot3_bringup) StdoutLine: {'line': b'-- Up-to-date symlink: /workspaces/UON-CS-robotlab-simulation-container/install/turtlebot3_bringup/share/turtlebot3_bringup/launch/camera.launch.py\n'}
[24.413306] (turtlebot3_bringup) StdoutLine: {'line': b'-- Up-to-date symlink: /workspaces/UON-CS-robotlab-simulation-container/install/turtlebot3_bringup/share/turtlebot3_bringup/launch/robot.launch.py\n'}
[24.449740] (-) TimerEvent: {}
[24.500812] (turtlebot3_bringup) StdoutLine: {'line': b'-- Up-to-date symlink: /workspaces/UON-CS-robotlab-simulation-container/install/turtlebot3_bringup/share/turtlebot3_bringup/launch/rviz2.launch.py\n'}
[24.561751] (-) TimerEvent: {}
[24.574671] (turtlebot3_example) CommandEnded: {'returncode': 0}
[24.662412] (-) TimerEvent: {}
[24.724306] (turtlebot3_bringup) StdoutLine: {'line': b'-- Up-to-date symlink: /workspaces/UON-CS-robotlab-simulation-container/install/turtlebot3_bringup/share/turtlebot3_bringup/launch/turtlebot3_state_publisher.launch.py\n'}
[24.764227] (-) TimerEvent: {}
[24.866101] (-) TimerEvent: {}
[24.967324] (-) TimerEvent: {}
[25.049743] (turtlebot3_bringup) StdoutLine: {'line': b'-- Up-to-date symlink: /workspaces/UON-CS-robotlab-simulation-container/install/turtlebot3_bringup/share/turtlebot3_bringup/param/burger.yaml\n'}
[25.067429] (-) TimerEvent: {}
[25.125989] (turtlebot3_bringup) StdoutLine: {'line': b'-- Up-to-date symlink: /workspaces/UON-CS-robotlab-simulation-container/install/turtlebot3_bringup/share/turtlebot3_bringup/param/humble/burger.yaml\n'}
[25.151322] (turtlebot3_bringup) StdoutLine: {'line': b'-- Up-to-date symlink: /workspaces/UON-CS-robotlab-simulation-container/install/turtlebot3_bringup/share/turtlebot3_bringup/param/humble/waffle.yaml\n'}
[25.168348] (-) TimerEvent: {}
[25.179646] (turtlebot3_bringup) StdoutLine: {'line': b'-- Up-to-date symlink: /workspaces/UON-CS-robotlab-simulation-container/install/turtlebot3_bringup/share/turtlebot3_bringup/param/humble/waffle_pi.yaml\n'}
[25.203801] (turtlebot3_bringup) StdoutLine: {'line': b'-- Up-to-date symlink: /workspaces/UON-CS-robotlab-simulation-container/install/turtlebot3_bringup/share/turtlebot3_bringup/param/waffle.yaml\n'}
[25.216623] (turtlebot3_bringup) StdoutLine: {'line': b'-- Up-to-date symlink: /workspaces/UON-CS-robotlab-simulation-container/install/turtlebot3_bringup/share/turtlebot3_bringup/param/waffle_pi.yaml\n'}
[25.216785] (turtlebot3_bringup) StdoutLine: {'line': b'-- Up-to-date symlink: /workspaces/UON-CS-robotlab-simulation-container/install/turtlebot3_bringup/share/turtlebot3_bringup/script/99-turtlebot3-cdc.rules\n'}
[25.216881] (turtlebot3_bringup) StdoutLine: {'line': b'-- Up-to-date symlink: /workspaces/UON-CS-robotlab-simulation-container/install/turtlebot3_bringup/share/turtlebot3_bringup/script/create_udev_rules\n'}
[25.216965] (turtlebot3_bringup) StdoutLine: {'line': b'-- Up-to-date symlink: /workspaces/UON-CS-robotlab-simulation-container/install/turtlebot3_bringup/share/ament_index/resource_index/package_run_dependencies/turtlebot3_bringup\n'}
[25.217051] (turtlebot3_bringup) StdoutLine: {'line': b'-- Up-to-date symlink: /workspaces/UON-CS-robotlab-simulation-container/install/turtlebot3_bringup/share/ament_index/resource_index/parent_prefix_path/turtlebot3_bringup\n'}
[25.232488] (turtlebot3_bringup) StdoutLine: {'line': b'-- Up-to-date symlink: /workspaces/UON-CS-robotlab-simulation-container/install/turtlebot3_bringup/share/turtlebot3_bringup/environment/ament_prefix_path.sh\n'}
[25.232700] (turtlebot3_bringup) StdoutLine: {'line': b'-- Up-to-date symlink: /workspaces/UON-CS-robotlab-simulation-container/install/turtlebot3_bringup/share/turtlebot3_bringup/environment/ament_prefix_path.dsv\n'}
[25.232832] (turtlebot3_bringup) StdoutLine: {'line': b'-- Up-to-date symlink: /workspaces/UON-CS-robotlab-simulation-container/install/turtlebot3_bringup/share/turtlebot3_bringup/environment/path.sh\n'}
[25.232947] (turtlebot3_bringup) StdoutLine: {'line': b'-- Up-to-date symlink: /workspaces/UON-CS-robotlab-simulation-container/install/turtlebot3_bringup/share/turtlebot3_bringup/environment/path.dsv\n'}
[25.233062] (turtlebot3_bringup) StdoutLine: {'line': b'-- Up-to-date symlink: /workspaces/UON-CS-robotlab-simulation-container/install/turtlebot3_bringup/share/turtlebot3_bringup/local_setup.bash\n'}
[25.233163] (turtlebot3_bringup) StdoutLine: {'line': b'-- Up-to-date symlink: /workspaces/UON-CS-robotlab-simulation-container/install/turtlebot3_bringup/share/turtlebot3_bringup/local_setup.sh\n'}
[25.233265] (turtlebot3_bringup) StdoutLine: {'line': b'-- Up-to-date symlink: /workspaces/UON-CS-robotlab-simulation-container/install/turtlebot3_bringup/share/turtlebot3_bringup/local_setup.zsh\n'}
[25.233371] (turtlebot3_bringup) StdoutLine: {'line': b'-- Up-to-date symlink: /workspaces/UON-CS-robotlab-simulation-container/install/turtlebot3_bringup/share/turtlebot3_bringup/local_setup.dsv\n'}
[25.233474] (turtlebot3_bringup) StdoutLine: {'line': b'-- Symlinking: /workspaces/UON-CS-robotlab-simulation-container/install/turtlebot3_bringup/share/turtlebot3_bringup/package.dsv\n'}
[25.252181] (turtlebot3_example) JobEnded: {'identifier': 'turtlebot3_example', 'rc': 0}
[25.252770] (dynamixel_sdk_examples) JobStarted: {'identifier': 'dynamixel_sdk_examples'}
[25.261335] (turtlebot3_bringup) StdoutLine: {'line': b'-- Up-to-date symlink: /workspaces/UON-CS-robotlab-simulation-container/install/turtlebot3_bringup/share/ament_index/resource_index/packages/turtlebot3_bringup\n'}
[25.267168] (turtlebot3_bringup) StdoutLine: {'line': b'-- Up-to-date symlink: /workspaces/UON-CS-robotlab-simulation-container/install/turtlebot3_bringup/share/turtlebot3_bringup/cmake/turtlebot3_bringupConfig.cmake\n'}
[25.275248] (-) TimerEvent: {}
[25.276764] (turtlebot3_bringup) StdoutLine: {'line': b'-- Up-to-date symlink: /workspaces/UON-CS-robotlab-simulation-container/install/turtlebot3_bringup/share/turtlebot3_bringup/cmake/turtlebot3_bringupConfig-version.cmake\n'}
[25.276996] (turtlebot3_bringup) StdoutLine: {'line': b'-- Up-to-date symlink: /workspaces/UON-CS-robotlab-simulation-container/install/turtlebot3_bringup/share/turtlebot3_bringup/package.xml\n'}
[25.278985] (turtlebot3_bringup) CommandEnded: {'returncode': 0}
[25.347093] (turtlebot3_bringup) JobEnded: {'identifier': 'turtlebot3_bringup', 'rc': 0}
[25.349018] (turtlebot3_simulations) JobStarted: {'identifier': 'turtlebot3_simulations'}
[25.375341] (-) TimerEvent: {}
[25.379822] (dynamixel_sdk_examples) JobProgress: {'identifier': 'dynamixel_sdk_examples', 'progress': 'cmake'}
[25.382687] (dynamixel_sdk_examples) JobProgress: {'identifier': 'dynamixel_sdk_examples', 'progress': 'build'}
[25.383645] (dynamixel_sdk_examples) Command: {'cmd': ['/usr/bin/cmake', '--build', '/workspaces/UON-CS-robotlab-simulation-container/build/dynamixel_sdk_examples', '--', '-j2', '-l2'], 'cwd': '/workspaces/UON-CS-robotlab-simulation-container/build/dynamixel_sdk_examples', 'env': OrderedDict([('GITHUB_TOKEN', 'ghu_B4O6CZhcVLRE0OX7B0pYH9Kn8C5gJq2RIGly'), ('GITHUB_CODESPACE_TOKEN', 'AOKRK4WKUJC5CQRMWNS6OXDKNJSNPANCNFSM4AXFRYHA'), ('FEATURE_SPARK_POST_COMMIT_CREATE_ITERATION', 'true'), ('HOSTNAME', 'codespaces-b7707e'), ('GITHUB_CODESPACES_PORT_FORWARDING_DOMAIN', 'app.github.dev'), ('SHLVL', '2'), ('LD_LIBRARY_PATH', '/workspaces/UON-CS-robotlab-simulation-container/install/dynamixel_sdk_custom_interfaces/lib:/workspaces/UON-CS-robotlab-simulation-container/install/dynamixel_sdk/lib:/workspaces/UON-CS-robotlab-simulation-container/install/turtlebot3_msgs/lib:/usr/lib/x86_64-linux-gnu/gazebo-11/plugins:/opt/ros/humble/opt/rviz_ogre_vendor/lib:/opt/ros/humble/lib/x86_64-linux-gnu:/opt/ros/humble/lib'), ('HOME', '/home/vscode'), ('OLDPWD', '/workspaces/UON-CS-robotlab-simulation-container'), ('CODESPACES', 'true'), ('ROS_PYTHON_VERSION', '3'), ('GITHUB_USER', 'mohammad-areeb'), ('GITHUB_GRAPHQL_URL', 'https://api.github.com/graphql'), ('COLCON_PREFIX_PATH', '/workspaces/UON-CS-robotlab-simulation-container/install'), ('ROS_DISTRO', 'humble'), ('ContainerVersion', '13'), ('GITHUB_API_URL', 'https://api.github.com'), ('RepositoryName', 'UON-CS-robotlab-simulation-container'), ('_', '/usr/bin/colcon'), ('ROS_VERSION', '2'), ('CLOUDENV_ENVIRONMENT_ID', '344bab99-1d47-4655-88f7-fee790854045'), ('TERM', 'xterm'), ('ROS_LOCALHOST_ONLY', '0'), ('PATH', '/opt/ros/humble/bin:/usr/local/sbin:/usr/local/bin:/usr/sbin:/usr/bin:/sbin:/bin'), ('SHELL_LOGGED_IN', 'true'), ('DISPLAY', ':1'), ('LANG', 'C.UTF-8'), ('LS_COLORS', ''), ('GITHUB_REPOSITORY', 'mohammad-areeb/UON-CS-robotlab-simulation-container'), ('ROS_DOMAIN_ID', '30'), ('AMENT_PREFIX_PATH', '/workspaces/UON-CS-robotlab-simulation-container/install/turtlebot3:/workspaces/UON-CS-robotlab-simulation-container/install/turtlebot3_teleop:/workspaces/UON-CS-robotlab-simulation-container/install/turtlebot3_simulations:/workspaces/UON-CS-robotlab-simulation-container/install/turtlebot3_bringup:/workspaces/UON-CS-robotlab-simulation-container/install/turtlebot3_node:/workspaces/UON-CS-robotlab-simulation-container/install/turtlebot3_navigation2:/workspaces/UON-CS-robotlab-simulation-container/install/turtlebot3_fake_node:/workspaces/UON-CS-robotlab-simulation-container/install/turtlebot3_example:/workspaces/UON-CS-robotlab-simulation-container/install/turtlebot3_msgs:/workspaces/UON-CS-robotlab-simulation-container/install/turtlebot3_manipulation_gazebo:/workspaces/UON-CS-robotlab-simulation-container/install/turtlebot3_gazebo:/workspaces/UON-CS-robotlab-simulation-container/install/turtlebot3_description:/workspaces/UON-CS-robotlab-simulation-container/install/turtlebot3_cartographer:/workspaces/UON-CS-robotlab-simulation-container/install/dynamixel_sdk_examples:/workspaces/UON-CS-robotlab-simulation-container/install/dynamixel_sdk_custom_interfaces:/workspaces/UON-CS-robotlab-simulation-container/install/dynamixel_sdk:/opt/ros/humble'), ('DEBIAN_FRONTEND', 'noninteractive'), ('SHELL', '/bin/bash'), ('PWD', '/workspaces/UON-CS-robotlab-simulation-container/build/dynamixel_sdk_examples'), ('INTERNAL_VSCS_TARGET_URL', 'https://uksouth.online.visualstudio.com'), ('TURTLEBOT3_MODEL', 'waffle'), ('LC_ALL', 'C.UTF-8'), ('GITHUB_SERVER_URL', 'https://github.com'), ('PYTHONPATH', '/workspaces/UON-CS-robotlab-simulation-container/build/turtlebot3_teleop:/workspaces/UON-CS-robotlab-simulation-container/install/turtlebot3_teleop/lib/python3.10/site-packages:/workspaces/UON-CS-robotlab-simulation-container/build/turtlebot3_example:/workspaces/UON-CS-robotlab-simulation-container/install/turtlebot3_example/lib/python3.10/site-packages:/workspaces/UON-CS-robotlab-simulation-container/install/turtlebot3_msgs/local/lib/python3.10/dist-packages:/workspaces/UON-CS-robotlab-simulation-container/install/dynamixel_sdk_custom_interfaces/local/lib/python3.10/dist-packages:/workspaces/UON-CS-robotlab-simulation-container/install/dynamixel_sdk/local/lib/python3.10/dist-packages:/opt/ros/humble/lib/python3.10/site-packages:/opt/ros/humble/local/lib/python3.10/dist-packages'), ('CODESPACE_NAME', 'urban-space-garbanzo-j7wwvprrjjp25j95'), ('COLCON', '1'), ('CMAKE_PREFIX_PATH', '/workspaces/UON-CS-robotlab-simulation-container/install/dynamixel_sdk_custom_interfaces:/workspaces/UON-CS-robotlab-simulation-container/install/dynamixel_sdk:/workspaces/UON-CS-robotlab-simulation-container/install/turtlebot3:/workspaces/UON-CS-robotlab-simulation-container/install/turtlebot3_simulations:/workspaces/UON-CS-robotlab-simulation-container/install/turtlebot3_bringup:/workspaces/UON-CS-robotlab-simulation-container/install/turtlebot3_node:/workspaces/UON-CS-robotlab-simulation-container/install/turtlebot3_navigation2:/workspaces/UON-CS-robotlab-simulation-container/install/turtlebot3_fake_node:/workspaces/UON-CS-robotlab-simulation-container/install/turtlebot3_msgs:/workspaces/UON-CS-robotlab-simulation-container/install/turtlebot3_manipulation_gazebo:/workspaces/UON-CS-robotlab-simulation-container/install/turtlebot3_gazebo:/workspaces/UON-CS-robotlab-simulation-container/install/turtlebot3_description:/workspaces/UON-CS-robotlab-simulation-container/install/turtlebot3_cartographer:/workspaces/UON-CS-robotlab-simulation-container/install/dynamixel_sdk_examples:/workspaces/UON-CS-robotlab-simulation-container/install/turtlebot3_teleop:/workspaces/UON-CS-robotlab-simulation-container/install/turtlebot3_example:/opt/ros/humble')]), 'shell': False}
[25.413634] (turtlebot3_simulations) JobProgress: {'identifier': 'turtlebot3_simulations', 'progress': 'cmake'}
[25.420900] (turtlebot3_simulations) JobProgress: {'identifier': 'turtlebot3_simulations', 'progress': 'build'}
[25.420996] (turtlebot3_simulations) Command: {'cmd': ['/usr/bin/cmake', '--build', '/workspaces/UON-CS-robotlab-simulation-container/build/turtlebot3_simulations', '--', '-j2', '-l2'], 'cwd': '/workspaces/UON-CS-robotlab-simulation-container/build/turtlebot3_simulations', 'env': OrderedDict([('GITHUB_TOKEN', 'ghu_B4O6CZhcVLRE0OX7B0pYH9Kn8C5gJq2RIGly'), ('GITHUB_CODESPACE_TOKEN', 'AOKRK4WKUJC5CQRMWNS6OXDKNJSNPANCNFSM4AXFRYHA'), ('FEATURE_SPARK_POST_COMMIT_CREATE_ITERATION', 'true'), ('HOSTNAME', 'codespaces-b7707e'), ('GITHUB_CODESPACES_PORT_FORWARDING_DOMAIN', 'app.github.dev'), ('SHLVL', '2'), ('LD_LIBRARY_PATH', '/workspaces/UON-CS-robotlab-simulation-container/install/turtlebot3_msgs/lib:/workspaces/UON-CS-robotlab-simulation-container/install/dynamixel_sdk_custom_interfaces/lib:/workspaces/UON-CS-robotlab-simulation-container/install/dynamixel_sdk/lib:/usr/lib/x86_64-linux-gnu/gazebo-11/plugins:/opt/ros/humble/opt/rviz_ogre_vendor/lib:/opt/ros/humble/lib/x86_64-linux-gnu:/opt/ros/humble/lib'), ('HOME', '/home/vscode'), ('OLDPWD', '/workspaces/UON-CS-robotlab-simulation-container'), ('CODESPACES', 'true'), ('ROS_PYTHON_VERSION', '3'), ('GITHUB_USER', 'mohammad-areeb'), ('GITHUB_GRAPHQL_URL', 'https://api.github.com/graphql'), ('COLCON_PREFIX_PATH', '/workspaces/UON-CS-robotlab-simulation-container/install'), ('ROS_DISTRO', 'humble'), ('ContainerVersion', '13'), ('GITHUB_API_URL', 'https://api.github.com'), ('RepositoryName', 'UON-CS-robotlab-simulation-container'), ('_', '/usr/bin/colcon'), ('ROS_VERSION', '2'), ('CLOUDENV_ENVIRONMENT_ID', '344bab99-1d47-4655-88f7-fee790854045'), ('TERM', 'xterm'), ('ROS_LOCALHOST_ONLY', '0'), ('PATH', '/opt/ros/humble/bin:/usr/local/sbin:/usr/local/bin:/usr/sbin:/usr/bin:/sbin:/bin'), ('SHELL_LOGGED_IN', 'true'), ('DISPLAY', ':1'), ('LANG', 'C.UTF-8'), ('LS_COLORS', ''), ('GITHUB_REPOSITORY', 'mohammad-areeb/UON-CS-robotlab-simulation-container'), ('ROS_DOMAIN_ID', '30'), ('AMENT_PREFIX_PATH', '/workspaces/UON-CS-robotlab-simulation-container/install/turtlebot3:/workspaces/UON-CS-robotlab-simulation-container/install/turtlebot3_teleop:/workspaces/UON-CS-robotlab-simulation-container/install/turtlebot3_simulations:/workspaces/UON-CS-robotlab-simulation-container/install/turtlebot3_bringup:/workspaces/UON-CS-robotlab-simulation-container/install/turtlebot3_node:/workspaces/UON-CS-robotlab-simulation-container/install/turtlebot3_navigation2:/workspaces/UON-CS-robotlab-simulation-container/install/turtlebot3_fake_node:/workspaces/UON-CS-robotlab-simulation-container/install/turtlebot3_example:/workspaces/UON-CS-robotlab-simulation-container/install/turtlebot3_msgs:/workspaces/UON-CS-robotlab-simulation-container/install/turtlebot3_manipulation_gazebo:/workspaces/UON-CS-robotlab-simulation-container/install/turtlebot3_gazebo:/workspaces/UON-CS-robotlab-simulation-container/install/turtlebot3_description:/workspaces/UON-CS-robotlab-simulation-container/install/turtlebot3_cartographer:/workspaces/UON-CS-robotlab-simulation-container/install/dynamixel_sdk_examples:/workspaces/UON-CS-robotlab-simulation-container/install/dynamixel_sdk_custom_interfaces:/workspaces/UON-CS-robotlab-simulation-container/install/dynamixel_sdk:/opt/ros/humble'), ('DEBIAN_FRONTEND', 'noninteractive'), ('SHELL', '/bin/bash'), ('PWD', '/workspaces/UON-CS-robotlab-simulation-container/build/turtlebot3_simulations'), ('INTERNAL_VSCS_TARGET_URL', 'https://uksouth.online.visualstudio.com'), ('TURTLEBOT3_MODEL', 'waffle'), ('LC_ALL', 'C.UTF-8'), ('GITHUB_SERVER_URL', 'https://github.com'), ('PYTHONPATH', '/workspaces/UON-CS-robotlab-simulation-container/build/turtlebot3_teleop:/workspaces/UON-CS-robotlab-simulation-container/install/turtlebot3_teleop/lib/python3.10/site-packages:/workspaces/UON-CS-robotlab-simulation-container/build/turtlebot3_example:/workspaces/UON-CS-robotlab-simulation-container/install/turtlebot3_example/lib/python3.10/site-packages:/workspaces/UON-CS-robotlab-simulation-container/install/turtlebot3_msgs/local/lib/python3.10/dist-packages:/workspaces/UON-CS-robotlab-simulation-container/install/dynamixel_sdk_custom_interfaces/local/lib/python3.10/dist-packages:/workspaces/UON-CS-robotlab-simulation-container/install/dynamixel_sdk/local/lib/python3.10/dist-packages:/opt/ros/humble/lib/python3.10/site-packages:/opt/ros/humble/local/lib/python3.10/dist-packages'), ('CODESPACE_NAME', 'urban-space-garbanzo-j7wwvprrjjp25j95'), ('COLCON', '1'), ('CMAKE_PREFIX_PATH', '/workspaces/UON-CS-robotlab-simulation-container/install/turtlebot3_fake_node:/workspaces/UON-CS-robotlab-simulation-container/install/turtlebot3_msgs:/workspaces/UON-CS-robotlab-simulation-container/install/turtlebot3_manipulation_gazebo:/workspaces/UON-CS-robotlab-simulation-container/install/turtlebot3_gazebo:/workspaces/UON-CS-robotlab-simulation-container/install/turtlebot3:/workspaces/UON-CS-robotlab-simulation-container/install/turtlebot3_simulations:/workspaces/UON-CS-robotlab-simulation-container/install/turtlebot3_bringup:/workspaces/UON-CS-robotlab-simulation-container/install/turtlebot3_node:/workspaces/UON-CS-robotlab-simulation-container/install/turtlebot3_navigation2:/workspaces/UON-CS-robotlab-simulation-container/install/turtlebot3_description:/workspaces/UON-CS-robotlab-simulation-container/install/turtlebot3_cartographer:/workspaces/UON-CS-robotlab-simulation-container/install/dynamixel_sdk_examples:/workspaces/UON-CS-robotlab-simulation-container/install/dynamixel_sdk_custom_interfaces:/workspaces/UON-CS-robotlab-simulation-container/install/dynamixel_sdk:/workspaces/UON-CS-robotlab-simulation-container/install/turtlebot3_teleop:/workspaces/UON-CS-robotlab-simulation-container/install/turtlebot3_example:/opt/ros/humble')]), 'shell': False}
[25.477242] (-) TimerEvent: {}
[25.579109] (-) TimerEvent: {}
[25.619801] (turtlebot3_simulations) CommandEnded: {'returncode': 0}
[25.625642] (turtlebot3_simulations) JobProgress: {'identifier': 'turtlebot3_simulations', 'progress': 'install'}
[25.625716] (turtlebot3_simulations) Command: {'cmd': ['/usr/bin/cmake', '--install', '/workspaces/UON-CS-robotlab-simulation-container/build/turtlebot3_simulations'], 'cwd': '/workspaces/UON-CS-robotlab-simulation-container/build/turtlebot3_simulations', 'env': OrderedDict([('GITHUB_TOKEN', 'ghu_B4O6CZhcVLRE0OX7B0pYH9Kn8C5gJq2RIGly'), ('GITHUB_CODESPACE_TOKEN', 'AOKRK4WKUJC5CQRMWNS6OXDKNJSNPANCNFSM4AXFRYHA'), ('FEATURE_SPARK_POST_COMMIT_CREATE_ITERATION', 'true'), ('HOSTNAME', 'codespaces-b7707e'), ('GITHUB_CODESPACES_PORT_FORWARDING_DOMAIN', 'app.github.dev'), ('SHLVL', '2'), ('LD_LIBRARY_PATH', '/workspaces/UON-CS-robotlab-simulation-container/install/turtlebot3_msgs/lib:/workspaces/UON-CS-robotlab-simulation-container/install/dynamixel_sdk_custom_interfaces/lib:/workspaces/UON-CS-robotlab-simulation-container/install/dynamixel_sdk/lib:/usr/lib/x86_64-linux-gnu/gazebo-11/plugins:/opt/ros/humble/opt/rviz_ogre_vendor/lib:/opt/ros/humble/lib/x86_64-linux-gnu:/opt/ros/humble/lib'), ('HOME', '/home/vscode'), ('OLDPWD', '/workspaces/UON-CS-robotlab-simulation-container'), ('CODESPACES', 'true'), ('ROS_PYTHON_VERSION', '3'), ('GITHUB_USER', 'mohammad-areeb'), ('GITHUB_GRAPHQL_URL', 'https://api.github.com/graphql'), ('COLCON_PREFIX_PATH', '/workspaces/UON-CS-robotlab-simulation-container/install'), ('ROS_DISTRO', 'humble'), ('ContainerVersion', '13'), ('GITHUB_API_URL', 'https://api.github.com'), ('RepositoryName', 'UON-CS-robotlab-simulation-container'), ('_', '/usr/bin/colcon'), ('ROS_VERSION', '2'), ('CLOUDENV_ENVIRONMENT_ID', '344bab99-1d47-4655-88f7-fee790854045'), ('TERM', 'xterm'), ('ROS_LOCALHOST_ONLY', '0'), ('PATH', '/opt/ros/humble/bin:/usr/local/sbin:/usr/local/bin:/usr/sbin:/usr/bin:/sbin:/bin'), ('SHELL_LOGGED_IN', 'true'), ('DISPLAY', ':1'), ('LANG', 'C.UTF-8'), ('LS_COLORS', ''), ('GITHUB_REPOSITORY', 'mohammad-areeb/UON-CS-robotlab-simulation-container'), ('ROS_DOMAIN_ID', '30'), ('AMENT_PREFIX_PATH', '/workspaces/UON-CS-robotlab-simulation-container/install/turtlebot3:/workspaces/UON-CS-robotlab-simulation-container/install/turtlebot3_teleop:/workspaces/UON-CS-robotlab-simulation-container/install/turtlebot3_simulations:/workspaces/UON-CS-robotlab-simulation-container/install/turtlebot3_bringup:/workspaces/UON-CS-robotlab-simulation-container/install/turtlebot3_node:/workspaces/UON-CS-robotlab-simulation-container/install/turtlebot3_navigation2:/workspaces/UON-CS-robotlab-simulation-container/install/turtlebot3_fake_node:/workspaces/UON-CS-robotlab-simulation-container/install/turtlebot3_example:/workspaces/UON-CS-robotlab-simulation-container/install/turtlebot3_msgs:/workspaces/UON-CS-robotlab-simulation-container/install/turtlebot3_manipulation_gazebo:/workspaces/UON-CS-robotlab-simulation-container/install/turtlebot3_gazebo:/workspaces/UON-CS-robotlab-simulation-container/install/turtlebot3_description:/workspaces/UON-CS-robotlab-simulation-container/install/turtlebot3_cartographer:/workspaces/UON-CS-robotlab-simulation-container/install/dynamixel_sdk_examples:/workspaces/UON-CS-robotlab-simulation-container/install/dynamixel_sdk_custom_interfaces:/workspaces/UON-CS-robotlab-simulation-container/install/dynamixel_sdk:/opt/ros/humble'), ('DEBIAN_FRONTEND', 'noninteractive'), ('SHELL', '/bin/bash'), ('PWD', '/workspaces/UON-CS-robotlab-simulation-container/build/turtlebot3_simulations'), ('INTERNAL_VSCS_TARGET_URL', 'https://uksouth.online.visualstudio.com'), ('TURTLEBOT3_MODEL', 'waffle'), ('LC_ALL', 'C.UTF-8'), ('GITHUB_SERVER_URL', 'https://github.com'), ('PYTHONPATH', '/workspaces/UON-CS-robotlab-simulation-container/build/turtlebot3_teleop:/workspaces/UON-CS-robotlab-simulation-container/install/turtlebot3_teleop/lib/python3.10/site-packages:/workspaces/UON-CS-robotlab-simulation-container/build/turtlebot3_example:/workspaces/UON-CS-robotlab-simulation-container/install/turtlebot3_example/lib/python3.10/site-packages:/workspaces/UON-CS-robotlab-simulation-container/install/turtlebot3_msgs/local/lib/python3.10/dist-packages:/workspaces/UON-CS-robotlab-simulation-container/install/dynamixel_sdk_custom_interfaces/local/lib/python3.10/dist-packages:/workspaces/UON-CS-robotlab-simulation-container/install/dynamixel_sdk/local/lib/python3.10/dist-packages:/opt/ros/humble/lib/python3.10/site-packages:/opt/ros/humble/local/lib/python3.10/dist-packages'), ('CODESPACE_NAME', 'urban-space-garbanzo-j7wwvprrjjp25j95'), ('COLCON', '1'), ('CMAKE_PREFIX_PATH', '/workspaces/UON-CS-robotlab-simulation-container/install/turtlebot3_fake_node:/workspaces/UON-CS-robotlab-simulation-container/install/turtlebot3_msgs:/workspaces/UON-CS-robotlab-simulation-container/install/turtlebot3_manipulation_gazebo:/workspaces/UON-CS-robotlab-simulation-container/install/turtlebot3_gazebo:/workspaces/UON-CS-robotlab-simulation-container/install/turtlebot3:/workspaces/UON-CS-robotlab-simulation-container/install/turtlebot3_simulations:/workspaces/UON-CS-robotlab-simulation-container/install/turtlebot3_bringup:/workspaces/UON-CS-robotlab-simulation-container/install/turtlebot3_node:/workspaces/UON-CS-robotlab-simulation-container/install/turtlebot3_navigation2:/workspaces/UON-CS-robotlab-simulation-container/install/turtlebot3_description:/workspaces/UON-CS-robotlab-simulation-container/install/turtlebot3_cartographer:/workspaces/UON-CS-robotlab-simulation-container/install/dynamixel_sdk_examples:/workspaces/UON-CS-robotlab-simulation-container/install/dynamixel_sdk_custom_interfaces:/workspaces/UON-CS-robotlab-simulation-container/install/dynamixel_sdk:/workspaces/UON-CS-robotlab-simulation-container/install/turtlebot3_teleop:/workspaces/UON-CS-robotlab-simulation-container/install/turtlebot3_example:/opt/ros/humble')]), 'shell': False}
[25.632683] (dynamixel_sdk_examples) StdoutLine: {'line': b'[100%] Built target read_write_node\n'}
[25.659649] (dynamixel_sdk_examples) CommandEnded: {'returncode': 0}
[25.661761] (turtlebot3_simulations) StdoutLine: {'line': b'-- Install configuration: ""\n'}
[25.664525] (dynamixel_sdk_examples) JobProgress: {'identifier': 'dynamixel_sdk_examples', 'progress': 'install'}
[25.664628] (dynamixel_sdk_examples) Command: {'cmd': ['/usr/bin/cmake', '--install', '/workspaces/UON-CS-robotlab-simulation-container/build/dynamixel_sdk_examples'], 'cwd': '/workspaces/UON-CS-robotlab-simulation-container/build/dynamixel_sdk_examples', 'env': OrderedDict([('GITHUB_TOKEN', 'ghu_B4O6CZhcVLRE0OX7B0pYH9Kn8C5gJq2RIGly'), ('GITHUB_CODESPACE_TOKEN', 'AOKRK4WKUJC5CQRMWNS6OXDKNJSNPANCNFSM4AXFRYHA'), ('FEATURE_SPARK_POST_COMMIT_CREATE_ITERATION', 'true'), ('HOSTNAME', 'codespaces-b7707e'), ('GITHUB_CODESPACES_PORT_FORWARDING_DOMAIN', 'app.github.dev'), ('SHLVL', '2'), ('LD_LIBRARY_PATH', '/workspaces/UON-CS-robotlab-simulation-container/install/dynamixel_sdk_custom_interfaces/lib:/workspaces/UON-CS-robotlab-simulation-container/install/dynamixel_sdk/lib:/workspaces/UON-CS-robotlab-simulation-container/install/turtlebot3_msgs/lib:/usr/lib/x86_64-linux-gnu/gazebo-11/plugins:/opt/ros/humble/opt/rviz_ogre_vendor/lib:/opt/ros/humble/lib/x86_64-linux-gnu:/opt/ros/humble/lib'), ('HOME', '/home/vscode'), ('OLDPWD', '/workspaces/UON-CS-robotlab-simulation-container'), ('CODESPACES', 'true'), ('ROS_PYTHON_VERSION', '3'), ('GITHUB_USER', 'mohammad-areeb'), ('GITHUB_GRAPHQL_URL', 'https://api.github.com/graphql'), ('COLCON_PREFIX_PATH', '/workspaces/UON-CS-robotlab-simulation-container/install'), ('ROS_DISTRO', 'humble'), ('ContainerVersion', '13'), ('GITHUB_API_URL', 'https://api.github.com'), ('RepositoryName', 'UON-CS-robotlab-simulation-container'), ('_', '/usr/bin/colcon'), ('ROS_VERSION', '2'), ('CLOUDENV_ENVIRONMENT_ID', '344bab99-1d47-4655-88f7-fee790854045'), ('TERM', 'xterm'), ('ROS_LOCALHOST_ONLY', '0'), ('PATH', '/opt/ros/humble/bin:/usr/local/sbin:/usr/local/bin:/usr/sbin:/usr/bin:/sbin:/bin'), ('SHELL_LOGGED_IN', 'true'), ('DISPLAY', ':1'), ('LANG', 'C.UTF-8'), ('LS_COLORS', ''), ('GITHUB_REPOSITORY', 'mohammad-areeb/UON-CS-robotlab-simulation-container'), ('ROS_DOMAIN_ID', '30'), ('AMENT_PREFIX_PATH', '/workspaces/UON-CS-robotlab-simulation-container/install/turtlebot3:/workspaces/UON-CS-robotlab-simulation-container/install/turtlebot3_teleop:/workspaces/UON-CS-robotlab-simulation-container/install/turtlebot3_simulations:/workspaces/UON-CS-robotlab-simulation-container/install/turtlebot3_bringup:/workspaces/UON-CS-robotlab-simulation-container/install/turtlebot3_node:/workspaces/UON-CS-robotlab-simulation-container/install/turtlebot3_navigation2:/workspaces/UON-CS-robotlab-simulation-container/install/turtlebot3_fake_node:/workspaces/UON-CS-robotlab-simulation-container/install/turtlebot3_example:/workspaces/UON-CS-robotlab-simulation-container/install/turtlebot3_msgs:/workspaces/UON-CS-robotlab-simulation-container/install/turtlebot3_manipulation_gazebo:/workspaces/UON-CS-robotlab-simulation-container/install/turtlebot3_gazebo:/workspaces/UON-CS-robotlab-simulation-container/install/turtlebot3_description:/workspaces/UON-CS-robotlab-simulation-container/install/turtlebot3_cartographer:/workspaces/UON-CS-robotlab-simulation-container/install/dynamixel_sdk_examples:/workspaces/UON-CS-robotlab-simulation-container/install/dynamixel_sdk_custom_interfaces:/workspaces/UON-CS-robotlab-simulation-container/install/dynamixel_sdk:/opt/ros/humble'), ('DEBIAN_FRONTEND', 'noninteractive'), ('SHELL', '/bin/bash'), ('PWD', '/workspaces/UON-CS-robotlab-simulation-container/build/dynamixel_sdk_examples'), ('INTERNAL_VSCS_TARGET_URL', 'https://uksouth.online.visualstudio.com'), ('TURTLEBOT3_MODEL', 'waffle'), ('LC_ALL', 'C.UTF-8'), ('GITHUB_SERVER_URL', 'https://github.com'), ('PYTHONPATH', '/workspaces/UON-CS-robotlab-simulation-container/build/turtlebot3_teleop:/workspaces/UON-CS-robotlab-simulation-container/install/turtlebot3_teleop/lib/python3.10/site-packages:/workspaces/UON-CS-robotlab-simulation-container/build/turtlebot3_example:/workspaces/UON-CS-robotlab-simulation-container/install/turtlebot3_example/lib/python3.10/site-packages:/workspaces/UON-CS-robotlab-simulation-container/install/turtlebot3_msgs/local/lib/python3.10/dist-packages:/workspaces/UON-CS-robotlab-simulation-container/install/dynamixel_sdk_custom_interfaces/local/lib/python3.10/dist-packages:/workspaces/UON-CS-robotlab-simulation-container/install/dynamixel_sdk/local/lib/python3.10/dist-packages:/opt/ros/humble/lib/python3.10/site-packages:/opt/ros/humble/local/lib/python3.10/dist-packages'), ('CODESPACE_NAME', 'urban-space-garbanzo-j7wwvprrjjp25j95'), ('COLCON', '1'), ('CMAKE_PREFIX_PATH', '/workspaces/UON-CS-robotlab-simulation-container/install/dynamixel_sdk_custom_interfaces:/workspaces/UON-CS-robotlab-simulation-container/install/dynamixel_sdk:/workspaces/UON-CS-robotlab-simulation-container/install/turtlebot3:/workspaces/UON-CS-robotlab-simulation-container/install/turtlebot3_simulations:/workspaces/UON-CS-robotlab-simulation-container/install/turtlebot3_bringup:/workspaces/UON-CS-robotlab-simulation-container/install/turtlebot3_node:/workspaces/UON-CS-robotlab-simulation-container/install/turtlebot3_navigation2:/workspaces/UON-CS-robotlab-simulation-container/install/turtlebot3_fake_node:/workspaces/UON-CS-robotlab-simulation-container/install/turtlebot3_msgs:/workspaces/UON-CS-robotlab-simulation-container/install/turtlebot3_manipulation_gazebo:/workspaces/UON-CS-robotlab-simulation-container/install/turtlebot3_gazebo:/workspaces/UON-CS-robotlab-simulation-container/install/turtlebot3_description:/workspaces/UON-CS-robotlab-simulation-container/install/turtlebot3_cartographer:/workspaces/UON-CS-robotlab-simulation-container/install/dynamixel_sdk_examples:/workspaces/UON-CS-robotlab-simulation-container/install/turtlebot3_teleop:/workspaces/UON-CS-robotlab-simulation-container/install/turtlebot3_example:/opt/ros/humble')]), 'shell': False}
[25.668093] (turtlebot3_simulations) StdoutLine: {'line': b'-- Execute custom install script\n'}
[25.669497] (turtlebot3_simulations) StdoutLine: {'line': b'-- Up-to-date symlink: /workspaces/UON-CS-robotlab-simulation-container/install/turtlebot3_simulations/share/ament_index/resource_index/package_run_dependencies/turtlebot3_simulations\n'}
[25.670829] (turtlebot3_simulations) StdoutLine: {'line': b'-- Up-to-date symlink: /workspaces/UON-CS-robotlab-simulation-container/install/turtlebot3_simulations/share/ament_index/resource_index/parent_prefix_path/turtlebot3_simulations\n'}
[25.672194] (turtlebot3_simulations) StdoutLine: {'line': b'-- Up-to-date symlink: /workspaces/UON-CS-robotlab-simulation-container/install/turtlebot3_simulations/share/turtlebot3_simulations/environment/ament_prefix_path.sh\n'}
[25.672405] (turtlebot3_simulations) StdoutLine: {'line': b'-- Up-to-date symlink: /workspaces/UON-CS-robotlab-simulation-container/install/turtlebot3_simulations/share/turtlebot3_simulations/environment/ament_prefix_path.dsv\n'}
[25.672987] (turtlebot3_simulations) StdoutLine: {'line': b'-- Up-to-date symlink: /workspaces/UON-CS-robotlab-simulation-container/install/turtlebot3_simulations/share/turtlebot3_simulations/environment/path.sh\n'}
[25.674409] (turtlebot3_simulations) StdoutLine: {'line': b'-- Up-to-date symlink: /workspaces/UON-CS-robotlab-simulation-container/install/turtlebot3_simulations/share/turtlebot3_simulations/environment/path.dsv\n'}
[25.674531] (turtlebot3_simulations) StdoutLine: {'line': b'-- Up-to-date symlink: /workspaces/UON-CS-robotlab-simulation-container/install/turtlebot3_simulations/share/turtlebot3_simulations/local_setup.bash\n'}
[25.677548] (turtlebot3_simulations) StdoutLine: {'line': b'-- Up-to-date symlink: /workspaces/UON-CS-robotlab-simulation-container/install/turtlebot3_simulations/share/turtlebot3_simulations/local_setup.sh\n'}
[25.678430] (turtlebot3_simulations) StdoutLine: {'line': b'-- Up-to-date symlink: /workspaces/UON-CS-robotlab-simulation-container/install/turtlebot3_simulations/share/turtlebot3_simulations/local_setup.zsh\n'}
[25.678920] (turtlebot3_simulations) StdoutLine: {'line': b'-- Up-to-date symlink: /workspaces/UON-CS-robotlab-simulation-container/install/turtlebot3_simulations/share/turtlebot3_simulations/local_setup.dsv\n'}
[25.679109] (-) TimerEvent: {}
[25.682115] (turtlebot3_simulations) StdoutLine: {'line': b'-- Symlinking: /workspaces/UON-CS-robotlab-simulation-container/install/turtlebot3_simulations/share/turtlebot3_simulations/package.dsv\n'}
[25.700454] (dynamixel_sdk_examples) StdoutLine: {'line': b'-- Install configuration: ""\n'}
[25.705439] (dynamixel_sdk_examples) StdoutLine: {'line': b'-- Execute custom install script\n'}
[25.708785] (dynamixel_sdk_examples) StdoutLine: {'line': b'-- Up-to-date symlink: /workspaces/UON-CS-robotlab-simulation-container/install/dynamixel_sdk_examples/lib/dynamixel_sdk_examples/read_write_node\n'}
[25.709175] (dynamixel_sdk_examples) StdoutLine: {'line': b'-- Up-to-date symlink: /workspaces/UON-CS-robotlab-simulation-container/install/dynamixel_sdk_examples/lib/dynamixel_sdk_examples/read_write_node.py\n'}
[25.709489] (turtlebot3_simulations) StdoutLine: {'line': b'-- Up-to-date symlink: /workspaces/UON-CS-robotlab-simulation-container/install/turtlebot3_simulations/share/ament_index/resource_index/packages/turtlebot3_simulations\n'}
[25.709743] (dynamixel_sdk_examples) StdoutLine: {'line': b'-- Up-to-date symlink: /workspaces/UON-CS-robotlab-simulation-container/install/dynamixel_sdk_examples/share/ament_index/resource_index/package_run_dependencies/dynamixel_sdk_examples\n'}
[25.710048] (dynamixel_sdk_examples) StdoutLine: {'line': b'-- Up-to-date symlink: /workspaces/UON-CS-robotlab-simulation-container/install/dynamixel_sdk_examples/share/ament_index/resource_index/parent_prefix_path/dynamixel_sdk_examples\n'}
[25.712444] (dynamixel_sdk_examples) StdoutLine: {'line': b'-- Up-to-date symlink: /workspaces/UON-CS-robotlab-simulation-container/install/dynamixel_sdk_examples/share/dynamixel_sdk_examples/environment/ament_prefix_path.sh\n'}
[25.712616] (dynamixel_sdk_examples) StdoutLine: {'line': b'-- Up-to-date symlink: /workspaces/UON-CS-robotlab-simulation-container/install/dynamixel_sdk_examples/share/dynamixel_sdk_examples/environment/ament_prefix_path.dsv\n'}
[25.712736] (turtlebot3_simulations) StdoutLine: {'line': b'-- Up-to-date symlink: /workspaces/UON-CS-robotlab-simulation-container/install/turtlebot3_simulations/share/turtlebot3_simulations/cmake/turtlebot3_simulationsConfig.cmake\n'}
[25.713888] (turtlebot3_simulations) StdoutLine: {'line': b'-- Up-to-date symlink: /workspaces/UON-CS-robotlab-simulation-container/install/turtlebot3_simulations/share/turtlebot3_simulations/cmake/turtlebot3_simulationsConfig-version.cmake\n'}
[25.717238] (turtlebot3_simulations) StdoutLine: {'line': b'-- Up-to-date symlink: /workspaces/UON-CS-robotlab-simulation-container/install/turtlebot3_simulations/share/turtlebot3_simulations/package.xml\n'}
[25.717428] (dynamixel_sdk_examples) StdoutLine: {'line': b'-- Up-to-date symlink: /workspaces/UON-CS-robotlab-simulation-container/install/dynamixel_sdk_examples/share/dynamixel_sdk_examples/environment/path.sh\n'}
[25.717562] (dynamixel_sdk_examples) StdoutLine: {'line': b'-- Up-to-date symlink: /workspaces/UON-CS-robotlab-simulation-container/install/dynamixel_sdk_examples/share/dynamixel_sdk_examples/environment/path.dsv\n'}
[25.720411] (dynamixel_sdk_examples) StdoutLine: {'line': b'-- Up-to-date symlink: /workspaces/UON-CS-robotlab-simulation-container/install/dynamixel_sdk_examples/share/dynamixel_sdk_examples/local_setup.bash\n'}
[25.720612] (dynamixel_sdk_examples) StdoutLine: {'line': b'-- Up-to-date symlink: /workspaces/UON-CS-robotlab-simulation-container/install/dynamixel_sdk_examples/share/dynamixel_sdk_examples/local_setup.sh\n'}
[25.720794] (dynamixel_sdk_examples) StdoutLine: {'line': b'-- Up-to-date symlink: /workspaces/UON-CS-robotlab-simulation-container/install/dynamixel_sdk_examples/share/dynamixel_sdk_examples/local_setup.zsh\n'}
[25.720943] (dynamixel_sdk_examples) StdoutLine: {'line': b'-- Up-to-date symlink: /workspaces/UON-CS-robotlab-simulation-container/install/dynamixel_sdk_examples/share/dynamixel_sdk_examples/local_setup.dsv\n'}
[25.721117] (dynamixel_sdk_examples) StdoutLine: {'line': b'-- Symlinking: /workspaces/UON-CS-robotlab-simulation-container/install/dynamixel_sdk_examples/share/dynamixel_sdk_examples/package.dsv\n'}
[25.727964] (turtlebot3_simulations) CommandEnded: {'returncode': 0}
[25.740957] (dynamixel_sdk_examples) StdoutLine: {'line': b'-- Up-to-date symlink: /workspaces/UON-CS-robotlab-simulation-container/install/dynamixel_sdk_examples/share/ament_index/resource_index/packages/dynamixel_sdk_examples\n'}
[25.741243] (dynamixel_sdk_examples) StdoutLine: {'line': b'-- Up-to-date symlink: /workspaces/UON-CS-robotlab-simulation-container/install/dynamixel_sdk_examples/share/dynamixel_sdk_examples/cmake/dynamixel_sdk_examplesConfig.cmake\n'}
[25.741605] (dynamixel_sdk_examples) StdoutLine: {'line': b'-- Up-to-date symlink: /workspaces/UON-CS-robotlab-simulation-container/install/dynamixel_sdk_examples/share/dynamixel_sdk_examples/cmake/dynamixel_sdk_examplesConfig-version.cmake\n'}
[25.741850] (dynamixel_sdk_examples) StdoutLine: {'line': b'-- Up-to-date symlink: /workspaces/UON-CS-robotlab-simulation-container/install/dynamixel_sdk_examples/share/dynamixel_sdk_examples/package.xml\n'}
[25.759319] (turtlebot3_simulations) JobEnded: {'identifier': 'turtlebot3_simulations', 'rc': 0}
[25.764155] (turtlebot3) JobStarted: {'identifier': 'turtlebot3'}
[25.778319] (dynamixel_sdk_examples) CommandEnded: {'returncode': 0}
[25.782465] (-) TimerEvent: {}
[25.810710] (dynamixel_sdk_examples) JobEnded: {'identifier': 'dynamixel_sdk_examples', 'rc': 0}
[25.823695] (turtlebot3) JobProgress: {'identifier': 'turtlebot3', 'progress': 'cmake'}
[25.828145] (turtlebot3) JobProgress: {'identifier': 'turtlebot3', 'progress': 'build'}
[25.845666] (turtlebot3) Command: {'cmd': ['/usr/bin/cmake', '--build', '/workspaces/UON-CS-robotlab-simulation-container/build/turtlebot3', '--', '-j2', '-l2'], 'cwd': '/workspaces/UON-CS-robotlab-simulation-container/build/turtlebot3', 'env': OrderedDict([('GITHUB_TOKEN', 'ghu_B4O6CZhcVLRE0OX7B0pYH9Kn8C5gJq2RIGly'), ('GITHUB_CODESPACE_TOKEN', 'AOKRK4WKUJC5CQRMWNS6OXDKNJSNPANCNFSM4AXFRYHA'), ('FEATURE_SPARK_POST_COMMIT_CREATE_ITERATION', 'true'), ('HOSTNAME', 'codespaces-b7707e'), ('GITHUB_CODESPACES_PORT_FORWARDING_DOMAIN', 'app.github.dev'), ('SHLVL', '2'), ('LD_LIBRARY_PATH', '/workspaces/UON-CS-robotlab-simulation-container/install/turtlebot3_msgs/lib:/workspaces/UON-CS-robotlab-simulation-container/install/dynamixel_sdk/lib:/workspaces/UON-CS-robotlab-simulation-container/install/dynamixel_sdk_custom_interfaces/lib:/usr/lib/x86_64-linux-gnu/gazebo-11/plugins:/opt/ros/humble/opt/rviz_ogre_vendor/lib:/opt/ros/humble/lib/x86_64-linux-gnu:/opt/ros/humble/lib'), ('HOME', '/home/vscode'), ('OLDPWD', '/workspaces/UON-CS-robotlab-simulation-container'), ('CODESPACES', 'true'), ('ROS_PYTHON_VERSION', '3'), ('GITHUB_USER', 'mohammad-areeb'), ('GITHUB_GRAPHQL_URL', 'https://api.github.com/graphql'), ('COLCON_PREFIX_PATH', '/workspaces/UON-CS-robotlab-simulation-container/install'), ('ROS_DISTRO', 'humble'), ('ContainerVersion', '13'), ('GITHUB_API_URL', 'https://api.github.com'), ('RepositoryName', 'UON-CS-robotlab-simulation-container'), ('_', '/usr/bin/colcon'), ('ROS_VERSION', '2'), ('CLOUDENV_ENVIRONMENT_ID', '344bab99-1d47-4655-88f7-fee790854045'), ('TERM', 'xterm'), ('ROS_LOCALHOST_ONLY', '0'), ('PATH', '/opt/ros/humble/bin:/usr/local/sbin:/usr/local/bin:/usr/sbin:/usr/bin:/sbin:/bin'), ('SHELL_LOGGED_IN', 'true'), ('DISPLAY', ':1'), ('LANG', 'C.UTF-8'), ('LS_COLORS', ''), ('GITHUB_REPOSITORY', 'mohammad-areeb/UON-CS-robotlab-simulation-container'), ('ROS_DOMAIN_ID', '30'), ('AMENT_PREFIX_PATH', '/workspaces/UON-CS-robotlab-simulation-container/install/turtlebot3_example:/workspaces/UON-CS-robotlab-simulation-container/install/turtlebot3_teleop:/workspaces/UON-CS-robotlab-simulation-container/install/turtlebot3:/workspaces/UON-CS-robotlab-simulation-container/install/turtlebot3_simulations:/workspaces/UON-CS-robotlab-simulation-container/install/turtlebot3_bringup:/workspaces/UON-CS-robotlab-simulation-container/install/turtlebot3_node:/workspaces/UON-CS-robotlab-simulation-container/install/turtlebot3_navigation2:/workspaces/UON-CS-robotlab-simulation-container/install/turtlebot3_fake_node:/workspaces/UON-CS-robotlab-simulation-container/install/turtlebot3_msgs:/workspaces/UON-CS-robotlab-simulation-container/install/turtlebot3_manipulation_gazebo:/workspaces/UON-CS-robotlab-simulation-container/install/turtlebot3_gazebo:/workspaces/UON-CS-robotlab-simulation-container/install/turtlebot3_description:/workspaces/UON-CS-robotlab-simulation-container/install/turtlebot3_cartographer:/workspaces/UON-CS-robotlab-simulation-container/install/dynamixel_sdk_examples:/workspaces/UON-CS-robotlab-simulation-container/install/dynamixel_sdk_custom_interfaces:/workspaces/UON-CS-robotlab-simulation-container/install/dynamixel_sdk:/opt/ros/humble'), ('DEBIAN_FRONTEND', 'noninteractive'), ('SHELL', '/bin/bash'), ('PWD', '/workspaces/UON-CS-robotlab-simulation-container/build/turtlebot3'), ('INTERNAL_VSCS_TARGET_URL', 'https://uksouth.online.visualstudio.com'), ('TURTLEBOT3_MODEL', 'waffle'), ('LC_ALL', 'C.UTF-8'), ('GITHUB_SERVER_URL', 'https://github.com'), ('PYTHONPATH', '/workspaces/UON-CS-robotlab-simulation-container/build/turtlebot3_example:/workspaces/UON-CS-robotlab-simulation-container/install/turtlebot3_example/lib/python3.10/site-packages:/workspaces/UON-CS-robotlab-simulation-container/build/turtlebot3_teleop:/workspaces/UON-CS-robotlab-simulation-container/install/turtlebot3_teleop/lib/python3.10/site-packages:/workspaces/UON-CS-robotlab-simulation-container/install/turtlebot3_msgs/local/lib/python3.10/dist-packages:/workspaces/UON-CS-robotlab-simulation-container/install/dynamixel_sdk_custom_interfaces/local/lib/python3.10/dist-packages:/workspaces/UON-CS-robotlab-simulation-container/install/dynamixel_sdk/local/lib/python3.10/dist-packages:/opt/ros/humble/lib/python3.10/site-packages:/opt/ros/humble/local/lib/python3.10/dist-packages'), ('CODESPACE_NAME', 'urban-space-garbanzo-j7wwvprrjjp25j95'), ('COLCON', '1'), ('CMAKE_PREFIX_PATH', '/workspaces/UON-CS-robotlab-simulation-container/install/turtlebot3_bringup:/workspaces/UON-CS-robotlab-simulation-container/install/turtlebot3_node:/workspaces/UON-CS-robotlab-simulation-container/install/turtlebot3_navigation2:/workspaces/UON-CS-robotlab-simulation-container/install/turtlebot3_msgs:/workspaces/UON-CS-robotlab-simulation-container/install/turtlebot3_description:/workspaces/UON-CS-robotlab-simulation-container/install/turtlebot3_cartographer:/workspaces/UON-CS-robotlab-simulation-container/install/dynamixel_sdk:/workspaces/UON-CS-robotlab-simulation-container/install/turtlebot3:/workspaces/UON-CS-robotlab-simulation-container/install/turtlebot3_simulations:/workspaces/UON-CS-robotlab-simulation-container/install/turtlebot3_fake_node:/workspaces/UON-CS-robotlab-simulation-container/install/turtlebot3_manipulation_gazebo:/workspaces/UON-CS-robotlab-simulation-container/install/turtlebot3_gazebo:/workspaces/UON-CS-robotlab-simulation-container/install/dynamixel_sdk_examples:/workspaces/UON-CS-robotlab-simulation-container/install/dynamixel_sdk_custom_interfaces:/workspaces/UON-CS-robotlab-simulation-container/install/turtlebot3_teleop:/workspaces/UON-CS-robotlab-simulation-container/install/turtlebot3_example:/opt/ros/humble')]), 'shell': False}
[25.882566] (-) TimerEvent: {}
[25.983959] (-) TimerEvent: {}
[25.989785] (turtlebot3) CommandEnded: {'returncode': 0}
[25.990390] (turtlebot3) JobProgress: {'identifier': 'turtlebot3', 'progress': 'install'}
[25.990441] (turtlebot3) Command: {'cmd': ['/usr/bin/cmake', '--install', '/workspaces/UON-CS-robotlab-simulation-container/build/turtlebot3'], 'cwd': '/workspaces/UON-CS-robotlab-simulation-container/build/turtlebot3', 'env': OrderedDict([('GITHUB_TOKEN', 'ghu_B4O6CZhcVLRE0OX7B0pYH9Kn8C5gJq2RIGly'), ('GITHUB_CODESPACE_TOKEN', 'AOKRK4WKUJC5CQRMWNS6OXDKNJSNPANCNFSM4AXFRYHA'), ('FEATURE_SPARK_POST_COMMIT_CREATE_ITERATION', 'true'), ('HOSTNAME', 'codespaces-b7707e'), ('GITHUB_CODESPACES_PORT_FORWARDING_DOMAIN', 'app.github.dev'), ('SHLVL', '2'), ('LD_LIBRARY_PATH', '/workspaces/UON-CS-robotlab-simulation-container/install/turtlebot3_msgs/lib:/workspaces/UON-CS-robotlab-simulation-container/install/dynamixel_sdk/lib:/workspaces/UON-CS-robotlab-simulation-container/install/dynamixel_sdk_custom_interfaces/lib:/usr/lib/x86_64-linux-gnu/gazebo-11/plugins:/opt/ros/humble/opt/rviz_ogre_vendor/lib:/opt/ros/humble/lib/x86_64-linux-gnu:/opt/ros/humble/lib'), ('HOME', '/home/vscode'), ('OLDPWD', '/workspaces/UON-CS-robotlab-simulation-container'), ('CODESPACES', 'true'), ('ROS_PYTHON_VERSION', '3'), ('GITHUB_USER', 'mohammad-areeb'), ('GITHUB_GRAPHQL_URL', 'https://api.github.com/graphql'), ('COLCON_PREFIX_PATH', '/workspaces/UON-CS-robotlab-simulation-container/install'), ('ROS_DISTRO', 'humble'), ('ContainerVersion', '13'), ('GITHUB_API_URL', 'https://api.github.com'), ('RepositoryName', 'UON-CS-robotlab-simulation-container'), ('_', '/usr/bin/colcon'), ('ROS_VERSION', '2'), ('CLOUDENV_ENVIRONMENT_ID', '344bab99-1d47-4655-88f7-fee790854045'), ('TERM', 'xterm'), ('ROS_LOCALHOST_ONLY', '0'), ('PATH', '/opt/ros/humble/bin:/usr/local/sbin:/usr/local/bin:/usr/sbin:/usr/bin:/sbin:/bin'), ('SHELL_LOGGED_IN', 'true'), ('DISPLAY', ':1'), ('LANG', 'C.UTF-8'), ('LS_COLORS', ''), ('GITHUB_REPOSITORY', 'mohammad-areeb/UON-CS-robotlab-simulation-container'), ('ROS_DOMAIN_ID', '30'), ('AMENT_PREFIX_PATH', '/workspaces/UON-CS-robotlab-simulation-container/install/turtlebot3_example:/workspaces/UON-CS-robotlab-simulation-container/install/turtlebot3_teleop:/workspaces/UON-CS-robotlab-simulation-container/install/turtlebot3:/workspaces/UON-CS-robotlab-simulation-container/install/turtlebot3_simulations:/workspaces/UON-CS-robotlab-simulation-container/install/turtlebot3_bringup:/workspaces/UON-CS-robotlab-simulation-container/install/turtlebot3_node:/workspaces/UON-CS-robotlab-simulation-container/install/turtlebot3_navigation2:/workspaces/UON-CS-robotlab-simulation-container/install/turtlebot3_fake_node:/workspaces/UON-CS-robotlab-simulation-container/install/turtlebot3_msgs:/workspaces/UON-CS-robotlab-simulation-container/install/turtlebot3_manipulation_gazebo:/workspaces/UON-CS-robotlab-simulation-container/install/turtlebot3_gazebo:/workspaces/UON-CS-robotlab-simulation-container/install/turtlebot3_description:/workspaces/UON-CS-robotlab-simulation-container/install/turtlebot3_cartographer:/workspaces/UON-CS-robotlab-simulation-container/install/dynamixel_sdk_examples:/workspaces/UON-CS-robotlab-simulation-container/install/dynamixel_sdk_custom_interfaces:/workspaces/UON-CS-robotlab-simulation-container/install/dynamixel_sdk:/opt/ros/humble'), ('DEBIAN_FRONTEND', 'noninteractive'), ('SHELL', '/bin/bash'), ('PWD', '/workspaces/UON-CS-robotlab-simulation-container/build/turtlebot3'), ('INTERNAL_VSCS_TARGET_URL', 'https://uksouth.online.visualstudio.com'), ('TURTLEBOT3_MODEL', 'waffle'), ('LC_ALL', 'C.UTF-8'), ('GITHUB_SERVER_URL', 'https://github.com'), ('PYTHONPATH', '/workspaces/UON-CS-robotlab-simulation-container/build/turtlebot3_example:/workspaces/UON-CS-robotlab-simulation-container/install/turtlebot3_example/lib/python3.10/site-packages:/workspaces/UON-CS-robotlab-simulation-container/build/turtlebot3_teleop:/workspaces/UON-CS-robotlab-simulation-container/install/turtlebot3_teleop/lib/python3.10/site-packages:/workspaces/UON-CS-robotlab-simulation-container/install/turtlebot3_msgs/local/lib/python3.10/dist-packages:/workspaces/UON-CS-robotlab-simulation-container/install/dynamixel_sdk_custom_interfaces/local/lib/python3.10/dist-packages:/workspaces/UON-CS-robotlab-simulation-container/install/dynamixel_sdk/local/lib/python3.10/dist-packages:/opt/ros/humble/lib/python3.10/site-packages:/opt/ros/humble/local/lib/python3.10/dist-packages'), ('CODESPACE_NAME', 'urban-space-garbanzo-j7wwvprrjjp25j95'), ('COLCON', '1'), ('CMAKE_PREFIX_PATH', '/workspaces/UON-CS-robotlab-simulation-container/install/turtlebot3_bringup:/workspaces/UON-CS-robotlab-simulation-container/install/turtlebot3_node:/workspaces/UON-CS-robotlab-simulation-container/install/turtlebot3_navigation2:/workspaces/UON-CS-robotlab-simulation-container/install/turtlebot3_msgs:/workspaces/UON-CS-robotlab-simulation-container/install/turtlebot3_description:/workspaces/UON-CS-robotlab-simulation-container/install/turtlebot3_cartographer:/workspaces/UON-CS-robotlab-simulation-container/install/dynamixel_sdk:/workspaces/UON-CS-robotlab-simulation-container/install/turtlebot3:/workspaces/UON-CS-robotlab-simulation-container/install/turtlebot3_simulations:/workspaces/UON-CS-robotlab-simulation-container/install/turtlebot3_fake_node:/workspaces/UON-CS-robotlab-simulation-container/install/turtlebot3_manipulation_gazebo:/workspaces/UON-CS-robotlab-simulation-container/install/turtlebot3_gazebo:/workspaces/UON-CS-robotlab-simulation-container/install/dynamixel_sdk_examples:/workspaces/UON-CS-robotlab-simulation-container/install/dynamixel_sdk_custom_interfaces:/workspaces/UON-CS-robotlab-simulation-container/install/turtlebot3_teleop:/workspaces/UON-CS-robotlab-simulation-container/install/turtlebot3_example:/opt/ros/humble')]), 'shell': False}
[26.015821] (turtlebot3) StdoutLine: {'line': b'-- Install configuration: ""\n'}
[26.021272] (turtlebot3) StdoutLine: {'line': b'-- Execute custom install script\n'}
[26.026696] (turtlebot3) StdoutLine: {'line': b'-- Up-to-date symlink: /workspaces/UON-CS-robotlab-simulation-container/install/turtlebot3/share/ament_index/resource_index/package_run_dependencies/turtlebot3\n'}
[26.029888] (turtlebot3) StdoutLine: {'line': b'-- Up-to-date symlink: /workspaces/UON-CS-robotlab-simulation-container/install/turtlebot3/share/ament_index/resource_index/parent_prefix_path/turtlebot3\n'}
[26.030839] (turtlebot3) StdoutLine: {'line': b'-- Up-to-date symlink: /workspaces/UON-CS-robotlab-simulation-container/install/turtlebot3/share/turtlebot3/environment/ament_prefix_path.sh\n'}
[26.032149] (turtlebot3) StdoutLine: {'line': b'-- Up-to-date symlink: /workspaces/UON-CS-robotlab-simulation-container/install/turtlebot3/share/turtlebot3/environment/ament_prefix_path.dsv\n'}
[26.035225] (turtlebot3) StdoutLine: {'line': b'-- Up-to-date symlink: /workspaces/UON-CS-robotlab-simulation-container/install/turtlebot3/share/turtlebot3/environment/path.sh\n'}
[26.036441] (turtlebot3) StdoutLine: {'line': b'-- Up-to-date symlink: /workspaces/UON-CS-robotlab-simulation-container/install/turtlebot3/share/turtlebot3/environment/path.dsv\n'}
[26.042379] (turtlebot3) StdoutLine: {'line': b'-- Up-to-date symlink: /workspaces/UON-CS-robotlab-simulation-container/install/turtlebot3/share/turtlebot3/local_setup.bash\n'}
[26.042731] (turtlebot3) StdoutLine: {'line': b'-- Up-to-date symlink: /workspaces/UON-CS-robotlab-simulation-container/install/turtlebot3/share/turtlebot3/local_setup.sh\n'}
[26.042859] (turtlebot3) StdoutLine: {'line': b'-- Up-to-date symlink: /workspaces/UON-CS-robotlab-simulation-container/install/turtlebot3/share/turtlebot3/local_setup.zsh\n'}
[26.042949] (turtlebot3) StdoutLine: {'line': b'-- Up-to-date symlink: /workspaces/UON-CS-robotlab-simulation-container/install/turtlebot3/share/turtlebot3/local_setup.dsv\n'}
[26.043030] (turtlebot3) StdoutLine: {'line': b'-- Symlinking: /workspaces/UON-CS-robotlab-simulation-container/install/turtlebot3/share/turtlebot3/package.dsv\n'}
[26.075025] (turtlebot3) StdoutLine: {'line': b'-- Up-to-date symlink: /workspaces/UON-CS-robotlab-simulation-container/install/turtlebot3/share/ament_index/resource_index/packages/turtlebot3\n'}
[26.075480] (turtlebot3) StdoutLine: {'line': b'-- Up-to-date symlink: /workspaces/UON-CS-robotlab-simulation-container/install/turtlebot3/share/turtlebot3/cmake/turtlebot3Config.cmake\n'}
[26.076664] (turtlebot3) StdoutLine: {'line': b'-- Up-to-date symlink: /workspaces/UON-CS-robotlab-simulation-container/install/turtlebot3/share/turtlebot3/cmake/turtlebot3Config-version.cmake\n'}
[26.077714] (turtlebot3) StdoutLine: {'line': b'-- Up-to-date symlink: /workspaces/UON-CS-robotlab-simulation-container/install/turtlebot3/share/turtlebot3/package.xml\n'}
[26.086619] (-) TimerEvent: {}
[26.091172] (turtlebot3) CommandEnded: {'returncode': 0}
[26.186987] (-) TimerEvent: {}
[26.193160] (turtlebot3) JobEnded: {'identifier': 'turtlebot3', 'rc': 0}
[26.199792] (-) EventReactorShutdown: {}
